

================================================================
== Vitis HLS Report for 'aes128_encrypt_Pipeline_VITIS_LOOP_38_2'
================================================================
* Date:           Sun Aug 23 13:00:50 2026

* Version:        2022.1 (Build 3526262 on Mon Apr 18 15:48:16 MDT 2022)
* Project:        aes128
* Solution:       solution1 (Vivado IP Flow Target)
* Product family: zynq
* Target device:  xc7z020-clg484-1


================================================================
== Performance Estimates
================================================================
+ Timing: 
    * Summary: 
    +--------+----------+----------+------------+
    |  Clock |  Target  | Estimated| Uncertainty|
    +--------+----------+----------+------------+
    |ap_clk  |  10.00 ns|  7.702 ns|     1.25 ns|
    +--------+----------+----------+------------+

+ Latency: 
    * Summary: 
    +---------+---------+----------+----------+-----+-----+---------+
    |  Latency (cycles) |  Latency (absolute) |  Interval | Pipeline|
    |   min   |   max   |    min   |    max   | min | max |   Type  |
    +---------+---------+----------+----------+-----+-----+---------+
    |       43|       43|  0.430 us|  0.430 us|   43|   43|       no|
    +---------+---------+----------+----------+-----+-----+---------+

    + Detail: 
        * Instance: 
        N/A

        * Loop: 
        +-------------------+---------+---------+----------+-----------+-----------+------+----------+
        |                   |  Latency (cycles) | Iteration|  Initiation Interval  | Trip |          |
        |     Loop Name     |   min   |   max   |  Latency |  achieved |   target  | Count| Pipelined|
        +-------------------+---------+---------+----------+-----------+-----------+------+----------+
        |- VITIS_LOOP_38_2  |       41|       41|         3|          1|          1|    40|       yes|
        +-------------------+---------+---------+----------+-----------+-----------+------+----------+

============================================================
+ Verbose Summary: Synthesis Manager
============================================================
InlineROM: 1
ExposeGlobal: 0
============================================================
+ Verbose Summary: CDFG Model
============================================================
IsTopModel: 0
ResetActiveHigh: 1
IsCombinational: 0
IsDatapathOnly: 0
HasWiredReturn: 1
HasMFsm: 2
HasVarLatency: 1
IsPipeline: 0
IsRtlPipelined: 0
IsInstanceOverlapped: 0
IsDontTouch: 0
HasImplIP: 0
IsGatedGlobalClock: 0

+ Individual pipeline summary: 
  * Pipeline-0: initiation interval (II) = 1, depth = 3


============================================================
+ Verbose Summary: Schedule
============================================================
* Number of FSM states : 3
* Pipeline : 1
  Pipeline-0 : II = 1, D = 3, States = { 1 2 3 }
* Dataflow Pipeline: 0

* FSM state transitions: 
1 --> 2 
2 --> 3 
3 --> 

* FSM state operations: 

State 1 <SV = 0> <Delay = 4.05>
ST_1 : Operation 6 [1/1] (0.00ns)   --->   "%i = alloca i32 1"   --->   Operation 6 'alloca' 'i' <Predicate = true> <Delay = 0.00>
ST_1 : Operation 7 [1/1] (0.00ns)   --->   "%round_keys_16 = alloca i32 1"   --->   Operation 7 'alloca' 'round_keys_16' <Predicate = true> <Delay = 0.00>
ST_1 : Operation 8 [1/1] (0.00ns)   --->   "%round_keys_17 = alloca i32 1"   --->   Operation 8 'alloca' 'round_keys_17' <Predicate = true> <Delay = 0.00>
ST_1 : Operation 9 [1/1] (0.00ns)   --->   "%round_keys_18 = alloca i32 1"   --->   Operation 9 'alloca' 'round_keys_18' <Predicate = true> <Delay = 0.00>
ST_1 : Operation 10 [1/1] (0.00ns)   --->   "%round_keys_19 = alloca i32 1"   --->   Operation 10 'alloca' 'round_keys_19' <Predicate = true> <Delay = 0.00>
ST_1 : Operation 11 [1/1] (0.00ns)   --->   "%round_keys_20 = alloca i32 1"   --->   Operation 11 'alloca' 'round_keys_20' <Predicate = true> <Delay = 0.00>
ST_1 : Operation 12 [1/1] (0.00ns)   --->   "%round_keys_21 = alloca i32 1"   --->   Operation 12 'alloca' 'round_keys_21' <Predicate = true> <Delay = 0.00>
ST_1 : Operation 13 [1/1] (0.00ns)   --->   "%round_keys_22 = alloca i32 1"   --->   Operation 13 'alloca' 'round_keys_22' <Predicate = true> <Delay = 0.00>
ST_1 : Operation 14 [1/1] (0.00ns)   --->   "%round_keys_23 = alloca i32 1"   --->   Operation 14 'alloca' 'round_keys_23' <Predicate = true> <Delay = 0.00>
ST_1 : Operation 15 [1/1] (0.00ns)   --->   "%round_keys_24 = alloca i32 1"   --->   Operation 15 'alloca' 'round_keys_24' <Predicate = true> <Delay = 0.00>
ST_1 : Operation 16 [1/1] (0.00ns)   --->   "%round_keys_25 = alloca i32 1"   --->   Operation 16 'alloca' 'round_keys_25' <Predicate = true> <Delay = 0.00>
ST_1 : Operation 17 [1/1] (0.00ns)   --->   "%round_keys_26 = alloca i32 1"   --->   Operation 17 'alloca' 'round_keys_26' <Predicate = true> <Delay = 0.00>
ST_1 : Operation 18 [1/1] (0.00ns)   --->   "%round_keys_27 = alloca i32 1"   --->   Operation 18 'alloca' 'round_keys_27' <Predicate = true> <Delay = 0.00>
ST_1 : Operation 19 [1/1] (0.00ns)   --->   "%round_keys_28 = alloca i32 1"   --->   Operation 19 'alloca' 'round_keys_28' <Predicate = true> <Delay = 0.00>
ST_1 : Operation 20 [1/1] (0.00ns)   --->   "%round_keys_29 = alloca i32 1"   --->   Operation 20 'alloca' 'round_keys_29' <Predicate = true> <Delay = 0.00>
ST_1 : Operation 21 [1/1] (0.00ns)   --->   "%round_keys_30 = alloca i32 1"   --->   Operation 21 'alloca' 'round_keys_30' <Predicate = true> <Delay = 0.00>
ST_1 : Operation 22 [1/1] (0.00ns)   --->   "%round_keys_31 = alloca i32 1"   --->   Operation 22 'alloca' 'round_keys_31' <Predicate = true> <Delay = 0.00>
ST_1 : Operation 23 [1/1] (0.00ns)   --->   "%round_keys_32 = alloca i32 1"   --->   Operation 23 'alloca' 'round_keys_32' <Predicate = true> <Delay = 0.00>
ST_1 : Operation 24 [1/1] (0.00ns)   --->   "%round_keys_33 = alloca i32 1"   --->   Operation 24 'alloca' 'round_keys_33' <Predicate = true> <Delay = 0.00>
ST_1 : Operation 25 [1/1] (0.00ns)   --->   "%round_keys_34 = alloca i32 1"   --->   Operation 25 'alloca' 'round_keys_34' <Predicate = true> <Delay = 0.00>
ST_1 : Operation 26 [1/1] (0.00ns)   --->   "%round_keys_35 = alloca i32 1"   --->   Operation 26 'alloca' 'round_keys_35' <Predicate = true> <Delay = 0.00>
ST_1 : Operation 27 [1/1] (0.00ns)   --->   "%round_keys_36 = alloca i32 1"   --->   Operation 27 'alloca' 'round_keys_36' <Predicate = true> <Delay = 0.00>
ST_1 : Operation 28 [1/1] (0.00ns)   --->   "%round_keys_37 = alloca i32 1"   --->   Operation 28 'alloca' 'round_keys_37' <Predicate = true> <Delay = 0.00>
ST_1 : Operation 29 [1/1] (0.00ns)   --->   "%round_keys_38 = alloca i32 1"   --->   Operation 29 'alloca' 'round_keys_38' <Predicate = true> <Delay = 0.00>
ST_1 : Operation 30 [1/1] (0.00ns)   --->   "%round_keys_39 = alloca i32 1"   --->   Operation 30 'alloca' 'round_keys_39' <Predicate = true> <Delay = 0.00>
ST_1 : Operation 31 [1/1] (0.00ns)   --->   "%round_keys_40 = alloca i32 1"   --->   Operation 31 'alloca' 'round_keys_40' <Predicate = true> <Delay = 0.00>
ST_1 : Operation 32 [1/1] (0.00ns)   --->   "%round_keys_41 = alloca i32 1"   --->   Operation 32 'alloca' 'round_keys_41' <Predicate = true> <Delay = 0.00>
ST_1 : Operation 33 [1/1] (0.00ns)   --->   "%round_keys_42 = alloca i32 1"   --->   Operation 33 'alloca' 'round_keys_42' <Predicate = true> <Delay = 0.00>
ST_1 : Operation 34 [1/1] (0.00ns)   --->   "%round_keys_43 = alloca i32 1"   --->   Operation 34 'alloca' 'round_keys_43' <Predicate = true> <Delay = 0.00>
ST_1 : Operation 35 [1/1] (0.00ns)   --->   "%round_keys_44 = alloca i32 1"   --->   Operation 35 'alloca' 'round_keys_44' <Predicate = true> <Delay = 0.00>
ST_1 : Operation 36 [1/1] (0.00ns)   --->   "%round_keys_45 = alloca i32 1"   --->   Operation 36 'alloca' 'round_keys_45' <Predicate = true> <Delay = 0.00>
ST_1 : Operation 37 [1/1] (0.00ns)   --->   "%round_keys_46 = alloca i32 1"   --->   Operation 37 'alloca' 'round_keys_46' <Predicate = true> <Delay = 0.00>
ST_1 : Operation 38 [1/1] (0.00ns)   --->   "%round_keys_47 = alloca i32 1"   --->   Operation 38 'alloca' 'round_keys_47' <Predicate = true> <Delay = 0.00>
ST_1 : Operation 39 [1/1] (0.00ns)   --->   "%round_keys_48 = alloca i32 1"   --->   Operation 39 'alloca' 'round_keys_48' <Predicate = true> <Delay = 0.00>
ST_1 : Operation 40 [1/1] (0.00ns)   --->   "%round_keys_49 = alloca i32 1"   --->   Operation 40 'alloca' 'round_keys_49' <Predicate = true> <Delay = 0.00>
ST_1 : Operation 41 [1/1] (0.00ns)   --->   "%round_keys_50 = alloca i32 1"   --->   Operation 41 'alloca' 'round_keys_50' <Predicate = true> <Delay = 0.00>
ST_1 : Operation 42 [1/1] (0.00ns)   --->   "%round_keys_51 = alloca i32 1"   --->   Operation 42 'alloca' 'round_keys_51' <Predicate = true> <Delay = 0.00>
ST_1 : Operation 43 [1/1] (0.00ns)   --->   "%round_keys_52 = alloca i32 1"   --->   Operation 43 'alloca' 'round_keys_52' <Predicate = true> <Delay = 0.00>
ST_1 : Operation 44 [1/1] (0.00ns)   --->   "%round_keys_53 = alloca i32 1"   --->   Operation 44 'alloca' 'round_keys_53' <Predicate = true> <Delay = 0.00>
ST_1 : Operation 45 [1/1] (0.00ns)   --->   "%round_keys_54 = alloca i32 1"   --->   Operation 45 'alloca' 'round_keys_54' <Predicate = true> <Delay = 0.00>
ST_1 : Operation 46 [1/1] (0.00ns)   --->   "%round_keys_55 = alloca i32 1"   --->   Operation 46 'alloca' 'round_keys_55' <Predicate = true> <Delay = 0.00>
ST_1 : Operation 47 [1/1] (0.00ns)   --->   "%round_keys_56 = alloca i32 1"   --->   Operation 47 'alloca' 'round_keys_56' <Predicate = true> <Delay = 0.00>
ST_1 : Operation 48 [1/1] (0.00ns)   --->   "%round_keys_57 = alloca i32 1"   --->   Operation 48 'alloca' 'round_keys_57' <Predicate = true> <Delay = 0.00>
ST_1 : Operation 49 [1/1] (0.00ns)   --->   "%round_keys_58 = alloca i32 1"   --->   Operation 49 'alloca' 'round_keys_58' <Predicate = true> <Delay = 0.00>
ST_1 : Operation 50 [1/1] (0.00ns)   --->   "%round_keys_59 = alloca i32 1"   --->   Operation 50 'alloca' 'round_keys_59' <Predicate = true> <Delay = 0.00>
ST_1 : Operation 51 [1/1] (0.00ns)   --->   "%round_keys_60 = alloca i32 1"   --->   Operation 51 'alloca' 'round_keys_60' <Predicate = true> <Delay = 0.00>
ST_1 : Operation 52 [1/1] (0.00ns)   --->   "%round_keys_61 = alloca i32 1"   --->   Operation 52 'alloca' 'round_keys_61' <Predicate = true> <Delay = 0.00>
ST_1 : Operation 53 [1/1] (0.00ns)   --->   "%round_keys_62 = alloca i32 1"   --->   Operation 53 'alloca' 'round_keys_62' <Predicate = true> <Delay = 0.00>
ST_1 : Operation 54 [1/1] (0.00ns)   --->   "%round_keys_63 = alloca i32 1"   --->   Operation 54 'alloca' 'round_keys_63' <Predicate = true> <Delay = 0.00>
ST_1 : Operation 55 [1/1] (0.00ns)   --->   "%round_keys_64 = alloca i32 1"   --->   Operation 55 'alloca' 'round_keys_64' <Predicate = true> <Delay = 0.00>
ST_1 : Operation 56 [1/1] (0.00ns)   --->   "%round_keys_65 = alloca i32 1"   --->   Operation 56 'alloca' 'round_keys_65' <Predicate = true> <Delay = 0.00>
ST_1 : Operation 57 [1/1] (0.00ns)   --->   "%round_keys_66 = alloca i32 1"   --->   Operation 57 'alloca' 'round_keys_66' <Predicate = true> <Delay = 0.00>
ST_1 : Operation 58 [1/1] (0.00ns)   --->   "%round_keys_67 = alloca i32 1"   --->   Operation 58 'alloca' 'round_keys_67' <Predicate = true> <Delay = 0.00>
ST_1 : Operation 59 [1/1] (0.00ns)   --->   "%round_keys_68 = alloca i32 1"   --->   Operation 59 'alloca' 'round_keys_68' <Predicate = true> <Delay = 0.00>
ST_1 : Operation 60 [1/1] (0.00ns)   --->   "%round_keys_69 = alloca i32 1"   --->   Operation 60 'alloca' 'round_keys_69' <Predicate = true> <Delay = 0.00>
ST_1 : Operation 61 [1/1] (0.00ns)   --->   "%round_keys_70 = alloca i32 1"   --->   Operation 61 'alloca' 'round_keys_70' <Predicate = true> <Delay = 0.00>
ST_1 : Operation 62 [1/1] (0.00ns)   --->   "%round_keys_71 = alloca i32 1"   --->   Operation 62 'alloca' 'round_keys_71' <Predicate = true> <Delay = 0.00>
ST_1 : Operation 63 [1/1] (0.00ns)   --->   "%round_keys_72 = alloca i32 1"   --->   Operation 63 'alloca' 'round_keys_72' <Predicate = true> <Delay = 0.00>
ST_1 : Operation 64 [1/1] (0.00ns)   --->   "%round_keys_73 = alloca i32 1"   --->   Operation 64 'alloca' 'round_keys_73' <Predicate = true> <Delay = 0.00>
ST_1 : Operation 65 [1/1] (0.00ns)   --->   "%round_keys_74 = alloca i32 1"   --->   Operation 65 'alloca' 'round_keys_74' <Predicate = true> <Delay = 0.00>
ST_1 : Operation 66 [1/1] (0.00ns)   --->   "%round_keys_75 = alloca i32 1"   --->   Operation 66 'alloca' 'round_keys_75' <Predicate = true> <Delay = 0.00>
ST_1 : Operation 67 [1/1] (0.00ns)   --->   "%round_keys_76 = alloca i32 1"   --->   Operation 67 'alloca' 'round_keys_76' <Predicate = true> <Delay = 0.00>
ST_1 : Operation 68 [1/1] (0.00ns)   --->   "%round_keys_77 = alloca i32 1"   --->   Operation 68 'alloca' 'round_keys_77' <Predicate = true> <Delay = 0.00>
ST_1 : Operation 69 [1/1] (0.00ns)   --->   "%round_keys_78 = alloca i32 1"   --->   Operation 69 'alloca' 'round_keys_78' <Predicate = true> <Delay = 0.00>
ST_1 : Operation 70 [1/1] (0.00ns)   --->   "%round_keys_79 = alloca i32 1"   --->   Operation 70 'alloca' 'round_keys_79' <Predicate = true> <Delay = 0.00>
ST_1 : Operation 71 [1/1] (0.00ns)   --->   "%round_keys_80 = alloca i32 1"   --->   Operation 71 'alloca' 'round_keys_80' <Predicate = true> <Delay = 0.00>
ST_1 : Operation 72 [1/1] (0.00ns)   --->   "%round_keys_81 = alloca i32 1"   --->   Operation 72 'alloca' 'round_keys_81' <Predicate = true> <Delay = 0.00>
ST_1 : Operation 73 [1/1] (0.00ns)   --->   "%round_keys_82 = alloca i32 1"   --->   Operation 73 'alloca' 'round_keys_82' <Predicate = true> <Delay = 0.00>
ST_1 : Operation 74 [1/1] (0.00ns)   --->   "%round_keys_83 = alloca i32 1"   --->   Operation 74 'alloca' 'round_keys_83' <Predicate = true> <Delay = 0.00>
ST_1 : Operation 75 [1/1] (0.00ns)   --->   "%round_keys_84 = alloca i32 1"   --->   Operation 75 'alloca' 'round_keys_84' <Predicate = true> <Delay = 0.00>
ST_1 : Operation 76 [1/1] (0.00ns)   --->   "%round_keys_85 = alloca i32 1"   --->   Operation 76 'alloca' 'round_keys_85' <Predicate = true> <Delay = 0.00>
ST_1 : Operation 77 [1/1] (0.00ns)   --->   "%round_keys_86 = alloca i32 1"   --->   Operation 77 'alloca' 'round_keys_86' <Predicate = true> <Delay = 0.00>
ST_1 : Operation 78 [1/1] (0.00ns)   --->   "%round_keys_87 = alloca i32 1"   --->   Operation 78 'alloca' 'round_keys_87' <Predicate = true> <Delay = 0.00>
ST_1 : Operation 79 [1/1] (0.00ns)   --->   "%round_keys_88 = alloca i32 1"   --->   Operation 79 'alloca' 'round_keys_88' <Predicate = true> <Delay = 0.00>
ST_1 : Operation 80 [1/1] (0.00ns)   --->   "%round_keys_89 = alloca i32 1"   --->   Operation 80 'alloca' 'round_keys_89' <Predicate = true> <Delay = 0.00>
ST_1 : Operation 81 [1/1] (0.00ns)   --->   "%round_keys_90 = alloca i32 1"   --->   Operation 81 'alloca' 'round_keys_90' <Predicate = true> <Delay = 0.00>
ST_1 : Operation 82 [1/1] (0.00ns)   --->   "%round_keys_91 = alloca i32 1"   --->   Operation 82 'alloca' 'round_keys_91' <Predicate = true> <Delay = 0.00>
ST_1 : Operation 83 [1/1] (0.00ns)   --->   "%round_keys_92 = alloca i32 1"   --->   Operation 83 'alloca' 'round_keys_92' <Predicate = true> <Delay = 0.00>
ST_1 : Operation 84 [1/1] (0.00ns)   --->   "%round_keys_93 = alloca i32 1"   --->   Operation 84 'alloca' 'round_keys_93' <Predicate = true> <Delay = 0.00>
ST_1 : Operation 85 [1/1] (0.00ns)   --->   "%round_keys_94 = alloca i32 1"   --->   Operation 85 'alloca' 'round_keys_94' <Predicate = true> <Delay = 0.00>
ST_1 : Operation 86 [1/1] (0.00ns)   --->   "%round_keys_95 = alloca i32 1"   --->   Operation 86 'alloca' 'round_keys_95' <Predicate = true> <Delay = 0.00>
ST_1 : Operation 87 [1/1] (0.00ns)   --->   "%round_keys_96 = alloca i32 1"   --->   Operation 87 'alloca' 'round_keys_96' <Predicate = true> <Delay = 0.00>
ST_1 : Operation 88 [1/1] (0.00ns)   --->   "%round_keys_97 = alloca i32 1"   --->   Operation 88 'alloca' 'round_keys_97' <Predicate = true> <Delay = 0.00>
ST_1 : Operation 89 [1/1] (0.00ns)   --->   "%round_keys_98 = alloca i32 1"   --->   Operation 89 'alloca' 'round_keys_98' <Predicate = true> <Delay = 0.00>
ST_1 : Operation 90 [1/1] (0.00ns)   --->   "%round_keys_99 = alloca i32 1"   --->   Operation 90 'alloca' 'round_keys_99' <Predicate = true> <Delay = 0.00>
ST_1 : Operation 91 [1/1] (0.00ns)   --->   "%round_keys_100 = alloca i32 1"   --->   Operation 91 'alloca' 'round_keys_100' <Predicate = true> <Delay = 0.00>
ST_1 : Operation 92 [1/1] (0.00ns)   --->   "%round_keys_101 = alloca i32 1"   --->   Operation 92 'alloca' 'round_keys_101' <Predicate = true> <Delay = 0.00>
ST_1 : Operation 93 [1/1] (0.00ns)   --->   "%round_keys_102 = alloca i32 1"   --->   Operation 93 'alloca' 'round_keys_102' <Predicate = true> <Delay = 0.00>
ST_1 : Operation 94 [1/1] (0.00ns)   --->   "%round_keys_103 = alloca i32 1"   --->   Operation 94 'alloca' 'round_keys_103' <Predicate = true> <Delay = 0.00>
ST_1 : Operation 95 [1/1] (0.00ns)   --->   "%round_keys_104 = alloca i32 1"   --->   Operation 95 'alloca' 'round_keys_104' <Predicate = true> <Delay = 0.00>
ST_1 : Operation 96 [1/1] (0.00ns)   --->   "%round_keys_105 = alloca i32 1"   --->   Operation 96 'alloca' 'round_keys_105' <Predicate = true> <Delay = 0.00>
ST_1 : Operation 97 [1/1] (0.00ns)   --->   "%round_keys_106 = alloca i32 1"   --->   Operation 97 'alloca' 'round_keys_106' <Predicate = true> <Delay = 0.00>
ST_1 : Operation 98 [1/1] (0.00ns)   --->   "%round_keys_107 = alloca i32 1"   --->   Operation 98 'alloca' 'round_keys_107' <Predicate = true> <Delay = 0.00>
ST_1 : Operation 99 [1/1] (0.00ns)   --->   "%round_keys_108 = alloca i32 1"   --->   Operation 99 'alloca' 'round_keys_108' <Predicate = true> <Delay = 0.00>
ST_1 : Operation 100 [1/1] (0.00ns)   --->   "%round_keys_109 = alloca i32 1"   --->   Operation 100 'alloca' 'round_keys_109' <Predicate = true> <Delay = 0.00>
ST_1 : Operation 101 [1/1] (0.00ns)   --->   "%round_keys_110 = alloca i32 1"   --->   Operation 101 'alloca' 'round_keys_110' <Predicate = true> <Delay = 0.00>
ST_1 : Operation 102 [1/1] (0.00ns)   --->   "%round_keys_111 = alloca i32 1"   --->   Operation 102 'alloca' 'round_keys_111' <Predicate = true> <Delay = 0.00>
ST_1 : Operation 103 [1/1] (0.00ns)   --->   "%round_keys_112 = alloca i32 1"   --->   Operation 103 'alloca' 'round_keys_112' <Predicate = true> <Delay = 0.00>
ST_1 : Operation 104 [1/1] (0.00ns)   --->   "%round_keys_113 = alloca i32 1"   --->   Operation 104 'alloca' 'round_keys_113' <Predicate = true> <Delay = 0.00>
ST_1 : Operation 105 [1/1] (0.00ns)   --->   "%round_keys_114 = alloca i32 1"   --->   Operation 105 'alloca' 'round_keys_114' <Predicate = true> <Delay = 0.00>
ST_1 : Operation 106 [1/1] (0.00ns)   --->   "%round_keys_115 = alloca i32 1"   --->   Operation 106 'alloca' 'round_keys_115' <Predicate = true> <Delay = 0.00>
ST_1 : Operation 107 [1/1] (0.00ns)   --->   "%round_keys_116 = alloca i32 1"   --->   Operation 107 'alloca' 'round_keys_116' <Predicate = true> <Delay = 0.00>
ST_1 : Operation 108 [1/1] (0.00ns)   --->   "%round_keys_117 = alloca i32 1"   --->   Operation 108 'alloca' 'round_keys_117' <Predicate = true> <Delay = 0.00>
ST_1 : Operation 109 [1/1] (0.00ns)   --->   "%round_keys_118 = alloca i32 1"   --->   Operation 109 'alloca' 'round_keys_118' <Predicate = true> <Delay = 0.00>
ST_1 : Operation 110 [1/1] (0.00ns)   --->   "%round_keys_119 = alloca i32 1"   --->   Operation 110 'alloca' 'round_keys_119' <Predicate = true> <Delay = 0.00>
ST_1 : Operation 111 [1/1] (0.00ns)   --->   "%round_keys_120 = alloca i32 1"   --->   Operation 111 'alloca' 'round_keys_120' <Predicate = true> <Delay = 0.00>
ST_1 : Operation 112 [1/1] (0.00ns)   --->   "%round_keys_121 = alloca i32 1"   --->   Operation 112 'alloca' 'round_keys_121' <Predicate = true> <Delay = 0.00>
ST_1 : Operation 113 [1/1] (0.00ns)   --->   "%round_keys_122 = alloca i32 1"   --->   Operation 113 'alloca' 'round_keys_122' <Predicate = true> <Delay = 0.00>
ST_1 : Operation 114 [1/1] (0.00ns)   --->   "%round_keys_123 = alloca i32 1"   --->   Operation 114 'alloca' 'round_keys_123' <Predicate = true> <Delay = 0.00>
ST_1 : Operation 115 [1/1] (0.00ns)   --->   "%round_keys_124 = alloca i32 1"   --->   Operation 115 'alloca' 'round_keys_124' <Predicate = true> <Delay = 0.00>
ST_1 : Operation 116 [1/1] (0.00ns)   --->   "%round_keys_125 = alloca i32 1"   --->   Operation 116 'alloca' 'round_keys_125' <Predicate = true> <Delay = 0.00>
ST_1 : Operation 117 [1/1] (0.00ns)   --->   "%round_keys_126 = alloca i32 1"   --->   Operation 117 'alloca' 'round_keys_126' <Predicate = true> <Delay = 0.00>
ST_1 : Operation 118 [1/1] (0.00ns)   --->   "%round_keys_127 = alloca i32 1"   --->   Operation 118 'alloca' 'round_keys_127' <Predicate = true> <Delay = 0.00>
ST_1 : Operation 119 [1/1] (0.00ns)   --->   "%round_keys_128 = alloca i32 1"   --->   Operation 119 'alloca' 'round_keys_128' <Predicate = true> <Delay = 0.00>
ST_1 : Operation 120 [1/1] (0.00ns)   --->   "%round_keys_129 = alloca i32 1"   --->   Operation 120 'alloca' 'round_keys_129' <Predicate = true> <Delay = 0.00>
ST_1 : Operation 121 [1/1] (0.00ns)   --->   "%round_keys_130 = alloca i32 1"   --->   Operation 121 'alloca' 'round_keys_130' <Predicate = true> <Delay = 0.00>
ST_1 : Operation 122 [1/1] (0.00ns)   --->   "%round_keys_131 = alloca i32 1"   --->   Operation 122 'alloca' 'round_keys_131' <Predicate = true> <Delay = 0.00>
ST_1 : Operation 123 [1/1] (0.00ns)   --->   "%round_keys_132 = alloca i32 1"   --->   Operation 123 'alloca' 'round_keys_132' <Predicate = true> <Delay = 0.00>
ST_1 : Operation 124 [1/1] (0.00ns)   --->   "%round_keys_133 = alloca i32 1"   --->   Operation 124 'alloca' 'round_keys_133' <Predicate = true> <Delay = 0.00>
ST_1 : Operation 125 [1/1] (0.00ns)   --->   "%round_keys_134 = alloca i32 1"   --->   Operation 125 'alloca' 'round_keys_134' <Predicate = true> <Delay = 0.00>
ST_1 : Operation 126 [1/1] (0.00ns)   --->   "%round_keys_135 = alloca i32 1"   --->   Operation 126 'alloca' 'round_keys_135' <Predicate = true> <Delay = 0.00>
ST_1 : Operation 127 [1/1] (0.00ns)   --->   "%round_keys_136 = alloca i32 1"   --->   Operation 127 'alloca' 'round_keys_136' <Predicate = true> <Delay = 0.00>
ST_1 : Operation 128 [1/1] (0.00ns)   --->   "%round_keys_137 = alloca i32 1"   --->   Operation 128 'alloca' 'round_keys_137' <Predicate = true> <Delay = 0.00>
ST_1 : Operation 129 [1/1] (0.00ns)   --->   "%round_keys_138 = alloca i32 1"   --->   Operation 129 'alloca' 'round_keys_138' <Predicate = true> <Delay = 0.00>
ST_1 : Operation 130 [1/1] (0.00ns)   --->   "%round_keys_139 = alloca i32 1"   --->   Operation 130 'alloca' 'round_keys_139' <Predicate = true> <Delay = 0.00>
ST_1 : Operation 131 [1/1] (0.00ns)   --->   "%round_keys_140 = alloca i32 1"   --->   Operation 131 'alloca' 'round_keys_140' <Predicate = true> <Delay = 0.00>
ST_1 : Operation 132 [1/1] (0.00ns)   --->   "%round_keys_141 = alloca i32 1"   --->   Operation 132 'alloca' 'round_keys_141' <Predicate = true> <Delay = 0.00>
ST_1 : Operation 133 [1/1] (0.00ns)   --->   "%round_keys_142 = alloca i32 1"   --->   Operation 133 'alloca' 'round_keys_142' <Predicate = true> <Delay = 0.00>
ST_1 : Operation 134 [1/1] (0.00ns)   --->   "%round_keys_143 = alloca i32 1"   --->   Operation 134 'alloca' 'round_keys_143' <Predicate = true> <Delay = 0.00>
ST_1 : Operation 135 [1/1] (0.00ns)   --->   "%round_keys_144 = alloca i32 1"   --->   Operation 135 'alloca' 'round_keys_144' <Predicate = true> <Delay = 0.00>
ST_1 : Operation 136 [1/1] (0.00ns)   --->   "%round_keys_145 = alloca i32 1"   --->   Operation 136 'alloca' 'round_keys_145' <Predicate = true> <Delay = 0.00>
ST_1 : Operation 137 [1/1] (0.00ns)   --->   "%round_keys_146 = alloca i32 1"   --->   Operation 137 'alloca' 'round_keys_146' <Predicate = true> <Delay = 0.00>
ST_1 : Operation 138 [1/1] (0.00ns)   --->   "%round_keys_147 = alloca i32 1"   --->   Operation 138 'alloca' 'round_keys_147' <Predicate = true> <Delay = 0.00>
ST_1 : Operation 139 [1/1] (0.00ns)   --->   "%round_keys_148 = alloca i32 1"   --->   Operation 139 'alloca' 'round_keys_148' <Predicate = true> <Delay = 0.00>
ST_1 : Operation 140 [1/1] (0.00ns)   --->   "%round_keys_149 = alloca i32 1"   --->   Operation 140 'alloca' 'round_keys_149' <Predicate = true> <Delay = 0.00>
ST_1 : Operation 141 [1/1] (0.00ns)   --->   "%round_keys_150 = alloca i32 1"   --->   Operation 141 'alloca' 'round_keys_150' <Predicate = true> <Delay = 0.00>
ST_1 : Operation 142 [1/1] (0.00ns)   --->   "%round_keys_151 = alloca i32 1"   --->   Operation 142 'alloca' 'round_keys_151' <Predicate = true> <Delay = 0.00>
ST_1 : Operation 143 [1/1] (0.00ns)   --->   "%round_keys_152 = alloca i32 1"   --->   Operation 143 'alloca' 'round_keys_152' <Predicate = true> <Delay = 0.00>
ST_1 : Operation 144 [1/1] (0.00ns)   --->   "%round_keys_153 = alloca i32 1"   --->   Operation 144 'alloca' 'round_keys_153' <Predicate = true> <Delay = 0.00>
ST_1 : Operation 145 [1/1] (0.00ns)   --->   "%round_keys_154 = alloca i32 1"   --->   Operation 145 'alloca' 'round_keys_154' <Predicate = true> <Delay = 0.00>
ST_1 : Operation 146 [1/1] (0.00ns)   --->   "%round_keys_155 = alloca i32 1"   --->   Operation 146 'alloca' 'round_keys_155' <Predicate = true> <Delay = 0.00>
ST_1 : Operation 147 [1/1] (0.00ns)   --->   "%round_keys_156 = alloca i32 1"   --->   Operation 147 'alloca' 'round_keys_156' <Predicate = true> <Delay = 0.00>
ST_1 : Operation 148 [1/1] (0.00ns)   --->   "%round_keys_157 = alloca i32 1"   --->   Operation 148 'alloca' 'round_keys_157' <Predicate = true> <Delay = 0.00>
ST_1 : Operation 149 [1/1] (0.00ns)   --->   "%round_keys_158 = alloca i32 1"   --->   Operation 149 'alloca' 'round_keys_158' <Predicate = true> <Delay = 0.00>
ST_1 : Operation 150 [1/1] (0.00ns)   --->   "%round_keys_159 = alloca i32 1"   --->   Operation 150 'alloca' 'round_keys_159' <Predicate = true> <Delay = 0.00>
ST_1 : Operation 151 [1/1] (0.00ns)   --->   "%round_keys_160 = alloca i32 1"   --->   Operation 151 'alloca' 'round_keys_160' <Predicate = true> <Delay = 0.00>
ST_1 : Operation 152 [1/1] (0.00ns)   --->   "%round_keys_161 = alloca i32 1"   --->   Operation 152 'alloca' 'round_keys_161' <Predicate = true> <Delay = 0.00>
ST_1 : Operation 153 [1/1] (0.00ns)   --->   "%round_keys_162 = alloca i32 1"   --->   Operation 153 'alloca' 'round_keys_162' <Predicate = true> <Delay = 0.00>
ST_1 : Operation 154 [1/1] (0.00ns)   --->   "%round_keys_163 = alloca i32 1"   --->   Operation 154 'alloca' 'round_keys_163' <Predicate = true> <Delay = 0.00>
ST_1 : Operation 155 [1/1] (0.00ns)   --->   "%round_keys_164 = alloca i32 1"   --->   Operation 155 'alloca' 'round_keys_164' <Predicate = true> <Delay = 0.00>
ST_1 : Operation 156 [1/1] (0.00ns)   --->   "%round_keys_165 = alloca i32 1"   --->   Operation 156 'alloca' 'round_keys_165' <Predicate = true> <Delay = 0.00>
ST_1 : Operation 157 [1/1] (0.00ns)   --->   "%round_keys_166 = alloca i32 1"   --->   Operation 157 'alloca' 'round_keys_166' <Predicate = true> <Delay = 0.00>
ST_1 : Operation 158 [1/1] (0.00ns)   --->   "%round_keys_167 = alloca i32 1"   --->   Operation 158 'alloca' 'round_keys_167' <Predicate = true> <Delay = 0.00>
ST_1 : Operation 159 [1/1] (0.00ns)   --->   "%round_keys_168 = alloca i32 1"   --->   Operation 159 'alloca' 'round_keys_168' <Predicate = true> <Delay = 0.00>
ST_1 : Operation 160 [1/1] (0.00ns)   --->   "%round_keys_169 = alloca i32 1"   --->   Operation 160 'alloca' 'round_keys_169' <Predicate = true> <Delay = 0.00>
ST_1 : Operation 161 [1/1] (0.00ns)   --->   "%round_keys_170 = alloca i32 1"   --->   Operation 161 'alloca' 'round_keys_170' <Predicate = true> <Delay = 0.00>
ST_1 : Operation 162 [1/1] (0.00ns)   --->   "%round_keys_171 = alloca i32 1"   --->   Operation 162 'alloca' 'round_keys_171' <Predicate = true> <Delay = 0.00>
ST_1 : Operation 163 [1/1] (0.00ns)   --->   "%round_keys_172 = alloca i32 1"   --->   Operation 163 'alloca' 'round_keys_172' <Predicate = true> <Delay = 0.00>
ST_1 : Operation 164 [1/1] (0.00ns)   --->   "%round_keys_173 = alloca i32 1"   --->   Operation 164 'alloca' 'round_keys_173' <Predicate = true> <Delay = 0.00>
ST_1 : Operation 165 [1/1] (0.00ns)   --->   "%round_keys_174 = alloca i32 1"   --->   Operation 165 'alloca' 'round_keys_174' <Predicate = true> <Delay = 0.00>
ST_1 : Operation 166 [1/1] (0.00ns)   --->   "%round_keys_175 = alloca i32 1"   --->   Operation 166 'alloca' 'round_keys_175' <Predicate = true> <Delay = 0.00>
ST_1 : Operation 167 [1/1] (0.00ns)   --->   "%round_keys_8_read = read i8 @_ssdm_op_Read.ap_auto.i8, i8 %round_keys_8"   --->   Operation 167 'read' 'round_keys_8_read' <Predicate = true> <Delay = 0.00>
ST_1 : Operation 168 [1/1] (0.00ns)   --->   "%round_keys_4_read = read i8 @_ssdm_op_Read.ap_auto.i8, i8 %round_keys_4"   --->   Operation 168 'read' 'round_keys_4_read' <Predicate = true> <Delay = 0.00>
ST_1 : Operation 169 [1/1] (0.00ns)   --->   "%round_keys_read = read i8 @_ssdm_op_Read.ap_auto.i8, i8 %round_keys"   --->   Operation 169 'read' 'round_keys_read' <Predicate = true> <Delay = 0.00>
ST_1 : Operation 170 [1/1] (0.00ns)   --->   "%round_keys_12_read = read i8 @_ssdm_op_Read.ap_auto.i8, i8 %round_keys_12"   --->   Operation 170 'read' 'round_keys_12_read' <Predicate = true> <Delay = 0.00>
ST_1 : Operation 171 [1/1] (0.00ns)   --->   "%round_keys_13_read = read i8 @_ssdm_op_Read.ap_auto.i8, i8 %round_keys_13"   --->   Operation 171 'read' 'round_keys_13_read' <Predicate = true> <Delay = 0.00>
ST_1 : Operation 172 [1/1] (0.00ns)   --->   "%round_keys_9_read = read i8 @_ssdm_op_Read.ap_auto.i8, i8 %round_keys_9"   --->   Operation 172 'read' 'round_keys_9_read' <Predicate = true> <Delay = 0.00>
ST_1 : Operation 173 [1/1] (0.00ns)   --->   "%round_keys_5_read = read i8 @_ssdm_op_Read.ap_auto.i8, i8 %round_keys_5"   --->   Operation 173 'read' 'round_keys_5_read' <Predicate = true> <Delay = 0.00>
ST_1 : Operation 174 [1/1] (0.00ns)   --->   "%round_keys_1_read = read i8 @_ssdm_op_Read.ap_auto.i8, i8 %round_keys_1"   --->   Operation 174 'read' 'round_keys_1_read' <Predicate = true> <Delay = 0.00>
ST_1 : Operation 175 [1/1] (0.00ns)   --->   "%round_keys_14_read = read i8 @_ssdm_op_Read.ap_auto.i8, i8 %round_keys_14"   --->   Operation 175 'read' 'round_keys_14_read' <Predicate = true> <Delay = 0.00>
ST_1 : Operation 176 [1/1] (0.00ns)   --->   "%round_keys_10_read = read i8 @_ssdm_op_Read.ap_auto.i8, i8 %round_keys_10"   --->   Operation 176 'read' 'round_keys_10_read' <Predicate = true> <Delay = 0.00>
ST_1 : Operation 177 [1/1] (0.00ns)   --->   "%round_keys_6_read = read i8 @_ssdm_op_Read.ap_auto.i8, i8 %round_keys_6"   --->   Operation 177 'read' 'round_keys_6_read' <Predicate = true> <Delay = 0.00>
ST_1 : Operation 178 [1/1] (0.00ns)   --->   "%round_keys_2_read = read i8 @_ssdm_op_Read.ap_auto.i8, i8 %round_keys_2"   --->   Operation 178 'read' 'round_keys_2_read' <Predicate = true> <Delay = 0.00>
ST_1 : Operation 179 [1/1] (0.00ns)   --->   "%round_keys_15_read = read i8 @_ssdm_op_Read.ap_auto.i8, i8 %round_keys_15"   --->   Operation 179 'read' 'round_keys_15_read' <Predicate = true> <Delay = 0.00>
ST_1 : Operation 180 [1/1] (0.00ns)   --->   "%round_keys_11_read = read i8 @_ssdm_op_Read.ap_auto.i8, i8 %round_keys_11"   --->   Operation 180 'read' 'round_keys_11_read' <Predicate = true> <Delay = 0.00>
ST_1 : Operation 181 [1/1] (0.00ns)   --->   "%round_keys_7_read = read i8 @_ssdm_op_Read.ap_auto.i8, i8 %round_keys_7"   --->   Operation 181 'read' 'round_keys_7_read' <Predicate = true> <Delay = 0.00>
ST_1 : Operation 182 [1/1] (0.00ns)   --->   "%round_keys_3_read = read i8 @_ssdm_op_Read.ap_auto.i8, i8 %round_keys_3"   --->   Operation 182 'read' 'round_keys_3_read' <Predicate = true> <Delay = 0.00>
ST_1 : Operation 183 [1/1] (1.58ns)   --->   "%store_ln0 = store i6 4, i6 %i"   --->   Operation 183 'store' 'store_ln0' <Predicate = true> <Delay = 1.58>
ST_1 : Operation 184 [1/1] (0.00ns)   --->   "%br_ln0 = br void %for.body7.i"   --->   Operation 184 'br' 'br_ln0' <Predicate = true> <Delay = 0.00>
ST_1 : Operation 185 [1/1] (0.00ns)   --->   "%i_4 = load i6 %i"   --->   Operation 185 'load' 'i_4' <Predicate = true> <Delay = 0.00>
ST_1 : Operation 186 [1/1] (1.42ns)   --->   "%icmp_ln38 = icmp_eq  i6 %i_4, i6 44" [src/aes128.cpp:38]   --->   Operation 186 'icmp' 'icmp_ln38' <Predicate = true> <Delay = 1.42> <CoreInst = "Cmp">   --->   Core 9 'Cmp' <Latency = 0> <II = 1> <Delay = 1.42> <FuncUnit> <Opcode : 'icmp'> <InPorts = 2> <OutPorts = 1>
ST_1 : Operation 187 [1/1] (0.00ns)   --->   "%empty = speclooptripcount i32 @_ssdm_op_SpecLoopTripCount, i64 40, i64 40, i64 40"   --->   Operation 187 'speclooptripcount' 'empty' <Predicate = true> <Delay = 0.00>
ST_1 : Operation 188 [1/1] (0.00ns)   --->   "%br_ln38 = br i1 %icmp_ln38, void %for.body7.i.split_ifconv, void %_ZL13key_expansionPhS_.exit.exitStub" [src/aes128.cpp:38]   --->   Operation 188 'br' 'br_ln38' <Predicate = true> <Delay = 0.00>
ST_1 : Operation 189 [1/1] (0.00ns)   --->   "%shl_ln = bitconcatenate i8 @_ssdm_op_BitConcatenate.i8.i6.i2, i6 %i_4, i2 0" [src/aes128.cpp:42]   --->   Operation 189 'bitconcatenate' 'shl_ln' <Predicate = (!icmp_ln38)> <Delay = 0.00>
ST_1 : Operation 190 [1/1] (1.91ns)   --->   "%add_ln42 = add i8 %shl_ln, i8 252" [src/aes128.cpp:42]   --->   Operation 190 'add' 'add_ln42' <Predicate = (!icmp_ln38)> <Delay = 1.91> <CoreInst = "Adder">   --->   Core 1 'Adder' <Latency = 0> <II = 1> <Delay = 1.91> <FuncUnit> <Opcode : 'add' 'sub'> <InPorts = 2> <OutPorts = 1>
ST_1 : Operation 191 [1/1] (0.00ns)   --->   "%empty_33 = trunc i6 %i_4"   --->   Operation 191 'trunc' 'empty_33' <Predicate = (!icmp_ln38)> <Delay = 0.00>
ST_1 : Operation 192 [1/1] (0.95ns)   --->   "%icmp_ln47 = icmp_eq  i2 %empty_33, i2 0" [src/aes128.cpp:47]   --->   Operation 192 'icmp' 'icmp_ln47' <Predicate = (!icmp_ln38)> <Delay = 0.95> <CoreInst = "Cmp">   --->   Core 9 'Cmp' <Latency = 0> <II = 1> <Delay = 0.95> <FuncUnit> <Opcode : 'icmp'> <InPorts = 2> <OutPorts = 1>
ST_1 : Operation 193 [1/1] (0.00ns)   --->   "%trunc_ln = partselect i4 @_ssdm_op_PartSelect.i4.i6.i32.i32, i6 %i_4, i32 2, i32 5" [src/aes128.cpp:59]   --->   Operation 193 'partselect' 'trunc_ln' <Predicate = (!icmp_ln38)> <Delay = 0.00>
ST_1 : Operation 194 [1/1] (1.73ns)   --->   "%add_ln59 = add i4 %trunc_ln, i4 15" [src/aes128.cpp:59]   --->   Operation 194 'add' 'add_ln59' <Predicate = (!icmp_ln38)> <Delay = 1.73> <CoreInst = "Adder">   --->   Core 1 'Adder' <Latency = 0> <II = 1> <Delay = 1.73> <FuncUnit> <Opcode : 'add' 'sub'> <InPorts = 2> <OutPorts = 1>
ST_1 : Operation 195 [1/1] (0.00ns)   --->   "%zext_ln59 = zext i4 %add_ln59" [src/aes128.cpp:59]   --->   Operation 195 'zext' 'zext_ln59' <Predicate = (!icmp_ln38)> <Delay = 0.00>
ST_1 : Operation 196 [1/1] (0.00ns)   --->   "%RCON_addr = getelementptr i8 %RCON, i64 0, i64 %zext_ln59" [src/aes128.cpp:59]   --->   Operation 196 'getelementptr' 'RCON_addr' <Predicate = (!icmp_ln38)> <Delay = 0.00>
ST_1 : Operation 197 [2/2] (2.32ns)   --->   "%RCON_load = load i4 %RCON_addr" [src/aes128.cpp:59]   --->   Operation 197 'load' 'RCON_load' <Predicate = (!icmp_ln38)> <Delay = 2.32> <CoreInst = "ROM">   --->   Core 95 'ROM' <Latency = 1> <II = 1> <Delay = 2.32> <Storage> <Opcode : 'load'> <Ports = 0> <Width = 8> <Depth = 10> <ROM>
ST_1 : Operation 198 [1/1] (0.97ns)   --->   "%xor_ln62 = xor i6 %i_4, i6 32" [src/aes128.cpp:62]   --->   Operation 198 'xor' 'xor_ln62' <Predicate = (!icmp_ln38)> <Delay = 0.97> <CoreInst = "LogicGate">   --->   Core 74 'LogicGate' <Latency = 0> <II = 1> <Delay = 0.97> <FuncUnit> <Opcode : 'and' 'or' 'xor'> <InPorts = 2> <OutPorts = 1>
ST_1 : Operation 199 [1/1] (0.95ns)   --->   "%switch_ln62 = switch i6 %xor_ln62, void %arrayidx73.i189.case.172, i6 36, void %for.body7.i.split_ifconv.arrayidx73.i189.exit_crit_edge, i6 37, void %for.body7.i.split_ifconv.arrayidx73.i189.exit_crit_edge371, i6 38, void %arrayidx73.i189.case.24, i6 39, void %arrayidx73.i189.case.28, i6 40, void %arrayidx73.i189.case.32, i6 41, void %arrayidx73.i189.case.36, i6 42, void %arrayidx73.i189.case.40, i6 43, void %arrayidx73.i189.case.44, i6 44, void %arrayidx73.i189.case.48, i6 45, void %arrayidx73.i189.case.52, i6 46, void %arrayidx73.i189.case.56, i6 47, void %arrayidx73.i189.case.60, i6 48, void %arrayidx73.i189.case.64, i6 49, void %arrayidx73.i189.case.68, i6 50, void %arrayidx73.i189.case.72, i6 51, void %arrayidx73.i189.case.76, i6 52, void %arrayidx73.i189.case.80, i6 53, void %arrayidx73.i189.case.84, i6 54, void %arrayidx73.i189.case.88, i6 55, void %arrayidx73.i189.case.92, i6 56, void %arrayidx73.i189.case.96, i6 57, void %arrayidx73.i189.case.100, i6 58, void %arrayidx73.i189.case.104, i6 59, void %arrayidx73.i189.case.108, i6 60, void %arrayidx73.i189.case.112, i6 61, void %arrayidx73.i189.case.116, i6 62, void %arrayidx73.i189.case.120, i6 63, void %arrayidx73.i189.case.124, i6 0, void %arrayidx73.i189.case.128, i6 1, void %arrayidx73.i189.case.132, i6 2, void %arrayidx73.i189.case.136, i6 3, void %arrayidx73.i189.case.140, i6 4, void %arrayidx73.i189.case.144, i6 5, void %arrayidx73.i189.case.148, i6 6, void %arrayidx73.i189.case.152, i6 7, void %arrayidx73.i189.case.156, i6 8, void %arrayidx73.i189.case.160, i6 9, void %arrayidx73.i189.case.164, i6 10, void %arrayidx73.i189.case.168" [src/aes128.cpp:62]   --->   Operation 199 'switch' 'switch_ln62' <Predicate = (!icmp_ln38)> <Delay = 0.95>
ST_1 : Operation 200 [1/1] (0.00ns)   --->   "%br_ln62 = br void %arrayidx73.i189.exit" [src/aes128.cpp:62]   --->   Operation 200 'br' 'br_ln62' <Predicate = (!icmp_ln38 & xor_ln62 == 10)> <Delay = 0.00>
ST_1 : Operation 201 [1/1] (0.00ns)   --->   "%br_ln62 = br void %arrayidx73.i189.exit" [src/aes128.cpp:62]   --->   Operation 201 'br' 'br_ln62' <Predicate = (!icmp_ln38 & xor_ln62 == 9)> <Delay = 0.00>
ST_1 : Operation 202 [1/1] (0.00ns)   --->   "%br_ln62 = br void %arrayidx73.i189.exit" [src/aes128.cpp:62]   --->   Operation 202 'br' 'br_ln62' <Predicate = (!icmp_ln38 & xor_ln62 == 8)> <Delay = 0.00>
ST_1 : Operation 203 [1/1] (0.00ns)   --->   "%br_ln62 = br void %arrayidx73.i189.exit" [src/aes128.cpp:62]   --->   Operation 203 'br' 'br_ln62' <Predicate = (!icmp_ln38 & xor_ln62 == 7)> <Delay = 0.00>
ST_1 : Operation 204 [1/1] (0.00ns)   --->   "%br_ln62 = br void %arrayidx73.i189.exit" [src/aes128.cpp:62]   --->   Operation 204 'br' 'br_ln62' <Predicate = (!icmp_ln38 & xor_ln62 == 6)> <Delay = 0.00>
ST_1 : Operation 205 [1/1] (0.00ns)   --->   "%br_ln62 = br void %arrayidx73.i189.exit" [src/aes128.cpp:62]   --->   Operation 205 'br' 'br_ln62' <Predicate = (!icmp_ln38 & xor_ln62 == 5)> <Delay = 0.00>
ST_1 : Operation 206 [1/1] (0.00ns)   --->   "%br_ln62 = br void %arrayidx73.i189.exit" [src/aes128.cpp:62]   --->   Operation 206 'br' 'br_ln62' <Predicate = (!icmp_ln38 & xor_ln62 == 4)> <Delay = 0.00>
ST_1 : Operation 207 [1/1] (0.00ns)   --->   "%br_ln62 = br void %arrayidx73.i189.exit" [src/aes128.cpp:62]   --->   Operation 207 'br' 'br_ln62' <Predicate = (!icmp_ln38 & xor_ln62 == 3)> <Delay = 0.00>
ST_1 : Operation 208 [1/1] (0.00ns)   --->   "%br_ln62 = br void %arrayidx73.i189.exit" [src/aes128.cpp:62]   --->   Operation 208 'br' 'br_ln62' <Predicate = (!icmp_ln38 & xor_ln62 == 2)> <Delay = 0.00>
ST_1 : Operation 209 [1/1] (0.00ns)   --->   "%br_ln62 = br void %arrayidx73.i189.exit" [src/aes128.cpp:62]   --->   Operation 209 'br' 'br_ln62' <Predicate = (!icmp_ln38 & xor_ln62 == 1)> <Delay = 0.00>
ST_1 : Operation 210 [1/1] (0.00ns)   --->   "%br_ln62 = br void %arrayidx73.i189.exit" [src/aes128.cpp:62]   --->   Operation 210 'br' 'br_ln62' <Predicate = (!icmp_ln38 & xor_ln62 == 0)> <Delay = 0.00>
ST_1 : Operation 211 [1/1] (0.00ns)   --->   "%br_ln62 = br void %arrayidx73.i189.exit" [src/aes128.cpp:62]   --->   Operation 211 'br' 'br_ln62' <Predicate = (!icmp_ln38 & xor_ln62 == 63)> <Delay = 0.00>
ST_1 : Operation 212 [1/1] (0.00ns)   --->   "%br_ln62 = br void %arrayidx73.i189.exit" [src/aes128.cpp:62]   --->   Operation 212 'br' 'br_ln62' <Predicate = (!icmp_ln38 & xor_ln62 == 62)> <Delay = 0.00>
ST_1 : Operation 213 [1/1] (0.00ns)   --->   "%br_ln62 = br void %arrayidx73.i189.exit" [src/aes128.cpp:62]   --->   Operation 213 'br' 'br_ln62' <Predicate = (!icmp_ln38 & xor_ln62 == 61)> <Delay = 0.00>
ST_1 : Operation 214 [1/1] (0.00ns)   --->   "%br_ln62 = br void %arrayidx73.i189.exit" [src/aes128.cpp:62]   --->   Operation 214 'br' 'br_ln62' <Predicate = (!icmp_ln38 & xor_ln62 == 60)> <Delay = 0.00>
ST_1 : Operation 215 [1/1] (0.00ns)   --->   "%br_ln62 = br void %arrayidx73.i189.exit" [src/aes128.cpp:62]   --->   Operation 215 'br' 'br_ln62' <Predicate = (!icmp_ln38 & xor_ln62 == 59)> <Delay = 0.00>
ST_1 : Operation 216 [1/1] (0.00ns)   --->   "%br_ln62 = br void %arrayidx73.i189.exit" [src/aes128.cpp:62]   --->   Operation 216 'br' 'br_ln62' <Predicate = (!icmp_ln38 & xor_ln62 == 58)> <Delay = 0.00>
ST_1 : Operation 217 [1/1] (0.00ns)   --->   "%br_ln62 = br void %arrayidx73.i189.exit" [src/aes128.cpp:62]   --->   Operation 217 'br' 'br_ln62' <Predicate = (!icmp_ln38 & xor_ln62 == 57)> <Delay = 0.00>
ST_1 : Operation 218 [1/1] (0.00ns)   --->   "%br_ln62 = br void %arrayidx73.i189.exit" [src/aes128.cpp:62]   --->   Operation 218 'br' 'br_ln62' <Predicate = (!icmp_ln38 & xor_ln62 == 56)> <Delay = 0.00>
ST_1 : Operation 219 [1/1] (0.00ns)   --->   "%br_ln62 = br void %arrayidx73.i189.exit" [src/aes128.cpp:62]   --->   Operation 219 'br' 'br_ln62' <Predicate = (!icmp_ln38 & xor_ln62 == 55)> <Delay = 0.00>
ST_1 : Operation 220 [1/1] (0.00ns)   --->   "%br_ln62 = br void %arrayidx73.i189.exit" [src/aes128.cpp:62]   --->   Operation 220 'br' 'br_ln62' <Predicate = (!icmp_ln38 & xor_ln62 == 54)> <Delay = 0.00>
ST_1 : Operation 221 [1/1] (0.00ns)   --->   "%br_ln62 = br void %arrayidx73.i189.exit" [src/aes128.cpp:62]   --->   Operation 221 'br' 'br_ln62' <Predicate = (!icmp_ln38 & xor_ln62 == 53)> <Delay = 0.00>
ST_1 : Operation 222 [1/1] (0.00ns)   --->   "%br_ln62 = br void %arrayidx73.i189.exit" [src/aes128.cpp:62]   --->   Operation 222 'br' 'br_ln62' <Predicate = (!icmp_ln38 & xor_ln62 == 52)> <Delay = 0.00>
ST_1 : Operation 223 [1/1] (0.00ns)   --->   "%br_ln62 = br void %arrayidx73.i189.exit" [src/aes128.cpp:62]   --->   Operation 223 'br' 'br_ln62' <Predicate = (!icmp_ln38 & xor_ln62 == 51)> <Delay = 0.00>
ST_1 : Operation 224 [1/1] (0.00ns)   --->   "%br_ln62 = br void %arrayidx73.i189.exit" [src/aes128.cpp:62]   --->   Operation 224 'br' 'br_ln62' <Predicate = (!icmp_ln38 & xor_ln62 == 50)> <Delay = 0.00>
ST_1 : Operation 225 [1/1] (0.00ns)   --->   "%br_ln62 = br void %arrayidx73.i189.exit" [src/aes128.cpp:62]   --->   Operation 225 'br' 'br_ln62' <Predicate = (!icmp_ln38 & xor_ln62 == 49)> <Delay = 0.00>
ST_1 : Operation 226 [1/1] (0.00ns)   --->   "%br_ln62 = br void %arrayidx73.i189.exit" [src/aes128.cpp:62]   --->   Operation 226 'br' 'br_ln62' <Predicate = (!icmp_ln38 & xor_ln62 == 48)> <Delay = 0.00>
ST_1 : Operation 227 [1/1] (0.00ns)   --->   "%br_ln62 = br void %arrayidx73.i189.exit" [src/aes128.cpp:62]   --->   Operation 227 'br' 'br_ln62' <Predicate = (!icmp_ln38 & xor_ln62 == 47)> <Delay = 0.00>
ST_1 : Operation 228 [1/1] (0.00ns)   --->   "%br_ln62 = br void %arrayidx73.i189.exit" [src/aes128.cpp:62]   --->   Operation 228 'br' 'br_ln62' <Predicate = (!icmp_ln38 & xor_ln62 == 46)> <Delay = 0.00>
ST_1 : Operation 229 [1/1] (0.00ns)   --->   "%br_ln62 = br void %arrayidx73.i189.exit" [src/aes128.cpp:62]   --->   Operation 229 'br' 'br_ln62' <Predicate = (!icmp_ln38 & xor_ln62 == 45)> <Delay = 0.00>
ST_1 : Operation 230 [1/1] (0.00ns)   --->   "%br_ln62 = br void %arrayidx73.i189.exit" [src/aes128.cpp:62]   --->   Operation 230 'br' 'br_ln62' <Predicate = (!icmp_ln38 & xor_ln62 == 44)> <Delay = 0.00>
ST_1 : Operation 231 [1/1] (0.00ns)   --->   "%br_ln62 = br void %arrayidx73.i189.exit" [src/aes128.cpp:62]   --->   Operation 231 'br' 'br_ln62' <Predicate = (!icmp_ln38 & xor_ln62 == 43)> <Delay = 0.00>
ST_1 : Operation 232 [1/1] (0.00ns)   --->   "%br_ln62 = br void %arrayidx73.i189.exit" [src/aes128.cpp:62]   --->   Operation 232 'br' 'br_ln62' <Predicate = (!icmp_ln38 & xor_ln62 == 42)> <Delay = 0.00>
ST_1 : Operation 233 [1/1] (0.00ns)   --->   "%br_ln62 = br void %arrayidx73.i189.exit" [src/aes128.cpp:62]   --->   Operation 233 'br' 'br_ln62' <Predicate = (!icmp_ln38 & xor_ln62 == 41)> <Delay = 0.00>
ST_1 : Operation 234 [1/1] (0.00ns)   --->   "%br_ln62 = br void %arrayidx73.i189.exit" [src/aes128.cpp:62]   --->   Operation 234 'br' 'br_ln62' <Predicate = (!icmp_ln38 & xor_ln62 == 40)> <Delay = 0.00>
ST_1 : Operation 235 [1/1] (0.00ns)   --->   "%br_ln62 = br void %arrayidx73.i189.exit" [src/aes128.cpp:62]   --->   Operation 235 'br' 'br_ln62' <Predicate = (!icmp_ln38 & xor_ln62 == 39)> <Delay = 0.00>
ST_1 : Operation 236 [1/1] (0.00ns)   --->   "%br_ln62 = br void %arrayidx73.i189.exit" [src/aes128.cpp:62]   --->   Operation 236 'br' 'br_ln62' <Predicate = (!icmp_ln38 & xor_ln62 == 38)> <Delay = 0.00>
ST_1 : Operation 237 [1/1] (0.00ns)   --->   "%br_ln62 = br void %arrayidx73.i189.exit" [src/aes128.cpp:62]   --->   Operation 237 'br' 'br_ln62' <Predicate = (!icmp_ln38 & xor_ln62 == 37)> <Delay = 0.00>
ST_1 : Operation 238 [1/1] (0.00ns)   --->   "%br_ln62 = br void %arrayidx73.i189.exit" [src/aes128.cpp:62]   --->   Operation 238 'br' 'br_ln62' <Predicate = (!icmp_ln38 & xor_ln62 == 36)> <Delay = 0.00>
ST_1 : Operation 239 [1/1] (0.00ns)   --->   "%br_ln62 = br void %arrayidx73.i189.exit" [src/aes128.cpp:62]   --->   Operation 239 'br' 'br_ln62' <Predicate = (!icmp_ln38 & xor_ln62 != 36 & xor_ln62 != 37 & xor_ln62 != 38 & xor_ln62 != 39 & xor_ln62 != 40 & xor_ln62 != 41 & xor_ln62 != 42 & xor_ln62 != 43 & xor_ln62 != 44 & xor_ln62 != 45 & xor_ln62 != 46 & xor_ln62 != 47 & xor_ln62 != 48 & xor_ln62 != 49 & xor_ln62 != 50 & xor_ln62 != 51 & xor_ln62 != 52 & xor_ln62 != 53 & xor_ln62 != 54 & xor_ln62 != 55 & xor_ln62 != 56 & xor_ln62 != 57 & xor_ln62 != 58 & xor_ln62 != 59 & xor_ln62 != 60 & xor_ln62 != 61 & xor_ln62 != 62 & xor_ln62 != 63 & xor_ln62 != 0 & xor_ln62 != 1 & xor_ln62 != 2 & xor_ln62 != 3 & xor_ln62 != 4 & xor_ln62 != 5 & xor_ln62 != 6 & xor_ln62 != 7 & xor_ln62 != 8 & xor_ln62 != 9 & xor_ln62 != 10)> <Delay = 0.00>
ST_1 : Operation 240 [1/1] (0.00ns)   --->   "%br_ln63 = br void %arrayidx87.i191.exit" [src/aes128.cpp:63]   --->   Operation 240 'br' 'br_ln63' <Predicate = (!icmp_ln38 & xor_ln62 == 10)> <Delay = 0.00>
ST_1 : Operation 241 [1/1] (0.00ns)   --->   "%br_ln63 = br void %arrayidx87.i191.exit" [src/aes128.cpp:63]   --->   Operation 241 'br' 'br_ln63' <Predicate = (!icmp_ln38 & xor_ln62 == 9)> <Delay = 0.00>
ST_1 : Operation 242 [1/1] (0.00ns)   --->   "%br_ln63 = br void %arrayidx87.i191.exit" [src/aes128.cpp:63]   --->   Operation 242 'br' 'br_ln63' <Predicate = (!icmp_ln38 & xor_ln62 == 8)> <Delay = 0.00>
ST_1 : Operation 243 [1/1] (0.00ns)   --->   "%br_ln63 = br void %arrayidx87.i191.exit" [src/aes128.cpp:63]   --->   Operation 243 'br' 'br_ln63' <Predicate = (!icmp_ln38 & xor_ln62 == 7)> <Delay = 0.00>
ST_1 : Operation 244 [1/1] (0.00ns)   --->   "%br_ln63 = br void %arrayidx87.i191.exit" [src/aes128.cpp:63]   --->   Operation 244 'br' 'br_ln63' <Predicate = (!icmp_ln38 & xor_ln62 == 6)> <Delay = 0.00>
ST_1 : Operation 245 [1/1] (0.00ns)   --->   "%br_ln63 = br void %arrayidx87.i191.exit" [src/aes128.cpp:63]   --->   Operation 245 'br' 'br_ln63' <Predicate = (!icmp_ln38 & xor_ln62 == 5)> <Delay = 0.00>
ST_1 : Operation 246 [1/1] (0.00ns)   --->   "%br_ln63 = br void %arrayidx87.i191.exit" [src/aes128.cpp:63]   --->   Operation 246 'br' 'br_ln63' <Predicate = (!icmp_ln38 & xor_ln62 == 4)> <Delay = 0.00>
ST_1 : Operation 247 [1/1] (0.00ns)   --->   "%br_ln63 = br void %arrayidx87.i191.exit" [src/aes128.cpp:63]   --->   Operation 247 'br' 'br_ln63' <Predicate = (!icmp_ln38 & xor_ln62 == 3)> <Delay = 0.00>
ST_1 : Operation 248 [1/1] (0.00ns)   --->   "%br_ln63 = br void %arrayidx87.i191.exit" [src/aes128.cpp:63]   --->   Operation 248 'br' 'br_ln63' <Predicate = (!icmp_ln38 & xor_ln62 == 2)> <Delay = 0.00>
ST_1 : Operation 249 [1/1] (0.00ns)   --->   "%br_ln63 = br void %arrayidx87.i191.exit" [src/aes128.cpp:63]   --->   Operation 249 'br' 'br_ln63' <Predicate = (!icmp_ln38 & xor_ln62 == 1)> <Delay = 0.00>
ST_1 : Operation 250 [1/1] (0.00ns)   --->   "%br_ln63 = br void %arrayidx87.i191.exit" [src/aes128.cpp:63]   --->   Operation 250 'br' 'br_ln63' <Predicate = (!icmp_ln38 & xor_ln62 == 0)> <Delay = 0.00>
ST_1 : Operation 251 [1/1] (0.00ns)   --->   "%br_ln63 = br void %arrayidx87.i191.exit" [src/aes128.cpp:63]   --->   Operation 251 'br' 'br_ln63' <Predicate = (!icmp_ln38 & xor_ln62 == 63)> <Delay = 0.00>
ST_1 : Operation 252 [1/1] (0.00ns)   --->   "%br_ln63 = br void %arrayidx87.i191.exit" [src/aes128.cpp:63]   --->   Operation 252 'br' 'br_ln63' <Predicate = (!icmp_ln38 & xor_ln62 == 62)> <Delay = 0.00>
ST_1 : Operation 253 [1/1] (0.00ns)   --->   "%br_ln63 = br void %arrayidx87.i191.exit" [src/aes128.cpp:63]   --->   Operation 253 'br' 'br_ln63' <Predicate = (!icmp_ln38 & xor_ln62 == 61)> <Delay = 0.00>
ST_1 : Operation 254 [1/1] (0.00ns)   --->   "%br_ln63 = br void %arrayidx87.i191.exit" [src/aes128.cpp:63]   --->   Operation 254 'br' 'br_ln63' <Predicate = (!icmp_ln38 & xor_ln62 == 60)> <Delay = 0.00>
ST_1 : Operation 255 [1/1] (0.00ns)   --->   "%br_ln63 = br void %arrayidx87.i191.exit" [src/aes128.cpp:63]   --->   Operation 255 'br' 'br_ln63' <Predicate = (!icmp_ln38 & xor_ln62 == 59)> <Delay = 0.00>
ST_1 : Operation 256 [1/1] (0.00ns)   --->   "%br_ln63 = br void %arrayidx87.i191.exit" [src/aes128.cpp:63]   --->   Operation 256 'br' 'br_ln63' <Predicate = (!icmp_ln38 & xor_ln62 == 58)> <Delay = 0.00>
ST_1 : Operation 257 [1/1] (0.00ns)   --->   "%br_ln63 = br void %arrayidx87.i191.exit" [src/aes128.cpp:63]   --->   Operation 257 'br' 'br_ln63' <Predicate = (!icmp_ln38 & xor_ln62 == 57)> <Delay = 0.00>
ST_1 : Operation 258 [1/1] (0.00ns)   --->   "%br_ln63 = br void %arrayidx87.i191.exit" [src/aes128.cpp:63]   --->   Operation 258 'br' 'br_ln63' <Predicate = (!icmp_ln38 & xor_ln62 == 56)> <Delay = 0.00>
ST_1 : Operation 259 [1/1] (0.00ns)   --->   "%br_ln63 = br void %arrayidx87.i191.exit" [src/aes128.cpp:63]   --->   Operation 259 'br' 'br_ln63' <Predicate = (!icmp_ln38 & xor_ln62 == 55)> <Delay = 0.00>
ST_1 : Operation 260 [1/1] (0.00ns)   --->   "%br_ln63 = br void %arrayidx87.i191.exit" [src/aes128.cpp:63]   --->   Operation 260 'br' 'br_ln63' <Predicate = (!icmp_ln38 & xor_ln62 == 54)> <Delay = 0.00>
ST_1 : Operation 261 [1/1] (0.00ns)   --->   "%br_ln63 = br void %arrayidx87.i191.exit" [src/aes128.cpp:63]   --->   Operation 261 'br' 'br_ln63' <Predicate = (!icmp_ln38 & xor_ln62 == 53)> <Delay = 0.00>
ST_1 : Operation 262 [1/1] (0.00ns)   --->   "%br_ln63 = br void %arrayidx87.i191.exit" [src/aes128.cpp:63]   --->   Operation 262 'br' 'br_ln63' <Predicate = (!icmp_ln38 & xor_ln62 == 52)> <Delay = 0.00>
ST_1 : Operation 263 [1/1] (0.00ns)   --->   "%br_ln63 = br void %arrayidx87.i191.exit" [src/aes128.cpp:63]   --->   Operation 263 'br' 'br_ln63' <Predicate = (!icmp_ln38 & xor_ln62 == 51)> <Delay = 0.00>
ST_1 : Operation 264 [1/1] (0.00ns)   --->   "%br_ln63 = br void %arrayidx87.i191.exit" [src/aes128.cpp:63]   --->   Operation 264 'br' 'br_ln63' <Predicate = (!icmp_ln38 & xor_ln62 == 50)> <Delay = 0.00>
ST_1 : Operation 265 [1/1] (0.00ns)   --->   "%br_ln63 = br void %arrayidx87.i191.exit" [src/aes128.cpp:63]   --->   Operation 265 'br' 'br_ln63' <Predicate = (!icmp_ln38 & xor_ln62 == 49)> <Delay = 0.00>
ST_1 : Operation 266 [1/1] (0.00ns)   --->   "%br_ln63 = br void %arrayidx87.i191.exit" [src/aes128.cpp:63]   --->   Operation 266 'br' 'br_ln63' <Predicate = (!icmp_ln38 & xor_ln62 == 48)> <Delay = 0.00>
ST_1 : Operation 267 [1/1] (0.00ns)   --->   "%br_ln63 = br void %arrayidx87.i191.exit" [src/aes128.cpp:63]   --->   Operation 267 'br' 'br_ln63' <Predicate = (!icmp_ln38 & xor_ln62 == 47)> <Delay = 0.00>
ST_1 : Operation 268 [1/1] (0.00ns)   --->   "%br_ln63 = br void %arrayidx87.i191.exit" [src/aes128.cpp:63]   --->   Operation 268 'br' 'br_ln63' <Predicate = (!icmp_ln38 & xor_ln62 == 46)> <Delay = 0.00>
ST_1 : Operation 269 [1/1] (0.00ns)   --->   "%br_ln63 = br void %arrayidx87.i191.exit" [src/aes128.cpp:63]   --->   Operation 269 'br' 'br_ln63' <Predicate = (!icmp_ln38 & xor_ln62 == 45)> <Delay = 0.00>
ST_1 : Operation 270 [1/1] (0.00ns)   --->   "%br_ln63 = br void %arrayidx87.i191.exit" [src/aes128.cpp:63]   --->   Operation 270 'br' 'br_ln63' <Predicate = (!icmp_ln38 & xor_ln62 == 44)> <Delay = 0.00>
ST_1 : Operation 271 [1/1] (0.00ns)   --->   "%br_ln63 = br void %arrayidx87.i191.exit" [src/aes128.cpp:63]   --->   Operation 271 'br' 'br_ln63' <Predicate = (!icmp_ln38 & xor_ln62 == 43)> <Delay = 0.00>
ST_1 : Operation 272 [1/1] (0.00ns)   --->   "%br_ln63 = br void %arrayidx87.i191.exit" [src/aes128.cpp:63]   --->   Operation 272 'br' 'br_ln63' <Predicate = (!icmp_ln38 & xor_ln62 == 42)> <Delay = 0.00>
ST_1 : Operation 273 [1/1] (0.00ns)   --->   "%br_ln63 = br void %arrayidx87.i191.exit" [src/aes128.cpp:63]   --->   Operation 273 'br' 'br_ln63' <Predicate = (!icmp_ln38 & xor_ln62 == 41)> <Delay = 0.00>
ST_1 : Operation 274 [1/1] (0.00ns)   --->   "%br_ln63 = br void %arrayidx87.i191.exit" [src/aes128.cpp:63]   --->   Operation 274 'br' 'br_ln63' <Predicate = (!icmp_ln38 & xor_ln62 == 40)> <Delay = 0.00>
ST_1 : Operation 275 [1/1] (0.00ns)   --->   "%br_ln63 = br void %arrayidx87.i191.exit" [src/aes128.cpp:63]   --->   Operation 275 'br' 'br_ln63' <Predicate = (!icmp_ln38 & xor_ln62 == 39)> <Delay = 0.00>
ST_1 : Operation 276 [1/1] (0.00ns)   --->   "%br_ln63 = br void %arrayidx87.i191.exit" [src/aes128.cpp:63]   --->   Operation 276 'br' 'br_ln63' <Predicate = (!icmp_ln38 & xor_ln62 == 38)> <Delay = 0.00>
ST_1 : Operation 277 [1/1] (0.00ns)   --->   "%br_ln63 = br void %arrayidx87.i191.exit" [src/aes128.cpp:63]   --->   Operation 277 'br' 'br_ln63' <Predicate = (!icmp_ln38 & xor_ln62 == 37)> <Delay = 0.00>
ST_1 : Operation 278 [1/1] (0.00ns)   --->   "%br_ln63 = br void %arrayidx87.i191.exit" [src/aes128.cpp:63]   --->   Operation 278 'br' 'br_ln63' <Predicate = (!icmp_ln38 & xor_ln62 == 36)> <Delay = 0.00>
ST_1 : Operation 279 [1/1] (0.00ns)   --->   "%br_ln63 = br void %arrayidx87.i191.exit" [src/aes128.cpp:63]   --->   Operation 279 'br' 'br_ln63' <Predicate = (!icmp_ln38 & xor_ln62 != 36 & xor_ln62 != 37 & xor_ln62 != 38 & xor_ln62 != 39 & xor_ln62 != 40 & xor_ln62 != 41 & xor_ln62 != 42 & xor_ln62 != 43 & xor_ln62 != 44 & xor_ln62 != 45 & xor_ln62 != 46 & xor_ln62 != 47 & xor_ln62 != 48 & xor_ln62 != 49 & xor_ln62 != 50 & xor_ln62 != 51 & xor_ln62 != 52 & xor_ln62 != 53 & xor_ln62 != 54 & xor_ln62 != 55 & xor_ln62 != 56 & xor_ln62 != 57 & xor_ln62 != 58 & xor_ln62 != 59 & xor_ln62 != 60 & xor_ln62 != 61 & xor_ln62 != 62 & xor_ln62 != 63 & xor_ln62 != 0 & xor_ln62 != 1 & xor_ln62 != 2 & xor_ln62 != 3 & xor_ln62 != 4 & xor_ln62 != 5 & xor_ln62 != 6 & xor_ln62 != 7 & xor_ln62 != 8 & xor_ln62 != 9 & xor_ln62 != 10)> <Delay = 0.00>
ST_1 : Operation 280 [1/1] (0.00ns)   --->   "%br_ln64 = br void %arrayidx101.i193.exit" [src/aes128.cpp:64]   --->   Operation 280 'br' 'br_ln64' <Predicate = (!icmp_ln38 & xor_ln62 == 10)> <Delay = 0.00>
ST_1 : Operation 281 [1/1] (0.00ns)   --->   "%br_ln64 = br void %arrayidx101.i193.exit" [src/aes128.cpp:64]   --->   Operation 281 'br' 'br_ln64' <Predicate = (!icmp_ln38 & xor_ln62 == 9)> <Delay = 0.00>
ST_1 : Operation 282 [1/1] (0.00ns)   --->   "%br_ln64 = br void %arrayidx101.i193.exit" [src/aes128.cpp:64]   --->   Operation 282 'br' 'br_ln64' <Predicate = (!icmp_ln38 & xor_ln62 == 8)> <Delay = 0.00>
ST_1 : Operation 283 [1/1] (0.00ns)   --->   "%br_ln64 = br void %arrayidx101.i193.exit" [src/aes128.cpp:64]   --->   Operation 283 'br' 'br_ln64' <Predicate = (!icmp_ln38 & xor_ln62 == 7)> <Delay = 0.00>
ST_1 : Operation 284 [1/1] (0.00ns)   --->   "%br_ln64 = br void %arrayidx101.i193.exit" [src/aes128.cpp:64]   --->   Operation 284 'br' 'br_ln64' <Predicate = (!icmp_ln38 & xor_ln62 == 6)> <Delay = 0.00>
ST_1 : Operation 285 [1/1] (0.00ns)   --->   "%br_ln64 = br void %arrayidx101.i193.exit" [src/aes128.cpp:64]   --->   Operation 285 'br' 'br_ln64' <Predicate = (!icmp_ln38 & xor_ln62 == 5)> <Delay = 0.00>
ST_1 : Operation 286 [1/1] (0.00ns)   --->   "%br_ln64 = br void %arrayidx101.i193.exit" [src/aes128.cpp:64]   --->   Operation 286 'br' 'br_ln64' <Predicate = (!icmp_ln38 & xor_ln62 == 4)> <Delay = 0.00>
ST_1 : Operation 287 [1/1] (0.00ns)   --->   "%br_ln64 = br void %arrayidx101.i193.exit" [src/aes128.cpp:64]   --->   Operation 287 'br' 'br_ln64' <Predicate = (!icmp_ln38 & xor_ln62 == 3)> <Delay = 0.00>
ST_1 : Operation 288 [1/1] (0.00ns)   --->   "%br_ln64 = br void %arrayidx101.i193.exit" [src/aes128.cpp:64]   --->   Operation 288 'br' 'br_ln64' <Predicate = (!icmp_ln38 & xor_ln62 == 2)> <Delay = 0.00>
ST_1 : Operation 289 [1/1] (0.00ns)   --->   "%br_ln64 = br void %arrayidx101.i193.exit" [src/aes128.cpp:64]   --->   Operation 289 'br' 'br_ln64' <Predicate = (!icmp_ln38 & xor_ln62 == 1)> <Delay = 0.00>
ST_1 : Operation 290 [1/1] (0.00ns)   --->   "%br_ln64 = br void %arrayidx101.i193.exit" [src/aes128.cpp:64]   --->   Operation 290 'br' 'br_ln64' <Predicate = (!icmp_ln38 & xor_ln62 == 0)> <Delay = 0.00>
ST_1 : Operation 291 [1/1] (0.00ns)   --->   "%br_ln64 = br void %arrayidx101.i193.exit" [src/aes128.cpp:64]   --->   Operation 291 'br' 'br_ln64' <Predicate = (!icmp_ln38 & xor_ln62 == 63)> <Delay = 0.00>
ST_1 : Operation 292 [1/1] (0.00ns)   --->   "%br_ln64 = br void %arrayidx101.i193.exit" [src/aes128.cpp:64]   --->   Operation 292 'br' 'br_ln64' <Predicate = (!icmp_ln38 & xor_ln62 == 62)> <Delay = 0.00>
ST_1 : Operation 293 [1/1] (0.00ns)   --->   "%br_ln64 = br void %arrayidx101.i193.exit" [src/aes128.cpp:64]   --->   Operation 293 'br' 'br_ln64' <Predicate = (!icmp_ln38 & xor_ln62 == 61)> <Delay = 0.00>
ST_1 : Operation 294 [1/1] (0.00ns)   --->   "%br_ln64 = br void %arrayidx101.i193.exit" [src/aes128.cpp:64]   --->   Operation 294 'br' 'br_ln64' <Predicate = (!icmp_ln38 & xor_ln62 == 60)> <Delay = 0.00>
ST_1 : Operation 295 [1/1] (0.00ns)   --->   "%br_ln64 = br void %arrayidx101.i193.exit" [src/aes128.cpp:64]   --->   Operation 295 'br' 'br_ln64' <Predicate = (!icmp_ln38 & xor_ln62 == 59)> <Delay = 0.00>
ST_1 : Operation 296 [1/1] (0.00ns)   --->   "%br_ln64 = br void %arrayidx101.i193.exit" [src/aes128.cpp:64]   --->   Operation 296 'br' 'br_ln64' <Predicate = (!icmp_ln38 & xor_ln62 == 58)> <Delay = 0.00>
ST_1 : Operation 297 [1/1] (0.00ns)   --->   "%br_ln64 = br void %arrayidx101.i193.exit" [src/aes128.cpp:64]   --->   Operation 297 'br' 'br_ln64' <Predicate = (!icmp_ln38 & xor_ln62 == 57)> <Delay = 0.00>
ST_1 : Operation 298 [1/1] (0.00ns)   --->   "%br_ln64 = br void %arrayidx101.i193.exit" [src/aes128.cpp:64]   --->   Operation 298 'br' 'br_ln64' <Predicate = (!icmp_ln38 & xor_ln62 == 56)> <Delay = 0.00>
ST_1 : Operation 299 [1/1] (0.00ns)   --->   "%br_ln64 = br void %arrayidx101.i193.exit" [src/aes128.cpp:64]   --->   Operation 299 'br' 'br_ln64' <Predicate = (!icmp_ln38 & xor_ln62 == 55)> <Delay = 0.00>
ST_1 : Operation 300 [1/1] (0.00ns)   --->   "%br_ln64 = br void %arrayidx101.i193.exit" [src/aes128.cpp:64]   --->   Operation 300 'br' 'br_ln64' <Predicate = (!icmp_ln38 & xor_ln62 == 54)> <Delay = 0.00>
ST_1 : Operation 301 [1/1] (0.00ns)   --->   "%br_ln64 = br void %arrayidx101.i193.exit" [src/aes128.cpp:64]   --->   Operation 301 'br' 'br_ln64' <Predicate = (!icmp_ln38 & xor_ln62 == 53)> <Delay = 0.00>
ST_1 : Operation 302 [1/1] (0.00ns)   --->   "%br_ln64 = br void %arrayidx101.i193.exit" [src/aes128.cpp:64]   --->   Operation 302 'br' 'br_ln64' <Predicate = (!icmp_ln38 & xor_ln62 == 52)> <Delay = 0.00>
ST_1 : Operation 303 [1/1] (0.00ns)   --->   "%br_ln64 = br void %arrayidx101.i193.exit" [src/aes128.cpp:64]   --->   Operation 303 'br' 'br_ln64' <Predicate = (!icmp_ln38 & xor_ln62 == 51)> <Delay = 0.00>
ST_1 : Operation 304 [1/1] (0.00ns)   --->   "%br_ln64 = br void %arrayidx101.i193.exit" [src/aes128.cpp:64]   --->   Operation 304 'br' 'br_ln64' <Predicate = (!icmp_ln38 & xor_ln62 == 50)> <Delay = 0.00>
ST_1 : Operation 305 [1/1] (0.00ns)   --->   "%br_ln64 = br void %arrayidx101.i193.exit" [src/aes128.cpp:64]   --->   Operation 305 'br' 'br_ln64' <Predicate = (!icmp_ln38 & xor_ln62 == 49)> <Delay = 0.00>
ST_1 : Operation 306 [1/1] (0.00ns)   --->   "%br_ln64 = br void %arrayidx101.i193.exit" [src/aes128.cpp:64]   --->   Operation 306 'br' 'br_ln64' <Predicate = (!icmp_ln38 & xor_ln62 == 48)> <Delay = 0.00>
ST_1 : Operation 307 [1/1] (0.00ns)   --->   "%br_ln64 = br void %arrayidx101.i193.exit" [src/aes128.cpp:64]   --->   Operation 307 'br' 'br_ln64' <Predicate = (!icmp_ln38 & xor_ln62 == 47)> <Delay = 0.00>
ST_1 : Operation 308 [1/1] (0.00ns)   --->   "%br_ln64 = br void %arrayidx101.i193.exit" [src/aes128.cpp:64]   --->   Operation 308 'br' 'br_ln64' <Predicate = (!icmp_ln38 & xor_ln62 == 46)> <Delay = 0.00>
ST_1 : Operation 309 [1/1] (0.00ns)   --->   "%br_ln64 = br void %arrayidx101.i193.exit" [src/aes128.cpp:64]   --->   Operation 309 'br' 'br_ln64' <Predicate = (!icmp_ln38 & xor_ln62 == 45)> <Delay = 0.00>
ST_1 : Operation 310 [1/1] (0.00ns)   --->   "%br_ln64 = br void %arrayidx101.i193.exit" [src/aes128.cpp:64]   --->   Operation 310 'br' 'br_ln64' <Predicate = (!icmp_ln38 & xor_ln62 == 44)> <Delay = 0.00>
ST_1 : Operation 311 [1/1] (0.00ns)   --->   "%br_ln64 = br void %arrayidx101.i193.exit" [src/aes128.cpp:64]   --->   Operation 311 'br' 'br_ln64' <Predicate = (!icmp_ln38 & xor_ln62 == 43)> <Delay = 0.00>
ST_1 : Operation 312 [1/1] (0.00ns)   --->   "%br_ln64 = br void %arrayidx101.i193.exit" [src/aes128.cpp:64]   --->   Operation 312 'br' 'br_ln64' <Predicate = (!icmp_ln38 & xor_ln62 == 42)> <Delay = 0.00>
ST_1 : Operation 313 [1/1] (0.00ns)   --->   "%br_ln64 = br void %arrayidx101.i193.exit" [src/aes128.cpp:64]   --->   Operation 313 'br' 'br_ln64' <Predicate = (!icmp_ln38 & xor_ln62 == 41)> <Delay = 0.00>
ST_1 : Operation 314 [1/1] (0.00ns)   --->   "%br_ln64 = br void %arrayidx101.i193.exit" [src/aes128.cpp:64]   --->   Operation 314 'br' 'br_ln64' <Predicate = (!icmp_ln38 & xor_ln62 == 40)> <Delay = 0.00>
ST_1 : Operation 315 [1/1] (0.00ns)   --->   "%br_ln64 = br void %arrayidx101.i193.exit" [src/aes128.cpp:64]   --->   Operation 315 'br' 'br_ln64' <Predicate = (!icmp_ln38 & xor_ln62 == 39)> <Delay = 0.00>
ST_1 : Operation 316 [1/1] (0.00ns)   --->   "%br_ln64 = br void %arrayidx101.i193.exit" [src/aes128.cpp:64]   --->   Operation 316 'br' 'br_ln64' <Predicate = (!icmp_ln38 & xor_ln62 == 38)> <Delay = 0.00>
ST_1 : Operation 317 [1/1] (0.00ns)   --->   "%br_ln64 = br void %arrayidx101.i193.exit" [src/aes128.cpp:64]   --->   Operation 317 'br' 'br_ln64' <Predicate = (!icmp_ln38 & xor_ln62 == 37)> <Delay = 0.00>
ST_1 : Operation 318 [1/1] (0.00ns)   --->   "%br_ln64 = br void %arrayidx101.i193.exit" [src/aes128.cpp:64]   --->   Operation 318 'br' 'br_ln64' <Predicate = (!icmp_ln38 & xor_ln62 == 36)> <Delay = 0.00>
ST_1 : Operation 319 [1/1] (0.00ns)   --->   "%br_ln64 = br void %arrayidx101.i193.exit" [src/aes128.cpp:64]   --->   Operation 319 'br' 'br_ln64' <Predicate = (!icmp_ln38 & xor_ln62 != 36 & xor_ln62 != 37 & xor_ln62 != 38 & xor_ln62 != 39 & xor_ln62 != 40 & xor_ln62 != 41 & xor_ln62 != 42 & xor_ln62 != 43 & xor_ln62 != 44 & xor_ln62 != 45 & xor_ln62 != 46 & xor_ln62 != 47 & xor_ln62 != 48 & xor_ln62 != 49 & xor_ln62 != 50 & xor_ln62 != 51 & xor_ln62 != 52 & xor_ln62 != 53 & xor_ln62 != 54 & xor_ln62 != 55 & xor_ln62 != 56 & xor_ln62 != 57 & xor_ln62 != 58 & xor_ln62 != 59 & xor_ln62 != 60 & xor_ln62 != 61 & xor_ln62 != 62 & xor_ln62 != 63 & xor_ln62 != 0 & xor_ln62 != 1 & xor_ln62 != 2 & xor_ln62 != 3 & xor_ln62 != 4 & xor_ln62 != 5 & xor_ln62 != 6 & xor_ln62 != 7 & xor_ln62 != 8 & xor_ln62 != 9 & xor_ln62 != 10)> <Delay = 0.00>
ST_1 : Operation 320 [1/1] (1.82ns)   --->   "%add_ln38 = add i6 %i_4, i6 1" [src/aes128.cpp:38]   --->   Operation 320 'add' 'add_ln38' <Predicate = (!icmp_ln38)> <Delay = 1.82> <CoreInst = "Adder">   --->   Core 1 'Adder' <Latency = 0> <II = 1> <Delay = 1.82> <FuncUnit> <Opcode : 'add' 'sub'> <InPorts = 2> <OutPorts = 1>
ST_1 : Operation 321 [1/1] (1.58ns)   --->   "%store_ln38 = store i6 %add_ln38, i6 %i" [src/aes128.cpp:38]   --->   Operation 321 'store' 'store_ln38' <Predicate = (!icmp_ln38)> <Delay = 1.58>
ST_1 : Operation 322 [1/1] (0.00ns)   --->   "%br_ln38 = br void %for.body7.i" [src/aes128.cpp:38]   --->   Operation 322 'br' 'br_ln38' <Predicate = (!icmp_ln38)> <Delay = 0.00>

State 2 <SV = 1> <Delay = 7.70>
ST_2 : Operation 323 [1/1] (0.00ns)   --->   "%round_keys_16_load_1 = load i8 %round_keys_16" [src/aes128.cpp:62]   --->   Operation 323 'load' 'round_keys_16_load_1' <Predicate = true> <Delay = 0.00>
ST_2 : Operation 324 [1/1] (0.00ns)   --->   "%round_keys_17_load_1 = load i8 %round_keys_17" [src/aes128.cpp:43]   --->   Operation 324 'load' 'round_keys_17_load_1' <Predicate = true> <Delay = 0.00>
ST_2 : Operation 325 [1/1] (0.00ns)   --->   "%round_keys_18_load_1 = load i8 %round_keys_18" [src/aes128.cpp:44]   --->   Operation 325 'load' 'round_keys_18_load_1' <Predicate = true> <Delay = 0.00>
ST_2 : Operation 326 [1/1] (0.00ns)   --->   "%round_keys_19_load_1 = load i8 %round_keys_19" [src/aes128.cpp:45]   --->   Operation 326 'load' 'round_keys_19_load_1' <Predicate = true> <Delay = 0.00>
ST_2 : Operation 327 [1/1] (0.00ns)   --->   "%round_keys_20_load_1 = load i8 %round_keys_20" [src/aes128.cpp:62]   --->   Operation 327 'load' 'round_keys_20_load_1' <Predicate = true> <Delay = 0.00>
ST_2 : Operation 328 [1/1] (0.00ns)   --->   "%round_keys_21_load_1 = load i8 %round_keys_21" [src/aes128.cpp:43]   --->   Operation 328 'load' 'round_keys_21_load_1' <Predicate = true> <Delay = 0.00>
ST_2 : Operation 329 [1/1] (0.00ns)   --->   "%round_keys_22_load_1 = load i8 %round_keys_22" [src/aes128.cpp:44]   --->   Operation 329 'load' 'round_keys_22_load_1' <Predicate = true> <Delay = 0.00>
ST_2 : Operation 330 [1/1] (0.00ns)   --->   "%round_keys_23_load_1 = load i8 %round_keys_23" [src/aes128.cpp:45]   --->   Operation 330 'load' 'round_keys_23_load_1' <Predicate = true> <Delay = 0.00>
ST_2 : Operation 331 [1/1] (0.00ns)   --->   "%round_keys_24_load_1 = load i8 %round_keys_24" [src/aes128.cpp:62]   --->   Operation 331 'load' 'round_keys_24_load_1' <Predicate = true> <Delay = 0.00>
ST_2 : Operation 332 [1/1] (0.00ns)   --->   "%round_keys_25_load_1 = load i8 %round_keys_25" [src/aes128.cpp:43]   --->   Operation 332 'load' 'round_keys_25_load_1' <Predicate = true> <Delay = 0.00>
ST_2 : Operation 333 [1/1] (0.00ns)   --->   "%round_keys_26_load_1 = load i8 %round_keys_26" [src/aes128.cpp:44]   --->   Operation 333 'load' 'round_keys_26_load_1' <Predicate = true> <Delay = 0.00>
ST_2 : Operation 334 [1/1] (0.00ns)   --->   "%round_keys_27_load_1 = load i8 %round_keys_27" [src/aes128.cpp:45]   --->   Operation 334 'load' 'round_keys_27_load_1' <Predicate = true> <Delay = 0.00>
ST_2 : Operation 335 [1/1] (0.00ns)   --->   "%round_keys_28_load_1 = load i8 %round_keys_28" [src/aes128.cpp:62]   --->   Operation 335 'load' 'round_keys_28_load_1' <Predicate = true> <Delay = 0.00>
ST_2 : Operation 336 [1/1] (0.00ns)   --->   "%round_keys_29_load_1 = load i8 %round_keys_29" [src/aes128.cpp:43]   --->   Operation 336 'load' 'round_keys_29_load_1' <Predicate = true> <Delay = 0.00>
ST_2 : Operation 337 [1/1] (0.00ns)   --->   "%round_keys_30_load_1 = load i8 %round_keys_30" [src/aes128.cpp:44]   --->   Operation 337 'load' 'round_keys_30_load_1' <Predicate = true> <Delay = 0.00>
ST_2 : Operation 338 [1/1] (0.00ns)   --->   "%round_keys_31_load_1 = load i8 %round_keys_31" [src/aes128.cpp:45]   --->   Operation 338 'load' 'round_keys_31_load_1' <Predicate = true> <Delay = 0.00>
ST_2 : Operation 339 [1/1] (0.00ns)   --->   "%round_keys_32_load_1 = load i8 %round_keys_32" [src/aes128.cpp:62]   --->   Operation 339 'load' 'round_keys_32_load_1' <Predicate = true> <Delay = 0.00>
ST_2 : Operation 340 [1/1] (0.00ns)   --->   "%round_keys_33_load_1 = load i8 %round_keys_33" [src/aes128.cpp:43]   --->   Operation 340 'load' 'round_keys_33_load_1' <Predicate = true> <Delay = 0.00>
ST_2 : Operation 341 [1/1] (0.00ns)   --->   "%round_keys_34_load_1 = load i8 %round_keys_34" [src/aes128.cpp:44]   --->   Operation 341 'load' 'round_keys_34_load_1' <Predicate = true> <Delay = 0.00>
ST_2 : Operation 342 [1/1] (0.00ns)   --->   "%round_keys_35_load_1 = load i8 %round_keys_35" [src/aes128.cpp:45]   --->   Operation 342 'load' 'round_keys_35_load_1' <Predicate = true> <Delay = 0.00>
ST_2 : Operation 343 [1/1] (0.00ns)   --->   "%round_keys_36_load_1 = load i8 %round_keys_36" [src/aes128.cpp:62]   --->   Operation 343 'load' 'round_keys_36_load_1' <Predicate = true> <Delay = 0.00>
ST_2 : Operation 344 [1/1] (0.00ns)   --->   "%round_keys_37_load_1 = load i8 %round_keys_37" [src/aes128.cpp:43]   --->   Operation 344 'load' 'round_keys_37_load_1' <Predicate = true> <Delay = 0.00>
ST_2 : Operation 345 [1/1] (0.00ns)   --->   "%round_keys_38_load_1 = load i8 %round_keys_38" [src/aes128.cpp:44]   --->   Operation 345 'load' 'round_keys_38_load_1' <Predicate = true> <Delay = 0.00>
ST_2 : Operation 346 [1/1] (0.00ns)   --->   "%round_keys_39_load_1 = load i8 %round_keys_39" [src/aes128.cpp:45]   --->   Operation 346 'load' 'round_keys_39_load_1' <Predicate = true> <Delay = 0.00>
ST_2 : Operation 347 [1/1] (0.00ns)   --->   "%round_keys_40_load_1 = load i8 %round_keys_40" [src/aes128.cpp:62]   --->   Operation 347 'load' 'round_keys_40_load_1' <Predicate = true> <Delay = 0.00>
ST_2 : Operation 348 [1/1] (0.00ns)   --->   "%round_keys_41_load_1 = load i8 %round_keys_41" [src/aes128.cpp:43]   --->   Operation 348 'load' 'round_keys_41_load_1' <Predicate = true> <Delay = 0.00>
ST_2 : Operation 349 [1/1] (0.00ns)   --->   "%round_keys_42_load_1 = load i8 %round_keys_42" [src/aes128.cpp:44]   --->   Operation 349 'load' 'round_keys_42_load_1' <Predicate = true> <Delay = 0.00>
ST_2 : Operation 350 [1/1] (0.00ns)   --->   "%round_keys_43_load_1 = load i8 %round_keys_43" [src/aes128.cpp:45]   --->   Operation 350 'load' 'round_keys_43_load_1' <Predicate = true> <Delay = 0.00>
ST_2 : Operation 351 [1/1] (0.00ns)   --->   "%round_keys_44_load_1 = load i8 %round_keys_44" [src/aes128.cpp:62]   --->   Operation 351 'load' 'round_keys_44_load_1' <Predicate = true> <Delay = 0.00>
ST_2 : Operation 352 [1/1] (0.00ns)   --->   "%round_keys_45_load_1 = load i8 %round_keys_45" [src/aes128.cpp:43]   --->   Operation 352 'load' 'round_keys_45_load_1' <Predicate = true> <Delay = 0.00>
ST_2 : Operation 353 [1/1] (0.00ns)   --->   "%round_keys_46_load_1 = load i8 %round_keys_46" [src/aes128.cpp:44]   --->   Operation 353 'load' 'round_keys_46_load_1' <Predicate = true> <Delay = 0.00>
ST_2 : Operation 354 [1/1] (0.00ns)   --->   "%round_keys_47_load_1 = load i8 %round_keys_47" [src/aes128.cpp:45]   --->   Operation 354 'load' 'round_keys_47_load_1' <Predicate = true> <Delay = 0.00>
ST_2 : Operation 355 [1/1] (0.00ns)   --->   "%round_keys_48_load_1 = load i8 %round_keys_48" [src/aes128.cpp:62]   --->   Operation 355 'load' 'round_keys_48_load_1' <Predicate = true> <Delay = 0.00>
ST_2 : Operation 356 [1/1] (0.00ns)   --->   "%round_keys_49_load_1 = load i8 %round_keys_49" [src/aes128.cpp:43]   --->   Operation 356 'load' 'round_keys_49_load_1' <Predicate = true> <Delay = 0.00>
ST_2 : Operation 357 [1/1] (0.00ns)   --->   "%round_keys_50_load_1 = load i8 %round_keys_50" [src/aes128.cpp:44]   --->   Operation 357 'load' 'round_keys_50_load_1' <Predicate = true> <Delay = 0.00>
ST_2 : Operation 358 [1/1] (0.00ns)   --->   "%round_keys_51_load_1 = load i8 %round_keys_51" [src/aes128.cpp:45]   --->   Operation 358 'load' 'round_keys_51_load_1' <Predicate = true> <Delay = 0.00>
ST_2 : Operation 359 [1/1] (0.00ns)   --->   "%round_keys_52_load_1 = load i8 %round_keys_52" [src/aes128.cpp:62]   --->   Operation 359 'load' 'round_keys_52_load_1' <Predicate = true> <Delay = 0.00>
ST_2 : Operation 360 [1/1] (0.00ns)   --->   "%round_keys_53_load_1 = load i8 %round_keys_53" [src/aes128.cpp:43]   --->   Operation 360 'load' 'round_keys_53_load_1' <Predicate = true> <Delay = 0.00>
ST_2 : Operation 361 [1/1] (0.00ns)   --->   "%round_keys_54_load_1 = load i8 %round_keys_54" [src/aes128.cpp:44]   --->   Operation 361 'load' 'round_keys_54_load_1' <Predicate = true> <Delay = 0.00>
ST_2 : Operation 362 [1/1] (0.00ns)   --->   "%round_keys_55_load_1 = load i8 %round_keys_55" [src/aes128.cpp:45]   --->   Operation 362 'load' 'round_keys_55_load_1' <Predicate = true> <Delay = 0.00>
ST_2 : Operation 363 [1/1] (0.00ns)   --->   "%round_keys_56_load_1 = load i8 %round_keys_56" [src/aes128.cpp:62]   --->   Operation 363 'load' 'round_keys_56_load_1' <Predicate = true> <Delay = 0.00>
ST_2 : Operation 364 [1/1] (0.00ns)   --->   "%round_keys_57_load_1 = load i8 %round_keys_57" [src/aes128.cpp:43]   --->   Operation 364 'load' 'round_keys_57_load_1' <Predicate = true> <Delay = 0.00>
ST_2 : Operation 365 [1/1] (0.00ns)   --->   "%round_keys_58_load_1 = load i8 %round_keys_58" [src/aes128.cpp:44]   --->   Operation 365 'load' 'round_keys_58_load_1' <Predicate = true> <Delay = 0.00>
ST_2 : Operation 366 [1/1] (0.00ns)   --->   "%round_keys_59_load_1 = load i8 %round_keys_59" [src/aes128.cpp:45]   --->   Operation 366 'load' 'round_keys_59_load_1' <Predicate = true> <Delay = 0.00>
ST_2 : Operation 367 [1/1] (0.00ns)   --->   "%round_keys_60_load_1 = load i8 %round_keys_60" [src/aes128.cpp:62]   --->   Operation 367 'load' 'round_keys_60_load_1' <Predicate = true> <Delay = 0.00>
ST_2 : Operation 368 [1/1] (0.00ns)   --->   "%round_keys_61_load_1 = load i8 %round_keys_61" [src/aes128.cpp:43]   --->   Operation 368 'load' 'round_keys_61_load_1' <Predicate = true> <Delay = 0.00>
ST_2 : Operation 369 [1/1] (0.00ns)   --->   "%round_keys_62_load_1 = load i8 %round_keys_62" [src/aes128.cpp:44]   --->   Operation 369 'load' 'round_keys_62_load_1' <Predicate = true> <Delay = 0.00>
ST_2 : Operation 370 [1/1] (0.00ns)   --->   "%round_keys_63_load_1 = load i8 %round_keys_63" [src/aes128.cpp:45]   --->   Operation 370 'load' 'round_keys_63_load_1' <Predicate = true> <Delay = 0.00>
ST_2 : Operation 371 [1/1] (0.00ns)   --->   "%round_keys_64_load_1 = load i8 %round_keys_64" [src/aes128.cpp:62]   --->   Operation 371 'load' 'round_keys_64_load_1' <Predicate = true> <Delay = 0.00>
ST_2 : Operation 372 [1/1] (0.00ns)   --->   "%round_keys_65_load_1 = load i8 %round_keys_65" [src/aes128.cpp:43]   --->   Operation 372 'load' 'round_keys_65_load_1' <Predicate = true> <Delay = 0.00>
ST_2 : Operation 373 [1/1] (0.00ns)   --->   "%round_keys_66_load_1 = load i8 %round_keys_66" [src/aes128.cpp:44]   --->   Operation 373 'load' 'round_keys_66_load_1' <Predicate = true> <Delay = 0.00>
ST_2 : Operation 374 [1/1] (0.00ns)   --->   "%round_keys_67_load_1 = load i8 %round_keys_67" [src/aes128.cpp:45]   --->   Operation 374 'load' 'round_keys_67_load_1' <Predicate = true> <Delay = 0.00>
ST_2 : Operation 375 [1/1] (0.00ns)   --->   "%round_keys_68_load_1 = load i8 %round_keys_68" [src/aes128.cpp:62]   --->   Operation 375 'load' 'round_keys_68_load_1' <Predicate = true> <Delay = 0.00>
ST_2 : Operation 376 [1/1] (0.00ns)   --->   "%round_keys_69_load_1 = load i8 %round_keys_69" [src/aes128.cpp:43]   --->   Operation 376 'load' 'round_keys_69_load_1' <Predicate = true> <Delay = 0.00>
ST_2 : Operation 377 [1/1] (0.00ns)   --->   "%round_keys_70_load_1 = load i8 %round_keys_70" [src/aes128.cpp:44]   --->   Operation 377 'load' 'round_keys_70_load_1' <Predicate = true> <Delay = 0.00>
ST_2 : Operation 378 [1/1] (0.00ns)   --->   "%round_keys_71_load_1 = load i8 %round_keys_71" [src/aes128.cpp:45]   --->   Operation 378 'load' 'round_keys_71_load_1' <Predicate = true> <Delay = 0.00>
ST_2 : Operation 379 [1/1] (0.00ns)   --->   "%round_keys_72_load_1 = load i8 %round_keys_72" [src/aes128.cpp:62]   --->   Operation 379 'load' 'round_keys_72_load_1' <Predicate = true> <Delay = 0.00>
ST_2 : Operation 380 [1/1] (0.00ns)   --->   "%round_keys_73_load_1 = load i8 %round_keys_73" [src/aes128.cpp:43]   --->   Operation 380 'load' 'round_keys_73_load_1' <Predicate = true> <Delay = 0.00>
ST_2 : Operation 381 [1/1] (0.00ns)   --->   "%round_keys_74_load_1 = load i8 %round_keys_74" [src/aes128.cpp:44]   --->   Operation 381 'load' 'round_keys_74_load_1' <Predicate = true> <Delay = 0.00>
ST_2 : Operation 382 [1/1] (0.00ns)   --->   "%round_keys_75_load_1 = load i8 %round_keys_75" [src/aes128.cpp:45]   --->   Operation 382 'load' 'round_keys_75_load_1' <Predicate = true> <Delay = 0.00>
ST_2 : Operation 383 [1/1] (0.00ns)   --->   "%round_keys_76_load_1 = load i8 %round_keys_76" [src/aes128.cpp:62]   --->   Operation 383 'load' 'round_keys_76_load_1' <Predicate = true> <Delay = 0.00>
ST_2 : Operation 384 [1/1] (0.00ns)   --->   "%round_keys_77_load_1 = load i8 %round_keys_77" [src/aes128.cpp:43]   --->   Operation 384 'load' 'round_keys_77_load_1' <Predicate = true> <Delay = 0.00>
ST_2 : Operation 385 [1/1] (0.00ns)   --->   "%round_keys_78_load_1 = load i8 %round_keys_78" [src/aes128.cpp:44]   --->   Operation 385 'load' 'round_keys_78_load_1' <Predicate = true> <Delay = 0.00>
ST_2 : Operation 386 [1/1] (0.00ns)   --->   "%round_keys_79_load_1 = load i8 %round_keys_79" [src/aes128.cpp:45]   --->   Operation 386 'load' 'round_keys_79_load_1' <Predicate = true> <Delay = 0.00>
ST_2 : Operation 387 [1/1] (0.00ns)   --->   "%round_keys_80_load_1 = load i8 %round_keys_80" [src/aes128.cpp:62]   --->   Operation 387 'load' 'round_keys_80_load_1' <Predicate = true> <Delay = 0.00>
ST_2 : Operation 388 [1/1] (0.00ns)   --->   "%round_keys_81_load_1 = load i8 %round_keys_81" [src/aes128.cpp:43]   --->   Operation 388 'load' 'round_keys_81_load_1' <Predicate = true> <Delay = 0.00>
ST_2 : Operation 389 [1/1] (0.00ns)   --->   "%round_keys_82_load_1 = load i8 %round_keys_82" [src/aes128.cpp:44]   --->   Operation 389 'load' 'round_keys_82_load_1' <Predicate = true> <Delay = 0.00>
ST_2 : Operation 390 [1/1] (0.00ns)   --->   "%round_keys_83_load_1 = load i8 %round_keys_83" [src/aes128.cpp:45]   --->   Operation 390 'load' 'round_keys_83_load_1' <Predicate = true> <Delay = 0.00>
ST_2 : Operation 391 [1/1] (0.00ns)   --->   "%round_keys_84_load_1 = load i8 %round_keys_84" [src/aes128.cpp:62]   --->   Operation 391 'load' 'round_keys_84_load_1' <Predicate = true> <Delay = 0.00>
ST_2 : Operation 392 [1/1] (0.00ns)   --->   "%round_keys_85_load_1 = load i8 %round_keys_85" [src/aes128.cpp:43]   --->   Operation 392 'load' 'round_keys_85_load_1' <Predicate = true> <Delay = 0.00>
ST_2 : Operation 393 [1/1] (0.00ns)   --->   "%round_keys_86_load_1 = load i8 %round_keys_86" [src/aes128.cpp:44]   --->   Operation 393 'load' 'round_keys_86_load_1' <Predicate = true> <Delay = 0.00>
ST_2 : Operation 394 [1/1] (0.00ns)   --->   "%round_keys_87_load_1 = load i8 %round_keys_87" [src/aes128.cpp:45]   --->   Operation 394 'load' 'round_keys_87_load_1' <Predicate = true> <Delay = 0.00>
ST_2 : Operation 395 [1/1] (0.00ns)   --->   "%round_keys_88_load_1 = load i8 %round_keys_88" [src/aes128.cpp:62]   --->   Operation 395 'load' 'round_keys_88_load_1' <Predicate = true> <Delay = 0.00>
ST_2 : Operation 396 [1/1] (0.00ns)   --->   "%round_keys_89_load_1 = load i8 %round_keys_89" [src/aes128.cpp:43]   --->   Operation 396 'load' 'round_keys_89_load_1' <Predicate = true> <Delay = 0.00>
ST_2 : Operation 397 [1/1] (0.00ns)   --->   "%round_keys_90_load_1 = load i8 %round_keys_90" [src/aes128.cpp:44]   --->   Operation 397 'load' 'round_keys_90_load_1' <Predicate = true> <Delay = 0.00>
ST_2 : Operation 398 [1/1] (0.00ns)   --->   "%round_keys_91_load_1 = load i8 %round_keys_91" [src/aes128.cpp:45]   --->   Operation 398 'load' 'round_keys_91_load_1' <Predicate = true> <Delay = 0.00>
ST_2 : Operation 399 [1/1] (0.00ns)   --->   "%round_keys_92_load_1 = load i8 %round_keys_92" [src/aes128.cpp:62]   --->   Operation 399 'load' 'round_keys_92_load_1' <Predicate = true> <Delay = 0.00>
ST_2 : Operation 400 [1/1] (0.00ns)   --->   "%round_keys_93_load_1 = load i8 %round_keys_93" [src/aes128.cpp:43]   --->   Operation 400 'load' 'round_keys_93_load_1' <Predicate = true> <Delay = 0.00>
ST_2 : Operation 401 [1/1] (0.00ns)   --->   "%round_keys_94_load_1 = load i8 %round_keys_94" [src/aes128.cpp:44]   --->   Operation 401 'load' 'round_keys_94_load_1' <Predicate = true> <Delay = 0.00>
ST_2 : Operation 402 [1/1] (0.00ns)   --->   "%round_keys_95_load_1 = load i8 %round_keys_95" [src/aes128.cpp:45]   --->   Operation 402 'load' 'round_keys_95_load_1' <Predicate = true> <Delay = 0.00>
ST_2 : Operation 403 [1/1] (0.00ns)   --->   "%round_keys_96_load_1 = load i8 %round_keys_96" [src/aes128.cpp:62]   --->   Operation 403 'load' 'round_keys_96_load_1' <Predicate = true> <Delay = 0.00>
ST_2 : Operation 404 [1/1] (0.00ns)   --->   "%round_keys_97_load_1 = load i8 %round_keys_97" [src/aes128.cpp:43]   --->   Operation 404 'load' 'round_keys_97_load_1' <Predicate = true> <Delay = 0.00>
ST_2 : Operation 405 [1/1] (0.00ns)   --->   "%round_keys_98_load_1 = load i8 %round_keys_98" [src/aes128.cpp:44]   --->   Operation 405 'load' 'round_keys_98_load_1' <Predicate = true> <Delay = 0.00>
ST_2 : Operation 406 [1/1] (0.00ns)   --->   "%round_keys_99_load_1 = load i8 %round_keys_99" [src/aes128.cpp:45]   --->   Operation 406 'load' 'round_keys_99_load_1' <Predicate = true> <Delay = 0.00>
ST_2 : Operation 407 [1/1] (0.00ns)   --->   "%round_keys_100_load_1 = load i8 %round_keys_100" [src/aes128.cpp:62]   --->   Operation 407 'load' 'round_keys_100_load_1' <Predicate = true> <Delay = 0.00>
ST_2 : Operation 408 [1/1] (0.00ns)   --->   "%round_keys_101_load_1 = load i8 %round_keys_101" [src/aes128.cpp:43]   --->   Operation 408 'load' 'round_keys_101_load_1' <Predicate = true> <Delay = 0.00>
ST_2 : Operation 409 [1/1] (0.00ns)   --->   "%round_keys_102_load_1 = load i8 %round_keys_102" [src/aes128.cpp:44]   --->   Operation 409 'load' 'round_keys_102_load_1' <Predicate = true> <Delay = 0.00>
ST_2 : Operation 410 [1/1] (0.00ns)   --->   "%round_keys_103_load_1 = load i8 %round_keys_103" [src/aes128.cpp:45]   --->   Operation 410 'load' 'round_keys_103_load_1' <Predicate = true> <Delay = 0.00>
ST_2 : Operation 411 [1/1] (0.00ns)   --->   "%round_keys_104_load_1 = load i8 %round_keys_104" [src/aes128.cpp:62]   --->   Operation 411 'load' 'round_keys_104_load_1' <Predicate = true> <Delay = 0.00>
ST_2 : Operation 412 [1/1] (0.00ns)   --->   "%round_keys_105_load_1 = load i8 %round_keys_105" [src/aes128.cpp:43]   --->   Operation 412 'load' 'round_keys_105_load_1' <Predicate = true> <Delay = 0.00>
ST_2 : Operation 413 [1/1] (0.00ns)   --->   "%round_keys_106_load_1 = load i8 %round_keys_106" [src/aes128.cpp:44]   --->   Operation 413 'load' 'round_keys_106_load_1' <Predicate = true> <Delay = 0.00>
ST_2 : Operation 414 [1/1] (0.00ns)   --->   "%round_keys_107_load_1 = load i8 %round_keys_107" [src/aes128.cpp:45]   --->   Operation 414 'load' 'round_keys_107_load_1' <Predicate = true> <Delay = 0.00>
ST_2 : Operation 415 [1/1] (0.00ns)   --->   "%round_keys_108_load_1 = load i8 %round_keys_108" [src/aes128.cpp:62]   --->   Operation 415 'load' 'round_keys_108_load_1' <Predicate = true> <Delay = 0.00>
ST_2 : Operation 416 [1/1] (0.00ns)   --->   "%round_keys_109_load_1 = load i8 %round_keys_109" [src/aes128.cpp:43]   --->   Operation 416 'load' 'round_keys_109_load_1' <Predicate = true> <Delay = 0.00>
ST_2 : Operation 417 [1/1] (0.00ns)   --->   "%round_keys_110_load_1 = load i8 %round_keys_110" [src/aes128.cpp:44]   --->   Operation 417 'load' 'round_keys_110_load_1' <Predicate = true> <Delay = 0.00>
ST_2 : Operation 418 [1/1] (0.00ns)   --->   "%round_keys_111_load_1 = load i8 %round_keys_111" [src/aes128.cpp:45]   --->   Operation 418 'load' 'round_keys_111_load_1' <Predicate = true> <Delay = 0.00>
ST_2 : Operation 419 [1/1] (0.00ns)   --->   "%round_keys_112_load_1 = load i8 %round_keys_112" [src/aes128.cpp:62]   --->   Operation 419 'load' 'round_keys_112_load_1' <Predicate = true> <Delay = 0.00>
ST_2 : Operation 420 [1/1] (0.00ns)   --->   "%round_keys_113_load_1 = load i8 %round_keys_113" [src/aes128.cpp:43]   --->   Operation 420 'load' 'round_keys_113_load_1' <Predicate = true> <Delay = 0.00>
ST_2 : Operation 421 [1/1] (0.00ns)   --->   "%round_keys_114_load_1 = load i8 %round_keys_114" [src/aes128.cpp:44]   --->   Operation 421 'load' 'round_keys_114_load_1' <Predicate = true> <Delay = 0.00>
ST_2 : Operation 422 [1/1] (0.00ns)   --->   "%round_keys_115_load_1 = load i8 %round_keys_115" [src/aes128.cpp:45]   --->   Operation 422 'load' 'round_keys_115_load_1' <Predicate = true> <Delay = 0.00>
ST_2 : Operation 423 [1/1] (0.00ns)   --->   "%round_keys_116_load_1 = load i8 %round_keys_116" [src/aes128.cpp:62]   --->   Operation 423 'load' 'round_keys_116_load_1' <Predicate = true> <Delay = 0.00>
ST_2 : Operation 424 [1/1] (0.00ns)   --->   "%round_keys_117_load_1 = load i8 %round_keys_117" [src/aes128.cpp:43]   --->   Operation 424 'load' 'round_keys_117_load_1' <Predicate = true> <Delay = 0.00>
ST_2 : Operation 425 [1/1] (0.00ns)   --->   "%round_keys_118_load_1 = load i8 %round_keys_118" [src/aes128.cpp:44]   --->   Operation 425 'load' 'round_keys_118_load_1' <Predicate = true> <Delay = 0.00>
ST_2 : Operation 426 [1/1] (0.00ns)   --->   "%round_keys_119_load_1 = load i8 %round_keys_119" [src/aes128.cpp:45]   --->   Operation 426 'load' 'round_keys_119_load_1' <Predicate = true> <Delay = 0.00>
ST_2 : Operation 427 [1/1] (0.00ns)   --->   "%round_keys_120_load_1 = load i8 %round_keys_120" [src/aes128.cpp:62]   --->   Operation 427 'load' 'round_keys_120_load_1' <Predicate = true> <Delay = 0.00>
ST_2 : Operation 428 [1/1] (0.00ns)   --->   "%round_keys_121_load_1 = load i8 %round_keys_121" [src/aes128.cpp:43]   --->   Operation 428 'load' 'round_keys_121_load_1' <Predicate = true> <Delay = 0.00>
ST_2 : Operation 429 [1/1] (0.00ns)   --->   "%round_keys_122_load_1 = load i8 %round_keys_122" [src/aes128.cpp:44]   --->   Operation 429 'load' 'round_keys_122_load_1' <Predicate = true> <Delay = 0.00>
ST_2 : Operation 430 [1/1] (0.00ns)   --->   "%round_keys_123_load_1 = load i8 %round_keys_123" [src/aes128.cpp:45]   --->   Operation 430 'load' 'round_keys_123_load_1' <Predicate = true> <Delay = 0.00>
ST_2 : Operation 431 [1/1] (0.00ns)   --->   "%round_keys_124_load_1 = load i8 %round_keys_124" [src/aes128.cpp:62]   --->   Operation 431 'load' 'round_keys_124_load_1' <Predicate = true> <Delay = 0.00>
ST_2 : Operation 432 [1/1] (0.00ns)   --->   "%round_keys_125_load_1 = load i8 %round_keys_125" [src/aes128.cpp:43]   --->   Operation 432 'load' 'round_keys_125_load_1' <Predicate = true> <Delay = 0.00>
ST_2 : Operation 433 [1/1] (0.00ns)   --->   "%round_keys_126_load_1 = load i8 %round_keys_126" [src/aes128.cpp:44]   --->   Operation 433 'load' 'round_keys_126_load_1' <Predicate = true> <Delay = 0.00>
ST_2 : Operation 434 [1/1] (0.00ns)   --->   "%round_keys_127_load_1 = load i8 %round_keys_127" [src/aes128.cpp:45]   --->   Operation 434 'load' 'round_keys_127_load_1' <Predicate = true> <Delay = 0.00>
ST_2 : Operation 435 [1/1] (0.00ns)   --->   "%round_keys_128_load_1 = load i8 %round_keys_128" [src/aes128.cpp:62]   --->   Operation 435 'load' 'round_keys_128_load_1' <Predicate = true> <Delay = 0.00>
ST_2 : Operation 436 [1/1] (0.00ns)   --->   "%round_keys_129_load_1 = load i8 %round_keys_129" [src/aes128.cpp:43]   --->   Operation 436 'load' 'round_keys_129_load_1' <Predicate = true> <Delay = 0.00>
ST_2 : Operation 437 [1/1] (0.00ns)   --->   "%round_keys_130_load_1 = load i8 %round_keys_130" [src/aes128.cpp:44]   --->   Operation 437 'load' 'round_keys_130_load_1' <Predicate = true> <Delay = 0.00>
ST_2 : Operation 438 [1/1] (0.00ns)   --->   "%round_keys_131_load_1 = load i8 %round_keys_131" [src/aes128.cpp:45]   --->   Operation 438 'load' 'round_keys_131_load_1' <Predicate = true> <Delay = 0.00>
ST_2 : Operation 439 [1/1] (0.00ns)   --->   "%round_keys_132_load_1 = load i8 %round_keys_132" [src/aes128.cpp:62]   --->   Operation 439 'load' 'round_keys_132_load_1' <Predicate = true> <Delay = 0.00>
ST_2 : Operation 440 [1/1] (0.00ns)   --->   "%round_keys_133_load_1 = load i8 %round_keys_133" [src/aes128.cpp:43]   --->   Operation 440 'load' 'round_keys_133_load_1' <Predicate = true> <Delay = 0.00>
ST_2 : Operation 441 [1/1] (0.00ns)   --->   "%round_keys_134_load_1 = load i8 %round_keys_134" [src/aes128.cpp:44]   --->   Operation 441 'load' 'round_keys_134_load_1' <Predicate = true> <Delay = 0.00>
ST_2 : Operation 442 [1/1] (0.00ns)   --->   "%round_keys_135_load_1 = load i8 %round_keys_135" [src/aes128.cpp:45]   --->   Operation 442 'load' 'round_keys_135_load_1' <Predicate = true> <Delay = 0.00>
ST_2 : Operation 443 [1/1] (0.00ns)   --->   "%round_keys_136_load_1 = load i8 %round_keys_136" [src/aes128.cpp:62]   --->   Operation 443 'load' 'round_keys_136_load_1' <Predicate = true> <Delay = 0.00>
ST_2 : Operation 444 [1/1] (0.00ns)   --->   "%round_keys_137_load_1 = load i8 %round_keys_137" [src/aes128.cpp:43]   --->   Operation 444 'load' 'round_keys_137_load_1' <Predicate = true> <Delay = 0.00>
ST_2 : Operation 445 [1/1] (0.00ns)   --->   "%round_keys_138_load_1 = load i8 %round_keys_138" [src/aes128.cpp:44]   --->   Operation 445 'load' 'round_keys_138_load_1' <Predicate = true> <Delay = 0.00>
ST_2 : Operation 446 [1/1] (0.00ns)   --->   "%round_keys_139_load_1 = load i8 %round_keys_139" [src/aes128.cpp:45]   --->   Operation 446 'load' 'round_keys_139_load_1' <Predicate = true> <Delay = 0.00>
ST_2 : Operation 447 [1/1] (0.00ns)   --->   "%round_keys_140_load_1 = load i8 %round_keys_140" [src/aes128.cpp:62]   --->   Operation 447 'load' 'round_keys_140_load_1' <Predicate = true> <Delay = 0.00>
ST_2 : Operation 448 [1/1] (0.00ns)   --->   "%round_keys_141_load_1 = load i8 %round_keys_141" [src/aes128.cpp:43]   --->   Operation 448 'load' 'round_keys_141_load_1' <Predicate = true> <Delay = 0.00>
ST_2 : Operation 449 [1/1] (0.00ns)   --->   "%round_keys_142_load_1 = load i8 %round_keys_142" [src/aes128.cpp:44]   --->   Operation 449 'load' 'round_keys_142_load_1' <Predicate = true> <Delay = 0.00>
ST_2 : Operation 450 [1/1] (0.00ns)   --->   "%round_keys_143_load_1 = load i8 %round_keys_143" [src/aes128.cpp:45]   --->   Operation 450 'load' 'round_keys_143_load_1' <Predicate = true> <Delay = 0.00>
ST_2 : Operation 451 [1/1] (0.00ns)   --->   "%round_keys_144_load_1 = load i8 %round_keys_144" [src/aes128.cpp:62]   --->   Operation 451 'load' 'round_keys_144_load_1' <Predicate = true> <Delay = 0.00>
ST_2 : Operation 452 [1/1] (0.00ns)   --->   "%round_keys_145_load_1 = load i8 %round_keys_145" [src/aes128.cpp:43]   --->   Operation 452 'load' 'round_keys_145_load_1' <Predicate = true> <Delay = 0.00>
ST_2 : Operation 453 [1/1] (0.00ns)   --->   "%round_keys_146_load_1 = load i8 %round_keys_146" [src/aes128.cpp:44]   --->   Operation 453 'load' 'round_keys_146_load_1' <Predicate = true> <Delay = 0.00>
ST_2 : Operation 454 [1/1] (0.00ns)   --->   "%round_keys_147_load_1 = load i8 %round_keys_147" [src/aes128.cpp:45]   --->   Operation 454 'load' 'round_keys_147_load_1' <Predicate = true> <Delay = 0.00>
ST_2 : Operation 455 [1/1] (0.00ns)   --->   "%round_keys_148_load_1 = load i8 %round_keys_148" [src/aes128.cpp:62]   --->   Operation 455 'load' 'round_keys_148_load_1' <Predicate = true> <Delay = 0.00>
ST_2 : Operation 456 [1/1] (0.00ns)   --->   "%round_keys_149_load_1 = load i8 %round_keys_149" [src/aes128.cpp:43]   --->   Operation 456 'load' 'round_keys_149_load_1' <Predicate = true> <Delay = 0.00>
ST_2 : Operation 457 [1/1] (0.00ns)   --->   "%round_keys_150_load_1 = load i8 %round_keys_150" [src/aes128.cpp:44]   --->   Operation 457 'load' 'round_keys_150_load_1' <Predicate = true> <Delay = 0.00>
ST_2 : Operation 458 [1/1] (0.00ns)   --->   "%round_keys_151_load_1 = load i8 %round_keys_151" [src/aes128.cpp:45]   --->   Operation 458 'load' 'round_keys_151_load_1' <Predicate = true> <Delay = 0.00>
ST_2 : Operation 459 [1/1] (0.00ns)   --->   "%round_keys_152_load_1 = load i8 %round_keys_152" [src/aes128.cpp:62]   --->   Operation 459 'load' 'round_keys_152_load_1' <Predicate = true> <Delay = 0.00>
ST_2 : Operation 460 [1/1] (0.00ns)   --->   "%round_keys_153_load_1 = load i8 %round_keys_153" [src/aes128.cpp:43]   --->   Operation 460 'load' 'round_keys_153_load_1' <Predicate = true> <Delay = 0.00>
ST_2 : Operation 461 [1/1] (0.00ns)   --->   "%round_keys_154_load_1 = load i8 %round_keys_154" [src/aes128.cpp:44]   --->   Operation 461 'load' 'round_keys_154_load_1' <Predicate = true> <Delay = 0.00>
ST_2 : Operation 462 [1/1] (0.00ns)   --->   "%round_keys_155_load_1 = load i8 %round_keys_155" [src/aes128.cpp:45]   --->   Operation 462 'load' 'round_keys_155_load_1' <Predicate = true> <Delay = 0.00>
ST_2 : Operation 463 [1/1] (0.00ns)   --->   "%round_keys_156_load_1 = load i8 %round_keys_156" [src/aes128.cpp:62]   --->   Operation 463 'load' 'round_keys_156_load_1' <Predicate = true> <Delay = 0.00>
ST_2 : Operation 464 [1/1] (0.00ns)   --->   "%round_keys_157_load_1 = load i8 %round_keys_157" [src/aes128.cpp:43]   --->   Operation 464 'load' 'round_keys_157_load_1' <Predicate = true> <Delay = 0.00>
ST_2 : Operation 465 [1/1] (0.00ns)   --->   "%round_keys_158_load_1 = load i8 %round_keys_158" [src/aes128.cpp:44]   --->   Operation 465 'load' 'round_keys_158_load_1' <Predicate = true> <Delay = 0.00>
ST_2 : Operation 466 [1/1] (0.00ns)   --->   "%round_keys_159_load_1 = load i8 %round_keys_159" [src/aes128.cpp:45]   --->   Operation 466 'load' 'round_keys_159_load_1' <Predicate = true> <Delay = 0.00>
ST_2 : Operation 467 [1/1] (0.00ns)   --->   "%round_keys_160_load_1 = load i8 %round_keys_160" [src/aes128.cpp:42]   --->   Operation 467 'load' 'round_keys_160_load_1' <Predicate = true> <Delay = 0.00>
ST_2 : Operation 468 [1/1] (0.00ns)   --->   "%round_keys_161_load_1 = load i8 %round_keys_161" [src/aes128.cpp:43]   --->   Operation 468 'load' 'round_keys_161_load_1' <Predicate = true> <Delay = 0.00>
ST_2 : Operation 469 [1/1] (0.00ns)   --->   "%round_keys_162_load_1 = load i8 %round_keys_162" [src/aes128.cpp:44]   --->   Operation 469 'load' 'round_keys_162_load_1' <Predicate = true> <Delay = 0.00>
ST_2 : Operation 470 [1/1] (0.00ns)   --->   "%round_keys_163_load_1 = load i8 %round_keys_163" [src/aes128.cpp:45]   --->   Operation 470 'load' 'round_keys_163_load_1' <Predicate = true> <Delay = 0.00>
ST_2 : Operation 471 [1/1] (0.00ns)   --->   "%round_keys_164_load_1 = load i8 %round_keys_164" [src/aes128.cpp:42]   --->   Operation 471 'load' 'round_keys_164_load_1' <Predicate = true> <Delay = 0.00>
ST_2 : Operation 472 [1/1] (0.00ns)   --->   "%round_keys_165_load_1 = load i8 %round_keys_165" [src/aes128.cpp:43]   --->   Operation 472 'load' 'round_keys_165_load_1' <Predicate = true> <Delay = 0.00>
ST_2 : Operation 473 [1/1] (0.00ns)   --->   "%round_keys_166_load_1 = load i8 %round_keys_166" [src/aes128.cpp:44]   --->   Operation 473 'load' 'round_keys_166_load_1' <Predicate = true> <Delay = 0.00>
ST_2 : Operation 474 [1/1] (0.00ns)   --->   "%round_keys_167_load_1 = load i8 %round_keys_167" [src/aes128.cpp:45]   --->   Operation 474 'load' 'round_keys_167_load_1' <Predicate = true> <Delay = 0.00>
ST_2 : Operation 475 [1/1] (0.00ns)   --->   "%round_keys_168_load_1 = load i8 %round_keys_168" [src/aes128.cpp:42]   --->   Operation 475 'load' 'round_keys_168_load_1' <Predicate = true> <Delay = 0.00>
ST_2 : Operation 476 [1/1] (0.00ns)   --->   "%round_keys_169_load_1 = load i8 %round_keys_169" [src/aes128.cpp:43]   --->   Operation 476 'load' 'round_keys_169_load_1' <Predicate = true> <Delay = 0.00>
ST_2 : Operation 477 [1/1] (0.00ns)   --->   "%round_keys_170_load_1 = load i8 %round_keys_170" [src/aes128.cpp:44]   --->   Operation 477 'load' 'round_keys_170_load_1' <Predicate = true> <Delay = 0.00>
ST_2 : Operation 478 [1/1] (0.00ns)   --->   "%round_keys_171_load_1 = load i8 %round_keys_171" [src/aes128.cpp:45]   --->   Operation 478 'load' 'round_keys_171_load_1' <Predicate = true> <Delay = 0.00>
ST_2 : Operation 479 [1/1] (4.44ns)   --->   "%temp_13 = mux i8 @_ssdm_op_Mux.ap_auto.169i8.i8, i8 0, i8 0, i8 0, i8 0, i8 0, i8 0, i8 0, i8 0, i8 0, i8 0, i8 0, i8 0, i8 %round_keys_12_read, i8 0, i8 0, i8 0, i8 %round_keys_16_load_1, i8 0, i8 0, i8 0, i8 %round_keys_20_load_1, i8 0, i8 0, i8 0, i8 %round_keys_24_load_1, i8 0, i8 0, i8 0, i8 %round_keys_28_load_1, i8 0, i8 0, i8 0, i8 %round_keys_32_load_1, i8 0, i8 0, i8 0, i8 %round_keys_36_load_1, i8 0, i8 0, i8 0, i8 %round_keys_40_load_1, i8 0, i8 0, i8 0, i8 %round_keys_44_load_1, i8 0, i8 0, i8 0, i8 %round_keys_48_load_1, i8 0, i8 0, i8 0, i8 %round_keys_52_load_1, i8 0, i8 0, i8 0, i8 %round_keys_56_load_1, i8 0, i8 0, i8 0, i8 %round_keys_60_load_1, i8 0, i8 0, i8 0, i8 %round_keys_64_load_1, i8 0, i8 0, i8 0, i8 %round_keys_68_load_1, i8 0, i8 0, i8 0, i8 %round_keys_72_load_1, i8 0, i8 0, i8 0, i8 %round_keys_76_load_1, i8 0, i8 0, i8 0, i8 %round_keys_80_load_1, i8 0, i8 0, i8 0, i8 %round_keys_84_load_1, i8 0, i8 0, i8 0, i8 %round_keys_88_load_1, i8 0, i8 0, i8 0, i8 %round_keys_92_load_1, i8 0, i8 0, i8 0, i8 %round_keys_96_load_1, i8 0, i8 0, i8 0, i8 %round_keys_100_load_1, i8 0, i8 0, i8 0, i8 %round_keys_104_load_1, i8 0, i8 0, i8 0, i8 %round_keys_108_load_1, i8 0, i8 0, i8 0, i8 %round_keys_112_load_1, i8 0, i8 0, i8 0, i8 %round_keys_116_load_1, i8 0, i8 0, i8 0, i8 %round_keys_120_load_1, i8 0, i8 0, i8 0, i8 %round_keys_124_load_1, i8 0, i8 0, i8 0, i8 %round_keys_128_load_1, i8 0, i8 0, i8 0, i8 %round_keys_132_load_1, i8 0, i8 0, i8 0, i8 %round_keys_136_load_1, i8 0, i8 0, i8 0, i8 %round_keys_140_load_1, i8 0, i8 0, i8 0, i8 %round_keys_144_load_1, i8 0, i8 0, i8 0, i8 %round_keys_148_load_1, i8 0, i8 0, i8 0, i8 %round_keys_152_load_1, i8 0, i8 0, i8 0, i8 %round_keys_156_load_1, i8 0, i8 0, i8 0, i8 %round_keys_160_load_1, i8 0, i8 0, i8 0, i8 %round_keys_164_load_1, i8 0, i8 0, i8 0, i8 %round_keys_168_load_1, i8 %add_ln42" [src/aes128.cpp:42]   --->   Operation 479 'mux' 'temp_13' <Predicate = true> <Delay = 4.44> <CoreInst = "Multiplexer">   --->   Core 76 'Multiplexer' <Latency = 0> <II = 1> <Delay = 4.44> <FuncUnit> <Opcode : 'mux'> <InPorts = 2> <OutPorts = 1>
ST_2 : Operation 480 [1/1] (4.44ns)   --->   "%temp_1 = mux i8 @_ssdm_op_Mux.ap_auto.169i8.i8, i8 0, i8 0, i8 0, i8 0, i8 0, i8 0, i8 0, i8 0, i8 0, i8 0, i8 0, i8 0, i8 %round_keys_13_read, i8 0, i8 0, i8 0, i8 %round_keys_17_load_1, i8 0, i8 0, i8 0, i8 %round_keys_21_load_1, i8 0, i8 0, i8 0, i8 %round_keys_25_load_1, i8 0, i8 0, i8 0, i8 %round_keys_29_load_1, i8 0, i8 0, i8 0, i8 %round_keys_33_load_1, i8 0, i8 0, i8 0, i8 %round_keys_37_load_1, i8 0, i8 0, i8 0, i8 %round_keys_41_load_1, i8 0, i8 0, i8 0, i8 %round_keys_45_load_1, i8 0, i8 0, i8 0, i8 %round_keys_49_load_1, i8 0, i8 0, i8 0, i8 %round_keys_53_load_1, i8 0, i8 0, i8 0, i8 %round_keys_57_load_1, i8 0, i8 0, i8 0, i8 %round_keys_61_load_1, i8 0, i8 0, i8 0, i8 %round_keys_65_load_1, i8 0, i8 0, i8 0, i8 %round_keys_69_load_1, i8 0, i8 0, i8 0, i8 %round_keys_73_load_1, i8 0, i8 0, i8 0, i8 %round_keys_77_load_1, i8 0, i8 0, i8 0, i8 %round_keys_81_load_1, i8 0, i8 0, i8 0, i8 %round_keys_85_load_1, i8 0, i8 0, i8 0, i8 %round_keys_89_load_1, i8 0, i8 0, i8 0, i8 %round_keys_93_load_1, i8 0, i8 0, i8 0, i8 %round_keys_97_load_1, i8 0, i8 0, i8 0, i8 %round_keys_101_load_1, i8 0, i8 0, i8 0, i8 %round_keys_105_load_1, i8 0, i8 0, i8 0, i8 %round_keys_109_load_1, i8 0, i8 0, i8 0, i8 %round_keys_113_load_1, i8 0, i8 0, i8 0, i8 %round_keys_117_load_1, i8 0, i8 0, i8 0, i8 %round_keys_121_load_1, i8 0, i8 0, i8 0, i8 %round_keys_125_load_1, i8 0, i8 0, i8 0, i8 %round_keys_129_load_1, i8 0, i8 0, i8 0, i8 %round_keys_133_load_1, i8 0, i8 0, i8 0, i8 %round_keys_137_load_1, i8 0, i8 0, i8 0, i8 %round_keys_141_load_1, i8 0, i8 0, i8 0, i8 %round_keys_145_load_1, i8 0, i8 0, i8 0, i8 %round_keys_149_load_1, i8 0, i8 0, i8 0, i8 %round_keys_153_load_1, i8 0, i8 0, i8 0, i8 %round_keys_157_load_1, i8 0, i8 0, i8 0, i8 %round_keys_161_load_1, i8 0, i8 0, i8 0, i8 %round_keys_165_load_1, i8 0, i8 0, i8 0, i8 %round_keys_169_load_1, i8 %add_ln42" [src/aes128.cpp:43]   --->   Operation 480 'mux' 'temp_1' <Predicate = true> <Delay = 4.44> <CoreInst = "Multiplexer">   --->   Core 76 'Multiplexer' <Latency = 0> <II = 1> <Delay = 4.44> <FuncUnit> <Opcode : 'mux'> <InPorts = 2> <OutPorts = 1>
ST_2 : Operation 481 [1/1] (4.44ns)   --->   "%temp_2 = mux i8 @_ssdm_op_Mux.ap_auto.169i8.i8, i8 0, i8 0, i8 0, i8 0, i8 0, i8 0, i8 0, i8 0, i8 0, i8 0, i8 0, i8 0, i8 %round_keys_14_read, i8 0, i8 0, i8 0, i8 %round_keys_18_load_1, i8 0, i8 0, i8 0, i8 %round_keys_22_load_1, i8 0, i8 0, i8 0, i8 %round_keys_26_load_1, i8 0, i8 0, i8 0, i8 %round_keys_30_load_1, i8 0, i8 0, i8 0, i8 %round_keys_34_load_1, i8 0, i8 0, i8 0, i8 %round_keys_38_load_1, i8 0, i8 0, i8 0, i8 %round_keys_42_load_1, i8 0, i8 0, i8 0, i8 %round_keys_46_load_1, i8 0, i8 0, i8 0, i8 %round_keys_50_load_1, i8 0, i8 0, i8 0, i8 %round_keys_54_load_1, i8 0, i8 0, i8 0, i8 %round_keys_58_load_1, i8 0, i8 0, i8 0, i8 %round_keys_62_load_1, i8 0, i8 0, i8 0, i8 %round_keys_66_load_1, i8 0, i8 0, i8 0, i8 %round_keys_70_load_1, i8 0, i8 0, i8 0, i8 %round_keys_74_load_1, i8 0, i8 0, i8 0, i8 %round_keys_78_load_1, i8 0, i8 0, i8 0, i8 %round_keys_82_load_1, i8 0, i8 0, i8 0, i8 %round_keys_86_load_1, i8 0, i8 0, i8 0, i8 %round_keys_90_load_1, i8 0, i8 0, i8 0, i8 %round_keys_94_load_1, i8 0, i8 0, i8 0, i8 %round_keys_98_load_1, i8 0, i8 0, i8 0, i8 %round_keys_102_load_1, i8 0, i8 0, i8 0, i8 %round_keys_106_load_1, i8 0, i8 0, i8 0, i8 %round_keys_110_load_1, i8 0, i8 0, i8 0, i8 %round_keys_114_load_1, i8 0, i8 0, i8 0, i8 %round_keys_118_load_1, i8 0, i8 0, i8 0, i8 %round_keys_122_load_1, i8 0, i8 0, i8 0, i8 %round_keys_126_load_1, i8 0, i8 0, i8 0, i8 %round_keys_130_load_1, i8 0, i8 0, i8 0, i8 %round_keys_134_load_1, i8 0, i8 0, i8 0, i8 %round_keys_138_load_1, i8 0, i8 0, i8 0, i8 %round_keys_142_load_1, i8 0, i8 0, i8 0, i8 %round_keys_146_load_1, i8 0, i8 0, i8 0, i8 %round_keys_150_load_1, i8 0, i8 0, i8 0, i8 %round_keys_154_load_1, i8 0, i8 0, i8 0, i8 %round_keys_158_load_1, i8 0, i8 0, i8 0, i8 %round_keys_162_load_1, i8 0, i8 0, i8 0, i8 %round_keys_166_load_1, i8 0, i8 0, i8 0, i8 %round_keys_170_load_1, i8 %add_ln42" [src/aes128.cpp:44]   --->   Operation 481 'mux' 'temp_2' <Predicate = true> <Delay = 4.44> <CoreInst = "Multiplexer">   --->   Core 76 'Multiplexer' <Latency = 0> <II = 1> <Delay = 4.44> <FuncUnit> <Opcode : 'mux'> <InPorts = 2> <OutPorts = 1>
ST_2 : Operation 482 [1/1] (4.44ns)   --->   "%temp_3 = mux i8 @_ssdm_op_Mux.ap_auto.169i8.i8, i8 0, i8 0, i8 0, i8 0, i8 0, i8 0, i8 0, i8 0, i8 0, i8 0, i8 0, i8 0, i8 %round_keys_15_read, i8 0, i8 0, i8 0, i8 %round_keys_19_load_1, i8 0, i8 0, i8 0, i8 %round_keys_23_load_1, i8 0, i8 0, i8 0, i8 %round_keys_27_load_1, i8 0, i8 0, i8 0, i8 %round_keys_31_load_1, i8 0, i8 0, i8 0, i8 %round_keys_35_load_1, i8 0, i8 0, i8 0, i8 %round_keys_39_load_1, i8 0, i8 0, i8 0, i8 %round_keys_43_load_1, i8 0, i8 0, i8 0, i8 %round_keys_47_load_1, i8 0, i8 0, i8 0, i8 %round_keys_51_load_1, i8 0, i8 0, i8 0, i8 %round_keys_55_load_1, i8 0, i8 0, i8 0, i8 %round_keys_59_load_1, i8 0, i8 0, i8 0, i8 %round_keys_63_load_1, i8 0, i8 0, i8 0, i8 %round_keys_67_load_1, i8 0, i8 0, i8 0, i8 %round_keys_71_load_1, i8 0, i8 0, i8 0, i8 %round_keys_75_load_1, i8 0, i8 0, i8 0, i8 %round_keys_79_load_1, i8 0, i8 0, i8 0, i8 %round_keys_83_load_1, i8 0, i8 0, i8 0, i8 %round_keys_87_load_1, i8 0, i8 0, i8 0, i8 %round_keys_91_load_1, i8 0, i8 0, i8 0, i8 %round_keys_95_load_1, i8 0, i8 0, i8 0, i8 %round_keys_99_load_1, i8 0, i8 0, i8 0, i8 %round_keys_103_load_1, i8 0, i8 0, i8 0, i8 %round_keys_107_load_1, i8 0, i8 0, i8 0, i8 %round_keys_111_load_1, i8 0, i8 0, i8 0, i8 %round_keys_115_load_1, i8 0, i8 0, i8 0, i8 %round_keys_119_load_1, i8 0, i8 0, i8 0, i8 %round_keys_123_load_1, i8 0, i8 0, i8 0, i8 %round_keys_127_load_1, i8 0, i8 0, i8 0, i8 %round_keys_131_load_1, i8 0, i8 0, i8 0, i8 %round_keys_135_load_1, i8 0, i8 0, i8 0, i8 %round_keys_139_load_1, i8 0, i8 0, i8 0, i8 %round_keys_143_load_1, i8 0, i8 0, i8 0, i8 %round_keys_147_load_1, i8 0, i8 0, i8 0, i8 %round_keys_151_load_1, i8 0, i8 0, i8 0, i8 %round_keys_155_load_1, i8 0, i8 0, i8 0, i8 %round_keys_159_load_1, i8 0, i8 0, i8 0, i8 %round_keys_163_load_1, i8 0, i8 0, i8 0, i8 %round_keys_167_load_1, i8 0, i8 0, i8 0, i8 %round_keys_171_load_1, i8 %add_ln42" [src/aes128.cpp:45]   --->   Operation 482 'mux' 'temp_3' <Predicate = true> <Delay = 4.44> <CoreInst = "Multiplexer">   --->   Core 76 'Multiplexer' <Latency = 0> <II = 1> <Delay = 4.44> <FuncUnit> <Opcode : 'mux'> <InPorts = 2> <OutPorts = 1>
ST_2 : Operation 483 [1/1] (0.00ns)   --->   "%zext_ln54 = zext i8 %temp_1" [src/aes128.cpp:54]   --->   Operation 483 'zext' 'zext_ln54' <Predicate = (icmp_ln47)> <Delay = 0.00>
ST_2 : Operation 484 [1/1] (0.00ns)   --->   "%SBOX_addr = getelementptr i8 %SBOX, i64 0, i64 %zext_ln54" [src/aes128.cpp:54]   --->   Operation 484 'getelementptr' 'SBOX_addr' <Predicate = (icmp_ln47)> <Delay = 0.00>
ST_2 : Operation 485 [2/2] (3.25ns)   --->   "%temp = load i8 %SBOX_addr" [src/aes128.cpp:54]   --->   Operation 485 'load' 'temp' <Predicate = (icmp_ln47)> <Delay = 3.25> <CoreInst = "ROM">   --->   Core 95 'ROM' <Latency = 1> <II = 1> <Delay = 3.25> <Storage> <Opcode : 'load'> <Ports = 0> <Width = 8> <Depth = 256> <ROM>
ST_2 : Operation 486 [1/1] (0.00ns)   --->   "%zext_ln55 = zext i8 %temp_2" [src/aes128.cpp:55]   --->   Operation 486 'zext' 'zext_ln55' <Predicate = (icmp_ln47)> <Delay = 0.00>
ST_2 : Operation 487 [1/1] (0.00ns)   --->   "%SBOX_addr_1 = getelementptr i8 %SBOX, i64 0, i64 %zext_ln55" [src/aes128.cpp:55]   --->   Operation 487 'getelementptr' 'SBOX_addr_1' <Predicate = (icmp_ln47)> <Delay = 0.00>
ST_2 : Operation 488 [2/2] (3.25ns)   --->   "%temp_5 = load i8 %SBOX_addr_1" [src/aes128.cpp:55]   --->   Operation 488 'load' 'temp_5' <Predicate = (icmp_ln47)> <Delay = 3.25> <CoreInst = "ROM">   --->   Core 95 'ROM' <Latency = 1> <II = 1> <Delay = 3.25> <Storage> <Opcode : 'load'> <Ports = 0> <Width = 8> <Depth = 256> <ROM>
ST_2 : Operation 489 [1/1] (0.00ns)   --->   "%zext_ln56 = zext i8 %temp_3" [src/aes128.cpp:56]   --->   Operation 489 'zext' 'zext_ln56' <Predicate = (icmp_ln47)> <Delay = 0.00>
ST_2 : Operation 490 [1/1] (0.00ns)   --->   "%SBOX_addr_2 = getelementptr i8 %SBOX, i64 0, i64 %zext_ln56" [src/aes128.cpp:56]   --->   Operation 490 'getelementptr' 'SBOX_addr_2' <Predicate = (icmp_ln47)> <Delay = 0.00>
ST_2 : Operation 491 [2/2] (3.25ns)   --->   "%temp_6 = load i8 %SBOX_addr_2" [src/aes128.cpp:56]   --->   Operation 491 'load' 'temp_6' <Predicate = (icmp_ln47)> <Delay = 3.25> <CoreInst = "ROM">   --->   Core 95 'ROM' <Latency = 1> <II = 1> <Delay = 3.25> <Storage> <Opcode : 'load'> <Ports = 0> <Width = 8> <Depth = 256> <ROM>
ST_2 : Operation 492 [1/1] (0.00ns)   --->   "%zext_ln57 = zext i8 %temp_13" [src/aes128.cpp:57]   --->   Operation 492 'zext' 'zext_ln57' <Predicate = (icmp_ln47)> <Delay = 0.00>
ST_2 : Operation 493 [1/1] (0.00ns)   --->   "%SBOX_addr_3 = getelementptr i8 %SBOX, i64 0, i64 %zext_ln57" [src/aes128.cpp:57]   --->   Operation 493 'getelementptr' 'SBOX_addr_3' <Predicate = (icmp_ln47)> <Delay = 0.00>
ST_2 : Operation 494 [2/2] (3.25ns)   --->   "%temp_7 = load i8 %SBOX_addr_3" [src/aes128.cpp:57]   --->   Operation 494 'load' 'temp_7' <Predicate = (icmp_ln47)> <Delay = 3.25> <CoreInst = "ROM">   --->   Core 95 'ROM' <Latency = 1> <II = 1> <Delay = 3.25> <Storage> <Opcode : 'load'> <Ports = 0> <Width = 8> <Depth = 256> <ROM>
ST_2 : Operation 495 [1/2] (2.32ns)   --->   "%RCON_load = load i4 %RCON_addr" [src/aes128.cpp:59]   --->   Operation 495 'load' 'RCON_load' <Predicate = true> <Delay = 2.32> <CoreInst = "ROM">   --->   Core 95 'ROM' <Latency = 1> <II = 1> <Delay = 2.32> <Storage> <Opcode : 'load'> <Ports = 0> <Width = 8> <Depth = 10> <ROM>
ST_2 : Operation 496 [1/1] (1.91ns)   --->   "%add_ln62 = add i8 %shl_ln, i8 240" [src/aes128.cpp:62]   --->   Operation 496 'add' 'add_ln62' <Predicate = true> <Delay = 1.91> <CoreInst = "Adder">   --->   Core 1 'Adder' <Latency = 0> <II = 1> <Delay = 1.91> <FuncUnit> <Opcode : 'add' 'sub'> <InPorts = 2> <OutPorts = 1>
ST_2 : Operation 497 [1/1] (4.40ns)   --->   "%tmp = mux i8 @_ssdm_op_Mux.ap_auto.157i8.i8, i8 %round_keys_read, i8 0, i8 0, i8 0, i8 %round_keys_4_read, i8 0, i8 0, i8 0, i8 %round_keys_8_read, i8 0, i8 0, i8 0, i8 %round_keys_12_read, i8 0, i8 0, i8 0, i8 %round_keys_16_load_1, i8 0, i8 0, i8 0, i8 %round_keys_20_load_1, i8 0, i8 0, i8 0, i8 %round_keys_24_load_1, i8 0, i8 0, i8 0, i8 %round_keys_28_load_1, i8 0, i8 0, i8 0, i8 %round_keys_32_load_1, i8 0, i8 0, i8 0, i8 %round_keys_36_load_1, i8 0, i8 0, i8 0, i8 %round_keys_40_load_1, i8 0, i8 0, i8 0, i8 %round_keys_44_load_1, i8 0, i8 0, i8 0, i8 %round_keys_48_load_1, i8 0, i8 0, i8 0, i8 %round_keys_52_load_1, i8 0, i8 0, i8 0, i8 %round_keys_56_load_1, i8 0, i8 0, i8 0, i8 %round_keys_60_load_1, i8 0, i8 0, i8 0, i8 %round_keys_64_load_1, i8 0, i8 0, i8 0, i8 %round_keys_68_load_1, i8 0, i8 0, i8 0, i8 %round_keys_72_load_1, i8 0, i8 0, i8 0, i8 %round_keys_76_load_1, i8 0, i8 0, i8 0, i8 %round_keys_80_load_1, i8 0, i8 0, i8 0, i8 %round_keys_84_load_1, i8 0, i8 0, i8 0, i8 %round_keys_88_load_1, i8 0, i8 0, i8 0, i8 %round_keys_92_load_1, i8 0, i8 0, i8 0, i8 %round_keys_96_load_1, i8 0, i8 0, i8 0, i8 %round_keys_100_load_1, i8 0, i8 0, i8 0, i8 %round_keys_104_load_1, i8 0, i8 0, i8 0, i8 %round_keys_108_load_1, i8 0, i8 0, i8 0, i8 %round_keys_112_load_1, i8 0, i8 0, i8 0, i8 %round_keys_116_load_1, i8 0, i8 0, i8 0, i8 %round_keys_120_load_1, i8 0, i8 0, i8 0, i8 %round_keys_124_load_1, i8 0, i8 0, i8 0, i8 %round_keys_128_load_1, i8 0, i8 0, i8 0, i8 %round_keys_132_load_1, i8 0, i8 0, i8 0, i8 %round_keys_136_load_1, i8 0, i8 0, i8 0, i8 %round_keys_140_load_1, i8 0, i8 0, i8 0, i8 %round_keys_144_load_1, i8 0, i8 0, i8 0, i8 %round_keys_148_load_1, i8 0, i8 0, i8 0, i8 %round_keys_152_load_1, i8 0, i8 0, i8 0, i8 %round_keys_156_load_1, i8 %add_ln62" [src/aes128.cpp:62]   --->   Operation 497 'mux' 'tmp' <Predicate = true> <Delay = 4.40> <CoreInst = "Multiplexer">   --->   Core 76 'Multiplexer' <Latency = 0> <II = 1> <Delay = 4.40> <FuncUnit> <Opcode : 'mux'> <InPorts = 2> <OutPorts = 1>
ST_2 : Operation 498 [1/1] (0.95ns)   --->   "%switch_ln63 = switch i6 %xor_ln62, void %arrayidx87.i191.case.173, i6 36, void %arrayidx73.i189.exit.arrayidx87.i191.exit_crit_edge, i6 37, void %arrayidx73.i189.exit.arrayidx87.i191.exit_crit_edge368, i6 38, void %arrayidx87.i191.case.25, i6 39, void %arrayidx87.i191.case.29, i6 40, void %arrayidx87.i191.case.33, i6 41, void %arrayidx87.i191.case.37, i6 42, void %arrayidx87.i191.case.41, i6 43, void %arrayidx87.i191.case.45, i6 44, void %arrayidx87.i191.case.49, i6 45, void %arrayidx87.i191.case.53, i6 46, void %arrayidx87.i191.case.57, i6 47, void %arrayidx87.i191.case.61, i6 48, void %arrayidx87.i191.case.65, i6 49, void %arrayidx87.i191.case.69, i6 50, void %arrayidx87.i191.case.73, i6 51, void %arrayidx87.i191.case.77, i6 52, void %arrayidx87.i191.case.81, i6 53, void %arrayidx87.i191.case.85, i6 54, void %arrayidx87.i191.case.89, i6 55, void %arrayidx87.i191.case.93, i6 56, void %arrayidx87.i191.case.97, i6 57, void %arrayidx87.i191.case.101, i6 58, void %arrayidx87.i191.case.105, i6 59, void %arrayidx87.i191.case.109, i6 60, void %arrayidx87.i191.case.113, i6 61, void %arrayidx87.i191.case.117, i6 62, void %arrayidx87.i191.case.121, i6 63, void %arrayidx87.i191.case.125, i6 0, void %arrayidx87.i191.case.129, i6 1, void %arrayidx87.i191.case.133, i6 2, void %arrayidx87.i191.case.137, i6 3, void %arrayidx87.i191.case.141, i6 4, void %arrayidx87.i191.case.145, i6 5, void %arrayidx87.i191.case.149, i6 6, void %arrayidx87.i191.case.153, i6 7, void %arrayidx87.i191.case.157, i6 8, void %arrayidx87.i191.case.161, i6 9, void %arrayidx87.i191.case.165, i6 10, void %arrayidx87.i191.case.169" [src/aes128.cpp:63]   --->   Operation 498 'switch' 'switch_ln63' <Predicate = true> <Delay = 0.95>
ST_2 : Operation 499 [1/1] (0.95ns)   --->   "%switch_ln64 = switch i6 %xor_ln62, void %arrayidx101.i193.case.174, i6 36, void %arrayidx87.i191.exit.arrayidx101.i193.exit_crit_edge, i6 37, void %arrayidx87.i191.exit.arrayidx101.i193.exit_crit_edge365, i6 38, void %arrayidx101.i193.case.26, i6 39, void %arrayidx101.i193.case.30, i6 40, void %arrayidx101.i193.case.34, i6 41, void %arrayidx101.i193.case.38, i6 42, void %arrayidx101.i193.case.42, i6 43, void %arrayidx101.i193.case.46, i6 44, void %arrayidx101.i193.case.50, i6 45, void %arrayidx101.i193.case.54, i6 46, void %arrayidx101.i193.case.58, i6 47, void %arrayidx101.i193.case.62, i6 48, void %arrayidx101.i193.case.66, i6 49, void %arrayidx101.i193.case.70, i6 50, void %arrayidx101.i193.case.74, i6 51, void %arrayidx101.i193.case.78, i6 52, void %arrayidx101.i193.case.82, i6 53, void %arrayidx101.i193.case.86, i6 54, void %arrayidx101.i193.case.90, i6 55, void %arrayidx101.i193.case.94, i6 56, void %arrayidx101.i193.case.98, i6 57, void %arrayidx101.i193.case.102, i6 58, void %arrayidx101.i193.case.106, i6 59, void %arrayidx101.i193.case.110, i6 60, void %arrayidx101.i193.case.114, i6 61, void %arrayidx101.i193.case.118, i6 62, void %arrayidx101.i193.case.122, i6 63, void %arrayidx101.i193.case.126, i6 0, void %arrayidx101.i193.case.130, i6 1, void %arrayidx101.i193.case.134, i6 2, void %arrayidx101.i193.case.138, i6 3, void %arrayidx101.i193.case.142, i6 4, void %arrayidx101.i193.case.146, i6 5, void %arrayidx101.i193.case.150, i6 6, void %arrayidx101.i193.case.154, i6 7, void %arrayidx101.i193.case.158, i6 8, void %arrayidx101.i193.case.162, i6 9, void %arrayidx101.i193.case.166, i6 10, void %arrayidx101.i193.case.170" [src/aes128.cpp:64]   --->   Operation 499 'switch' 'switch_ln64' <Predicate = true> <Delay = 0.95>
ST_2 : Operation 500 [1/1] (0.95ns)   --->   "%switch_ln65 = switch i6 %xor_ln62, void %arrayidx115.i195.case.175, i6 36, void %arrayidx101.i193.exit.arrayidx115.i195.exit_crit_edge, i6 37, void %arrayidx101.i193.exit.arrayidx115.i195.exit_crit_edge362, i6 38, void %arrayidx115.i195.case.27, i6 39, void %arrayidx115.i195.case.31, i6 40, void %arrayidx115.i195.case.35, i6 41, void %arrayidx115.i195.case.39, i6 42, void %arrayidx115.i195.case.43, i6 43, void %arrayidx115.i195.case.47, i6 44, void %arrayidx115.i195.case.51, i6 45, void %arrayidx115.i195.case.55, i6 46, void %arrayidx115.i195.case.59, i6 47, void %arrayidx115.i195.case.63, i6 48, void %arrayidx115.i195.case.67, i6 49, void %arrayidx115.i195.case.71, i6 50, void %arrayidx115.i195.case.75, i6 51, void %arrayidx115.i195.case.79, i6 52, void %arrayidx115.i195.case.83, i6 53, void %arrayidx115.i195.case.87, i6 54, void %arrayidx115.i195.case.91, i6 55, void %arrayidx115.i195.case.95, i6 56, void %arrayidx115.i195.case.99, i6 57, void %arrayidx115.i195.case.103, i6 58, void %arrayidx115.i195.case.107, i6 59, void %arrayidx115.i195.case.111, i6 60, void %arrayidx115.i195.case.115, i6 61, void %arrayidx115.i195.case.119, i6 62, void %arrayidx115.i195.case.123, i6 63, void %arrayidx115.i195.case.127, i6 0, void %arrayidx115.i195.case.131, i6 1, void %arrayidx115.i195.case.135, i6 2, void %arrayidx115.i195.case.139, i6 3, void %arrayidx115.i195.case.143, i6 4, void %arrayidx115.i195.case.147, i6 5, void %arrayidx115.i195.case.151, i6 6, void %arrayidx115.i195.case.155, i6 7, void %arrayidx115.i195.case.159, i6 8, void %arrayidx115.i195.case.163, i6 9, void %arrayidx115.i195.case.167, i6 10, void %arrayidx115.i195.case.171" [src/aes128.cpp:65]   --->   Operation 500 'switch' 'switch_ln65' <Predicate = true> <Delay = 0.95>
ST_2 : Operation 827 [1/1] (0.00ns)   --->   "%round_keys_16_load = load i8 %round_keys_16"   --->   Operation 827 'load' 'round_keys_16_load' <Predicate = (icmp_ln38)> <Delay = 0.00>
ST_2 : Operation 828 [1/1] (0.00ns)   --->   "%round_keys_17_load = load i8 %round_keys_17"   --->   Operation 828 'load' 'round_keys_17_load' <Predicate = (icmp_ln38)> <Delay = 0.00>
ST_2 : Operation 829 [1/1] (0.00ns)   --->   "%round_keys_18_load = load i8 %round_keys_18"   --->   Operation 829 'load' 'round_keys_18_load' <Predicate = (icmp_ln38)> <Delay = 0.00>
ST_2 : Operation 830 [1/1] (0.00ns)   --->   "%round_keys_19_load = load i8 %round_keys_19"   --->   Operation 830 'load' 'round_keys_19_load' <Predicate = (icmp_ln38)> <Delay = 0.00>
ST_2 : Operation 831 [1/1] (0.00ns)   --->   "%round_keys_20_load = load i8 %round_keys_20"   --->   Operation 831 'load' 'round_keys_20_load' <Predicate = (icmp_ln38)> <Delay = 0.00>
ST_2 : Operation 832 [1/1] (0.00ns)   --->   "%round_keys_21_load = load i8 %round_keys_21"   --->   Operation 832 'load' 'round_keys_21_load' <Predicate = (icmp_ln38)> <Delay = 0.00>
ST_2 : Operation 833 [1/1] (0.00ns)   --->   "%round_keys_22_load = load i8 %round_keys_22"   --->   Operation 833 'load' 'round_keys_22_load' <Predicate = (icmp_ln38)> <Delay = 0.00>
ST_2 : Operation 834 [1/1] (0.00ns)   --->   "%round_keys_23_load = load i8 %round_keys_23"   --->   Operation 834 'load' 'round_keys_23_load' <Predicate = (icmp_ln38)> <Delay = 0.00>
ST_2 : Operation 835 [1/1] (0.00ns)   --->   "%round_keys_24_load = load i8 %round_keys_24"   --->   Operation 835 'load' 'round_keys_24_load' <Predicate = (icmp_ln38)> <Delay = 0.00>
ST_2 : Operation 836 [1/1] (0.00ns)   --->   "%round_keys_25_load = load i8 %round_keys_25"   --->   Operation 836 'load' 'round_keys_25_load' <Predicate = (icmp_ln38)> <Delay = 0.00>
ST_2 : Operation 837 [1/1] (0.00ns)   --->   "%round_keys_26_load = load i8 %round_keys_26"   --->   Operation 837 'load' 'round_keys_26_load' <Predicate = (icmp_ln38)> <Delay = 0.00>
ST_2 : Operation 838 [1/1] (0.00ns)   --->   "%round_keys_27_load = load i8 %round_keys_27"   --->   Operation 838 'load' 'round_keys_27_load' <Predicate = (icmp_ln38)> <Delay = 0.00>
ST_2 : Operation 839 [1/1] (0.00ns)   --->   "%round_keys_28_load = load i8 %round_keys_28"   --->   Operation 839 'load' 'round_keys_28_load' <Predicate = (icmp_ln38)> <Delay = 0.00>
ST_2 : Operation 840 [1/1] (0.00ns)   --->   "%round_keys_29_load = load i8 %round_keys_29"   --->   Operation 840 'load' 'round_keys_29_load' <Predicate = (icmp_ln38)> <Delay = 0.00>
ST_2 : Operation 841 [1/1] (0.00ns)   --->   "%round_keys_30_load = load i8 %round_keys_30"   --->   Operation 841 'load' 'round_keys_30_load' <Predicate = (icmp_ln38)> <Delay = 0.00>
ST_2 : Operation 842 [1/1] (0.00ns)   --->   "%round_keys_31_load = load i8 %round_keys_31"   --->   Operation 842 'load' 'round_keys_31_load' <Predicate = (icmp_ln38)> <Delay = 0.00>
ST_2 : Operation 843 [1/1] (0.00ns)   --->   "%round_keys_32_load = load i8 %round_keys_32"   --->   Operation 843 'load' 'round_keys_32_load' <Predicate = (icmp_ln38)> <Delay = 0.00>
ST_2 : Operation 844 [1/1] (0.00ns)   --->   "%round_keys_33_load = load i8 %round_keys_33"   --->   Operation 844 'load' 'round_keys_33_load' <Predicate = (icmp_ln38)> <Delay = 0.00>
ST_2 : Operation 845 [1/1] (0.00ns)   --->   "%round_keys_34_load = load i8 %round_keys_34"   --->   Operation 845 'load' 'round_keys_34_load' <Predicate = (icmp_ln38)> <Delay = 0.00>
ST_2 : Operation 846 [1/1] (0.00ns)   --->   "%round_keys_35_load = load i8 %round_keys_35"   --->   Operation 846 'load' 'round_keys_35_load' <Predicate = (icmp_ln38)> <Delay = 0.00>
ST_2 : Operation 847 [1/1] (0.00ns)   --->   "%round_keys_36_load = load i8 %round_keys_36"   --->   Operation 847 'load' 'round_keys_36_load' <Predicate = (icmp_ln38)> <Delay = 0.00>
ST_2 : Operation 848 [1/1] (0.00ns)   --->   "%round_keys_37_load = load i8 %round_keys_37"   --->   Operation 848 'load' 'round_keys_37_load' <Predicate = (icmp_ln38)> <Delay = 0.00>
ST_2 : Operation 849 [1/1] (0.00ns)   --->   "%round_keys_38_load = load i8 %round_keys_38"   --->   Operation 849 'load' 'round_keys_38_load' <Predicate = (icmp_ln38)> <Delay = 0.00>
ST_2 : Operation 850 [1/1] (0.00ns)   --->   "%round_keys_39_load = load i8 %round_keys_39"   --->   Operation 850 'load' 'round_keys_39_load' <Predicate = (icmp_ln38)> <Delay = 0.00>
ST_2 : Operation 851 [1/1] (0.00ns)   --->   "%round_keys_40_load = load i8 %round_keys_40"   --->   Operation 851 'load' 'round_keys_40_load' <Predicate = (icmp_ln38)> <Delay = 0.00>
ST_2 : Operation 852 [1/1] (0.00ns)   --->   "%round_keys_41_load = load i8 %round_keys_41"   --->   Operation 852 'load' 'round_keys_41_load' <Predicate = (icmp_ln38)> <Delay = 0.00>
ST_2 : Operation 853 [1/1] (0.00ns)   --->   "%round_keys_42_load = load i8 %round_keys_42"   --->   Operation 853 'load' 'round_keys_42_load' <Predicate = (icmp_ln38)> <Delay = 0.00>
ST_2 : Operation 854 [1/1] (0.00ns)   --->   "%round_keys_43_load = load i8 %round_keys_43"   --->   Operation 854 'load' 'round_keys_43_load' <Predicate = (icmp_ln38)> <Delay = 0.00>
ST_2 : Operation 855 [1/1] (0.00ns)   --->   "%round_keys_44_load = load i8 %round_keys_44"   --->   Operation 855 'load' 'round_keys_44_load' <Predicate = (icmp_ln38)> <Delay = 0.00>
ST_2 : Operation 856 [1/1] (0.00ns)   --->   "%round_keys_45_load = load i8 %round_keys_45"   --->   Operation 856 'load' 'round_keys_45_load' <Predicate = (icmp_ln38)> <Delay = 0.00>
ST_2 : Operation 857 [1/1] (0.00ns)   --->   "%round_keys_46_load = load i8 %round_keys_46"   --->   Operation 857 'load' 'round_keys_46_load' <Predicate = (icmp_ln38)> <Delay = 0.00>
ST_2 : Operation 858 [1/1] (0.00ns)   --->   "%round_keys_47_load = load i8 %round_keys_47"   --->   Operation 858 'load' 'round_keys_47_load' <Predicate = (icmp_ln38)> <Delay = 0.00>
ST_2 : Operation 859 [1/1] (0.00ns)   --->   "%round_keys_48_load = load i8 %round_keys_48"   --->   Operation 859 'load' 'round_keys_48_load' <Predicate = (icmp_ln38)> <Delay = 0.00>
ST_2 : Operation 860 [1/1] (0.00ns)   --->   "%round_keys_49_load = load i8 %round_keys_49"   --->   Operation 860 'load' 'round_keys_49_load' <Predicate = (icmp_ln38)> <Delay = 0.00>
ST_2 : Operation 861 [1/1] (0.00ns)   --->   "%round_keys_50_load = load i8 %round_keys_50"   --->   Operation 861 'load' 'round_keys_50_load' <Predicate = (icmp_ln38)> <Delay = 0.00>
ST_2 : Operation 862 [1/1] (0.00ns)   --->   "%round_keys_51_load = load i8 %round_keys_51"   --->   Operation 862 'load' 'round_keys_51_load' <Predicate = (icmp_ln38)> <Delay = 0.00>
ST_2 : Operation 863 [1/1] (0.00ns)   --->   "%round_keys_52_load = load i8 %round_keys_52"   --->   Operation 863 'load' 'round_keys_52_load' <Predicate = (icmp_ln38)> <Delay = 0.00>
ST_2 : Operation 864 [1/1] (0.00ns)   --->   "%round_keys_53_load = load i8 %round_keys_53"   --->   Operation 864 'load' 'round_keys_53_load' <Predicate = (icmp_ln38)> <Delay = 0.00>
ST_2 : Operation 865 [1/1] (0.00ns)   --->   "%round_keys_54_load = load i8 %round_keys_54"   --->   Operation 865 'load' 'round_keys_54_load' <Predicate = (icmp_ln38)> <Delay = 0.00>
ST_2 : Operation 866 [1/1] (0.00ns)   --->   "%round_keys_55_load = load i8 %round_keys_55"   --->   Operation 866 'load' 'round_keys_55_load' <Predicate = (icmp_ln38)> <Delay = 0.00>
ST_2 : Operation 867 [1/1] (0.00ns)   --->   "%round_keys_56_load = load i8 %round_keys_56"   --->   Operation 867 'load' 'round_keys_56_load' <Predicate = (icmp_ln38)> <Delay = 0.00>
ST_2 : Operation 868 [1/1] (0.00ns)   --->   "%round_keys_57_load = load i8 %round_keys_57"   --->   Operation 868 'load' 'round_keys_57_load' <Predicate = (icmp_ln38)> <Delay = 0.00>
ST_2 : Operation 869 [1/1] (0.00ns)   --->   "%round_keys_58_load = load i8 %round_keys_58"   --->   Operation 869 'load' 'round_keys_58_load' <Predicate = (icmp_ln38)> <Delay = 0.00>
ST_2 : Operation 870 [1/1] (0.00ns)   --->   "%round_keys_59_load = load i8 %round_keys_59"   --->   Operation 870 'load' 'round_keys_59_load' <Predicate = (icmp_ln38)> <Delay = 0.00>
ST_2 : Operation 871 [1/1] (0.00ns)   --->   "%round_keys_60_load = load i8 %round_keys_60"   --->   Operation 871 'load' 'round_keys_60_load' <Predicate = (icmp_ln38)> <Delay = 0.00>
ST_2 : Operation 872 [1/1] (0.00ns)   --->   "%round_keys_61_load = load i8 %round_keys_61"   --->   Operation 872 'load' 'round_keys_61_load' <Predicate = (icmp_ln38)> <Delay = 0.00>
ST_2 : Operation 873 [1/1] (0.00ns)   --->   "%round_keys_62_load = load i8 %round_keys_62"   --->   Operation 873 'load' 'round_keys_62_load' <Predicate = (icmp_ln38)> <Delay = 0.00>
ST_2 : Operation 874 [1/1] (0.00ns)   --->   "%round_keys_63_load = load i8 %round_keys_63"   --->   Operation 874 'load' 'round_keys_63_load' <Predicate = (icmp_ln38)> <Delay = 0.00>
ST_2 : Operation 875 [1/1] (0.00ns)   --->   "%round_keys_64_load = load i8 %round_keys_64"   --->   Operation 875 'load' 'round_keys_64_load' <Predicate = (icmp_ln38)> <Delay = 0.00>
ST_2 : Operation 876 [1/1] (0.00ns)   --->   "%round_keys_65_load = load i8 %round_keys_65"   --->   Operation 876 'load' 'round_keys_65_load' <Predicate = (icmp_ln38)> <Delay = 0.00>
ST_2 : Operation 877 [1/1] (0.00ns)   --->   "%round_keys_66_load = load i8 %round_keys_66"   --->   Operation 877 'load' 'round_keys_66_load' <Predicate = (icmp_ln38)> <Delay = 0.00>
ST_2 : Operation 878 [1/1] (0.00ns)   --->   "%round_keys_67_load = load i8 %round_keys_67"   --->   Operation 878 'load' 'round_keys_67_load' <Predicate = (icmp_ln38)> <Delay = 0.00>
ST_2 : Operation 879 [1/1] (0.00ns)   --->   "%round_keys_68_load = load i8 %round_keys_68"   --->   Operation 879 'load' 'round_keys_68_load' <Predicate = (icmp_ln38)> <Delay = 0.00>
ST_2 : Operation 880 [1/1] (0.00ns)   --->   "%round_keys_69_load = load i8 %round_keys_69"   --->   Operation 880 'load' 'round_keys_69_load' <Predicate = (icmp_ln38)> <Delay = 0.00>
ST_2 : Operation 881 [1/1] (0.00ns)   --->   "%round_keys_70_load = load i8 %round_keys_70"   --->   Operation 881 'load' 'round_keys_70_load' <Predicate = (icmp_ln38)> <Delay = 0.00>
ST_2 : Operation 882 [1/1] (0.00ns)   --->   "%round_keys_71_load = load i8 %round_keys_71"   --->   Operation 882 'load' 'round_keys_71_load' <Predicate = (icmp_ln38)> <Delay = 0.00>
ST_2 : Operation 883 [1/1] (0.00ns)   --->   "%round_keys_72_load = load i8 %round_keys_72"   --->   Operation 883 'load' 'round_keys_72_load' <Predicate = (icmp_ln38)> <Delay = 0.00>
ST_2 : Operation 884 [1/1] (0.00ns)   --->   "%round_keys_73_load = load i8 %round_keys_73"   --->   Operation 884 'load' 'round_keys_73_load' <Predicate = (icmp_ln38)> <Delay = 0.00>
ST_2 : Operation 885 [1/1] (0.00ns)   --->   "%round_keys_74_load = load i8 %round_keys_74"   --->   Operation 885 'load' 'round_keys_74_load' <Predicate = (icmp_ln38)> <Delay = 0.00>
ST_2 : Operation 886 [1/1] (0.00ns)   --->   "%round_keys_75_load = load i8 %round_keys_75"   --->   Operation 886 'load' 'round_keys_75_load' <Predicate = (icmp_ln38)> <Delay = 0.00>
ST_2 : Operation 887 [1/1] (0.00ns)   --->   "%round_keys_76_load = load i8 %round_keys_76"   --->   Operation 887 'load' 'round_keys_76_load' <Predicate = (icmp_ln38)> <Delay = 0.00>
ST_2 : Operation 888 [1/1] (0.00ns)   --->   "%round_keys_77_load = load i8 %round_keys_77"   --->   Operation 888 'load' 'round_keys_77_load' <Predicate = (icmp_ln38)> <Delay = 0.00>
ST_2 : Operation 889 [1/1] (0.00ns)   --->   "%round_keys_78_load = load i8 %round_keys_78"   --->   Operation 889 'load' 'round_keys_78_load' <Predicate = (icmp_ln38)> <Delay = 0.00>
ST_2 : Operation 890 [1/1] (0.00ns)   --->   "%round_keys_79_load = load i8 %round_keys_79"   --->   Operation 890 'load' 'round_keys_79_load' <Predicate = (icmp_ln38)> <Delay = 0.00>
ST_2 : Operation 891 [1/1] (0.00ns)   --->   "%round_keys_80_load = load i8 %round_keys_80"   --->   Operation 891 'load' 'round_keys_80_load' <Predicate = (icmp_ln38)> <Delay = 0.00>
ST_2 : Operation 892 [1/1] (0.00ns)   --->   "%round_keys_81_load = load i8 %round_keys_81"   --->   Operation 892 'load' 'round_keys_81_load' <Predicate = (icmp_ln38)> <Delay = 0.00>
ST_2 : Operation 893 [1/1] (0.00ns)   --->   "%round_keys_82_load = load i8 %round_keys_82"   --->   Operation 893 'load' 'round_keys_82_load' <Predicate = (icmp_ln38)> <Delay = 0.00>
ST_2 : Operation 894 [1/1] (0.00ns)   --->   "%round_keys_83_load = load i8 %round_keys_83"   --->   Operation 894 'load' 'round_keys_83_load' <Predicate = (icmp_ln38)> <Delay = 0.00>
ST_2 : Operation 895 [1/1] (0.00ns)   --->   "%round_keys_84_load = load i8 %round_keys_84"   --->   Operation 895 'load' 'round_keys_84_load' <Predicate = (icmp_ln38)> <Delay = 0.00>
ST_2 : Operation 896 [1/1] (0.00ns)   --->   "%round_keys_85_load = load i8 %round_keys_85"   --->   Operation 896 'load' 'round_keys_85_load' <Predicate = (icmp_ln38)> <Delay = 0.00>
ST_2 : Operation 897 [1/1] (0.00ns)   --->   "%round_keys_86_load = load i8 %round_keys_86"   --->   Operation 897 'load' 'round_keys_86_load' <Predicate = (icmp_ln38)> <Delay = 0.00>
ST_2 : Operation 898 [1/1] (0.00ns)   --->   "%round_keys_87_load = load i8 %round_keys_87"   --->   Operation 898 'load' 'round_keys_87_load' <Predicate = (icmp_ln38)> <Delay = 0.00>
ST_2 : Operation 899 [1/1] (0.00ns)   --->   "%round_keys_88_load = load i8 %round_keys_88"   --->   Operation 899 'load' 'round_keys_88_load' <Predicate = (icmp_ln38)> <Delay = 0.00>
ST_2 : Operation 900 [1/1] (0.00ns)   --->   "%round_keys_89_load = load i8 %round_keys_89"   --->   Operation 900 'load' 'round_keys_89_load' <Predicate = (icmp_ln38)> <Delay = 0.00>
ST_2 : Operation 901 [1/1] (0.00ns)   --->   "%round_keys_90_load = load i8 %round_keys_90"   --->   Operation 901 'load' 'round_keys_90_load' <Predicate = (icmp_ln38)> <Delay = 0.00>
ST_2 : Operation 902 [1/1] (0.00ns)   --->   "%round_keys_91_load = load i8 %round_keys_91"   --->   Operation 902 'load' 'round_keys_91_load' <Predicate = (icmp_ln38)> <Delay = 0.00>
ST_2 : Operation 903 [1/1] (0.00ns)   --->   "%round_keys_92_load = load i8 %round_keys_92"   --->   Operation 903 'load' 'round_keys_92_load' <Predicate = (icmp_ln38)> <Delay = 0.00>
ST_2 : Operation 904 [1/1] (0.00ns)   --->   "%round_keys_93_load = load i8 %round_keys_93"   --->   Operation 904 'load' 'round_keys_93_load' <Predicate = (icmp_ln38)> <Delay = 0.00>
ST_2 : Operation 905 [1/1] (0.00ns)   --->   "%round_keys_94_load = load i8 %round_keys_94"   --->   Operation 905 'load' 'round_keys_94_load' <Predicate = (icmp_ln38)> <Delay = 0.00>
ST_2 : Operation 906 [1/1] (0.00ns)   --->   "%round_keys_95_load = load i8 %round_keys_95"   --->   Operation 906 'load' 'round_keys_95_load' <Predicate = (icmp_ln38)> <Delay = 0.00>
ST_2 : Operation 907 [1/1] (0.00ns)   --->   "%round_keys_96_load = load i8 %round_keys_96"   --->   Operation 907 'load' 'round_keys_96_load' <Predicate = (icmp_ln38)> <Delay = 0.00>
ST_2 : Operation 908 [1/1] (0.00ns)   --->   "%round_keys_97_load = load i8 %round_keys_97"   --->   Operation 908 'load' 'round_keys_97_load' <Predicate = (icmp_ln38)> <Delay = 0.00>
ST_2 : Operation 909 [1/1] (0.00ns)   --->   "%round_keys_98_load = load i8 %round_keys_98"   --->   Operation 909 'load' 'round_keys_98_load' <Predicate = (icmp_ln38)> <Delay = 0.00>
ST_2 : Operation 910 [1/1] (0.00ns)   --->   "%round_keys_99_load = load i8 %round_keys_99"   --->   Operation 910 'load' 'round_keys_99_load' <Predicate = (icmp_ln38)> <Delay = 0.00>
ST_2 : Operation 911 [1/1] (0.00ns)   --->   "%round_keys_100_load = load i8 %round_keys_100"   --->   Operation 911 'load' 'round_keys_100_load' <Predicate = (icmp_ln38)> <Delay = 0.00>
ST_2 : Operation 912 [1/1] (0.00ns)   --->   "%round_keys_101_load = load i8 %round_keys_101"   --->   Operation 912 'load' 'round_keys_101_load' <Predicate = (icmp_ln38)> <Delay = 0.00>
ST_2 : Operation 913 [1/1] (0.00ns)   --->   "%round_keys_102_load = load i8 %round_keys_102"   --->   Operation 913 'load' 'round_keys_102_load' <Predicate = (icmp_ln38)> <Delay = 0.00>
ST_2 : Operation 914 [1/1] (0.00ns)   --->   "%round_keys_103_load = load i8 %round_keys_103"   --->   Operation 914 'load' 'round_keys_103_load' <Predicate = (icmp_ln38)> <Delay = 0.00>
ST_2 : Operation 915 [1/1] (0.00ns)   --->   "%round_keys_104_load = load i8 %round_keys_104"   --->   Operation 915 'load' 'round_keys_104_load' <Predicate = (icmp_ln38)> <Delay = 0.00>
ST_2 : Operation 916 [1/1] (0.00ns)   --->   "%round_keys_105_load = load i8 %round_keys_105"   --->   Operation 916 'load' 'round_keys_105_load' <Predicate = (icmp_ln38)> <Delay = 0.00>
ST_2 : Operation 917 [1/1] (0.00ns)   --->   "%round_keys_106_load = load i8 %round_keys_106"   --->   Operation 917 'load' 'round_keys_106_load' <Predicate = (icmp_ln38)> <Delay = 0.00>
ST_2 : Operation 918 [1/1] (0.00ns)   --->   "%round_keys_107_load = load i8 %round_keys_107"   --->   Operation 918 'load' 'round_keys_107_load' <Predicate = (icmp_ln38)> <Delay = 0.00>
ST_2 : Operation 919 [1/1] (0.00ns)   --->   "%round_keys_108_load = load i8 %round_keys_108"   --->   Operation 919 'load' 'round_keys_108_load' <Predicate = (icmp_ln38)> <Delay = 0.00>
ST_2 : Operation 920 [1/1] (0.00ns)   --->   "%round_keys_109_load = load i8 %round_keys_109"   --->   Operation 920 'load' 'round_keys_109_load' <Predicate = (icmp_ln38)> <Delay = 0.00>
ST_2 : Operation 921 [1/1] (0.00ns)   --->   "%round_keys_110_load = load i8 %round_keys_110"   --->   Operation 921 'load' 'round_keys_110_load' <Predicate = (icmp_ln38)> <Delay = 0.00>
ST_2 : Operation 922 [1/1] (0.00ns)   --->   "%round_keys_111_load = load i8 %round_keys_111"   --->   Operation 922 'load' 'round_keys_111_load' <Predicate = (icmp_ln38)> <Delay = 0.00>
ST_2 : Operation 923 [1/1] (0.00ns)   --->   "%round_keys_112_load = load i8 %round_keys_112"   --->   Operation 923 'load' 'round_keys_112_load' <Predicate = (icmp_ln38)> <Delay = 0.00>
ST_2 : Operation 924 [1/1] (0.00ns)   --->   "%round_keys_113_load = load i8 %round_keys_113"   --->   Operation 924 'load' 'round_keys_113_load' <Predicate = (icmp_ln38)> <Delay = 0.00>
ST_2 : Operation 925 [1/1] (0.00ns)   --->   "%round_keys_114_load = load i8 %round_keys_114"   --->   Operation 925 'load' 'round_keys_114_load' <Predicate = (icmp_ln38)> <Delay = 0.00>
ST_2 : Operation 926 [1/1] (0.00ns)   --->   "%round_keys_115_load = load i8 %round_keys_115"   --->   Operation 926 'load' 'round_keys_115_load' <Predicate = (icmp_ln38)> <Delay = 0.00>
ST_2 : Operation 927 [1/1] (0.00ns)   --->   "%round_keys_116_load = load i8 %round_keys_116"   --->   Operation 927 'load' 'round_keys_116_load' <Predicate = (icmp_ln38)> <Delay = 0.00>
ST_2 : Operation 928 [1/1] (0.00ns)   --->   "%round_keys_117_load = load i8 %round_keys_117"   --->   Operation 928 'load' 'round_keys_117_load' <Predicate = (icmp_ln38)> <Delay = 0.00>
ST_2 : Operation 929 [1/1] (0.00ns)   --->   "%round_keys_118_load = load i8 %round_keys_118"   --->   Operation 929 'load' 'round_keys_118_load' <Predicate = (icmp_ln38)> <Delay = 0.00>
ST_2 : Operation 930 [1/1] (0.00ns)   --->   "%round_keys_119_load = load i8 %round_keys_119"   --->   Operation 930 'load' 'round_keys_119_load' <Predicate = (icmp_ln38)> <Delay = 0.00>
ST_2 : Operation 931 [1/1] (0.00ns)   --->   "%round_keys_120_load = load i8 %round_keys_120"   --->   Operation 931 'load' 'round_keys_120_load' <Predicate = (icmp_ln38)> <Delay = 0.00>
ST_2 : Operation 932 [1/1] (0.00ns)   --->   "%round_keys_121_load = load i8 %round_keys_121"   --->   Operation 932 'load' 'round_keys_121_load' <Predicate = (icmp_ln38)> <Delay = 0.00>
ST_2 : Operation 933 [1/1] (0.00ns)   --->   "%round_keys_122_load = load i8 %round_keys_122"   --->   Operation 933 'load' 'round_keys_122_load' <Predicate = (icmp_ln38)> <Delay = 0.00>
ST_2 : Operation 934 [1/1] (0.00ns)   --->   "%round_keys_123_load = load i8 %round_keys_123"   --->   Operation 934 'load' 'round_keys_123_load' <Predicate = (icmp_ln38)> <Delay = 0.00>
ST_2 : Operation 935 [1/1] (0.00ns)   --->   "%round_keys_124_load = load i8 %round_keys_124"   --->   Operation 935 'load' 'round_keys_124_load' <Predicate = (icmp_ln38)> <Delay = 0.00>
ST_2 : Operation 936 [1/1] (0.00ns)   --->   "%round_keys_125_load = load i8 %round_keys_125"   --->   Operation 936 'load' 'round_keys_125_load' <Predicate = (icmp_ln38)> <Delay = 0.00>
ST_2 : Operation 937 [1/1] (0.00ns)   --->   "%round_keys_126_load = load i8 %round_keys_126"   --->   Operation 937 'load' 'round_keys_126_load' <Predicate = (icmp_ln38)> <Delay = 0.00>
ST_2 : Operation 938 [1/1] (0.00ns)   --->   "%round_keys_127_load = load i8 %round_keys_127"   --->   Operation 938 'load' 'round_keys_127_load' <Predicate = (icmp_ln38)> <Delay = 0.00>
ST_2 : Operation 939 [1/1] (0.00ns)   --->   "%round_keys_128_load = load i8 %round_keys_128"   --->   Operation 939 'load' 'round_keys_128_load' <Predicate = (icmp_ln38)> <Delay = 0.00>
ST_2 : Operation 940 [1/1] (0.00ns)   --->   "%round_keys_129_load = load i8 %round_keys_129"   --->   Operation 940 'load' 'round_keys_129_load' <Predicate = (icmp_ln38)> <Delay = 0.00>
ST_2 : Operation 941 [1/1] (0.00ns)   --->   "%round_keys_130_load = load i8 %round_keys_130"   --->   Operation 941 'load' 'round_keys_130_load' <Predicate = (icmp_ln38)> <Delay = 0.00>
ST_2 : Operation 942 [1/1] (0.00ns)   --->   "%round_keys_131_load = load i8 %round_keys_131"   --->   Operation 942 'load' 'round_keys_131_load' <Predicate = (icmp_ln38)> <Delay = 0.00>
ST_2 : Operation 943 [1/1] (0.00ns)   --->   "%round_keys_132_load = load i8 %round_keys_132"   --->   Operation 943 'load' 'round_keys_132_load' <Predicate = (icmp_ln38)> <Delay = 0.00>
ST_2 : Operation 944 [1/1] (0.00ns)   --->   "%round_keys_133_load = load i8 %round_keys_133"   --->   Operation 944 'load' 'round_keys_133_load' <Predicate = (icmp_ln38)> <Delay = 0.00>
ST_2 : Operation 945 [1/1] (0.00ns)   --->   "%round_keys_134_load = load i8 %round_keys_134"   --->   Operation 945 'load' 'round_keys_134_load' <Predicate = (icmp_ln38)> <Delay = 0.00>
ST_2 : Operation 946 [1/1] (0.00ns)   --->   "%round_keys_135_load = load i8 %round_keys_135"   --->   Operation 946 'load' 'round_keys_135_load' <Predicate = (icmp_ln38)> <Delay = 0.00>
ST_2 : Operation 947 [1/1] (0.00ns)   --->   "%round_keys_136_load = load i8 %round_keys_136"   --->   Operation 947 'load' 'round_keys_136_load' <Predicate = (icmp_ln38)> <Delay = 0.00>
ST_2 : Operation 948 [1/1] (0.00ns)   --->   "%round_keys_137_load = load i8 %round_keys_137"   --->   Operation 948 'load' 'round_keys_137_load' <Predicate = (icmp_ln38)> <Delay = 0.00>
ST_2 : Operation 949 [1/1] (0.00ns)   --->   "%round_keys_138_load = load i8 %round_keys_138"   --->   Operation 949 'load' 'round_keys_138_load' <Predicate = (icmp_ln38)> <Delay = 0.00>
ST_2 : Operation 950 [1/1] (0.00ns)   --->   "%round_keys_139_load = load i8 %round_keys_139"   --->   Operation 950 'load' 'round_keys_139_load' <Predicate = (icmp_ln38)> <Delay = 0.00>
ST_2 : Operation 951 [1/1] (0.00ns)   --->   "%round_keys_140_load = load i8 %round_keys_140"   --->   Operation 951 'load' 'round_keys_140_load' <Predicate = (icmp_ln38)> <Delay = 0.00>
ST_2 : Operation 952 [1/1] (0.00ns)   --->   "%round_keys_141_load = load i8 %round_keys_141"   --->   Operation 952 'load' 'round_keys_141_load' <Predicate = (icmp_ln38)> <Delay = 0.00>
ST_2 : Operation 953 [1/1] (0.00ns)   --->   "%round_keys_142_load = load i8 %round_keys_142"   --->   Operation 953 'load' 'round_keys_142_load' <Predicate = (icmp_ln38)> <Delay = 0.00>
ST_2 : Operation 954 [1/1] (0.00ns)   --->   "%round_keys_143_load = load i8 %round_keys_143"   --->   Operation 954 'load' 'round_keys_143_load' <Predicate = (icmp_ln38)> <Delay = 0.00>
ST_2 : Operation 955 [1/1] (0.00ns)   --->   "%round_keys_144_load = load i8 %round_keys_144"   --->   Operation 955 'load' 'round_keys_144_load' <Predicate = (icmp_ln38)> <Delay = 0.00>
ST_2 : Operation 956 [1/1] (0.00ns)   --->   "%round_keys_145_load = load i8 %round_keys_145"   --->   Operation 956 'load' 'round_keys_145_load' <Predicate = (icmp_ln38)> <Delay = 0.00>
ST_2 : Operation 957 [1/1] (0.00ns)   --->   "%round_keys_146_load = load i8 %round_keys_146"   --->   Operation 957 'load' 'round_keys_146_load' <Predicate = (icmp_ln38)> <Delay = 0.00>
ST_2 : Operation 958 [1/1] (0.00ns)   --->   "%round_keys_147_load = load i8 %round_keys_147"   --->   Operation 958 'load' 'round_keys_147_load' <Predicate = (icmp_ln38)> <Delay = 0.00>
ST_2 : Operation 959 [1/1] (0.00ns)   --->   "%round_keys_148_load = load i8 %round_keys_148"   --->   Operation 959 'load' 'round_keys_148_load' <Predicate = (icmp_ln38)> <Delay = 0.00>
ST_2 : Operation 960 [1/1] (0.00ns)   --->   "%round_keys_149_load = load i8 %round_keys_149"   --->   Operation 960 'load' 'round_keys_149_load' <Predicate = (icmp_ln38)> <Delay = 0.00>
ST_2 : Operation 961 [1/1] (0.00ns)   --->   "%round_keys_150_load = load i8 %round_keys_150"   --->   Operation 961 'load' 'round_keys_150_load' <Predicate = (icmp_ln38)> <Delay = 0.00>
ST_2 : Operation 962 [1/1] (0.00ns)   --->   "%round_keys_151_load = load i8 %round_keys_151"   --->   Operation 962 'load' 'round_keys_151_load' <Predicate = (icmp_ln38)> <Delay = 0.00>
ST_2 : Operation 963 [1/1] (0.00ns)   --->   "%round_keys_152_load = load i8 %round_keys_152"   --->   Operation 963 'load' 'round_keys_152_load' <Predicate = (icmp_ln38)> <Delay = 0.00>
ST_2 : Operation 964 [1/1] (0.00ns)   --->   "%round_keys_153_load = load i8 %round_keys_153"   --->   Operation 964 'load' 'round_keys_153_load' <Predicate = (icmp_ln38)> <Delay = 0.00>
ST_2 : Operation 965 [1/1] (0.00ns)   --->   "%round_keys_154_load = load i8 %round_keys_154"   --->   Operation 965 'load' 'round_keys_154_load' <Predicate = (icmp_ln38)> <Delay = 0.00>
ST_2 : Operation 966 [1/1] (0.00ns)   --->   "%round_keys_155_load = load i8 %round_keys_155"   --->   Operation 966 'load' 'round_keys_155_load' <Predicate = (icmp_ln38)> <Delay = 0.00>
ST_2 : Operation 967 [1/1] (0.00ns)   --->   "%round_keys_156_load = load i8 %round_keys_156"   --->   Operation 967 'load' 'round_keys_156_load' <Predicate = (icmp_ln38)> <Delay = 0.00>
ST_2 : Operation 968 [1/1] (0.00ns)   --->   "%round_keys_157_load = load i8 %round_keys_157"   --->   Operation 968 'load' 'round_keys_157_load' <Predicate = (icmp_ln38)> <Delay = 0.00>
ST_2 : Operation 969 [1/1] (0.00ns)   --->   "%round_keys_158_load = load i8 %round_keys_158"   --->   Operation 969 'load' 'round_keys_158_load' <Predicate = (icmp_ln38)> <Delay = 0.00>
ST_2 : Operation 970 [1/1] (0.00ns)   --->   "%round_keys_159_load = load i8 %round_keys_159"   --->   Operation 970 'load' 'round_keys_159_load' <Predicate = (icmp_ln38)> <Delay = 0.00>
ST_2 : Operation 971 [1/1] (0.00ns)   --->   "%round_keys_160_load = load i8 %round_keys_160"   --->   Operation 971 'load' 'round_keys_160_load' <Predicate = (icmp_ln38)> <Delay = 0.00>
ST_2 : Operation 972 [1/1] (0.00ns)   --->   "%round_keys_161_load = load i8 %round_keys_161"   --->   Operation 972 'load' 'round_keys_161_load' <Predicate = (icmp_ln38)> <Delay = 0.00>
ST_2 : Operation 973 [1/1] (0.00ns)   --->   "%round_keys_162_load = load i8 %round_keys_162"   --->   Operation 973 'load' 'round_keys_162_load' <Predicate = (icmp_ln38)> <Delay = 0.00>
ST_2 : Operation 974 [1/1] (0.00ns)   --->   "%round_keys_163_load = load i8 %round_keys_163"   --->   Operation 974 'load' 'round_keys_163_load' <Predicate = (icmp_ln38)> <Delay = 0.00>
ST_2 : Operation 975 [1/1] (0.00ns)   --->   "%round_keys_164_load = load i8 %round_keys_164"   --->   Operation 975 'load' 'round_keys_164_load' <Predicate = (icmp_ln38)> <Delay = 0.00>
ST_2 : Operation 976 [1/1] (0.00ns)   --->   "%round_keys_165_load = load i8 %round_keys_165"   --->   Operation 976 'load' 'round_keys_165_load' <Predicate = (icmp_ln38)> <Delay = 0.00>
ST_2 : Operation 977 [1/1] (0.00ns)   --->   "%round_keys_166_load = load i8 %round_keys_166"   --->   Operation 977 'load' 'round_keys_166_load' <Predicate = (icmp_ln38)> <Delay = 0.00>
ST_2 : Operation 978 [1/1] (0.00ns)   --->   "%round_keys_167_load = load i8 %round_keys_167"   --->   Operation 978 'load' 'round_keys_167_load' <Predicate = (icmp_ln38)> <Delay = 0.00>
ST_2 : Operation 979 [1/1] (0.00ns)   --->   "%round_keys_168_load = load i8 %round_keys_168"   --->   Operation 979 'load' 'round_keys_168_load' <Predicate = (icmp_ln38)> <Delay = 0.00>
ST_2 : Operation 980 [1/1] (0.00ns)   --->   "%round_keys_169_load = load i8 %round_keys_169"   --->   Operation 980 'load' 'round_keys_169_load' <Predicate = (icmp_ln38)> <Delay = 0.00>
ST_2 : Operation 981 [1/1] (0.00ns)   --->   "%round_keys_170_load = load i8 %round_keys_170"   --->   Operation 981 'load' 'round_keys_170_load' <Predicate = (icmp_ln38)> <Delay = 0.00>
ST_2 : Operation 982 [1/1] (0.00ns)   --->   "%round_keys_171_load = load i8 %round_keys_171"   --->   Operation 982 'load' 'round_keys_171_load' <Predicate = (icmp_ln38)> <Delay = 0.00>
ST_2 : Operation 983 [1/1] (0.00ns)   --->   "%round_keys_172_load = load i8 %round_keys_172"   --->   Operation 983 'load' 'round_keys_172_load' <Predicate = (icmp_ln38)> <Delay = 0.00>
ST_2 : Operation 984 [1/1] (0.00ns)   --->   "%round_keys_173_load = load i8 %round_keys_173"   --->   Operation 984 'load' 'round_keys_173_load' <Predicate = (icmp_ln38)> <Delay = 0.00>
ST_2 : Operation 985 [1/1] (0.00ns)   --->   "%round_keys_174_load = load i8 %round_keys_174"   --->   Operation 985 'load' 'round_keys_174_load' <Predicate = (icmp_ln38)> <Delay = 0.00>
ST_2 : Operation 986 [1/1] (0.00ns)   --->   "%round_keys_175_load = load i8 %round_keys_175"   --->   Operation 986 'load' 'round_keys_175_load' <Predicate = (icmp_ln38)> <Delay = 0.00>
ST_2 : Operation 987 [1/1] (0.00ns)   --->   "%write_ln0 = write void @_ssdm_op_Write.ap_auto.i8P0A, i8 %round_keys_175_out, i8 %round_keys_175_load"   --->   Operation 987 'write' 'write_ln0' <Predicate = (icmp_ln38)> <Delay = 0.00>
ST_2 : Operation 988 [1/1] (0.00ns)   --->   "%write_ln0 = write void @_ssdm_op_Write.ap_auto.i8P0A, i8 %round_keys_174_out, i8 %round_keys_174_load"   --->   Operation 988 'write' 'write_ln0' <Predicate = (icmp_ln38)> <Delay = 0.00>
ST_2 : Operation 989 [1/1] (0.00ns)   --->   "%write_ln0 = write void @_ssdm_op_Write.ap_auto.i8P0A, i8 %round_keys_173_out, i8 %round_keys_173_load"   --->   Operation 989 'write' 'write_ln0' <Predicate = (icmp_ln38)> <Delay = 0.00>
ST_2 : Operation 990 [1/1] (0.00ns)   --->   "%write_ln0 = write void @_ssdm_op_Write.ap_auto.i8P0A, i8 %round_keys_172_out, i8 %round_keys_172_load"   --->   Operation 990 'write' 'write_ln0' <Predicate = (icmp_ln38)> <Delay = 0.00>
ST_2 : Operation 991 [1/1] (0.00ns)   --->   "%write_ln0 = write void @_ssdm_op_Write.ap_auto.i8P0A, i8 %round_keys_171_out, i8 %round_keys_171_load"   --->   Operation 991 'write' 'write_ln0' <Predicate = (icmp_ln38)> <Delay = 0.00>
ST_2 : Operation 992 [1/1] (0.00ns)   --->   "%write_ln0 = write void @_ssdm_op_Write.ap_auto.i8P0A, i8 %round_keys_170_out, i8 %round_keys_170_load"   --->   Operation 992 'write' 'write_ln0' <Predicate = (icmp_ln38)> <Delay = 0.00>
ST_2 : Operation 993 [1/1] (0.00ns)   --->   "%write_ln0 = write void @_ssdm_op_Write.ap_auto.i8P0A, i8 %round_keys_169_out, i8 %round_keys_169_load"   --->   Operation 993 'write' 'write_ln0' <Predicate = (icmp_ln38)> <Delay = 0.00>
ST_2 : Operation 994 [1/1] (0.00ns)   --->   "%write_ln0 = write void @_ssdm_op_Write.ap_auto.i8P0A, i8 %round_keys_168_out, i8 %round_keys_168_load"   --->   Operation 994 'write' 'write_ln0' <Predicate = (icmp_ln38)> <Delay = 0.00>
ST_2 : Operation 995 [1/1] (0.00ns)   --->   "%write_ln0 = write void @_ssdm_op_Write.ap_auto.i8P0A, i8 %round_keys_167_out, i8 %round_keys_167_load"   --->   Operation 995 'write' 'write_ln0' <Predicate = (icmp_ln38)> <Delay = 0.00>
ST_2 : Operation 996 [1/1] (0.00ns)   --->   "%write_ln0 = write void @_ssdm_op_Write.ap_auto.i8P0A, i8 %round_keys_166_out, i8 %round_keys_166_load"   --->   Operation 996 'write' 'write_ln0' <Predicate = (icmp_ln38)> <Delay = 0.00>
ST_2 : Operation 997 [1/1] (0.00ns)   --->   "%write_ln0 = write void @_ssdm_op_Write.ap_auto.i8P0A, i8 %round_keys_165_out, i8 %round_keys_165_load"   --->   Operation 997 'write' 'write_ln0' <Predicate = (icmp_ln38)> <Delay = 0.00>
ST_2 : Operation 998 [1/1] (0.00ns)   --->   "%write_ln0 = write void @_ssdm_op_Write.ap_auto.i8P0A, i8 %round_keys_164_out, i8 %round_keys_164_load"   --->   Operation 998 'write' 'write_ln0' <Predicate = (icmp_ln38)> <Delay = 0.00>
ST_2 : Operation 999 [1/1] (0.00ns)   --->   "%write_ln0 = write void @_ssdm_op_Write.ap_auto.i8P0A, i8 %round_keys_163_out, i8 %round_keys_163_load"   --->   Operation 999 'write' 'write_ln0' <Predicate = (icmp_ln38)> <Delay = 0.00>
ST_2 : Operation 1000 [1/1] (0.00ns)   --->   "%write_ln0 = write void @_ssdm_op_Write.ap_auto.i8P0A, i8 %round_keys_162_out, i8 %round_keys_162_load"   --->   Operation 1000 'write' 'write_ln0' <Predicate = (icmp_ln38)> <Delay = 0.00>
ST_2 : Operation 1001 [1/1] (0.00ns)   --->   "%write_ln0 = write void @_ssdm_op_Write.ap_auto.i8P0A, i8 %round_keys_161_out, i8 %round_keys_161_load"   --->   Operation 1001 'write' 'write_ln0' <Predicate = (icmp_ln38)> <Delay = 0.00>
ST_2 : Operation 1002 [1/1] (0.00ns)   --->   "%write_ln0 = write void @_ssdm_op_Write.ap_auto.i8P0A, i8 %round_keys_160_out, i8 %round_keys_160_load"   --->   Operation 1002 'write' 'write_ln0' <Predicate = (icmp_ln38)> <Delay = 0.00>
ST_2 : Operation 1003 [1/1] (0.00ns)   --->   "%write_ln0 = write void @_ssdm_op_Write.ap_auto.i8P0A, i8 %round_keys_159_out, i8 %round_keys_159_load"   --->   Operation 1003 'write' 'write_ln0' <Predicate = (icmp_ln38)> <Delay = 0.00>
ST_2 : Operation 1004 [1/1] (0.00ns)   --->   "%write_ln0 = write void @_ssdm_op_Write.ap_auto.i8P0A, i8 %round_keys_158_out, i8 %round_keys_158_load"   --->   Operation 1004 'write' 'write_ln0' <Predicate = (icmp_ln38)> <Delay = 0.00>
ST_2 : Operation 1005 [1/1] (0.00ns)   --->   "%write_ln0 = write void @_ssdm_op_Write.ap_auto.i8P0A, i8 %round_keys_157_out, i8 %round_keys_157_load"   --->   Operation 1005 'write' 'write_ln0' <Predicate = (icmp_ln38)> <Delay = 0.00>
ST_2 : Operation 1006 [1/1] (0.00ns)   --->   "%write_ln0 = write void @_ssdm_op_Write.ap_auto.i8P0A, i8 %round_keys_156_out, i8 %round_keys_156_load"   --->   Operation 1006 'write' 'write_ln0' <Predicate = (icmp_ln38)> <Delay = 0.00>
ST_2 : Operation 1007 [1/1] (0.00ns)   --->   "%write_ln0 = write void @_ssdm_op_Write.ap_auto.i8P0A, i8 %round_keys_155_out, i8 %round_keys_155_load"   --->   Operation 1007 'write' 'write_ln0' <Predicate = (icmp_ln38)> <Delay = 0.00>
ST_2 : Operation 1008 [1/1] (0.00ns)   --->   "%write_ln0 = write void @_ssdm_op_Write.ap_auto.i8P0A, i8 %round_keys_154_out, i8 %round_keys_154_load"   --->   Operation 1008 'write' 'write_ln0' <Predicate = (icmp_ln38)> <Delay = 0.00>
ST_2 : Operation 1009 [1/1] (0.00ns)   --->   "%write_ln0 = write void @_ssdm_op_Write.ap_auto.i8P0A, i8 %round_keys_153_out, i8 %round_keys_153_load"   --->   Operation 1009 'write' 'write_ln0' <Predicate = (icmp_ln38)> <Delay = 0.00>
ST_2 : Operation 1010 [1/1] (0.00ns)   --->   "%write_ln0 = write void @_ssdm_op_Write.ap_auto.i8P0A, i8 %round_keys_152_out, i8 %round_keys_152_load"   --->   Operation 1010 'write' 'write_ln0' <Predicate = (icmp_ln38)> <Delay = 0.00>
ST_2 : Operation 1011 [1/1] (0.00ns)   --->   "%write_ln0 = write void @_ssdm_op_Write.ap_auto.i8P0A, i8 %round_keys_151_out, i8 %round_keys_151_load"   --->   Operation 1011 'write' 'write_ln0' <Predicate = (icmp_ln38)> <Delay = 0.00>
ST_2 : Operation 1012 [1/1] (0.00ns)   --->   "%write_ln0 = write void @_ssdm_op_Write.ap_auto.i8P0A, i8 %round_keys_150_out, i8 %round_keys_150_load"   --->   Operation 1012 'write' 'write_ln0' <Predicate = (icmp_ln38)> <Delay = 0.00>
ST_2 : Operation 1013 [1/1] (0.00ns)   --->   "%write_ln0 = write void @_ssdm_op_Write.ap_auto.i8P0A, i8 %round_keys_149_out, i8 %round_keys_149_load"   --->   Operation 1013 'write' 'write_ln0' <Predicate = (icmp_ln38)> <Delay = 0.00>
ST_2 : Operation 1014 [1/1] (0.00ns)   --->   "%write_ln0 = write void @_ssdm_op_Write.ap_auto.i8P0A, i8 %round_keys_148_out, i8 %round_keys_148_load"   --->   Operation 1014 'write' 'write_ln0' <Predicate = (icmp_ln38)> <Delay = 0.00>
ST_2 : Operation 1015 [1/1] (0.00ns)   --->   "%write_ln0 = write void @_ssdm_op_Write.ap_auto.i8P0A, i8 %round_keys_147_out, i8 %round_keys_147_load"   --->   Operation 1015 'write' 'write_ln0' <Predicate = (icmp_ln38)> <Delay = 0.00>
ST_2 : Operation 1016 [1/1] (0.00ns)   --->   "%write_ln0 = write void @_ssdm_op_Write.ap_auto.i8P0A, i8 %round_keys_146_out, i8 %round_keys_146_load"   --->   Operation 1016 'write' 'write_ln0' <Predicate = (icmp_ln38)> <Delay = 0.00>
ST_2 : Operation 1017 [1/1] (0.00ns)   --->   "%write_ln0 = write void @_ssdm_op_Write.ap_auto.i8P0A, i8 %round_keys_145_out, i8 %round_keys_145_load"   --->   Operation 1017 'write' 'write_ln0' <Predicate = (icmp_ln38)> <Delay = 0.00>
ST_2 : Operation 1018 [1/1] (0.00ns)   --->   "%write_ln0 = write void @_ssdm_op_Write.ap_auto.i8P0A, i8 %round_keys_144_out, i8 %round_keys_144_load"   --->   Operation 1018 'write' 'write_ln0' <Predicate = (icmp_ln38)> <Delay = 0.00>
ST_2 : Operation 1019 [1/1] (0.00ns)   --->   "%write_ln0 = write void @_ssdm_op_Write.ap_auto.i8P0A, i8 %round_keys_143_out, i8 %round_keys_143_load"   --->   Operation 1019 'write' 'write_ln0' <Predicate = (icmp_ln38)> <Delay = 0.00>
ST_2 : Operation 1020 [1/1] (0.00ns)   --->   "%write_ln0 = write void @_ssdm_op_Write.ap_auto.i8P0A, i8 %round_keys_142_out, i8 %round_keys_142_load"   --->   Operation 1020 'write' 'write_ln0' <Predicate = (icmp_ln38)> <Delay = 0.00>
ST_2 : Operation 1021 [1/1] (0.00ns)   --->   "%write_ln0 = write void @_ssdm_op_Write.ap_auto.i8P0A, i8 %round_keys_141_out, i8 %round_keys_141_load"   --->   Operation 1021 'write' 'write_ln0' <Predicate = (icmp_ln38)> <Delay = 0.00>
ST_2 : Operation 1022 [1/1] (0.00ns)   --->   "%write_ln0 = write void @_ssdm_op_Write.ap_auto.i8P0A, i8 %round_keys_140_out, i8 %round_keys_140_load"   --->   Operation 1022 'write' 'write_ln0' <Predicate = (icmp_ln38)> <Delay = 0.00>
ST_2 : Operation 1023 [1/1] (0.00ns)   --->   "%write_ln0 = write void @_ssdm_op_Write.ap_auto.i8P0A, i8 %round_keys_139_out, i8 %round_keys_139_load"   --->   Operation 1023 'write' 'write_ln0' <Predicate = (icmp_ln38)> <Delay = 0.00>
ST_2 : Operation 1024 [1/1] (0.00ns)   --->   "%write_ln0 = write void @_ssdm_op_Write.ap_auto.i8P0A, i8 %round_keys_138_out, i8 %round_keys_138_load"   --->   Operation 1024 'write' 'write_ln0' <Predicate = (icmp_ln38)> <Delay = 0.00>
ST_2 : Operation 1025 [1/1] (0.00ns)   --->   "%write_ln0 = write void @_ssdm_op_Write.ap_auto.i8P0A, i8 %round_keys_137_out, i8 %round_keys_137_load"   --->   Operation 1025 'write' 'write_ln0' <Predicate = (icmp_ln38)> <Delay = 0.00>
ST_2 : Operation 1026 [1/1] (0.00ns)   --->   "%write_ln0 = write void @_ssdm_op_Write.ap_auto.i8P0A, i8 %round_keys_136_out, i8 %round_keys_136_load"   --->   Operation 1026 'write' 'write_ln0' <Predicate = (icmp_ln38)> <Delay = 0.00>
ST_2 : Operation 1027 [1/1] (0.00ns)   --->   "%write_ln0 = write void @_ssdm_op_Write.ap_auto.i8P0A, i8 %round_keys_135_out, i8 %round_keys_135_load"   --->   Operation 1027 'write' 'write_ln0' <Predicate = (icmp_ln38)> <Delay = 0.00>
ST_2 : Operation 1028 [1/1] (0.00ns)   --->   "%write_ln0 = write void @_ssdm_op_Write.ap_auto.i8P0A, i8 %round_keys_134_out, i8 %round_keys_134_load"   --->   Operation 1028 'write' 'write_ln0' <Predicate = (icmp_ln38)> <Delay = 0.00>
ST_2 : Operation 1029 [1/1] (0.00ns)   --->   "%write_ln0 = write void @_ssdm_op_Write.ap_auto.i8P0A, i8 %round_keys_133_out, i8 %round_keys_133_load"   --->   Operation 1029 'write' 'write_ln0' <Predicate = (icmp_ln38)> <Delay = 0.00>
ST_2 : Operation 1030 [1/1] (0.00ns)   --->   "%write_ln0 = write void @_ssdm_op_Write.ap_auto.i8P0A, i8 %round_keys_132_out, i8 %round_keys_132_load"   --->   Operation 1030 'write' 'write_ln0' <Predicate = (icmp_ln38)> <Delay = 0.00>
ST_2 : Operation 1031 [1/1] (0.00ns)   --->   "%write_ln0 = write void @_ssdm_op_Write.ap_auto.i8P0A, i8 %round_keys_131_out, i8 %round_keys_131_load"   --->   Operation 1031 'write' 'write_ln0' <Predicate = (icmp_ln38)> <Delay = 0.00>
ST_2 : Operation 1032 [1/1] (0.00ns)   --->   "%write_ln0 = write void @_ssdm_op_Write.ap_auto.i8P0A, i8 %round_keys_130_out, i8 %round_keys_130_load"   --->   Operation 1032 'write' 'write_ln0' <Predicate = (icmp_ln38)> <Delay = 0.00>
ST_2 : Operation 1033 [1/1] (0.00ns)   --->   "%write_ln0 = write void @_ssdm_op_Write.ap_auto.i8P0A, i8 %round_keys_129_out, i8 %round_keys_129_load"   --->   Operation 1033 'write' 'write_ln0' <Predicate = (icmp_ln38)> <Delay = 0.00>
ST_2 : Operation 1034 [1/1] (0.00ns)   --->   "%write_ln0 = write void @_ssdm_op_Write.ap_auto.i8P0A, i8 %round_keys_128_out, i8 %round_keys_128_load"   --->   Operation 1034 'write' 'write_ln0' <Predicate = (icmp_ln38)> <Delay = 0.00>
ST_2 : Operation 1035 [1/1] (0.00ns)   --->   "%write_ln0 = write void @_ssdm_op_Write.ap_auto.i8P0A, i8 %round_keys_127_out, i8 %round_keys_127_load"   --->   Operation 1035 'write' 'write_ln0' <Predicate = (icmp_ln38)> <Delay = 0.00>
ST_2 : Operation 1036 [1/1] (0.00ns)   --->   "%write_ln0 = write void @_ssdm_op_Write.ap_auto.i8P0A, i8 %round_keys_126_out, i8 %round_keys_126_load"   --->   Operation 1036 'write' 'write_ln0' <Predicate = (icmp_ln38)> <Delay = 0.00>
ST_2 : Operation 1037 [1/1] (0.00ns)   --->   "%write_ln0 = write void @_ssdm_op_Write.ap_auto.i8P0A, i8 %round_keys_125_out, i8 %round_keys_125_load"   --->   Operation 1037 'write' 'write_ln0' <Predicate = (icmp_ln38)> <Delay = 0.00>
ST_2 : Operation 1038 [1/1] (0.00ns)   --->   "%write_ln0 = write void @_ssdm_op_Write.ap_auto.i8P0A, i8 %round_keys_124_out, i8 %round_keys_124_load"   --->   Operation 1038 'write' 'write_ln0' <Predicate = (icmp_ln38)> <Delay = 0.00>
ST_2 : Operation 1039 [1/1] (0.00ns)   --->   "%write_ln0 = write void @_ssdm_op_Write.ap_auto.i8P0A, i8 %round_keys_123_out, i8 %round_keys_123_load"   --->   Operation 1039 'write' 'write_ln0' <Predicate = (icmp_ln38)> <Delay = 0.00>
ST_2 : Operation 1040 [1/1] (0.00ns)   --->   "%write_ln0 = write void @_ssdm_op_Write.ap_auto.i8P0A, i8 %round_keys_122_out, i8 %round_keys_122_load"   --->   Operation 1040 'write' 'write_ln0' <Predicate = (icmp_ln38)> <Delay = 0.00>
ST_2 : Operation 1041 [1/1] (0.00ns)   --->   "%write_ln0 = write void @_ssdm_op_Write.ap_auto.i8P0A, i8 %round_keys_121_out, i8 %round_keys_121_load"   --->   Operation 1041 'write' 'write_ln0' <Predicate = (icmp_ln38)> <Delay = 0.00>
ST_2 : Operation 1042 [1/1] (0.00ns)   --->   "%write_ln0 = write void @_ssdm_op_Write.ap_auto.i8P0A, i8 %round_keys_120_out, i8 %round_keys_120_load"   --->   Operation 1042 'write' 'write_ln0' <Predicate = (icmp_ln38)> <Delay = 0.00>
ST_2 : Operation 1043 [1/1] (0.00ns)   --->   "%write_ln0 = write void @_ssdm_op_Write.ap_auto.i8P0A, i8 %round_keys_119_out, i8 %round_keys_119_load"   --->   Operation 1043 'write' 'write_ln0' <Predicate = (icmp_ln38)> <Delay = 0.00>
ST_2 : Operation 1044 [1/1] (0.00ns)   --->   "%write_ln0 = write void @_ssdm_op_Write.ap_auto.i8P0A, i8 %round_keys_118_out, i8 %round_keys_118_load"   --->   Operation 1044 'write' 'write_ln0' <Predicate = (icmp_ln38)> <Delay = 0.00>
ST_2 : Operation 1045 [1/1] (0.00ns)   --->   "%write_ln0 = write void @_ssdm_op_Write.ap_auto.i8P0A, i8 %round_keys_117_out, i8 %round_keys_117_load"   --->   Operation 1045 'write' 'write_ln0' <Predicate = (icmp_ln38)> <Delay = 0.00>
ST_2 : Operation 1046 [1/1] (0.00ns)   --->   "%write_ln0 = write void @_ssdm_op_Write.ap_auto.i8P0A, i8 %round_keys_116_out, i8 %round_keys_116_load"   --->   Operation 1046 'write' 'write_ln0' <Predicate = (icmp_ln38)> <Delay = 0.00>
ST_2 : Operation 1047 [1/1] (0.00ns)   --->   "%write_ln0 = write void @_ssdm_op_Write.ap_auto.i8P0A, i8 %round_keys_115_out, i8 %round_keys_115_load"   --->   Operation 1047 'write' 'write_ln0' <Predicate = (icmp_ln38)> <Delay = 0.00>
ST_2 : Operation 1048 [1/1] (0.00ns)   --->   "%write_ln0 = write void @_ssdm_op_Write.ap_auto.i8P0A, i8 %round_keys_114_out, i8 %round_keys_114_load"   --->   Operation 1048 'write' 'write_ln0' <Predicate = (icmp_ln38)> <Delay = 0.00>
ST_2 : Operation 1049 [1/1] (0.00ns)   --->   "%write_ln0 = write void @_ssdm_op_Write.ap_auto.i8P0A, i8 %round_keys_113_out, i8 %round_keys_113_load"   --->   Operation 1049 'write' 'write_ln0' <Predicate = (icmp_ln38)> <Delay = 0.00>
ST_2 : Operation 1050 [1/1] (0.00ns)   --->   "%write_ln0 = write void @_ssdm_op_Write.ap_auto.i8P0A, i8 %round_keys_112_out, i8 %round_keys_112_load"   --->   Operation 1050 'write' 'write_ln0' <Predicate = (icmp_ln38)> <Delay = 0.00>
ST_2 : Operation 1051 [1/1] (0.00ns)   --->   "%write_ln0 = write void @_ssdm_op_Write.ap_auto.i8P0A, i8 %round_keys_111_out, i8 %round_keys_111_load"   --->   Operation 1051 'write' 'write_ln0' <Predicate = (icmp_ln38)> <Delay = 0.00>
ST_2 : Operation 1052 [1/1] (0.00ns)   --->   "%write_ln0 = write void @_ssdm_op_Write.ap_auto.i8P0A, i8 %round_keys_110_out, i8 %round_keys_110_load"   --->   Operation 1052 'write' 'write_ln0' <Predicate = (icmp_ln38)> <Delay = 0.00>
ST_2 : Operation 1053 [1/1] (0.00ns)   --->   "%write_ln0 = write void @_ssdm_op_Write.ap_auto.i8P0A, i8 %round_keys_109_out, i8 %round_keys_109_load"   --->   Operation 1053 'write' 'write_ln0' <Predicate = (icmp_ln38)> <Delay = 0.00>
ST_2 : Operation 1054 [1/1] (0.00ns)   --->   "%write_ln0 = write void @_ssdm_op_Write.ap_auto.i8P0A, i8 %round_keys_108_out, i8 %round_keys_108_load"   --->   Operation 1054 'write' 'write_ln0' <Predicate = (icmp_ln38)> <Delay = 0.00>
ST_2 : Operation 1055 [1/1] (0.00ns)   --->   "%write_ln0 = write void @_ssdm_op_Write.ap_auto.i8P0A, i8 %round_keys_107_out, i8 %round_keys_107_load"   --->   Operation 1055 'write' 'write_ln0' <Predicate = (icmp_ln38)> <Delay = 0.00>
ST_2 : Operation 1056 [1/1] (0.00ns)   --->   "%write_ln0 = write void @_ssdm_op_Write.ap_auto.i8P0A, i8 %round_keys_106_out, i8 %round_keys_106_load"   --->   Operation 1056 'write' 'write_ln0' <Predicate = (icmp_ln38)> <Delay = 0.00>
ST_2 : Operation 1057 [1/1] (0.00ns)   --->   "%write_ln0 = write void @_ssdm_op_Write.ap_auto.i8P0A, i8 %round_keys_105_out, i8 %round_keys_105_load"   --->   Operation 1057 'write' 'write_ln0' <Predicate = (icmp_ln38)> <Delay = 0.00>
ST_2 : Operation 1058 [1/1] (0.00ns)   --->   "%write_ln0 = write void @_ssdm_op_Write.ap_auto.i8P0A, i8 %round_keys_104_out, i8 %round_keys_104_load"   --->   Operation 1058 'write' 'write_ln0' <Predicate = (icmp_ln38)> <Delay = 0.00>
ST_2 : Operation 1059 [1/1] (0.00ns)   --->   "%write_ln0 = write void @_ssdm_op_Write.ap_auto.i8P0A, i8 %round_keys_103_out, i8 %round_keys_103_load"   --->   Operation 1059 'write' 'write_ln0' <Predicate = (icmp_ln38)> <Delay = 0.00>
ST_2 : Operation 1060 [1/1] (0.00ns)   --->   "%write_ln0 = write void @_ssdm_op_Write.ap_auto.i8P0A, i8 %round_keys_102_out, i8 %round_keys_102_load"   --->   Operation 1060 'write' 'write_ln0' <Predicate = (icmp_ln38)> <Delay = 0.00>
ST_2 : Operation 1061 [1/1] (0.00ns)   --->   "%write_ln0 = write void @_ssdm_op_Write.ap_auto.i8P0A, i8 %round_keys_101_out, i8 %round_keys_101_load"   --->   Operation 1061 'write' 'write_ln0' <Predicate = (icmp_ln38)> <Delay = 0.00>
ST_2 : Operation 1062 [1/1] (0.00ns)   --->   "%write_ln0 = write void @_ssdm_op_Write.ap_auto.i8P0A, i8 %round_keys_100_out, i8 %round_keys_100_load"   --->   Operation 1062 'write' 'write_ln0' <Predicate = (icmp_ln38)> <Delay = 0.00>
ST_2 : Operation 1063 [1/1] (0.00ns)   --->   "%write_ln0 = write void @_ssdm_op_Write.ap_auto.i8P0A, i8 %round_keys_99_out, i8 %round_keys_99_load"   --->   Operation 1063 'write' 'write_ln0' <Predicate = (icmp_ln38)> <Delay = 0.00>
ST_2 : Operation 1064 [1/1] (0.00ns)   --->   "%write_ln0 = write void @_ssdm_op_Write.ap_auto.i8P0A, i8 %round_keys_98_out, i8 %round_keys_98_load"   --->   Operation 1064 'write' 'write_ln0' <Predicate = (icmp_ln38)> <Delay = 0.00>
ST_2 : Operation 1065 [1/1] (0.00ns)   --->   "%write_ln0 = write void @_ssdm_op_Write.ap_auto.i8P0A, i8 %round_keys_97_out, i8 %round_keys_97_load"   --->   Operation 1065 'write' 'write_ln0' <Predicate = (icmp_ln38)> <Delay = 0.00>
ST_2 : Operation 1066 [1/1] (0.00ns)   --->   "%write_ln0 = write void @_ssdm_op_Write.ap_auto.i8P0A, i8 %round_keys_96_out, i8 %round_keys_96_load"   --->   Operation 1066 'write' 'write_ln0' <Predicate = (icmp_ln38)> <Delay = 0.00>
ST_2 : Operation 1067 [1/1] (0.00ns)   --->   "%write_ln0 = write void @_ssdm_op_Write.ap_auto.i8P0A, i8 %round_keys_95_out, i8 %round_keys_95_load"   --->   Operation 1067 'write' 'write_ln0' <Predicate = (icmp_ln38)> <Delay = 0.00>
ST_2 : Operation 1068 [1/1] (0.00ns)   --->   "%write_ln0 = write void @_ssdm_op_Write.ap_auto.i8P0A, i8 %round_keys_94_out, i8 %round_keys_94_load"   --->   Operation 1068 'write' 'write_ln0' <Predicate = (icmp_ln38)> <Delay = 0.00>
ST_2 : Operation 1069 [1/1] (0.00ns)   --->   "%write_ln0 = write void @_ssdm_op_Write.ap_auto.i8P0A, i8 %round_keys_93_out, i8 %round_keys_93_load"   --->   Operation 1069 'write' 'write_ln0' <Predicate = (icmp_ln38)> <Delay = 0.00>
ST_2 : Operation 1070 [1/1] (0.00ns)   --->   "%write_ln0 = write void @_ssdm_op_Write.ap_auto.i8P0A, i8 %round_keys_92_out, i8 %round_keys_92_load"   --->   Operation 1070 'write' 'write_ln0' <Predicate = (icmp_ln38)> <Delay = 0.00>
ST_2 : Operation 1071 [1/1] (0.00ns)   --->   "%write_ln0 = write void @_ssdm_op_Write.ap_auto.i8P0A, i8 %round_keys_91_out, i8 %round_keys_91_load"   --->   Operation 1071 'write' 'write_ln0' <Predicate = (icmp_ln38)> <Delay = 0.00>
ST_2 : Operation 1072 [1/1] (0.00ns)   --->   "%write_ln0 = write void @_ssdm_op_Write.ap_auto.i8P0A, i8 %round_keys_90_out, i8 %round_keys_90_load"   --->   Operation 1072 'write' 'write_ln0' <Predicate = (icmp_ln38)> <Delay = 0.00>
ST_2 : Operation 1073 [1/1] (0.00ns)   --->   "%write_ln0 = write void @_ssdm_op_Write.ap_auto.i8P0A, i8 %round_keys_89_out, i8 %round_keys_89_load"   --->   Operation 1073 'write' 'write_ln0' <Predicate = (icmp_ln38)> <Delay = 0.00>
ST_2 : Operation 1074 [1/1] (0.00ns)   --->   "%write_ln0 = write void @_ssdm_op_Write.ap_auto.i8P0A, i8 %round_keys_88_out, i8 %round_keys_88_load"   --->   Operation 1074 'write' 'write_ln0' <Predicate = (icmp_ln38)> <Delay = 0.00>
ST_2 : Operation 1075 [1/1] (0.00ns)   --->   "%write_ln0 = write void @_ssdm_op_Write.ap_auto.i8P0A, i8 %round_keys_87_out, i8 %round_keys_87_load"   --->   Operation 1075 'write' 'write_ln0' <Predicate = (icmp_ln38)> <Delay = 0.00>
ST_2 : Operation 1076 [1/1] (0.00ns)   --->   "%write_ln0 = write void @_ssdm_op_Write.ap_auto.i8P0A, i8 %round_keys_86_out, i8 %round_keys_86_load"   --->   Operation 1076 'write' 'write_ln0' <Predicate = (icmp_ln38)> <Delay = 0.00>
ST_2 : Operation 1077 [1/1] (0.00ns)   --->   "%write_ln0 = write void @_ssdm_op_Write.ap_auto.i8P0A, i8 %round_keys_85_out, i8 %round_keys_85_load"   --->   Operation 1077 'write' 'write_ln0' <Predicate = (icmp_ln38)> <Delay = 0.00>
ST_2 : Operation 1078 [1/1] (0.00ns)   --->   "%write_ln0 = write void @_ssdm_op_Write.ap_auto.i8P0A, i8 %round_keys_84_out, i8 %round_keys_84_load"   --->   Operation 1078 'write' 'write_ln0' <Predicate = (icmp_ln38)> <Delay = 0.00>
ST_2 : Operation 1079 [1/1] (0.00ns)   --->   "%write_ln0 = write void @_ssdm_op_Write.ap_auto.i8P0A, i8 %round_keys_83_out, i8 %round_keys_83_load"   --->   Operation 1079 'write' 'write_ln0' <Predicate = (icmp_ln38)> <Delay = 0.00>
ST_2 : Operation 1080 [1/1] (0.00ns)   --->   "%write_ln0 = write void @_ssdm_op_Write.ap_auto.i8P0A, i8 %round_keys_82_out, i8 %round_keys_82_load"   --->   Operation 1080 'write' 'write_ln0' <Predicate = (icmp_ln38)> <Delay = 0.00>
ST_2 : Operation 1081 [1/1] (0.00ns)   --->   "%write_ln0 = write void @_ssdm_op_Write.ap_auto.i8P0A, i8 %round_keys_81_out, i8 %round_keys_81_load"   --->   Operation 1081 'write' 'write_ln0' <Predicate = (icmp_ln38)> <Delay = 0.00>
ST_2 : Operation 1082 [1/1] (0.00ns)   --->   "%write_ln0 = write void @_ssdm_op_Write.ap_auto.i8P0A, i8 %round_keys_80_out, i8 %round_keys_80_load"   --->   Operation 1082 'write' 'write_ln0' <Predicate = (icmp_ln38)> <Delay = 0.00>
ST_2 : Operation 1083 [1/1] (0.00ns)   --->   "%write_ln0 = write void @_ssdm_op_Write.ap_auto.i8P0A, i8 %round_keys_79_out, i8 %round_keys_79_load"   --->   Operation 1083 'write' 'write_ln0' <Predicate = (icmp_ln38)> <Delay = 0.00>
ST_2 : Operation 1084 [1/1] (0.00ns)   --->   "%write_ln0 = write void @_ssdm_op_Write.ap_auto.i8P0A, i8 %round_keys_78_out, i8 %round_keys_78_load"   --->   Operation 1084 'write' 'write_ln0' <Predicate = (icmp_ln38)> <Delay = 0.00>
ST_2 : Operation 1085 [1/1] (0.00ns)   --->   "%write_ln0 = write void @_ssdm_op_Write.ap_auto.i8P0A, i8 %round_keys_77_out, i8 %round_keys_77_load"   --->   Operation 1085 'write' 'write_ln0' <Predicate = (icmp_ln38)> <Delay = 0.00>
ST_2 : Operation 1086 [1/1] (0.00ns)   --->   "%write_ln0 = write void @_ssdm_op_Write.ap_auto.i8P0A, i8 %round_keys_76_out, i8 %round_keys_76_load"   --->   Operation 1086 'write' 'write_ln0' <Predicate = (icmp_ln38)> <Delay = 0.00>
ST_2 : Operation 1087 [1/1] (0.00ns)   --->   "%write_ln0 = write void @_ssdm_op_Write.ap_auto.i8P0A, i8 %round_keys_75_out, i8 %round_keys_75_load"   --->   Operation 1087 'write' 'write_ln0' <Predicate = (icmp_ln38)> <Delay = 0.00>
ST_2 : Operation 1088 [1/1] (0.00ns)   --->   "%write_ln0 = write void @_ssdm_op_Write.ap_auto.i8P0A, i8 %round_keys_74_out, i8 %round_keys_74_load"   --->   Operation 1088 'write' 'write_ln0' <Predicate = (icmp_ln38)> <Delay = 0.00>
ST_2 : Operation 1089 [1/1] (0.00ns)   --->   "%write_ln0 = write void @_ssdm_op_Write.ap_auto.i8P0A, i8 %round_keys_73_out, i8 %round_keys_73_load"   --->   Operation 1089 'write' 'write_ln0' <Predicate = (icmp_ln38)> <Delay = 0.00>
ST_2 : Operation 1090 [1/1] (0.00ns)   --->   "%write_ln0 = write void @_ssdm_op_Write.ap_auto.i8P0A, i8 %round_keys_72_out, i8 %round_keys_72_load"   --->   Operation 1090 'write' 'write_ln0' <Predicate = (icmp_ln38)> <Delay = 0.00>
ST_2 : Operation 1091 [1/1] (0.00ns)   --->   "%write_ln0 = write void @_ssdm_op_Write.ap_auto.i8P0A, i8 %round_keys_71_out, i8 %round_keys_71_load"   --->   Operation 1091 'write' 'write_ln0' <Predicate = (icmp_ln38)> <Delay = 0.00>
ST_2 : Operation 1092 [1/1] (0.00ns)   --->   "%write_ln0 = write void @_ssdm_op_Write.ap_auto.i8P0A, i8 %round_keys_70_out, i8 %round_keys_70_load"   --->   Operation 1092 'write' 'write_ln0' <Predicate = (icmp_ln38)> <Delay = 0.00>
ST_2 : Operation 1093 [1/1] (0.00ns)   --->   "%write_ln0 = write void @_ssdm_op_Write.ap_auto.i8P0A, i8 %round_keys_69_out, i8 %round_keys_69_load"   --->   Operation 1093 'write' 'write_ln0' <Predicate = (icmp_ln38)> <Delay = 0.00>
ST_2 : Operation 1094 [1/1] (0.00ns)   --->   "%write_ln0 = write void @_ssdm_op_Write.ap_auto.i8P0A, i8 %round_keys_68_out, i8 %round_keys_68_load"   --->   Operation 1094 'write' 'write_ln0' <Predicate = (icmp_ln38)> <Delay = 0.00>
ST_2 : Operation 1095 [1/1] (0.00ns)   --->   "%write_ln0 = write void @_ssdm_op_Write.ap_auto.i8P0A, i8 %round_keys_67_out, i8 %round_keys_67_load"   --->   Operation 1095 'write' 'write_ln0' <Predicate = (icmp_ln38)> <Delay = 0.00>
ST_2 : Operation 1096 [1/1] (0.00ns)   --->   "%write_ln0 = write void @_ssdm_op_Write.ap_auto.i8P0A, i8 %round_keys_66_out, i8 %round_keys_66_load"   --->   Operation 1096 'write' 'write_ln0' <Predicate = (icmp_ln38)> <Delay = 0.00>
ST_2 : Operation 1097 [1/1] (0.00ns)   --->   "%write_ln0 = write void @_ssdm_op_Write.ap_auto.i8P0A, i8 %round_keys_65_out, i8 %round_keys_65_load"   --->   Operation 1097 'write' 'write_ln0' <Predicate = (icmp_ln38)> <Delay = 0.00>
ST_2 : Operation 1098 [1/1] (0.00ns)   --->   "%write_ln0 = write void @_ssdm_op_Write.ap_auto.i8P0A, i8 %round_keys_64_out, i8 %round_keys_64_load"   --->   Operation 1098 'write' 'write_ln0' <Predicate = (icmp_ln38)> <Delay = 0.00>
ST_2 : Operation 1099 [1/1] (0.00ns)   --->   "%write_ln0 = write void @_ssdm_op_Write.ap_auto.i8P0A, i8 %round_keys_63_out, i8 %round_keys_63_load"   --->   Operation 1099 'write' 'write_ln0' <Predicate = (icmp_ln38)> <Delay = 0.00>
ST_2 : Operation 1100 [1/1] (0.00ns)   --->   "%write_ln0 = write void @_ssdm_op_Write.ap_auto.i8P0A, i8 %round_keys_62_out, i8 %round_keys_62_load"   --->   Operation 1100 'write' 'write_ln0' <Predicate = (icmp_ln38)> <Delay = 0.00>
ST_2 : Operation 1101 [1/1] (0.00ns)   --->   "%write_ln0 = write void @_ssdm_op_Write.ap_auto.i8P0A, i8 %round_keys_61_out, i8 %round_keys_61_load"   --->   Operation 1101 'write' 'write_ln0' <Predicate = (icmp_ln38)> <Delay = 0.00>
ST_2 : Operation 1102 [1/1] (0.00ns)   --->   "%write_ln0 = write void @_ssdm_op_Write.ap_auto.i8P0A, i8 %round_keys_60_out, i8 %round_keys_60_load"   --->   Operation 1102 'write' 'write_ln0' <Predicate = (icmp_ln38)> <Delay = 0.00>
ST_2 : Operation 1103 [1/1] (0.00ns)   --->   "%write_ln0 = write void @_ssdm_op_Write.ap_auto.i8P0A, i8 %round_keys_59_out, i8 %round_keys_59_load"   --->   Operation 1103 'write' 'write_ln0' <Predicate = (icmp_ln38)> <Delay = 0.00>
ST_2 : Operation 1104 [1/1] (0.00ns)   --->   "%write_ln0 = write void @_ssdm_op_Write.ap_auto.i8P0A, i8 %round_keys_58_out, i8 %round_keys_58_load"   --->   Operation 1104 'write' 'write_ln0' <Predicate = (icmp_ln38)> <Delay = 0.00>
ST_2 : Operation 1105 [1/1] (0.00ns)   --->   "%write_ln0 = write void @_ssdm_op_Write.ap_auto.i8P0A, i8 %round_keys_57_out, i8 %round_keys_57_load"   --->   Operation 1105 'write' 'write_ln0' <Predicate = (icmp_ln38)> <Delay = 0.00>
ST_2 : Operation 1106 [1/1] (0.00ns)   --->   "%write_ln0 = write void @_ssdm_op_Write.ap_auto.i8P0A, i8 %round_keys_56_out, i8 %round_keys_56_load"   --->   Operation 1106 'write' 'write_ln0' <Predicate = (icmp_ln38)> <Delay = 0.00>
ST_2 : Operation 1107 [1/1] (0.00ns)   --->   "%write_ln0 = write void @_ssdm_op_Write.ap_auto.i8P0A, i8 %round_keys_55_out, i8 %round_keys_55_load"   --->   Operation 1107 'write' 'write_ln0' <Predicate = (icmp_ln38)> <Delay = 0.00>
ST_2 : Operation 1108 [1/1] (0.00ns)   --->   "%write_ln0 = write void @_ssdm_op_Write.ap_auto.i8P0A, i8 %round_keys_54_out, i8 %round_keys_54_load"   --->   Operation 1108 'write' 'write_ln0' <Predicate = (icmp_ln38)> <Delay = 0.00>
ST_2 : Operation 1109 [1/1] (0.00ns)   --->   "%write_ln0 = write void @_ssdm_op_Write.ap_auto.i8P0A, i8 %round_keys_53_out, i8 %round_keys_53_load"   --->   Operation 1109 'write' 'write_ln0' <Predicate = (icmp_ln38)> <Delay = 0.00>
ST_2 : Operation 1110 [1/1] (0.00ns)   --->   "%write_ln0 = write void @_ssdm_op_Write.ap_auto.i8P0A, i8 %round_keys_52_out, i8 %round_keys_52_load"   --->   Operation 1110 'write' 'write_ln0' <Predicate = (icmp_ln38)> <Delay = 0.00>
ST_2 : Operation 1111 [1/1] (0.00ns)   --->   "%write_ln0 = write void @_ssdm_op_Write.ap_auto.i8P0A, i8 %round_keys_51_out, i8 %round_keys_51_load"   --->   Operation 1111 'write' 'write_ln0' <Predicate = (icmp_ln38)> <Delay = 0.00>
ST_2 : Operation 1112 [1/1] (0.00ns)   --->   "%write_ln0 = write void @_ssdm_op_Write.ap_auto.i8P0A, i8 %round_keys_50_out, i8 %round_keys_50_load"   --->   Operation 1112 'write' 'write_ln0' <Predicate = (icmp_ln38)> <Delay = 0.00>
ST_2 : Operation 1113 [1/1] (0.00ns)   --->   "%write_ln0 = write void @_ssdm_op_Write.ap_auto.i8P0A, i8 %round_keys_49_out, i8 %round_keys_49_load"   --->   Operation 1113 'write' 'write_ln0' <Predicate = (icmp_ln38)> <Delay = 0.00>
ST_2 : Operation 1114 [1/1] (0.00ns)   --->   "%write_ln0 = write void @_ssdm_op_Write.ap_auto.i8P0A, i8 %round_keys_48_out, i8 %round_keys_48_load"   --->   Operation 1114 'write' 'write_ln0' <Predicate = (icmp_ln38)> <Delay = 0.00>
ST_2 : Operation 1115 [1/1] (0.00ns)   --->   "%write_ln0 = write void @_ssdm_op_Write.ap_auto.i8P0A, i8 %round_keys_47_out, i8 %round_keys_47_load"   --->   Operation 1115 'write' 'write_ln0' <Predicate = (icmp_ln38)> <Delay = 0.00>
ST_2 : Operation 1116 [1/1] (0.00ns)   --->   "%write_ln0 = write void @_ssdm_op_Write.ap_auto.i8P0A, i8 %round_keys_46_out, i8 %round_keys_46_load"   --->   Operation 1116 'write' 'write_ln0' <Predicate = (icmp_ln38)> <Delay = 0.00>
ST_2 : Operation 1117 [1/1] (0.00ns)   --->   "%write_ln0 = write void @_ssdm_op_Write.ap_auto.i8P0A, i8 %round_keys_45_out, i8 %round_keys_45_load"   --->   Operation 1117 'write' 'write_ln0' <Predicate = (icmp_ln38)> <Delay = 0.00>
ST_2 : Operation 1118 [1/1] (0.00ns)   --->   "%write_ln0 = write void @_ssdm_op_Write.ap_auto.i8P0A, i8 %round_keys_44_out, i8 %round_keys_44_load"   --->   Operation 1118 'write' 'write_ln0' <Predicate = (icmp_ln38)> <Delay = 0.00>
ST_2 : Operation 1119 [1/1] (0.00ns)   --->   "%write_ln0 = write void @_ssdm_op_Write.ap_auto.i8P0A, i8 %round_keys_43_out, i8 %round_keys_43_load"   --->   Operation 1119 'write' 'write_ln0' <Predicate = (icmp_ln38)> <Delay = 0.00>
ST_2 : Operation 1120 [1/1] (0.00ns)   --->   "%write_ln0 = write void @_ssdm_op_Write.ap_auto.i8P0A, i8 %round_keys_42_out, i8 %round_keys_42_load"   --->   Operation 1120 'write' 'write_ln0' <Predicate = (icmp_ln38)> <Delay = 0.00>
ST_2 : Operation 1121 [1/1] (0.00ns)   --->   "%write_ln0 = write void @_ssdm_op_Write.ap_auto.i8P0A, i8 %round_keys_41_out, i8 %round_keys_41_load"   --->   Operation 1121 'write' 'write_ln0' <Predicate = (icmp_ln38)> <Delay = 0.00>
ST_2 : Operation 1122 [1/1] (0.00ns)   --->   "%write_ln0 = write void @_ssdm_op_Write.ap_auto.i8P0A, i8 %round_keys_40_out, i8 %round_keys_40_load"   --->   Operation 1122 'write' 'write_ln0' <Predicate = (icmp_ln38)> <Delay = 0.00>
ST_2 : Operation 1123 [1/1] (0.00ns)   --->   "%write_ln0 = write void @_ssdm_op_Write.ap_auto.i8P0A, i8 %round_keys_39_out, i8 %round_keys_39_load"   --->   Operation 1123 'write' 'write_ln0' <Predicate = (icmp_ln38)> <Delay = 0.00>
ST_2 : Operation 1124 [1/1] (0.00ns)   --->   "%write_ln0 = write void @_ssdm_op_Write.ap_auto.i8P0A, i8 %round_keys_38_out, i8 %round_keys_38_load"   --->   Operation 1124 'write' 'write_ln0' <Predicate = (icmp_ln38)> <Delay = 0.00>
ST_2 : Operation 1125 [1/1] (0.00ns)   --->   "%write_ln0 = write void @_ssdm_op_Write.ap_auto.i8P0A, i8 %round_keys_37_out, i8 %round_keys_37_load"   --->   Operation 1125 'write' 'write_ln0' <Predicate = (icmp_ln38)> <Delay = 0.00>
ST_2 : Operation 1126 [1/1] (0.00ns)   --->   "%write_ln0 = write void @_ssdm_op_Write.ap_auto.i8P0A, i8 %round_keys_36_out, i8 %round_keys_36_load"   --->   Operation 1126 'write' 'write_ln0' <Predicate = (icmp_ln38)> <Delay = 0.00>
ST_2 : Operation 1127 [1/1] (0.00ns)   --->   "%write_ln0 = write void @_ssdm_op_Write.ap_auto.i8P0A, i8 %round_keys_35_out, i8 %round_keys_35_load"   --->   Operation 1127 'write' 'write_ln0' <Predicate = (icmp_ln38)> <Delay = 0.00>
ST_2 : Operation 1128 [1/1] (0.00ns)   --->   "%write_ln0 = write void @_ssdm_op_Write.ap_auto.i8P0A, i8 %round_keys_34_out, i8 %round_keys_34_load"   --->   Operation 1128 'write' 'write_ln0' <Predicate = (icmp_ln38)> <Delay = 0.00>
ST_2 : Operation 1129 [1/1] (0.00ns)   --->   "%write_ln0 = write void @_ssdm_op_Write.ap_auto.i8P0A, i8 %round_keys_33_out, i8 %round_keys_33_load"   --->   Operation 1129 'write' 'write_ln0' <Predicate = (icmp_ln38)> <Delay = 0.00>
ST_2 : Operation 1130 [1/1] (0.00ns)   --->   "%write_ln0 = write void @_ssdm_op_Write.ap_auto.i8P0A, i8 %round_keys_32_out, i8 %round_keys_32_load"   --->   Operation 1130 'write' 'write_ln0' <Predicate = (icmp_ln38)> <Delay = 0.00>
ST_2 : Operation 1131 [1/1] (0.00ns)   --->   "%write_ln0 = write void @_ssdm_op_Write.ap_auto.i8P0A, i8 %round_keys_31_out, i8 %round_keys_31_load"   --->   Operation 1131 'write' 'write_ln0' <Predicate = (icmp_ln38)> <Delay = 0.00>
ST_2 : Operation 1132 [1/1] (0.00ns)   --->   "%write_ln0 = write void @_ssdm_op_Write.ap_auto.i8P0A, i8 %round_keys_30_out, i8 %round_keys_30_load"   --->   Operation 1132 'write' 'write_ln0' <Predicate = (icmp_ln38)> <Delay = 0.00>
ST_2 : Operation 1133 [1/1] (0.00ns)   --->   "%write_ln0 = write void @_ssdm_op_Write.ap_auto.i8P0A, i8 %round_keys_29_out, i8 %round_keys_29_load"   --->   Operation 1133 'write' 'write_ln0' <Predicate = (icmp_ln38)> <Delay = 0.00>
ST_2 : Operation 1134 [1/1] (0.00ns)   --->   "%write_ln0 = write void @_ssdm_op_Write.ap_auto.i8P0A, i8 %round_keys_28_out, i8 %round_keys_28_load"   --->   Operation 1134 'write' 'write_ln0' <Predicate = (icmp_ln38)> <Delay = 0.00>
ST_2 : Operation 1135 [1/1] (0.00ns)   --->   "%write_ln0 = write void @_ssdm_op_Write.ap_auto.i8P0A, i8 %round_keys_27_out, i8 %round_keys_27_load"   --->   Operation 1135 'write' 'write_ln0' <Predicate = (icmp_ln38)> <Delay = 0.00>
ST_2 : Operation 1136 [1/1] (0.00ns)   --->   "%write_ln0 = write void @_ssdm_op_Write.ap_auto.i8P0A, i8 %round_keys_26_out, i8 %round_keys_26_load"   --->   Operation 1136 'write' 'write_ln0' <Predicate = (icmp_ln38)> <Delay = 0.00>
ST_2 : Operation 1137 [1/1] (0.00ns)   --->   "%write_ln0 = write void @_ssdm_op_Write.ap_auto.i8P0A, i8 %round_keys_25_out, i8 %round_keys_25_load"   --->   Operation 1137 'write' 'write_ln0' <Predicate = (icmp_ln38)> <Delay = 0.00>
ST_2 : Operation 1138 [1/1] (0.00ns)   --->   "%write_ln0 = write void @_ssdm_op_Write.ap_auto.i8P0A, i8 %round_keys_24_out, i8 %round_keys_24_load"   --->   Operation 1138 'write' 'write_ln0' <Predicate = (icmp_ln38)> <Delay = 0.00>
ST_2 : Operation 1139 [1/1] (0.00ns)   --->   "%write_ln0 = write void @_ssdm_op_Write.ap_auto.i8P0A, i8 %round_keys_23_out, i8 %round_keys_23_load"   --->   Operation 1139 'write' 'write_ln0' <Predicate = (icmp_ln38)> <Delay = 0.00>
ST_2 : Operation 1140 [1/1] (0.00ns)   --->   "%write_ln0 = write void @_ssdm_op_Write.ap_auto.i8P0A, i8 %round_keys_22_out, i8 %round_keys_22_load"   --->   Operation 1140 'write' 'write_ln0' <Predicate = (icmp_ln38)> <Delay = 0.00>
ST_2 : Operation 1141 [1/1] (0.00ns)   --->   "%write_ln0 = write void @_ssdm_op_Write.ap_auto.i8P0A, i8 %round_keys_21_out, i8 %round_keys_21_load"   --->   Operation 1141 'write' 'write_ln0' <Predicate = (icmp_ln38)> <Delay = 0.00>
ST_2 : Operation 1142 [1/1] (0.00ns)   --->   "%write_ln0 = write void @_ssdm_op_Write.ap_auto.i8P0A, i8 %round_keys_20_out, i8 %round_keys_20_load"   --->   Operation 1142 'write' 'write_ln0' <Predicate = (icmp_ln38)> <Delay = 0.00>
ST_2 : Operation 1143 [1/1] (0.00ns)   --->   "%write_ln0 = write void @_ssdm_op_Write.ap_auto.i8P0A, i8 %round_keys_19_out, i8 %round_keys_19_load"   --->   Operation 1143 'write' 'write_ln0' <Predicate = (icmp_ln38)> <Delay = 0.00>
ST_2 : Operation 1144 [1/1] (0.00ns)   --->   "%write_ln0 = write void @_ssdm_op_Write.ap_auto.i8P0A, i8 %round_keys_18_out, i8 %round_keys_18_load"   --->   Operation 1144 'write' 'write_ln0' <Predicate = (icmp_ln38)> <Delay = 0.00>
ST_2 : Operation 1145 [1/1] (0.00ns)   --->   "%write_ln0 = write void @_ssdm_op_Write.ap_auto.i8P0A, i8 %round_keys_17_out, i8 %round_keys_17_load"   --->   Operation 1145 'write' 'write_ln0' <Predicate = (icmp_ln38)> <Delay = 0.00>
ST_2 : Operation 1146 [1/1] (0.00ns)   --->   "%write_ln0 = write void @_ssdm_op_Write.ap_auto.i8P0A, i8 %round_keys_16_out, i8 %round_keys_16_load"   --->   Operation 1146 'write' 'write_ln0' <Predicate = (icmp_ln38)> <Delay = 0.00>
ST_2 : Operation 1147 [1/1] (0.00ns)   --->   "%ret_ln0 = ret"   --->   Operation 1147 'ret' 'ret_ln0' <Predicate = (icmp_ln38)> <Delay = 0.00>

State 3 <SV = 2> <Delay = 5.49>
ST_3 : Operation 501 [1/1] (0.00ns)   --->   "%specpipeline_ln39 = specpipeline void @_ssdm_op_SpecPipeline, i32 1, i32 0, i32 0, i32 0, void @empty_0" [src/aes128.cpp:39]   --->   Operation 501 'specpipeline' 'specpipeline_ln39' <Predicate = true> <Delay = 0.00>
ST_3 : Operation 502 [1/1] (0.00ns)   --->   "%specloopname_ln152 = specloopname void @_ssdm_op_SpecLoopName, void @empty_17" [src/aes128.cpp:152]   --->   Operation 502 'specloopname' 'specloopname_ln152' <Predicate = true> <Delay = 0.00>
ST_3 : Operation 503 [1/2] (3.25ns)   --->   "%temp = load i8 %SBOX_addr" [src/aes128.cpp:54]   --->   Operation 503 'load' 'temp' <Predicate = (icmp_ln47)> <Delay = 3.25> <CoreInst = "ROM">   --->   Core 95 'ROM' <Latency = 1> <II = 1> <Delay = 3.25> <Storage> <Opcode : 'load'> <Ports = 0> <Width = 8> <Depth = 256> <ROM>
ST_3 : Operation 504 [1/2] (3.25ns)   --->   "%temp_5 = load i8 %SBOX_addr_1" [src/aes128.cpp:55]   --->   Operation 504 'load' 'temp_5' <Predicate = (icmp_ln47)> <Delay = 3.25> <CoreInst = "ROM">   --->   Core 95 'ROM' <Latency = 1> <II = 1> <Delay = 3.25> <Storage> <Opcode : 'load'> <Ports = 0> <Width = 8> <Depth = 256> <ROM>
ST_3 : Operation 505 [1/2] (3.25ns)   --->   "%temp_6 = load i8 %SBOX_addr_2" [src/aes128.cpp:56]   --->   Operation 505 'load' 'temp_6' <Predicate = (icmp_ln47)> <Delay = 3.25> <CoreInst = "ROM">   --->   Core 95 'ROM' <Latency = 1> <II = 1> <Delay = 3.25> <Storage> <Opcode : 'load'> <Ports = 0> <Width = 8> <Depth = 256> <ROM>
ST_3 : Operation 506 [1/2] (3.25ns)   --->   "%temp_7 = load i8 %SBOX_addr_3" [src/aes128.cpp:57]   --->   Operation 506 'load' 'temp_7' <Predicate = (icmp_ln47)> <Delay = 3.25> <CoreInst = "ROM">   --->   Core 95 'ROM' <Latency = 1> <II = 1> <Delay = 3.25> <Storage> <Opcode : 'load'> <Ports = 0> <Width = 8> <Depth = 256> <ROM>
ST_3 : Operation 507 [1/1] (0.00ns) (grouped into LUT with out node round_keys_176)   --->   "%temp_8 = xor i8 %RCON_load, i8 %temp" [src/aes128.cpp:59]   --->   Operation 507 'xor' 'temp_8' <Predicate = (icmp_ln47)> <Delay = 0.00> <CoreInst = "LogicGate">   --->   Core 74 'LogicGate' <Latency = 0> <II = 1> <Delay = 0.99> <FuncUnit> <Opcode : 'and' 'or' 'xor'> <InPorts = 2> <OutPorts = 1>
ST_3 : Operation 508 [1/1] (1.24ns)   --->   "%temp_9 = select i1 %icmp_ln47, i8 %temp_7, i8 %temp_3" [src/aes128.cpp:47]   --->   Operation 508 'select' 'temp_9' <Predicate = true> <Delay = 1.24> <CoreInst = "Sel">   --->   Core 73 'Sel' <Latency = 0> <II = 1> <Delay = 1.24> <FuncUnit> <Opcode : 'select'> <InPorts = 3> <OutPorts = 1>
ST_3 : Operation 509 [1/1] (1.24ns)   --->   "%temp_10 = select i1 %icmp_ln47, i8 %temp_6, i8 %temp_2" [src/aes128.cpp:47]   --->   Operation 509 'select' 'temp_10' <Predicate = true> <Delay = 1.24> <CoreInst = "Sel">   --->   Core 73 'Sel' <Latency = 0> <II = 1> <Delay = 1.24> <FuncUnit> <Opcode : 'select'> <InPorts = 3> <OutPorts = 1>
ST_3 : Operation 510 [1/1] (1.24ns)   --->   "%temp_11 = select i1 %icmp_ln47, i8 %temp_5, i8 %temp_1" [src/aes128.cpp:47]   --->   Operation 510 'select' 'temp_11' <Predicate = true> <Delay = 1.24> <CoreInst = "Sel">   --->   Core 73 'Sel' <Latency = 0> <II = 1> <Delay = 1.24> <FuncUnit> <Opcode : 'select'> <InPorts = 3> <OutPorts = 1>
ST_3 : Operation 511 [1/1] (0.00ns) (grouped into LUT with out node round_keys_176)   --->   "%temp_12 = select i1 %icmp_ln47, i8 %temp_8, i8 %temp_13" [src/aes128.cpp:47]   --->   Operation 511 'select' 'temp_12' <Predicate = true> <Delay = 0.00> <CoreInst = "Sel">   --->   Core 73 'Sel' <Latency = 0> <II = 1> <Delay = 1.24> <FuncUnit> <Opcode : 'select'> <InPorts = 3> <OutPorts = 1>
ST_3 : Operation 512 [1/1] (1.24ns) (out node of the LUT)   --->   "%round_keys_176 = xor i8 %tmp, i8 %temp_12" [src/aes128.cpp:62]   --->   Operation 512 'xor' 'round_keys_176' <Predicate = true> <Delay = 1.24> <CoreInst = "LogicGate">   --->   Core 74 'LogicGate' <Latency = 0> <II = 1> <Delay = 0.99> <FuncUnit> <Opcode : 'and' 'or' 'xor'> <InPorts = 2> <OutPorts = 1>
ST_3 : Operation 513 [1/1] (0.00ns)   --->   "%store_ln62 = store i8 %round_keys_176, i8 %round_keys_168" [src/aes128.cpp:62]   --->   Operation 513 'store' 'store_ln62' <Predicate = (xor_ln62 == 10)> <Delay = 0.00>
ST_3 : Operation 514 [1/1] (0.00ns)   --->   "%store_ln62 = store i8 %round_keys_176, i8 %round_keys_164" [src/aes128.cpp:62]   --->   Operation 514 'store' 'store_ln62' <Predicate = (xor_ln62 == 9)> <Delay = 0.00>
ST_3 : Operation 515 [1/1] (0.00ns)   --->   "%store_ln62 = store i8 %round_keys_176, i8 %round_keys_160" [src/aes128.cpp:62]   --->   Operation 515 'store' 'store_ln62' <Predicate = (xor_ln62 == 8)> <Delay = 0.00>
ST_3 : Operation 516 [1/1] (0.00ns)   --->   "%store_ln62 = store i8 %round_keys_176, i8 %round_keys_156" [src/aes128.cpp:62]   --->   Operation 516 'store' 'store_ln62' <Predicate = (xor_ln62 == 7)> <Delay = 0.00>
ST_3 : Operation 517 [1/1] (0.00ns)   --->   "%store_ln62 = store i8 %round_keys_176, i8 %round_keys_152" [src/aes128.cpp:62]   --->   Operation 517 'store' 'store_ln62' <Predicate = (xor_ln62 == 6)> <Delay = 0.00>
ST_3 : Operation 518 [1/1] (0.00ns)   --->   "%store_ln62 = store i8 %round_keys_176, i8 %round_keys_148" [src/aes128.cpp:62]   --->   Operation 518 'store' 'store_ln62' <Predicate = (xor_ln62 == 5)> <Delay = 0.00>
ST_3 : Operation 519 [1/1] (0.00ns)   --->   "%store_ln62 = store i8 %round_keys_176, i8 %round_keys_144" [src/aes128.cpp:62]   --->   Operation 519 'store' 'store_ln62' <Predicate = (xor_ln62 == 4)> <Delay = 0.00>
ST_3 : Operation 520 [1/1] (0.00ns)   --->   "%store_ln62 = store i8 %round_keys_176, i8 %round_keys_140" [src/aes128.cpp:62]   --->   Operation 520 'store' 'store_ln62' <Predicate = (xor_ln62 == 3)> <Delay = 0.00>
ST_3 : Operation 521 [1/1] (0.00ns)   --->   "%store_ln62 = store i8 %round_keys_176, i8 %round_keys_136" [src/aes128.cpp:62]   --->   Operation 521 'store' 'store_ln62' <Predicate = (xor_ln62 == 2)> <Delay = 0.00>
ST_3 : Operation 522 [1/1] (0.00ns)   --->   "%store_ln62 = store i8 %round_keys_176, i8 %round_keys_132" [src/aes128.cpp:62]   --->   Operation 522 'store' 'store_ln62' <Predicate = (xor_ln62 == 1)> <Delay = 0.00>
ST_3 : Operation 523 [1/1] (0.00ns)   --->   "%store_ln62 = store i8 %round_keys_176, i8 %round_keys_128" [src/aes128.cpp:62]   --->   Operation 523 'store' 'store_ln62' <Predicate = (xor_ln62 == 0)> <Delay = 0.00>
ST_3 : Operation 524 [1/1] (0.00ns)   --->   "%store_ln62 = store i8 %round_keys_176, i8 %round_keys_124" [src/aes128.cpp:62]   --->   Operation 524 'store' 'store_ln62' <Predicate = (xor_ln62 == 63)> <Delay = 0.00>
ST_3 : Operation 525 [1/1] (0.00ns)   --->   "%store_ln62 = store i8 %round_keys_176, i8 %round_keys_120" [src/aes128.cpp:62]   --->   Operation 525 'store' 'store_ln62' <Predicate = (xor_ln62 == 62)> <Delay = 0.00>
ST_3 : Operation 526 [1/1] (0.00ns)   --->   "%store_ln62 = store i8 %round_keys_176, i8 %round_keys_116" [src/aes128.cpp:62]   --->   Operation 526 'store' 'store_ln62' <Predicate = (xor_ln62 == 61)> <Delay = 0.00>
ST_3 : Operation 527 [1/1] (0.00ns)   --->   "%store_ln62 = store i8 %round_keys_176, i8 %round_keys_112" [src/aes128.cpp:62]   --->   Operation 527 'store' 'store_ln62' <Predicate = (xor_ln62 == 60)> <Delay = 0.00>
ST_3 : Operation 528 [1/1] (0.00ns)   --->   "%store_ln62 = store i8 %round_keys_176, i8 %round_keys_108" [src/aes128.cpp:62]   --->   Operation 528 'store' 'store_ln62' <Predicate = (xor_ln62 == 59)> <Delay = 0.00>
ST_3 : Operation 529 [1/1] (0.00ns)   --->   "%store_ln62 = store i8 %round_keys_176, i8 %round_keys_104" [src/aes128.cpp:62]   --->   Operation 529 'store' 'store_ln62' <Predicate = (xor_ln62 == 58)> <Delay = 0.00>
ST_3 : Operation 530 [1/1] (0.00ns)   --->   "%store_ln62 = store i8 %round_keys_176, i8 %round_keys_100" [src/aes128.cpp:62]   --->   Operation 530 'store' 'store_ln62' <Predicate = (xor_ln62 == 57)> <Delay = 0.00>
ST_3 : Operation 531 [1/1] (0.00ns)   --->   "%store_ln62 = store i8 %round_keys_176, i8 %round_keys_96" [src/aes128.cpp:62]   --->   Operation 531 'store' 'store_ln62' <Predicate = (xor_ln62 == 56)> <Delay = 0.00>
ST_3 : Operation 532 [1/1] (0.00ns)   --->   "%store_ln62 = store i8 %round_keys_176, i8 %round_keys_92" [src/aes128.cpp:62]   --->   Operation 532 'store' 'store_ln62' <Predicate = (xor_ln62 == 55)> <Delay = 0.00>
ST_3 : Operation 533 [1/1] (0.00ns)   --->   "%store_ln62 = store i8 %round_keys_176, i8 %round_keys_88" [src/aes128.cpp:62]   --->   Operation 533 'store' 'store_ln62' <Predicate = (xor_ln62 == 54)> <Delay = 0.00>
ST_3 : Operation 534 [1/1] (0.00ns)   --->   "%store_ln62 = store i8 %round_keys_176, i8 %round_keys_84" [src/aes128.cpp:62]   --->   Operation 534 'store' 'store_ln62' <Predicate = (xor_ln62 == 53)> <Delay = 0.00>
ST_3 : Operation 535 [1/1] (0.00ns)   --->   "%store_ln62 = store i8 %round_keys_176, i8 %round_keys_80" [src/aes128.cpp:62]   --->   Operation 535 'store' 'store_ln62' <Predicate = (xor_ln62 == 52)> <Delay = 0.00>
ST_3 : Operation 536 [1/1] (0.00ns)   --->   "%store_ln62 = store i8 %round_keys_176, i8 %round_keys_76" [src/aes128.cpp:62]   --->   Operation 536 'store' 'store_ln62' <Predicate = (xor_ln62 == 51)> <Delay = 0.00>
ST_3 : Operation 537 [1/1] (0.00ns)   --->   "%store_ln62 = store i8 %round_keys_176, i8 %round_keys_72" [src/aes128.cpp:62]   --->   Operation 537 'store' 'store_ln62' <Predicate = (xor_ln62 == 50)> <Delay = 0.00>
ST_3 : Operation 538 [1/1] (0.00ns)   --->   "%store_ln62 = store i8 %round_keys_176, i8 %round_keys_68" [src/aes128.cpp:62]   --->   Operation 538 'store' 'store_ln62' <Predicate = (xor_ln62 == 49)> <Delay = 0.00>
ST_3 : Operation 539 [1/1] (0.00ns)   --->   "%store_ln62 = store i8 %round_keys_176, i8 %round_keys_64" [src/aes128.cpp:62]   --->   Operation 539 'store' 'store_ln62' <Predicate = (xor_ln62 == 48)> <Delay = 0.00>
ST_3 : Operation 540 [1/1] (0.00ns)   --->   "%store_ln62 = store i8 %round_keys_176, i8 %round_keys_60" [src/aes128.cpp:62]   --->   Operation 540 'store' 'store_ln62' <Predicate = (xor_ln62 == 47)> <Delay = 0.00>
ST_3 : Operation 541 [1/1] (0.00ns)   --->   "%store_ln62 = store i8 %round_keys_176, i8 %round_keys_56" [src/aes128.cpp:62]   --->   Operation 541 'store' 'store_ln62' <Predicate = (xor_ln62 == 46)> <Delay = 0.00>
ST_3 : Operation 542 [1/1] (0.00ns)   --->   "%store_ln62 = store i8 %round_keys_176, i8 %round_keys_52" [src/aes128.cpp:62]   --->   Operation 542 'store' 'store_ln62' <Predicate = (xor_ln62 == 45)> <Delay = 0.00>
ST_3 : Operation 543 [1/1] (0.00ns)   --->   "%store_ln62 = store i8 %round_keys_176, i8 %round_keys_48" [src/aes128.cpp:62]   --->   Operation 543 'store' 'store_ln62' <Predicate = (xor_ln62 == 44)> <Delay = 0.00>
ST_3 : Operation 544 [1/1] (0.00ns)   --->   "%store_ln62 = store i8 %round_keys_176, i8 %round_keys_44" [src/aes128.cpp:62]   --->   Operation 544 'store' 'store_ln62' <Predicate = (xor_ln62 == 43)> <Delay = 0.00>
ST_3 : Operation 545 [1/1] (0.00ns)   --->   "%store_ln62 = store i8 %round_keys_176, i8 %round_keys_40" [src/aes128.cpp:62]   --->   Operation 545 'store' 'store_ln62' <Predicate = (xor_ln62 == 42)> <Delay = 0.00>
ST_3 : Operation 546 [1/1] (0.00ns)   --->   "%store_ln62 = store i8 %round_keys_176, i8 %round_keys_36" [src/aes128.cpp:62]   --->   Operation 546 'store' 'store_ln62' <Predicate = (xor_ln62 == 41)> <Delay = 0.00>
ST_3 : Operation 547 [1/1] (0.00ns)   --->   "%store_ln62 = store i8 %round_keys_176, i8 %round_keys_32" [src/aes128.cpp:62]   --->   Operation 547 'store' 'store_ln62' <Predicate = (xor_ln62 == 40)> <Delay = 0.00>
ST_3 : Operation 548 [1/1] (0.00ns)   --->   "%store_ln62 = store i8 %round_keys_176, i8 %round_keys_28" [src/aes128.cpp:62]   --->   Operation 548 'store' 'store_ln62' <Predicate = (xor_ln62 == 39)> <Delay = 0.00>
ST_3 : Operation 549 [1/1] (0.00ns)   --->   "%store_ln62 = store i8 %round_keys_176, i8 %round_keys_24" [src/aes128.cpp:62]   --->   Operation 549 'store' 'store_ln62' <Predicate = (xor_ln62 == 38)> <Delay = 0.00>
ST_3 : Operation 550 [1/1] (0.00ns)   --->   "%store_ln62 = store i8 %round_keys_176, i8 %round_keys_20" [src/aes128.cpp:62]   --->   Operation 550 'store' 'store_ln62' <Predicate = (xor_ln62 == 37)> <Delay = 0.00>
ST_3 : Operation 551 [1/1] (0.00ns)   --->   "%store_ln62 = store i8 %round_keys_176, i8 %round_keys_16" [src/aes128.cpp:62]   --->   Operation 551 'store' 'store_ln62' <Predicate = (xor_ln62 == 36)> <Delay = 0.00>
ST_3 : Operation 552 [1/1] (0.00ns)   --->   "%store_ln62 = store i8 %round_keys_176, i8 %round_keys_172" [src/aes128.cpp:62]   --->   Operation 552 'store' 'store_ln62' <Predicate = (xor_ln62 == 35) | (xor_ln62 == 34) | (xor_ln62 == 33) | (xor_ln62 == 32) | (xor_ln62 == 31) | (xor_ln62 == 30) | (xor_ln62 == 29) | (xor_ln62 == 28) | (xor_ln62 == 27) | (xor_ln62 == 26) | (xor_ln62 == 25) | (xor_ln62 == 24) | (xor_ln62 == 23) | (xor_ln62 == 22) | (xor_ln62 == 21) | (xor_ln62 == 20) | (xor_ln62 == 19) | (xor_ln62 == 18) | (xor_ln62 == 17) | (xor_ln62 == 16) | (xor_ln62 == 15) | (xor_ln62 == 14) | (xor_ln62 == 13) | (xor_ln62 == 12) | (xor_ln62 == 11)> <Delay = 0.00>
ST_3 : Operation 553 [1/1] (0.00ns)   --->   "%round_keys_17_load_2 = load i8 %round_keys_17" [src/aes128.cpp:63]   --->   Operation 553 'load' 'round_keys_17_load_2' <Predicate = true> <Delay = 0.00>
ST_3 : Operation 554 [1/1] (0.00ns)   --->   "%round_keys_21_load_2 = load i8 %round_keys_21" [src/aes128.cpp:63]   --->   Operation 554 'load' 'round_keys_21_load_2' <Predicate = true> <Delay = 0.00>
ST_3 : Operation 555 [1/1] (0.00ns)   --->   "%round_keys_25_load_2 = load i8 %round_keys_25" [src/aes128.cpp:63]   --->   Operation 555 'load' 'round_keys_25_load_2' <Predicate = true> <Delay = 0.00>
ST_3 : Operation 556 [1/1] (0.00ns)   --->   "%round_keys_29_load_2 = load i8 %round_keys_29" [src/aes128.cpp:63]   --->   Operation 556 'load' 'round_keys_29_load_2' <Predicate = true> <Delay = 0.00>
ST_3 : Operation 557 [1/1] (0.00ns)   --->   "%round_keys_33_load_2 = load i8 %round_keys_33" [src/aes128.cpp:63]   --->   Operation 557 'load' 'round_keys_33_load_2' <Predicate = true> <Delay = 0.00>
ST_3 : Operation 558 [1/1] (0.00ns)   --->   "%round_keys_37_load_2 = load i8 %round_keys_37" [src/aes128.cpp:63]   --->   Operation 558 'load' 'round_keys_37_load_2' <Predicate = true> <Delay = 0.00>
ST_3 : Operation 559 [1/1] (0.00ns)   --->   "%round_keys_41_load_2 = load i8 %round_keys_41" [src/aes128.cpp:63]   --->   Operation 559 'load' 'round_keys_41_load_2' <Predicate = true> <Delay = 0.00>
ST_3 : Operation 560 [1/1] (0.00ns)   --->   "%round_keys_45_load_2 = load i8 %round_keys_45" [src/aes128.cpp:63]   --->   Operation 560 'load' 'round_keys_45_load_2' <Predicate = true> <Delay = 0.00>
ST_3 : Operation 561 [1/1] (0.00ns)   --->   "%round_keys_49_load_2 = load i8 %round_keys_49" [src/aes128.cpp:63]   --->   Operation 561 'load' 'round_keys_49_load_2' <Predicate = true> <Delay = 0.00>
ST_3 : Operation 562 [1/1] (0.00ns)   --->   "%round_keys_53_load_2 = load i8 %round_keys_53" [src/aes128.cpp:63]   --->   Operation 562 'load' 'round_keys_53_load_2' <Predicate = true> <Delay = 0.00>
ST_3 : Operation 563 [1/1] (0.00ns)   --->   "%round_keys_57_load_2 = load i8 %round_keys_57" [src/aes128.cpp:63]   --->   Operation 563 'load' 'round_keys_57_load_2' <Predicate = true> <Delay = 0.00>
ST_3 : Operation 564 [1/1] (0.00ns)   --->   "%round_keys_61_load_2 = load i8 %round_keys_61" [src/aes128.cpp:63]   --->   Operation 564 'load' 'round_keys_61_load_2' <Predicate = true> <Delay = 0.00>
ST_3 : Operation 565 [1/1] (0.00ns)   --->   "%round_keys_65_load_2 = load i8 %round_keys_65" [src/aes128.cpp:63]   --->   Operation 565 'load' 'round_keys_65_load_2' <Predicate = true> <Delay = 0.00>
ST_3 : Operation 566 [1/1] (0.00ns)   --->   "%round_keys_69_load_2 = load i8 %round_keys_69" [src/aes128.cpp:63]   --->   Operation 566 'load' 'round_keys_69_load_2' <Predicate = true> <Delay = 0.00>
ST_3 : Operation 567 [1/1] (0.00ns)   --->   "%round_keys_73_load_2 = load i8 %round_keys_73" [src/aes128.cpp:63]   --->   Operation 567 'load' 'round_keys_73_load_2' <Predicate = true> <Delay = 0.00>
ST_3 : Operation 568 [1/1] (0.00ns)   --->   "%round_keys_77_load_2 = load i8 %round_keys_77" [src/aes128.cpp:63]   --->   Operation 568 'load' 'round_keys_77_load_2' <Predicate = true> <Delay = 0.00>
ST_3 : Operation 569 [1/1] (0.00ns)   --->   "%round_keys_81_load_2 = load i8 %round_keys_81" [src/aes128.cpp:63]   --->   Operation 569 'load' 'round_keys_81_load_2' <Predicate = true> <Delay = 0.00>
ST_3 : Operation 570 [1/1] (0.00ns)   --->   "%round_keys_85_load_2 = load i8 %round_keys_85" [src/aes128.cpp:63]   --->   Operation 570 'load' 'round_keys_85_load_2' <Predicate = true> <Delay = 0.00>
ST_3 : Operation 571 [1/1] (0.00ns)   --->   "%round_keys_89_load_2 = load i8 %round_keys_89" [src/aes128.cpp:63]   --->   Operation 571 'load' 'round_keys_89_load_2' <Predicate = true> <Delay = 0.00>
ST_3 : Operation 572 [1/1] (0.00ns)   --->   "%round_keys_93_load_2 = load i8 %round_keys_93" [src/aes128.cpp:63]   --->   Operation 572 'load' 'round_keys_93_load_2' <Predicate = true> <Delay = 0.00>
ST_3 : Operation 573 [1/1] (0.00ns)   --->   "%round_keys_97_load_2 = load i8 %round_keys_97" [src/aes128.cpp:63]   --->   Operation 573 'load' 'round_keys_97_load_2' <Predicate = true> <Delay = 0.00>
ST_3 : Operation 574 [1/1] (0.00ns)   --->   "%round_keys_101_load_2 = load i8 %round_keys_101" [src/aes128.cpp:63]   --->   Operation 574 'load' 'round_keys_101_load_2' <Predicate = true> <Delay = 0.00>
ST_3 : Operation 575 [1/1] (0.00ns)   --->   "%round_keys_105_load_2 = load i8 %round_keys_105" [src/aes128.cpp:63]   --->   Operation 575 'load' 'round_keys_105_load_2' <Predicate = true> <Delay = 0.00>
ST_3 : Operation 576 [1/1] (0.00ns)   --->   "%round_keys_109_load_2 = load i8 %round_keys_109" [src/aes128.cpp:63]   --->   Operation 576 'load' 'round_keys_109_load_2' <Predicate = true> <Delay = 0.00>
ST_3 : Operation 577 [1/1] (0.00ns)   --->   "%round_keys_113_load_2 = load i8 %round_keys_113" [src/aes128.cpp:63]   --->   Operation 577 'load' 'round_keys_113_load_2' <Predicate = true> <Delay = 0.00>
ST_3 : Operation 578 [1/1] (0.00ns)   --->   "%round_keys_117_load_2 = load i8 %round_keys_117" [src/aes128.cpp:63]   --->   Operation 578 'load' 'round_keys_117_load_2' <Predicate = true> <Delay = 0.00>
ST_3 : Operation 579 [1/1] (0.00ns)   --->   "%round_keys_121_load_2 = load i8 %round_keys_121" [src/aes128.cpp:63]   --->   Operation 579 'load' 'round_keys_121_load_2' <Predicate = true> <Delay = 0.00>
ST_3 : Operation 580 [1/1] (0.00ns)   --->   "%round_keys_125_load_2 = load i8 %round_keys_125" [src/aes128.cpp:63]   --->   Operation 580 'load' 'round_keys_125_load_2' <Predicate = true> <Delay = 0.00>
ST_3 : Operation 581 [1/1] (0.00ns)   --->   "%round_keys_129_load_2 = load i8 %round_keys_129" [src/aes128.cpp:63]   --->   Operation 581 'load' 'round_keys_129_load_2' <Predicate = true> <Delay = 0.00>
ST_3 : Operation 582 [1/1] (0.00ns)   --->   "%round_keys_133_load_2 = load i8 %round_keys_133" [src/aes128.cpp:63]   --->   Operation 582 'load' 'round_keys_133_load_2' <Predicate = true> <Delay = 0.00>
ST_3 : Operation 583 [1/1] (0.00ns)   --->   "%round_keys_137_load_2 = load i8 %round_keys_137" [src/aes128.cpp:63]   --->   Operation 583 'load' 'round_keys_137_load_2' <Predicate = true> <Delay = 0.00>
ST_3 : Operation 584 [1/1] (0.00ns)   --->   "%round_keys_141_load_2 = load i8 %round_keys_141" [src/aes128.cpp:63]   --->   Operation 584 'load' 'round_keys_141_load_2' <Predicate = true> <Delay = 0.00>
ST_3 : Operation 585 [1/1] (0.00ns)   --->   "%round_keys_145_load_2 = load i8 %round_keys_145" [src/aes128.cpp:63]   --->   Operation 585 'load' 'round_keys_145_load_2' <Predicate = true> <Delay = 0.00>
ST_3 : Operation 586 [1/1] (0.00ns)   --->   "%round_keys_149_load_2 = load i8 %round_keys_149" [src/aes128.cpp:63]   --->   Operation 586 'load' 'round_keys_149_load_2' <Predicate = true> <Delay = 0.00>
ST_3 : Operation 587 [1/1] (0.00ns)   --->   "%round_keys_153_load_2 = load i8 %round_keys_153" [src/aes128.cpp:63]   --->   Operation 587 'load' 'round_keys_153_load_2' <Predicate = true> <Delay = 0.00>
ST_3 : Operation 588 [1/1] (0.00ns)   --->   "%round_keys_157_load_2 = load i8 %round_keys_157" [src/aes128.cpp:63]   --->   Operation 588 'load' 'round_keys_157_load_2' <Predicate = true> <Delay = 0.00>
ST_3 : Operation 589 [1/1] (4.40ns)   --->   "%tmp_s = mux i8 @_ssdm_op_Mux.ap_auto.157i8.i8, i8 %round_keys_1_read, i8 0, i8 0, i8 0, i8 %round_keys_5_read, i8 0, i8 0, i8 0, i8 %round_keys_9_read, i8 0, i8 0, i8 0, i8 %round_keys_13_read, i8 0, i8 0, i8 0, i8 %round_keys_17_load_2, i8 0, i8 0, i8 0, i8 %round_keys_21_load_2, i8 0, i8 0, i8 0, i8 %round_keys_25_load_2, i8 0, i8 0, i8 0, i8 %round_keys_29_load_2, i8 0, i8 0, i8 0, i8 %round_keys_33_load_2, i8 0, i8 0, i8 0, i8 %round_keys_37_load_2, i8 0, i8 0, i8 0, i8 %round_keys_41_load_2, i8 0, i8 0, i8 0, i8 %round_keys_45_load_2, i8 0, i8 0, i8 0, i8 %round_keys_49_load_2, i8 0, i8 0, i8 0, i8 %round_keys_53_load_2, i8 0, i8 0, i8 0, i8 %round_keys_57_load_2, i8 0, i8 0, i8 0, i8 %round_keys_61_load_2, i8 0, i8 0, i8 0, i8 %round_keys_65_load_2, i8 0, i8 0, i8 0, i8 %round_keys_69_load_2, i8 0, i8 0, i8 0, i8 %round_keys_73_load_2, i8 0, i8 0, i8 0, i8 %round_keys_77_load_2, i8 0, i8 0, i8 0, i8 %round_keys_81_load_2, i8 0, i8 0, i8 0, i8 %round_keys_85_load_2, i8 0, i8 0, i8 0, i8 %round_keys_89_load_2, i8 0, i8 0, i8 0, i8 %round_keys_93_load_2, i8 0, i8 0, i8 0, i8 %round_keys_97_load_2, i8 0, i8 0, i8 0, i8 %round_keys_101_load_2, i8 0, i8 0, i8 0, i8 %round_keys_105_load_2, i8 0, i8 0, i8 0, i8 %round_keys_109_load_2, i8 0, i8 0, i8 0, i8 %round_keys_113_load_2, i8 0, i8 0, i8 0, i8 %round_keys_117_load_2, i8 0, i8 0, i8 0, i8 %round_keys_121_load_2, i8 0, i8 0, i8 0, i8 %round_keys_125_load_2, i8 0, i8 0, i8 0, i8 %round_keys_129_load_2, i8 0, i8 0, i8 0, i8 %round_keys_133_load_2, i8 0, i8 0, i8 0, i8 %round_keys_137_load_2, i8 0, i8 0, i8 0, i8 %round_keys_141_load_2, i8 0, i8 0, i8 0, i8 %round_keys_145_load_2, i8 0, i8 0, i8 0, i8 %round_keys_149_load_2, i8 0, i8 0, i8 0, i8 %round_keys_153_load_2, i8 0, i8 0, i8 0, i8 %round_keys_157_load_2, i8 %add_ln62" [src/aes128.cpp:63]   --->   Operation 589 'mux' 'tmp_s' <Predicate = true> <Delay = 4.40> <CoreInst = "Multiplexer">   --->   Core 76 'Multiplexer' <Latency = 0> <II = 1> <Delay = 4.40> <FuncUnit> <Opcode : 'mux'> <InPorts = 2> <OutPorts = 1>
ST_3 : Operation 590 [1/1] (0.99ns)   --->   "%round_keys_177 = xor i8 %tmp_s, i8 %temp_11" [src/aes128.cpp:63]   --->   Operation 590 'xor' 'round_keys_177' <Predicate = true> <Delay = 0.99> <CoreInst = "LogicGate">   --->   Core 74 'LogicGate' <Latency = 0> <II = 1> <Delay = 0.99> <FuncUnit> <Opcode : 'and' 'or' 'xor'> <InPorts = 2> <OutPorts = 1>
ST_3 : Operation 591 [1/1] (0.00ns)   --->   "%store_ln63 = store i8 %round_keys_177, i8 %round_keys_169" [src/aes128.cpp:63]   --->   Operation 591 'store' 'store_ln63' <Predicate = (xor_ln62 == 10)> <Delay = 0.00>
ST_3 : Operation 592 [1/1] (0.00ns)   --->   "%store_ln63 = store i8 %round_keys_177, i8 %round_keys_165" [src/aes128.cpp:63]   --->   Operation 592 'store' 'store_ln63' <Predicate = (xor_ln62 == 9)> <Delay = 0.00>
ST_3 : Operation 593 [1/1] (0.00ns)   --->   "%store_ln63 = store i8 %round_keys_177, i8 %round_keys_161" [src/aes128.cpp:63]   --->   Operation 593 'store' 'store_ln63' <Predicate = (xor_ln62 == 8)> <Delay = 0.00>
ST_3 : Operation 594 [1/1] (0.00ns)   --->   "%store_ln63 = store i8 %round_keys_177, i8 %round_keys_157" [src/aes128.cpp:63]   --->   Operation 594 'store' 'store_ln63' <Predicate = (xor_ln62 == 7)> <Delay = 0.00>
ST_3 : Operation 595 [1/1] (0.00ns)   --->   "%store_ln63 = store i8 %round_keys_177, i8 %round_keys_153" [src/aes128.cpp:63]   --->   Operation 595 'store' 'store_ln63' <Predicate = (xor_ln62 == 6)> <Delay = 0.00>
ST_3 : Operation 596 [1/1] (0.00ns)   --->   "%store_ln63 = store i8 %round_keys_177, i8 %round_keys_149" [src/aes128.cpp:63]   --->   Operation 596 'store' 'store_ln63' <Predicate = (xor_ln62 == 5)> <Delay = 0.00>
ST_3 : Operation 597 [1/1] (0.00ns)   --->   "%store_ln63 = store i8 %round_keys_177, i8 %round_keys_145" [src/aes128.cpp:63]   --->   Operation 597 'store' 'store_ln63' <Predicate = (xor_ln62 == 4)> <Delay = 0.00>
ST_3 : Operation 598 [1/1] (0.00ns)   --->   "%store_ln63 = store i8 %round_keys_177, i8 %round_keys_141" [src/aes128.cpp:63]   --->   Operation 598 'store' 'store_ln63' <Predicate = (xor_ln62 == 3)> <Delay = 0.00>
ST_3 : Operation 599 [1/1] (0.00ns)   --->   "%store_ln63 = store i8 %round_keys_177, i8 %round_keys_137" [src/aes128.cpp:63]   --->   Operation 599 'store' 'store_ln63' <Predicate = (xor_ln62 == 2)> <Delay = 0.00>
ST_3 : Operation 600 [1/1] (0.00ns)   --->   "%store_ln63 = store i8 %round_keys_177, i8 %round_keys_133" [src/aes128.cpp:63]   --->   Operation 600 'store' 'store_ln63' <Predicate = (xor_ln62 == 1)> <Delay = 0.00>
ST_3 : Operation 601 [1/1] (0.00ns)   --->   "%store_ln63 = store i8 %round_keys_177, i8 %round_keys_129" [src/aes128.cpp:63]   --->   Operation 601 'store' 'store_ln63' <Predicate = (xor_ln62 == 0)> <Delay = 0.00>
ST_3 : Operation 602 [1/1] (0.00ns)   --->   "%store_ln63 = store i8 %round_keys_177, i8 %round_keys_125" [src/aes128.cpp:63]   --->   Operation 602 'store' 'store_ln63' <Predicate = (xor_ln62 == 63)> <Delay = 0.00>
ST_3 : Operation 603 [1/1] (0.00ns)   --->   "%store_ln63 = store i8 %round_keys_177, i8 %round_keys_121" [src/aes128.cpp:63]   --->   Operation 603 'store' 'store_ln63' <Predicate = (xor_ln62 == 62)> <Delay = 0.00>
ST_3 : Operation 604 [1/1] (0.00ns)   --->   "%store_ln63 = store i8 %round_keys_177, i8 %round_keys_117" [src/aes128.cpp:63]   --->   Operation 604 'store' 'store_ln63' <Predicate = (xor_ln62 == 61)> <Delay = 0.00>
ST_3 : Operation 605 [1/1] (0.00ns)   --->   "%store_ln63 = store i8 %round_keys_177, i8 %round_keys_113" [src/aes128.cpp:63]   --->   Operation 605 'store' 'store_ln63' <Predicate = (xor_ln62 == 60)> <Delay = 0.00>
ST_3 : Operation 606 [1/1] (0.00ns)   --->   "%store_ln63 = store i8 %round_keys_177, i8 %round_keys_109" [src/aes128.cpp:63]   --->   Operation 606 'store' 'store_ln63' <Predicate = (xor_ln62 == 59)> <Delay = 0.00>
ST_3 : Operation 607 [1/1] (0.00ns)   --->   "%store_ln63 = store i8 %round_keys_177, i8 %round_keys_105" [src/aes128.cpp:63]   --->   Operation 607 'store' 'store_ln63' <Predicate = (xor_ln62 == 58)> <Delay = 0.00>
ST_3 : Operation 608 [1/1] (0.00ns)   --->   "%store_ln63 = store i8 %round_keys_177, i8 %round_keys_101" [src/aes128.cpp:63]   --->   Operation 608 'store' 'store_ln63' <Predicate = (xor_ln62 == 57)> <Delay = 0.00>
ST_3 : Operation 609 [1/1] (0.00ns)   --->   "%store_ln63 = store i8 %round_keys_177, i8 %round_keys_97" [src/aes128.cpp:63]   --->   Operation 609 'store' 'store_ln63' <Predicate = (xor_ln62 == 56)> <Delay = 0.00>
ST_3 : Operation 610 [1/1] (0.00ns)   --->   "%store_ln63 = store i8 %round_keys_177, i8 %round_keys_93" [src/aes128.cpp:63]   --->   Operation 610 'store' 'store_ln63' <Predicate = (xor_ln62 == 55)> <Delay = 0.00>
ST_3 : Operation 611 [1/1] (0.00ns)   --->   "%store_ln63 = store i8 %round_keys_177, i8 %round_keys_89" [src/aes128.cpp:63]   --->   Operation 611 'store' 'store_ln63' <Predicate = (xor_ln62 == 54)> <Delay = 0.00>
ST_3 : Operation 612 [1/1] (0.00ns)   --->   "%store_ln63 = store i8 %round_keys_177, i8 %round_keys_85" [src/aes128.cpp:63]   --->   Operation 612 'store' 'store_ln63' <Predicate = (xor_ln62 == 53)> <Delay = 0.00>
ST_3 : Operation 613 [1/1] (0.00ns)   --->   "%store_ln63 = store i8 %round_keys_177, i8 %round_keys_81" [src/aes128.cpp:63]   --->   Operation 613 'store' 'store_ln63' <Predicate = (xor_ln62 == 52)> <Delay = 0.00>
ST_3 : Operation 614 [1/1] (0.00ns)   --->   "%store_ln63 = store i8 %round_keys_177, i8 %round_keys_77" [src/aes128.cpp:63]   --->   Operation 614 'store' 'store_ln63' <Predicate = (xor_ln62 == 51)> <Delay = 0.00>
ST_3 : Operation 615 [1/1] (0.00ns)   --->   "%store_ln63 = store i8 %round_keys_177, i8 %round_keys_73" [src/aes128.cpp:63]   --->   Operation 615 'store' 'store_ln63' <Predicate = (xor_ln62 == 50)> <Delay = 0.00>
ST_3 : Operation 616 [1/1] (0.00ns)   --->   "%store_ln63 = store i8 %round_keys_177, i8 %round_keys_69" [src/aes128.cpp:63]   --->   Operation 616 'store' 'store_ln63' <Predicate = (xor_ln62 == 49)> <Delay = 0.00>
ST_3 : Operation 617 [1/1] (0.00ns)   --->   "%store_ln63 = store i8 %round_keys_177, i8 %round_keys_65" [src/aes128.cpp:63]   --->   Operation 617 'store' 'store_ln63' <Predicate = (xor_ln62 == 48)> <Delay = 0.00>
ST_3 : Operation 618 [1/1] (0.00ns)   --->   "%store_ln63 = store i8 %round_keys_177, i8 %round_keys_61" [src/aes128.cpp:63]   --->   Operation 618 'store' 'store_ln63' <Predicate = (xor_ln62 == 47)> <Delay = 0.00>
ST_3 : Operation 619 [1/1] (0.00ns)   --->   "%store_ln63 = store i8 %round_keys_177, i8 %round_keys_57" [src/aes128.cpp:63]   --->   Operation 619 'store' 'store_ln63' <Predicate = (xor_ln62 == 46)> <Delay = 0.00>
ST_3 : Operation 620 [1/1] (0.00ns)   --->   "%store_ln63 = store i8 %round_keys_177, i8 %round_keys_53" [src/aes128.cpp:63]   --->   Operation 620 'store' 'store_ln63' <Predicate = (xor_ln62 == 45)> <Delay = 0.00>
ST_3 : Operation 621 [1/1] (0.00ns)   --->   "%store_ln63 = store i8 %round_keys_177, i8 %round_keys_49" [src/aes128.cpp:63]   --->   Operation 621 'store' 'store_ln63' <Predicate = (xor_ln62 == 44)> <Delay = 0.00>
ST_3 : Operation 622 [1/1] (0.00ns)   --->   "%store_ln63 = store i8 %round_keys_177, i8 %round_keys_45" [src/aes128.cpp:63]   --->   Operation 622 'store' 'store_ln63' <Predicate = (xor_ln62 == 43)> <Delay = 0.00>
ST_3 : Operation 623 [1/1] (0.00ns)   --->   "%store_ln63 = store i8 %round_keys_177, i8 %round_keys_41" [src/aes128.cpp:63]   --->   Operation 623 'store' 'store_ln63' <Predicate = (xor_ln62 == 42)> <Delay = 0.00>
ST_3 : Operation 624 [1/1] (0.00ns)   --->   "%store_ln63 = store i8 %round_keys_177, i8 %round_keys_37" [src/aes128.cpp:63]   --->   Operation 624 'store' 'store_ln63' <Predicate = (xor_ln62 == 41)> <Delay = 0.00>
ST_3 : Operation 625 [1/1] (0.00ns)   --->   "%store_ln63 = store i8 %round_keys_177, i8 %round_keys_33" [src/aes128.cpp:63]   --->   Operation 625 'store' 'store_ln63' <Predicate = (xor_ln62 == 40)> <Delay = 0.00>
ST_3 : Operation 626 [1/1] (0.00ns)   --->   "%store_ln63 = store i8 %round_keys_177, i8 %round_keys_29" [src/aes128.cpp:63]   --->   Operation 626 'store' 'store_ln63' <Predicate = (xor_ln62 == 39)> <Delay = 0.00>
ST_3 : Operation 627 [1/1] (0.00ns)   --->   "%store_ln63 = store i8 %round_keys_177, i8 %round_keys_25" [src/aes128.cpp:63]   --->   Operation 627 'store' 'store_ln63' <Predicate = (xor_ln62 == 38)> <Delay = 0.00>
ST_3 : Operation 628 [1/1] (0.00ns)   --->   "%store_ln63 = store i8 %round_keys_177, i8 %round_keys_21" [src/aes128.cpp:63]   --->   Operation 628 'store' 'store_ln63' <Predicate = (xor_ln62 == 37)> <Delay = 0.00>
ST_3 : Operation 629 [1/1] (0.00ns)   --->   "%store_ln63 = store i8 %round_keys_177, i8 %round_keys_17" [src/aes128.cpp:63]   --->   Operation 629 'store' 'store_ln63' <Predicate = (xor_ln62 == 36)> <Delay = 0.00>
ST_3 : Operation 630 [1/1] (0.00ns)   --->   "%store_ln63 = store i8 %round_keys_177, i8 %round_keys_173" [src/aes128.cpp:63]   --->   Operation 630 'store' 'store_ln63' <Predicate = (xor_ln62 == 35) | (xor_ln62 == 34) | (xor_ln62 == 33) | (xor_ln62 == 32) | (xor_ln62 == 31) | (xor_ln62 == 30) | (xor_ln62 == 29) | (xor_ln62 == 28) | (xor_ln62 == 27) | (xor_ln62 == 26) | (xor_ln62 == 25) | (xor_ln62 == 24) | (xor_ln62 == 23) | (xor_ln62 == 22) | (xor_ln62 == 21) | (xor_ln62 == 20) | (xor_ln62 == 19) | (xor_ln62 == 18) | (xor_ln62 == 17) | (xor_ln62 == 16) | (xor_ln62 == 15) | (xor_ln62 == 14) | (xor_ln62 == 13) | (xor_ln62 == 12) | (xor_ln62 == 11)> <Delay = 0.00>
ST_3 : Operation 631 [1/1] (0.00ns)   --->   "%round_keys_18_load_2 = load i8 %round_keys_18" [src/aes128.cpp:64]   --->   Operation 631 'load' 'round_keys_18_load_2' <Predicate = true> <Delay = 0.00>
ST_3 : Operation 632 [1/1] (0.00ns)   --->   "%round_keys_22_load_2 = load i8 %round_keys_22" [src/aes128.cpp:64]   --->   Operation 632 'load' 'round_keys_22_load_2' <Predicate = true> <Delay = 0.00>
ST_3 : Operation 633 [1/1] (0.00ns)   --->   "%round_keys_26_load_2 = load i8 %round_keys_26" [src/aes128.cpp:64]   --->   Operation 633 'load' 'round_keys_26_load_2' <Predicate = true> <Delay = 0.00>
ST_3 : Operation 634 [1/1] (0.00ns)   --->   "%round_keys_30_load_2 = load i8 %round_keys_30" [src/aes128.cpp:64]   --->   Operation 634 'load' 'round_keys_30_load_2' <Predicate = true> <Delay = 0.00>
ST_3 : Operation 635 [1/1] (0.00ns)   --->   "%round_keys_34_load_2 = load i8 %round_keys_34" [src/aes128.cpp:64]   --->   Operation 635 'load' 'round_keys_34_load_2' <Predicate = true> <Delay = 0.00>
ST_3 : Operation 636 [1/1] (0.00ns)   --->   "%round_keys_38_load_2 = load i8 %round_keys_38" [src/aes128.cpp:64]   --->   Operation 636 'load' 'round_keys_38_load_2' <Predicate = true> <Delay = 0.00>
ST_3 : Operation 637 [1/1] (0.00ns)   --->   "%round_keys_42_load_2 = load i8 %round_keys_42" [src/aes128.cpp:64]   --->   Operation 637 'load' 'round_keys_42_load_2' <Predicate = true> <Delay = 0.00>
ST_3 : Operation 638 [1/1] (0.00ns)   --->   "%round_keys_46_load_2 = load i8 %round_keys_46" [src/aes128.cpp:64]   --->   Operation 638 'load' 'round_keys_46_load_2' <Predicate = true> <Delay = 0.00>
ST_3 : Operation 639 [1/1] (0.00ns)   --->   "%round_keys_50_load_2 = load i8 %round_keys_50" [src/aes128.cpp:64]   --->   Operation 639 'load' 'round_keys_50_load_2' <Predicate = true> <Delay = 0.00>
ST_3 : Operation 640 [1/1] (0.00ns)   --->   "%round_keys_54_load_2 = load i8 %round_keys_54" [src/aes128.cpp:64]   --->   Operation 640 'load' 'round_keys_54_load_2' <Predicate = true> <Delay = 0.00>
ST_3 : Operation 641 [1/1] (0.00ns)   --->   "%round_keys_58_load301 = load i8 %round_keys_58" [src/aes128.cpp:64]   --->   Operation 641 'load' 'round_keys_58_load301' <Predicate = true> <Delay = 0.00>
ST_3 : Operation 642 [1/1] (0.00ns)   --->   "%round_keys_62_load_2 = load i8 %round_keys_62" [src/aes128.cpp:64]   --->   Operation 642 'load' 'round_keys_62_load_2' <Predicate = true> <Delay = 0.00>
ST_3 : Operation 643 [1/1] (0.00ns)   --->   "%round_keys_66_load_2 = load i8 %round_keys_66" [src/aes128.cpp:64]   --->   Operation 643 'load' 'round_keys_66_load_2' <Predicate = true> <Delay = 0.00>
ST_3 : Operation 644 [1/1] (0.00ns)   --->   "%round_keys_70_load_2 = load i8 %round_keys_70" [src/aes128.cpp:64]   --->   Operation 644 'load' 'round_keys_70_load_2' <Predicate = true> <Delay = 0.00>
ST_3 : Operation 645 [1/1] (0.00ns)   --->   "%round_keys_74_load_2 = load i8 %round_keys_74" [src/aes128.cpp:64]   --->   Operation 645 'load' 'round_keys_74_load_2' <Predicate = true> <Delay = 0.00>
ST_3 : Operation 646 [1/1] (0.00ns)   --->   "%round_keys_78_load_2 = load i8 %round_keys_78" [src/aes128.cpp:64]   --->   Operation 646 'load' 'round_keys_78_load_2' <Predicate = true> <Delay = 0.00>
ST_3 : Operation 647 [1/1] (0.00ns)   --->   "%round_keys_82_load_2 = load i8 %round_keys_82" [src/aes128.cpp:64]   --->   Operation 647 'load' 'round_keys_82_load_2' <Predicate = true> <Delay = 0.00>
ST_3 : Operation 648 [1/1] (0.00ns)   --->   "%round_keys_86_load_2 = load i8 %round_keys_86" [src/aes128.cpp:64]   --->   Operation 648 'load' 'round_keys_86_load_2' <Predicate = true> <Delay = 0.00>
ST_3 : Operation 649 [1/1] (0.00ns)   --->   "%round_keys_90_load_2 = load i8 %round_keys_90" [src/aes128.cpp:64]   --->   Operation 649 'load' 'round_keys_90_load_2' <Predicate = true> <Delay = 0.00>
ST_3 : Operation 650 [1/1] (0.00ns)   --->   "%round_keys_94_load_2 = load i8 %round_keys_94" [src/aes128.cpp:64]   --->   Operation 650 'load' 'round_keys_94_load_2' <Predicate = true> <Delay = 0.00>
ST_3 : Operation 651 [1/1] (0.00ns)   --->   "%round_keys_98_load_2 = load i8 %round_keys_98" [src/aes128.cpp:64]   --->   Operation 651 'load' 'round_keys_98_load_2' <Predicate = true> <Delay = 0.00>
ST_3 : Operation 652 [1/1] (0.00ns)   --->   "%round_keys_102_load_2 = load i8 %round_keys_102" [src/aes128.cpp:64]   --->   Operation 652 'load' 'round_keys_102_load_2' <Predicate = true> <Delay = 0.00>
ST_3 : Operation 653 [1/1] (0.00ns)   --->   "%round_keys_106_load_2 = load i8 %round_keys_106" [src/aes128.cpp:64]   --->   Operation 653 'load' 'round_keys_106_load_2' <Predicate = true> <Delay = 0.00>
ST_3 : Operation 654 [1/1] (0.00ns)   --->   "%round_keys_110_load_2 = load i8 %round_keys_110" [src/aes128.cpp:64]   --->   Operation 654 'load' 'round_keys_110_load_2' <Predicate = true> <Delay = 0.00>
ST_3 : Operation 655 [1/1] (0.00ns)   --->   "%round_keys_114_load_2 = load i8 %round_keys_114" [src/aes128.cpp:64]   --->   Operation 655 'load' 'round_keys_114_load_2' <Predicate = true> <Delay = 0.00>
ST_3 : Operation 656 [1/1] (0.00ns)   --->   "%round_keys_118_load_2 = load i8 %round_keys_118" [src/aes128.cpp:64]   --->   Operation 656 'load' 'round_keys_118_load_2' <Predicate = true> <Delay = 0.00>
ST_3 : Operation 657 [1/1] (0.00ns)   --->   "%round_keys_122_load_2 = load i8 %round_keys_122" [src/aes128.cpp:64]   --->   Operation 657 'load' 'round_keys_122_load_2' <Predicate = true> <Delay = 0.00>
ST_3 : Operation 658 [1/1] (0.00ns)   --->   "%round_keys_126_load_2 = load i8 %round_keys_126" [src/aes128.cpp:64]   --->   Operation 658 'load' 'round_keys_126_load_2' <Predicate = true> <Delay = 0.00>
ST_3 : Operation 659 [1/1] (0.00ns)   --->   "%round_keys_130_load_2 = load i8 %round_keys_130" [src/aes128.cpp:64]   --->   Operation 659 'load' 'round_keys_130_load_2' <Predicate = true> <Delay = 0.00>
ST_3 : Operation 660 [1/1] (0.00ns)   --->   "%round_keys_134_load_2 = load i8 %round_keys_134" [src/aes128.cpp:64]   --->   Operation 660 'load' 'round_keys_134_load_2' <Predicate = true> <Delay = 0.00>
ST_3 : Operation 661 [1/1] (0.00ns)   --->   "%round_keys_138_load_2 = load i8 %round_keys_138" [src/aes128.cpp:64]   --->   Operation 661 'load' 'round_keys_138_load_2' <Predicate = true> <Delay = 0.00>
ST_3 : Operation 662 [1/1] (0.00ns)   --->   "%round_keys_142_load_2 = load i8 %round_keys_142" [src/aes128.cpp:64]   --->   Operation 662 'load' 'round_keys_142_load_2' <Predicate = true> <Delay = 0.00>
ST_3 : Operation 663 [1/1] (0.00ns)   --->   "%round_keys_146_load_2 = load i8 %round_keys_146" [src/aes128.cpp:64]   --->   Operation 663 'load' 'round_keys_146_load_2' <Predicate = true> <Delay = 0.00>
ST_3 : Operation 664 [1/1] (0.00ns)   --->   "%round_keys_150_load_2 = load i8 %round_keys_150" [src/aes128.cpp:64]   --->   Operation 664 'load' 'round_keys_150_load_2' <Predicate = true> <Delay = 0.00>
ST_3 : Operation 665 [1/1] (0.00ns)   --->   "%round_keys_154_load_2 = load i8 %round_keys_154" [src/aes128.cpp:64]   --->   Operation 665 'load' 'round_keys_154_load_2' <Predicate = true> <Delay = 0.00>
ST_3 : Operation 666 [1/1] (0.00ns)   --->   "%round_keys_158_load_2 = load i8 %round_keys_158" [src/aes128.cpp:64]   --->   Operation 666 'load' 'round_keys_158_load_2' <Predicate = true> <Delay = 0.00>
ST_3 : Operation 667 [1/1] (4.40ns)   --->   "%tmp_1 = mux i8 @_ssdm_op_Mux.ap_auto.157i8.i8, i8 %round_keys_2_read, i8 0, i8 0, i8 0, i8 %round_keys_6_read, i8 0, i8 0, i8 0, i8 %round_keys_10_read, i8 0, i8 0, i8 0, i8 %round_keys_14_read, i8 0, i8 0, i8 0, i8 %round_keys_18_load_2, i8 0, i8 0, i8 0, i8 %round_keys_22_load_2, i8 0, i8 0, i8 0, i8 %round_keys_26_load_2, i8 0, i8 0, i8 0, i8 %round_keys_30_load_2, i8 0, i8 0, i8 0, i8 %round_keys_34_load_2, i8 0, i8 0, i8 0, i8 %round_keys_38_load_2, i8 0, i8 0, i8 0, i8 %round_keys_42_load_2, i8 0, i8 0, i8 0, i8 %round_keys_46_load_2, i8 0, i8 0, i8 0, i8 %round_keys_50_load_2, i8 0, i8 0, i8 0, i8 %round_keys_54_load_2, i8 0, i8 0, i8 0, i8 %round_keys_58_load301, i8 0, i8 0, i8 0, i8 %round_keys_62_load_2, i8 0, i8 0, i8 0, i8 %round_keys_66_load_2, i8 0, i8 0, i8 0, i8 %round_keys_70_load_2, i8 0, i8 0, i8 0, i8 %round_keys_74_load_2, i8 0, i8 0, i8 0, i8 %round_keys_78_load_2, i8 0, i8 0, i8 0, i8 %round_keys_82_load_2, i8 0, i8 0, i8 0, i8 %round_keys_86_load_2, i8 0, i8 0, i8 0, i8 %round_keys_90_load_2, i8 0, i8 0, i8 0, i8 %round_keys_94_load_2, i8 0, i8 0, i8 0, i8 %round_keys_98_load_2, i8 0, i8 0, i8 0, i8 %round_keys_102_load_2, i8 0, i8 0, i8 0, i8 %round_keys_106_load_2, i8 0, i8 0, i8 0, i8 %round_keys_110_load_2, i8 0, i8 0, i8 0, i8 %round_keys_114_load_2, i8 0, i8 0, i8 0, i8 %round_keys_118_load_2, i8 0, i8 0, i8 0, i8 %round_keys_122_load_2, i8 0, i8 0, i8 0, i8 %round_keys_126_load_2, i8 0, i8 0, i8 0, i8 %round_keys_130_load_2, i8 0, i8 0, i8 0, i8 %round_keys_134_load_2, i8 0, i8 0, i8 0, i8 %round_keys_138_load_2, i8 0, i8 0, i8 0, i8 %round_keys_142_load_2, i8 0, i8 0, i8 0, i8 %round_keys_146_load_2, i8 0, i8 0, i8 0, i8 %round_keys_150_load_2, i8 0, i8 0, i8 0, i8 %round_keys_154_load_2, i8 0, i8 0, i8 0, i8 %round_keys_158_load_2, i8 %add_ln62" [src/aes128.cpp:64]   --->   Operation 667 'mux' 'tmp_1' <Predicate = true> <Delay = 4.40> <CoreInst = "Multiplexer">   --->   Core 76 'Multiplexer' <Latency = 0> <II = 1> <Delay = 4.40> <FuncUnit> <Opcode : 'mux'> <InPorts = 2> <OutPorts = 1>
ST_3 : Operation 668 [1/1] (0.99ns)   --->   "%round_keys_178 = xor i8 %tmp_1, i8 %temp_10" [src/aes128.cpp:64]   --->   Operation 668 'xor' 'round_keys_178' <Predicate = true> <Delay = 0.99> <CoreInst = "LogicGate">   --->   Core 74 'LogicGate' <Latency = 0> <II = 1> <Delay = 0.99> <FuncUnit> <Opcode : 'and' 'or' 'xor'> <InPorts = 2> <OutPorts = 1>
ST_3 : Operation 669 [1/1] (0.00ns)   --->   "%store_ln64 = store i8 %round_keys_178, i8 %round_keys_170" [src/aes128.cpp:64]   --->   Operation 669 'store' 'store_ln64' <Predicate = (xor_ln62 == 10)> <Delay = 0.00>
ST_3 : Operation 670 [1/1] (0.00ns)   --->   "%store_ln64 = store i8 %round_keys_178, i8 %round_keys_166" [src/aes128.cpp:64]   --->   Operation 670 'store' 'store_ln64' <Predicate = (xor_ln62 == 9)> <Delay = 0.00>
ST_3 : Operation 671 [1/1] (0.00ns)   --->   "%store_ln64 = store i8 %round_keys_178, i8 %round_keys_162" [src/aes128.cpp:64]   --->   Operation 671 'store' 'store_ln64' <Predicate = (xor_ln62 == 8)> <Delay = 0.00>
ST_3 : Operation 672 [1/1] (0.00ns)   --->   "%store_ln64 = store i8 %round_keys_178, i8 %round_keys_158" [src/aes128.cpp:64]   --->   Operation 672 'store' 'store_ln64' <Predicate = (xor_ln62 == 7)> <Delay = 0.00>
ST_3 : Operation 673 [1/1] (0.00ns)   --->   "%store_ln64 = store i8 %round_keys_178, i8 %round_keys_154" [src/aes128.cpp:64]   --->   Operation 673 'store' 'store_ln64' <Predicate = (xor_ln62 == 6)> <Delay = 0.00>
ST_3 : Operation 674 [1/1] (0.00ns)   --->   "%store_ln64 = store i8 %round_keys_178, i8 %round_keys_150" [src/aes128.cpp:64]   --->   Operation 674 'store' 'store_ln64' <Predicate = (xor_ln62 == 5)> <Delay = 0.00>
ST_3 : Operation 675 [1/1] (0.00ns)   --->   "%store_ln64 = store i8 %round_keys_178, i8 %round_keys_146" [src/aes128.cpp:64]   --->   Operation 675 'store' 'store_ln64' <Predicate = (xor_ln62 == 4)> <Delay = 0.00>
ST_3 : Operation 676 [1/1] (0.00ns)   --->   "%store_ln64 = store i8 %round_keys_178, i8 %round_keys_142" [src/aes128.cpp:64]   --->   Operation 676 'store' 'store_ln64' <Predicate = (xor_ln62 == 3)> <Delay = 0.00>
ST_3 : Operation 677 [1/1] (0.00ns)   --->   "%store_ln64 = store i8 %round_keys_178, i8 %round_keys_138" [src/aes128.cpp:64]   --->   Operation 677 'store' 'store_ln64' <Predicate = (xor_ln62 == 2)> <Delay = 0.00>
ST_3 : Operation 678 [1/1] (0.00ns)   --->   "%store_ln64 = store i8 %round_keys_178, i8 %round_keys_134" [src/aes128.cpp:64]   --->   Operation 678 'store' 'store_ln64' <Predicate = (xor_ln62 == 1)> <Delay = 0.00>
ST_3 : Operation 679 [1/1] (0.00ns)   --->   "%store_ln64 = store i8 %round_keys_178, i8 %round_keys_130" [src/aes128.cpp:64]   --->   Operation 679 'store' 'store_ln64' <Predicate = (xor_ln62 == 0)> <Delay = 0.00>
ST_3 : Operation 680 [1/1] (0.00ns)   --->   "%store_ln64 = store i8 %round_keys_178, i8 %round_keys_126" [src/aes128.cpp:64]   --->   Operation 680 'store' 'store_ln64' <Predicate = (xor_ln62 == 63)> <Delay = 0.00>
ST_3 : Operation 681 [1/1] (0.00ns)   --->   "%store_ln64 = store i8 %round_keys_178, i8 %round_keys_122" [src/aes128.cpp:64]   --->   Operation 681 'store' 'store_ln64' <Predicate = (xor_ln62 == 62)> <Delay = 0.00>
ST_3 : Operation 682 [1/1] (0.00ns)   --->   "%store_ln64 = store i8 %round_keys_178, i8 %round_keys_118" [src/aes128.cpp:64]   --->   Operation 682 'store' 'store_ln64' <Predicate = (xor_ln62 == 61)> <Delay = 0.00>
ST_3 : Operation 683 [1/1] (0.00ns)   --->   "%store_ln64 = store i8 %round_keys_178, i8 %round_keys_114" [src/aes128.cpp:64]   --->   Operation 683 'store' 'store_ln64' <Predicate = (xor_ln62 == 60)> <Delay = 0.00>
ST_3 : Operation 684 [1/1] (0.00ns)   --->   "%store_ln64 = store i8 %round_keys_178, i8 %round_keys_110" [src/aes128.cpp:64]   --->   Operation 684 'store' 'store_ln64' <Predicate = (xor_ln62 == 59)> <Delay = 0.00>
ST_3 : Operation 685 [1/1] (0.00ns)   --->   "%store_ln64 = store i8 %round_keys_178, i8 %round_keys_106" [src/aes128.cpp:64]   --->   Operation 685 'store' 'store_ln64' <Predicate = (xor_ln62 == 58)> <Delay = 0.00>
ST_3 : Operation 686 [1/1] (0.00ns)   --->   "%store_ln64 = store i8 %round_keys_178, i8 %round_keys_102" [src/aes128.cpp:64]   --->   Operation 686 'store' 'store_ln64' <Predicate = (xor_ln62 == 57)> <Delay = 0.00>
ST_3 : Operation 687 [1/1] (0.00ns)   --->   "%store_ln64 = store i8 %round_keys_178, i8 %round_keys_98" [src/aes128.cpp:64]   --->   Operation 687 'store' 'store_ln64' <Predicate = (xor_ln62 == 56)> <Delay = 0.00>
ST_3 : Operation 688 [1/1] (0.00ns)   --->   "%store_ln64 = store i8 %round_keys_178, i8 %round_keys_94" [src/aes128.cpp:64]   --->   Operation 688 'store' 'store_ln64' <Predicate = (xor_ln62 == 55)> <Delay = 0.00>
ST_3 : Operation 689 [1/1] (0.00ns)   --->   "%store_ln64 = store i8 %round_keys_178, i8 %round_keys_90" [src/aes128.cpp:64]   --->   Operation 689 'store' 'store_ln64' <Predicate = (xor_ln62 == 54)> <Delay = 0.00>
ST_3 : Operation 690 [1/1] (0.00ns)   --->   "%store_ln64 = store i8 %round_keys_178, i8 %round_keys_86" [src/aes128.cpp:64]   --->   Operation 690 'store' 'store_ln64' <Predicate = (xor_ln62 == 53)> <Delay = 0.00>
ST_3 : Operation 691 [1/1] (0.00ns)   --->   "%store_ln64 = store i8 %round_keys_178, i8 %round_keys_82" [src/aes128.cpp:64]   --->   Operation 691 'store' 'store_ln64' <Predicate = (xor_ln62 == 52)> <Delay = 0.00>
ST_3 : Operation 692 [1/1] (0.00ns)   --->   "%store_ln64 = store i8 %round_keys_178, i8 %round_keys_78" [src/aes128.cpp:64]   --->   Operation 692 'store' 'store_ln64' <Predicate = (xor_ln62 == 51)> <Delay = 0.00>
ST_3 : Operation 693 [1/1] (0.00ns)   --->   "%store_ln64 = store i8 %round_keys_178, i8 %round_keys_74" [src/aes128.cpp:64]   --->   Operation 693 'store' 'store_ln64' <Predicate = (xor_ln62 == 50)> <Delay = 0.00>
ST_3 : Operation 694 [1/1] (0.00ns)   --->   "%store_ln64 = store i8 %round_keys_178, i8 %round_keys_70" [src/aes128.cpp:64]   --->   Operation 694 'store' 'store_ln64' <Predicate = (xor_ln62 == 49)> <Delay = 0.00>
ST_3 : Operation 695 [1/1] (0.00ns)   --->   "%store_ln64 = store i8 %round_keys_178, i8 %round_keys_66" [src/aes128.cpp:64]   --->   Operation 695 'store' 'store_ln64' <Predicate = (xor_ln62 == 48)> <Delay = 0.00>
ST_3 : Operation 696 [1/1] (0.00ns)   --->   "%store_ln64 = store i8 %round_keys_178, i8 %round_keys_62" [src/aes128.cpp:64]   --->   Operation 696 'store' 'store_ln64' <Predicate = (xor_ln62 == 47)> <Delay = 0.00>
ST_3 : Operation 697 [1/1] (0.00ns)   --->   "%store_ln64 = store i8 %round_keys_178, i8 %round_keys_58" [src/aes128.cpp:64]   --->   Operation 697 'store' 'store_ln64' <Predicate = (xor_ln62 == 46)> <Delay = 0.00>
ST_3 : Operation 698 [1/1] (0.00ns)   --->   "%store_ln64 = store i8 %round_keys_178, i8 %round_keys_54" [src/aes128.cpp:64]   --->   Operation 698 'store' 'store_ln64' <Predicate = (xor_ln62 == 45)> <Delay = 0.00>
ST_3 : Operation 699 [1/1] (0.00ns)   --->   "%store_ln64 = store i8 %round_keys_178, i8 %round_keys_50" [src/aes128.cpp:64]   --->   Operation 699 'store' 'store_ln64' <Predicate = (xor_ln62 == 44)> <Delay = 0.00>
ST_3 : Operation 700 [1/1] (0.00ns)   --->   "%store_ln64 = store i8 %round_keys_178, i8 %round_keys_46" [src/aes128.cpp:64]   --->   Operation 700 'store' 'store_ln64' <Predicate = (xor_ln62 == 43)> <Delay = 0.00>
ST_3 : Operation 701 [1/1] (0.00ns)   --->   "%store_ln64 = store i8 %round_keys_178, i8 %round_keys_42" [src/aes128.cpp:64]   --->   Operation 701 'store' 'store_ln64' <Predicate = (xor_ln62 == 42)> <Delay = 0.00>
ST_3 : Operation 702 [1/1] (0.00ns)   --->   "%store_ln64 = store i8 %round_keys_178, i8 %round_keys_38" [src/aes128.cpp:64]   --->   Operation 702 'store' 'store_ln64' <Predicate = (xor_ln62 == 41)> <Delay = 0.00>
ST_3 : Operation 703 [1/1] (0.00ns)   --->   "%store_ln64 = store i8 %round_keys_178, i8 %round_keys_34" [src/aes128.cpp:64]   --->   Operation 703 'store' 'store_ln64' <Predicate = (xor_ln62 == 40)> <Delay = 0.00>
ST_3 : Operation 704 [1/1] (0.00ns)   --->   "%store_ln64 = store i8 %round_keys_178, i8 %round_keys_30" [src/aes128.cpp:64]   --->   Operation 704 'store' 'store_ln64' <Predicate = (xor_ln62 == 39)> <Delay = 0.00>
ST_3 : Operation 705 [1/1] (0.00ns)   --->   "%store_ln64 = store i8 %round_keys_178, i8 %round_keys_26" [src/aes128.cpp:64]   --->   Operation 705 'store' 'store_ln64' <Predicate = (xor_ln62 == 38)> <Delay = 0.00>
ST_3 : Operation 706 [1/1] (0.00ns)   --->   "%store_ln64 = store i8 %round_keys_178, i8 %round_keys_22" [src/aes128.cpp:64]   --->   Operation 706 'store' 'store_ln64' <Predicate = (xor_ln62 == 37)> <Delay = 0.00>
ST_3 : Operation 707 [1/1] (0.00ns)   --->   "%store_ln64 = store i8 %round_keys_178, i8 %round_keys_18" [src/aes128.cpp:64]   --->   Operation 707 'store' 'store_ln64' <Predicate = (xor_ln62 == 36)> <Delay = 0.00>
ST_3 : Operation 708 [1/1] (0.00ns)   --->   "%store_ln64 = store i8 %round_keys_178, i8 %round_keys_174" [src/aes128.cpp:64]   --->   Operation 708 'store' 'store_ln64' <Predicate = (xor_ln62 == 35) | (xor_ln62 == 34) | (xor_ln62 == 33) | (xor_ln62 == 32) | (xor_ln62 == 31) | (xor_ln62 == 30) | (xor_ln62 == 29) | (xor_ln62 == 28) | (xor_ln62 == 27) | (xor_ln62 == 26) | (xor_ln62 == 25) | (xor_ln62 == 24) | (xor_ln62 == 23) | (xor_ln62 == 22) | (xor_ln62 == 21) | (xor_ln62 == 20) | (xor_ln62 == 19) | (xor_ln62 == 18) | (xor_ln62 == 17) | (xor_ln62 == 16) | (xor_ln62 == 15) | (xor_ln62 == 14) | (xor_ln62 == 13) | (xor_ln62 == 12) | (xor_ln62 == 11)> <Delay = 0.00>
ST_3 : Operation 709 [1/1] (0.00ns)   --->   "%round_keys_19_load_2 = load i8 %round_keys_19" [src/aes128.cpp:65]   --->   Operation 709 'load' 'round_keys_19_load_2' <Predicate = true> <Delay = 0.00>
ST_3 : Operation 710 [1/1] (0.00ns)   --->   "%round_keys_23_load_2 = load i8 %round_keys_23" [src/aes128.cpp:65]   --->   Operation 710 'load' 'round_keys_23_load_2' <Predicate = true> <Delay = 0.00>
ST_3 : Operation 711 [1/1] (0.00ns)   --->   "%round_keys_27_load_2 = load i8 %round_keys_27" [src/aes128.cpp:65]   --->   Operation 711 'load' 'round_keys_27_load_2' <Predicate = true> <Delay = 0.00>
ST_3 : Operation 712 [1/1] (0.00ns)   --->   "%round_keys_31_load_2 = load i8 %round_keys_31" [src/aes128.cpp:65]   --->   Operation 712 'load' 'round_keys_31_load_2' <Predicate = true> <Delay = 0.00>
ST_3 : Operation 713 [1/1] (0.00ns)   --->   "%round_keys_35_load_2 = load i8 %round_keys_35" [src/aes128.cpp:65]   --->   Operation 713 'load' 'round_keys_35_load_2' <Predicate = true> <Delay = 0.00>
ST_3 : Operation 714 [1/1] (0.00ns)   --->   "%round_keys_39_load_2 = load i8 %round_keys_39" [src/aes128.cpp:65]   --->   Operation 714 'load' 'round_keys_39_load_2' <Predicate = true> <Delay = 0.00>
ST_3 : Operation 715 [1/1] (0.00ns)   --->   "%round_keys_43_load_2 = load i8 %round_keys_43" [src/aes128.cpp:65]   --->   Operation 715 'load' 'round_keys_43_load_2' <Predicate = true> <Delay = 0.00>
ST_3 : Operation 716 [1/1] (0.00ns)   --->   "%round_keys_47_load_2 = load i8 %round_keys_47" [src/aes128.cpp:65]   --->   Operation 716 'load' 'round_keys_47_load_2' <Predicate = true> <Delay = 0.00>
ST_3 : Operation 717 [1/1] (0.00ns)   --->   "%round_keys_51_load_2 = load i8 %round_keys_51" [src/aes128.cpp:65]   --->   Operation 717 'load' 'round_keys_51_load_2' <Predicate = true> <Delay = 0.00>
ST_3 : Operation 718 [1/1] (0.00ns)   --->   "%round_keys_55_load_2 = load i8 %round_keys_55" [src/aes128.cpp:65]   --->   Operation 718 'load' 'round_keys_55_load_2' <Predicate = true> <Delay = 0.00>
ST_3 : Operation 719 [1/1] (0.00ns)   --->   "%round_keys_59_load_2 = load i8 %round_keys_59" [src/aes128.cpp:65]   --->   Operation 719 'load' 'round_keys_59_load_2' <Predicate = true> <Delay = 0.00>
ST_3 : Operation 720 [1/1] (0.00ns)   --->   "%round_keys_63_load_2 = load i8 %round_keys_63" [src/aes128.cpp:65]   --->   Operation 720 'load' 'round_keys_63_load_2' <Predicate = true> <Delay = 0.00>
ST_3 : Operation 721 [1/1] (0.00ns)   --->   "%round_keys_67_load_2 = load i8 %round_keys_67" [src/aes128.cpp:65]   --->   Operation 721 'load' 'round_keys_67_load_2' <Predicate = true> <Delay = 0.00>
ST_3 : Operation 722 [1/1] (0.00ns)   --->   "%round_keys_71_load_2 = load i8 %round_keys_71" [src/aes128.cpp:65]   --->   Operation 722 'load' 'round_keys_71_load_2' <Predicate = true> <Delay = 0.00>
ST_3 : Operation 723 [1/1] (0.00ns)   --->   "%round_keys_75_load_2 = load i8 %round_keys_75" [src/aes128.cpp:65]   --->   Operation 723 'load' 'round_keys_75_load_2' <Predicate = true> <Delay = 0.00>
ST_3 : Operation 724 [1/1] (0.00ns)   --->   "%round_keys_79_load_2 = load i8 %round_keys_79" [src/aes128.cpp:65]   --->   Operation 724 'load' 'round_keys_79_load_2' <Predicate = true> <Delay = 0.00>
ST_3 : Operation 725 [1/1] (0.00ns)   --->   "%round_keys_83_load_2 = load i8 %round_keys_83" [src/aes128.cpp:65]   --->   Operation 725 'load' 'round_keys_83_load_2' <Predicate = true> <Delay = 0.00>
ST_3 : Operation 726 [1/1] (0.00ns)   --->   "%round_keys_87_load_2 = load i8 %round_keys_87" [src/aes128.cpp:65]   --->   Operation 726 'load' 'round_keys_87_load_2' <Predicate = true> <Delay = 0.00>
ST_3 : Operation 727 [1/1] (0.00ns)   --->   "%round_keys_91_load_2 = load i8 %round_keys_91" [src/aes128.cpp:65]   --->   Operation 727 'load' 'round_keys_91_load_2' <Predicate = true> <Delay = 0.00>
ST_3 : Operation 728 [1/1] (0.00ns)   --->   "%round_keys_95_load_2 = load i8 %round_keys_95" [src/aes128.cpp:65]   --->   Operation 728 'load' 'round_keys_95_load_2' <Predicate = true> <Delay = 0.00>
ST_3 : Operation 729 [1/1] (0.00ns)   --->   "%round_keys_99_load_2 = load i8 %round_keys_99" [src/aes128.cpp:65]   --->   Operation 729 'load' 'round_keys_99_load_2' <Predicate = true> <Delay = 0.00>
ST_3 : Operation 730 [1/1] (0.00ns)   --->   "%round_keys_103_load_2 = load i8 %round_keys_103" [src/aes128.cpp:65]   --->   Operation 730 'load' 'round_keys_103_load_2' <Predicate = true> <Delay = 0.00>
ST_3 : Operation 731 [1/1] (0.00ns)   --->   "%round_keys_107_load_2 = load i8 %round_keys_107" [src/aes128.cpp:65]   --->   Operation 731 'load' 'round_keys_107_load_2' <Predicate = true> <Delay = 0.00>
ST_3 : Operation 732 [1/1] (0.00ns)   --->   "%round_keys_111_load_2 = load i8 %round_keys_111" [src/aes128.cpp:65]   --->   Operation 732 'load' 'round_keys_111_load_2' <Predicate = true> <Delay = 0.00>
ST_3 : Operation 733 [1/1] (0.00ns)   --->   "%round_keys_115_load201 = load i8 %round_keys_115" [src/aes128.cpp:65]   --->   Operation 733 'load' 'round_keys_115_load201' <Predicate = true> <Delay = 0.00>
ST_3 : Operation 734 [1/1] (0.00ns)   --->   "%round_keys_119_load_2 = load i8 %round_keys_119" [src/aes128.cpp:65]   --->   Operation 734 'load' 'round_keys_119_load_2' <Predicate = true> <Delay = 0.00>
ST_3 : Operation 735 [1/1] (0.00ns)   --->   "%round_keys_123_load_2 = load i8 %round_keys_123" [src/aes128.cpp:65]   --->   Operation 735 'load' 'round_keys_123_load_2' <Predicate = true> <Delay = 0.00>
ST_3 : Operation 736 [1/1] (0.00ns)   --->   "%round_keys_127_load_2 = load i8 %round_keys_127" [src/aes128.cpp:65]   --->   Operation 736 'load' 'round_keys_127_load_2' <Predicate = true> <Delay = 0.00>
ST_3 : Operation 737 [1/1] (0.00ns)   --->   "%round_keys_131_load_2 = load i8 %round_keys_131" [src/aes128.cpp:65]   --->   Operation 737 'load' 'round_keys_131_load_2' <Predicate = true> <Delay = 0.00>
ST_3 : Operation 738 [1/1] (0.00ns)   --->   "%round_keys_135_load_2 = load i8 %round_keys_135" [src/aes128.cpp:65]   --->   Operation 738 'load' 'round_keys_135_load_2' <Predicate = true> <Delay = 0.00>
ST_3 : Operation 739 [1/1] (0.00ns)   --->   "%round_keys_139_load_2 = load i8 %round_keys_139" [src/aes128.cpp:65]   --->   Operation 739 'load' 'round_keys_139_load_2' <Predicate = true> <Delay = 0.00>
ST_3 : Operation 740 [1/1] (0.00ns)   --->   "%round_keys_143_load_2 = load i8 %round_keys_143" [src/aes128.cpp:65]   --->   Operation 740 'load' 'round_keys_143_load_2' <Predicate = true> <Delay = 0.00>
ST_3 : Operation 741 [1/1] (0.00ns)   --->   "%round_keys_147_load_2 = load i8 %round_keys_147" [src/aes128.cpp:65]   --->   Operation 741 'load' 'round_keys_147_load_2' <Predicate = true> <Delay = 0.00>
ST_3 : Operation 742 [1/1] (0.00ns)   --->   "%round_keys_151_load_2 = load i8 %round_keys_151" [src/aes128.cpp:65]   --->   Operation 742 'load' 'round_keys_151_load_2' <Predicate = true> <Delay = 0.00>
ST_3 : Operation 743 [1/1] (0.00ns)   --->   "%round_keys_155_load_2 = load i8 %round_keys_155" [src/aes128.cpp:65]   --->   Operation 743 'load' 'round_keys_155_load_2' <Predicate = true> <Delay = 0.00>
ST_3 : Operation 744 [1/1] (0.00ns)   --->   "%round_keys_159_load_2 = load i8 %round_keys_159" [src/aes128.cpp:65]   --->   Operation 744 'load' 'round_keys_159_load_2' <Predicate = true> <Delay = 0.00>
ST_3 : Operation 745 [1/1] (4.40ns)   --->   "%tmp_2 = mux i8 @_ssdm_op_Mux.ap_auto.157i8.i8, i8 %round_keys_3_read, i8 0, i8 0, i8 0, i8 %round_keys_7_read, i8 0, i8 0, i8 0, i8 %round_keys_11_read, i8 0, i8 0, i8 0, i8 %round_keys_15_read, i8 0, i8 0, i8 0, i8 %round_keys_19_load_2, i8 0, i8 0, i8 0, i8 %round_keys_23_load_2, i8 0, i8 0, i8 0, i8 %round_keys_27_load_2, i8 0, i8 0, i8 0, i8 %round_keys_31_load_2, i8 0, i8 0, i8 0, i8 %round_keys_35_load_2, i8 0, i8 0, i8 0, i8 %round_keys_39_load_2, i8 0, i8 0, i8 0, i8 %round_keys_43_load_2, i8 0, i8 0, i8 0, i8 %round_keys_47_load_2, i8 0, i8 0, i8 0, i8 %round_keys_51_load_2, i8 0, i8 0, i8 0, i8 %round_keys_55_load_2, i8 0, i8 0, i8 0, i8 %round_keys_59_load_2, i8 0, i8 0, i8 0, i8 %round_keys_63_load_2, i8 0, i8 0, i8 0, i8 %round_keys_67_load_2, i8 0, i8 0, i8 0, i8 %round_keys_71_load_2, i8 0, i8 0, i8 0, i8 %round_keys_75_load_2, i8 0, i8 0, i8 0, i8 %round_keys_79_load_2, i8 0, i8 0, i8 0, i8 %round_keys_83_load_2, i8 0, i8 0, i8 0, i8 %round_keys_87_load_2, i8 0, i8 0, i8 0, i8 %round_keys_91_load_2, i8 0, i8 0, i8 0, i8 %round_keys_95_load_2, i8 0, i8 0, i8 0, i8 %round_keys_99_load_2, i8 0, i8 0, i8 0, i8 %round_keys_103_load_2, i8 0, i8 0, i8 0, i8 %round_keys_107_load_2, i8 0, i8 0, i8 0, i8 %round_keys_111_load_2, i8 0, i8 0, i8 0, i8 %round_keys_115_load201, i8 0, i8 0, i8 0, i8 %round_keys_119_load_2, i8 0, i8 0, i8 0, i8 %round_keys_123_load_2, i8 0, i8 0, i8 0, i8 %round_keys_127_load_2, i8 0, i8 0, i8 0, i8 %round_keys_131_load_2, i8 0, i8 0, i8 0, i8 %round_keys_135_load_2, i8 0, i8 0, i8 0, i8 %round_keys_139_load_2, i8 0, i8 0, i8 0, i8 %round_keys_143_load_2, i8 0, i8 0, i8 0, i8 %round_keys_147_load_2, i8 0, i8 0, i8 0, i8 %round_keys_151_load_2, i8 0, i8 0, i8 0, i8 %round_keys_155_load_2, i8 0, i8 0, i8 0, i8 %round_keys_159_load_2, i8 %add_ln62" [src/aes128.cpp:65]   --->   Operation 745 'mux' 'tmp_2' <Predicate = true> <Delay = 4.40> <CoreInst = "Multiplexer">   --->   Core 76 'Multiplexer' <Latency = 0> <II = 1> <Delay = 4.40> <FuncUnit> <Opcode : 'mux'> <InPorts = 2> <OutPorts = 1>
ST_3 : Operation 746 [1/1] (0.99ns)   --->   "%round_keys_179 = xor i8 %tmp_2, i8 %temp_9" [src/aes128.cpp:65]   --->   Operation 746 'xor' 'round_keys_179' <Predicate = true> <Delay = 0.99> <CoreInst = "LogicGate">   --->   Core 74 'LogicGate' <Latency = 0> <II = 1> <Delay = 0.99> <FuncUnit> <Opcode : 'and' 'or' 'xor'> <InPorts = 2> <OutPorts = 1>
ST_3 : Operation 747 [1/1] (0.00ns)   --->   "%store_ln65 = store i8 %round_keys_179, i8 %round_keys_171" [src/aes128.cpp:65]   --->   Operation 747 'store' 'store_ln65' <Predicate = (xor_ln62 == 10)> <Delay = 0.00>
ST_3 : Operation 748 [1/1] (0.00ns)   --->   "%br_ln65 = br void %arrayidx115.i195.exit" [src/aes128.cpp:65]   --->   Operation 748 'br' 'br_ln65' <Predicate = (xor_ln62 == 10)> <Delay = 0.00>
ST_3 : Operation 749 [1/1] (0.00ns)   --->   "%store_ln65 = store i8 %round_keys_179, i8 %round_keys_167" [src/aes128.cpp:65]   --->   Operation 749 'store' 'store_ln65' <Predicate = (xor_ln62 == 9)> <Delay = 0.00>
ST_3 : Operation 750 [1/1] (0.00ns)   --->   "%br_ln65 = br void %arrayidx115.i195.exit" [src/aes128.cpp:65]   --->   Operation 750 'br' 'br_ln65' <Predicate = (xor_ln62 == 9)> <Delay = 0.00>
ST_3 : Operation 751 [1/1] (0.00ns)   --->   "%store_ln65 = store i8 %round_keys_179, i8 %round_keys_163" [src/aes128.cpp:65]   --->   Operation 751 'store' 'store_ln65' <Predicate = (xor_ln62 == 8)> <Delay = 0.00>
ST_3 : Operation 752 [1/1] (0.00ns)   --->   "%br_ln65 = br void %arrayidx115.i195.exit" [src/aes128.cpp:65]   --->   Operation 752 'br' 'br_ln65' <Predicate = (xor_ln62 == 8)> <Delay = 0.00>
ST_3 : Operation 753 [1/1] (0.00ns)   --->   "%store_ln65 = store i8 %round_keys_179, i8 %round_keys_159" [src/aes128.cpp:65]   --->   Operation 753 'store' 'store_ln65' <Predicate = (xor_ln62 == 7)> <Delay = 0.00>
ST_3 : Operation 754 [1/1] (0.00ns)   --->   "%br_ln65 = br void %arrayidx115.i195.exit" [src/aes128.cpp:65]   --->   Operation 754 'br' 'br_ln65' <Predicate = (xor_ln62 == 7)> <Delay = 0.00>
ST_3 : Operation 755 [1/1] (0.00ns)   --->   "%store_ln65 = store i8 %round_keys_179, i8 %round_keys_155" [src/aes128.cpp:65]   --->   Operation 755 'store' 'store_ln65' <Predicate = (xor_ln62 == 6)> <Delay = 0.00>
ST_3 : Operation 756 [1/1] (0.00ns)   --->   "%br_ln65 = br void %arrayidx115.i195.exit" [src/aes128.cpp:65]   --->   Operation 756 'br' 'br_ln65' <Predicate = (xor_ln62 == 6)> <Delay = 0.00>
ST_3 : Operation 757 [1/1] (0.00ns)   --->   "%store_ln65 = store i8 %round_keys_179, i8 %round_keys_151" [src/aes128.cpp:65]   --->   Operation 757 'store' 'store_ln65' <Predicate = (xor_ln62 == 5)> <Delay = 0.00>
ST_3 : Operation 758 [1/1] (0.00ns)   --->   "%br_ln65 = br void %arrayidx115.i195.exit" [src/aes128.cpp:65]   --->   Operation 758 'br' 'br_ln65' <Predicate = (xor_ln62 == 5)> <Delay = 0.00>
ST_3 : Operation 759 [1/1] (0.00ns)   --->   "%store_ln65 = store i8 %round_keys_179, i8 %round_keys_147" [src/aes128.cpp:65]   --->   Operation 759 'store' 'store_ln65' <Predicate = (xor_ln62 == 4)> <Delay = 0.00>
ST_3 : Operation 760 [1/1] (0.00ns)   --->   "%br_ln65 = br void %arrayidx115.i195.exit" [src/aes128.cpp:65]   --->   Operation 760 'br' 'br_ln65' <Predicate = (xor_ln62 == 4)> <Delay = 0.00>
ST_3 : Operation 761 [1/1] (0.00ns)   --->   "%store_ln65 = store i8 %round_keys_179, i8 %round_keys_143" [src/aes128.cpp:65]   --->   Operation 761 'store' 'store_ln65' <Predicate = (xor_ln62 == 3)> <Delay = 0.00>
ST_3 : Operation 762 [1/1] (0.00ns)   --->   "%br_ln65 = br void %arrayidx115.i195.exit" [src/aes128.cpp:65]   --->   Operation 762 'br' 'br_ln65' <Predicate = (xor_ln62 == 3)> <Delay = 0.00>
ST_3 : Operation 763 [1/1] (0.00ns)   --->   "%store_ln65 = store i8 %round_keys_179, i8 %round_keys_139" [src/aes128.cpp:65]   --->   Operation 763 'store' 'store_ln65' <Predicate = (xor_ln62 == 2)> <Delay = 0.00>
ST_3 : Operation 764 [1/1] (0.00ns)   --->   "%br_ln65 = br void %arrayidx115.i195.exit" [src/aes128.cpp:65]   --->   Operation 764 'br' 'br_ln65' <Predicate = (xor_ln62 == 2)> <Delay = 0.00>
ST_3 : Operation 765 [1/1] (0.00ns)   --->   "%store_ln65 = store i8 %round_keys_179, i8 %round_keys_135" [src/aes128.cpp:65]   --->   Operation 765 'store' 'store_ln65' <Predicate = (xor_ln62 == 1)> <Delay = 0.00>
ST_3 : Operation 766 [1/1] (0.00ns)   --->   "%br_ln65 = br void %arrayidx115.i195.exit" [src/aes128.cpp:65]   --->   Operation 766 'br' 'br_ln65' <Predicate = (xor_ln62 == 1)> <Delay = 0.00>
ST_3 : Operation 767 [1/1] (0.00ns)   --->   "%store_ln65 = store i8 %round_keys_179, i8 %round_keys_131" [src/aes128.cpp:65]   --->   Operation 767 'store' 'store_ln65' <Predicate = (xor_ln62 == 0)> <Delay = 0.00>
ST_3 : Operation 768 [1/1] (0.00ns)   --->   "%br_ln65 = br void %arrayidx115.i195.exit" [src/aes128.cpp:65]   --->   Operation 768 'br' 'br_ln65' <Predicate = (xor_ln62 == 0)> <Delay = 0.00>
ST_3 : Operation 769 [1/1] (0.00ns)   --->   "%store_ln65 = store i8 %round_keys_179, i8 %round_keys_127" [src/aes128.cpp:65]   --->   Operation 769 'store' 'store_ln65' <Predicate = (xor_ln62 == 63)> <Delay = 0.00>
ST_3 : Operation 770 [1/1] (0.00ns)   --->   "%br_ln65 = br void %arrayidx115.i195.exit" [src/aes128.cpp:65]   --->   Operation 770 'br' 'br_ln65' <Predicate = (xor_ln62 == 63)> <Delay = 0.00>
ST_3 : Operation 771 [1/1] (0.00ns)   --->   "%store_ln65 = store i8 %round_keys_179, i8 %round_keys_123" [src/aes128.cpp:65]   --->   Operation 771 'store' 'store_ln65' <Predicate = (xor_ln62 == 62)> <Delay = 0.00>
ST_3 : Operation 772 [1/1] (0.00ns)   --->   "%br_ln65 = br void %arrayidx115.i195.exit" [src/aes128.cpp:65]   --->   Operation 772 'br' 'br_ln65' <Predicate = (xor_ln62 == 62)> <Delay = 0.00>
ST_3 : Operation 773 [1/1] (0.00ns)   --->   "%store_ln65 = store i8 %round_keys_179, i8 %round_keys_119" [src/aes128.cpp:65]   --->   Operation 773 'store' 'store_ln65' <Predicate = (xor_ln62 == 61)> <Delay = 0.00>
ST_3 : Operation 774 [1/1] (0.00ns)   --->   "%br_ln65 = br void %arrayidx115.i195.exit" [src/aes128.cpp:65]   --->   Operation 774 'br' 'br_ln65' <Predicate = (xor_ln62 == 61)> <Delay = 0.00>
ST_3 : Operation 775 [1/1] (0.00ns)   --->   "%store_ln65 = store i8 %round_keys_179, i8 %round_keys_115" [src/aes128.cpp:65]   --->   Operation 775 'store' 'store_ln65' <Predicate = (xor_ln62 == 60)> <Delay = 0.00>
ST_3 : Operation 776 [1/1] (0.00ns)   --->   "%br_ln65 = br void %arrayidx115.i195.exit" [src/aes128.cpp:65]   --->   Operation 776 'br' 'br_ln65' <Predicate = (xor_ln62 == 60)> <Delay = 0.00>
ST_3 : Operation 777 [1/1] (0.00ns)   --->   "%store_ln65 = store i8 %round_keys_179, i8 %round_keys_111" [src/aes128.cpp:65]   --->   Operation 777 'store' 'store_ln65' <Predicate = (xor_ln62 == 59)> <Delay = 0.00>
ST_3 : Operation 778 [1/1] (0.00ns)   --->   "%br_ln65 = br void %arrayidx115.i195.exit" [src/aes128.cpp:65]   --->   Operation 778 'br' 'br_ln65' <Predicate = (xor_ln62 == 59)> <Delay = 0.00>
ST_3 : Operation 779 [1/1] (0.00ns)   --->   "%store_ln65 = store i8 %round_keys_179, i8 %round_keys_107" [src/aes128.cpp:65]   --->   Operation 779 'store' 'store_ln65' <Predicate = (xor_ln62 == 58)> <Delay = 0.00>
ST_3 : Operation 780 [1/1] (0.00ns)   --->   "%br_ln65 = br void %arrayidx115.i195.exit" [src/aes128.cpp:65]   --->   Operation 780 'br' 'br_ln65' <Predicate = (xor_ln62 == 58)> <Delay = 0.00>
ST_3 : Operation 781 [1/1] (0.00ns)   --->   "%store_ln65 = store i8 %round_keys_179, i8 %round_keys_103" [src/aes128.cpp:65]   --->   Operation 781 'store' 'store_ln65' <Predicate = (xor_ln62 == 57)> <Delay = 0.00>
ST_3 : Operation 782 [1/1] (0.00ns)   --->   "%br_ln65 = br void %arrayidx115.i195.exit" [src/aes128.cpp:65]   --->   Operation 782 'br' 'br_ln65' <Predicate = (xor_ln62 == 57)> <Delay = 0.00>
ST_3 : Operation 783 [1/1] (0.00ns)   --->   "%store_ln65 = store i8 %round_keys_179, i8 %round_keys_99" [src/aes128.cpp:65]   --->   Operation 783 'store' 'store_ln65' <Predicate = (xor_ln62 == 56)> <Delay = 0.00>
ST_3 : Operation 784 [1/1] (0.00ns)   --->   "%br_ln65 = br void %arrayidx115.i195.exit" [src/aes128.cpp:65]   --->   Operation 784 'br' 'br_ln65' <Predicate = (xor_ln62 == 56)> <Delay = 0.00>
ST_3 : Operation 785 [1/1] (0.00ns)   --->   "%store_ln65 = store i8 %round_keys_179, i8 %round_keys_95" [src/aes128.cpp:65]   --->   Operation 785 'store' 'store_ln65' <Predicate = (xor_ln62 == 55)> <Delay = 0.00>
ST_3 : Operation 786 [1/1] (0.00ns)   --->   "%br_ln65 = br void %arrayidx115.i195.exit" [src/aes128.cpp:65]   --->   Operation 786 'br' 'br_ln65' <Predicate = (xor_ln62 == 55)> <Delay = 0.00>
ST_3 : Operation 787 [1/1] (0.00ns)   --->   "%store_ln65 = store i8 %round_keys_179, i8 %round_keys_91" [src/aes128.cpp:65]   --->   Operation 787 'store' 'store_ln65' <Predicate = (xor_ln62 == 54)> <Delay = 0.00>
ST_3 : Operation 788 [1/1] (0.00ns)   --->   "%br_ln65 = br void %arrayidx115.i195.exit" [src/aes128.cpp:65]   --->   Operation 788 'br' 'br_ln65' <Predicate = (xor_ln62 == 54)> <Delay = 0.00>
ST_3 : Operation 789 [1/1] (0.00ns)   --->   "%store_ln65 = store i8 %round_keys_179, i8 %round_keys_87" [src/aes128.cpp:65]   --->   Operation 789 'store' 'store_ln65' <Predicate = (xor_ln62 == 53)> <Delay = 0.00>
ST_3 : Operation 790 [1/1] (0.00ns)   --->   "%br_ln65 = br void %arrayidx115.i195.exit" [src/aes128.cpp:65]   --->   Operation 790 'br' 'br_ln65' <Predicate = (xor_ln62 == 53)> <Delay = 0.00>
ST_3 : Operation 791 [1/1] (0.00ns)   --->   "%store_ln65 = store i8 %round_keys_179, i8 %round_keys_83" [src/aes128.cpp:65]   --->   Operation 791 'store' 'store_ln65' <Predicate = (xor_ln62 == 52)> <Delay = 0.00>
ST_3 : Operation 792 [1/1] (0.00ns)   --->   "%br_ln65 = br void %arrayidx115.i195.exit" [src/aes128.cpp:65]   --->   Operation 792 'br' 'br_ln65' <Predicate = (xor_ln62 == 52)> <Delay = 0.00>
ST_3 : Operation 793 [1/1] (0.00ns)   --->   "%store_ln65 = store i8 %round_keys_179, i8 %round_keys_79" [src/aes128.cpp:65]   --->   Operation 793 'store' 'store_ln65' <Predicate = (xor_ln62 == 51)> <Delay = 0.00>
ST_3 : Operation 794 [1/1] (0.00ns)   --->   "%br_ln65 = br void %arrayidx115.i195.exit" [src/aes128.cpp:65]   --->   Operation 794 'br' 'br_ln65' <Predicate = (xor_ln62 == 51)> <Delay = 0.00>
ST_3 : Operation 795 [1/1] (0.00ns)   --->   "%store_ln65 = store i8 %round_keys_179, i8 %round_keys_75" [src/aes128.cpp:65]   --->   Operation 795 'store' 'store_ln65' <Predicate = (xor_ln62 == 50)> <Delay = 0.00>
ST_3 : Operation 796 [1/1] (0.00ns)   --->   "%br_ln65 = br void %arrayidx115.i195.exit" [src/aes128.cpp:65]   --->   Operation 796 'br' 'br_ln65' <Predicate = (xor_ln62 == 50)> <Delay = 0.00>
ST_3 : Operation 797 [1/1] (0.00ns)   --->   "%store_ln65 = store i8 %round_keys_179, i8 %round_keys_71" [src/aes128.cpp:65]   --->   Operation 797 'store' 'store_ln65' <Predicate = (xor_ln62 == 49)> <Delay = 0.00>
ST_3 : Operation 798 [1/1] (0.00ns)   --->   "%br_ln65 = br void %arrayidx115.i195.exit" [src/aes128.cpp:65]   --->   Operation 798 'br' 'br_ln65' <Predicate = (xor_ln62 == 49)> <Delay = 0.00>
ST_3 : Operation 799 [1/1] (0.00ns)   --->   "%store_ln65 = store i8 %round_keys_179, i8 %round_keys_67" [src/aes128.cpp:65]   --->   Operation 799 'store' 'store_ln65' <Predicate = (xor_ln62 == 48)> <Delay = 0.00>
ST_3 : Operation 800 [1/1] (0.00ns)   --->   "%br_ln65 = br void %arrayidx115.i195.exit" [src/aes128.cpp:65]   --->   Operation 800 'br' 'br_ln65' <Predicate = (xor_ln62 == 48)> <Delay = 0.00>
ST_3 : Operation 801 [1/1] (0.00ns)   --->   "%store_ln65 = store i8 %round_keys_179, i8 %round_keys_63" [src/aes128.cpp:65]   --->   Operation 801 'store' 'store_ln65' <Predicate = (xor_ln62 == 47)> <Delay = 0.00>
ST_3 : Operation 802 [1/1] (0.00ns)   --->   "%br_ln65 = br void %arrayidx115.i195.exit" [src/aes128.cpp:65]   --->   Operation 802 'br' 'br_ln65' <Predicate = (xor_ln62 == 47)> <Delay = 0.00>
ST_3 : Operation 803 [1/1] (0.00ns)   --->   "%store_ln65 = store i8 %round_keys_179, i8 %round_keys_59" [src/aes128.cpp:65]   --->   Operation 803 'store' 'store_ln65' <Predicate = (xor_ln62 == 46)> <Delay = 0.00>
ST_3 : Operation 804 [1/1] (0.00ns)   --->   "%br_ln65 = br void %arrayidx115.i195.exit" [src/aes128.cpp:65]   --->   Operation 804 'br' 'br_ln65' <Predicate = (xor_ln62 == 46)> <Delay = 0.00>
ST_3 : Operation 805 [1/1] (0.00ns)   --->   "%store_ln65 = store i8 %round_keys_179, i8 %round_keys_55" [src/aes128.cpp:65]   --->   Operation 805 'store' 'store_ln65' <Predicate = (xor_ln62 == 45)> <Delay = 0.00>
ST_3 : Operation 806 [1/1] (0.00ns)   --->   "%br_ln65 = br void %arrayidx115.i195.exit" [src/aes128.cpp:65]   --->   Operation 806 'br' 'br_ln65' <Predicate = (xor_ln62 == 45)> <Delay = 0.00>
ST_3 : Operation 807 [1/1] (0.00ns)   --->   "%store_ln65 = store i8 %round_keys_179, i8 %round_keys_51" [src/aes128.cpp:65]   --->   Operation 807 'store' 'store_ln65' <Predicate = (xor_ln62 == 44)> <Delay = 0.00>
ST_3 : Operation 808 [1/1] (0.00ns)   --->   "%br_ln65 = br void %arrayidx115.i195.exit" [src/aes128.cpp:65]   --->   Operation 808 'br' 'br_ln65' <Predicate = (xor_ln62 == 44)> <Delay = 0.00>
ST_3 : Operation 809 [1/1] (0.00ns)   --->   "%store_ln65 = store i8 %round_keys_179, i8 %round_keys_47" [src/aes128.cpp:65]   --->   Operation 809 'store' 'store_ln65' <Predicate = (xor_ln62 == 43)> <Delay = 0.00>
ST_3 : Operation 810 [1/1] (0.00ns)   --->   "%br_ln65 = br void %arrayidx115.i195.exit" [src/aes128.cpp:65]   --->   Operation 810 'br' 'br_ln65' <Predicate = (xor_ln62 == 43)> <Delay = 0.00>
ST_3 : Operation 811 [1/1] (0.00ns)   --->   "%store_ln65 = store i8 %round_keys_179, i8 %round_keys_43" [src/aes128.cpp:65]   --->   Operation 811 'store' 'store_ln65' <Predicate = (xor_ln62 == 42)> <Delay = 0.00>
ST_3 : Operation 812 [1/1] (0.00ns)   --->   "%br_ln65 = br void %arrayidx115.i195.exit" [src/aes128.cpp:65]   --->   Operation 812 'br' 'br_ln65' <Predicate = (xor_ln62 == 42)> <Delay = 0.00>
ST_3 : Operation 813 [1/1] (0.00ns)   --->   "%store_ln65 = store i8 %round_keys_179, i8 %round_keys_39" [src/aes128.cpp:65]   --->   Operation 813 'store' 'store_ln65' <Predicate = (xor_ln62 == 41)> <Delay = 0.00>
ST_3 : Operation 814 [1/1] (0.00ns)   --->   "%br_ln65 = br void %arrayidx115.i195.exit" [src/aes128.cpp:65]   --->   Operation 814 'br' 'br_ln65' <Predicate = (xor_ln62 == 41)> <Delay = 0.00>
ST_3 : Operation 815 [1/1] (0.00ns)   --->   "%store_ln65 = store i8 %round_keys_179, i8 %round_keys_35" [src/aes128.cpp:65]   --->   Operation 815 'store' 'store_ln65' <Predicate = (xor_ln62 == 40)> <Delay = 0.00>
ST_3 : Operation 816 [1/1] (0.00ns)   --->   "%br_ln65 = br void %arrayidx115.i195.exit" [src/aes128.cpp:65]   --->   Operation 816 'br' 'br_ln65' <Predicate = (xor_ln62 == 40)> <Delay = 0.00>
ST_3 : Operation 817 [1/1] (0.00ns)   --->   "%store_ln65 = store i8 %round_keys_179, i8 %round_keys_31" [src/aes128.cpp:65]   --->   Operation 817 'store' 'store_ln65' <Predicate = (xor_ln62 == 39)> <Delay = 0.00>
ST_3 : Operation 818 [1/1] (0.00ns)   --->   "%br_ln65 = br void %arrayidx115.i195.exit" [src/aes128.cpp:65]   --->   Operation 818 'br' 'br_ln65' <Predicate = (xor_ln62 == 39)> <Delay = 0.00>
ST_3 : Operation 819 [1/1] (0.00ns)   --->   "%store_ln65 = store i8 %round_keys_179, i8 %round_keys_27" [src/aes128.cpp:65]   --->   Operation 819 'store' 'store_ln65' <Predicate = (xor_ln62 == 38)> <Delay = 0.00>
ST_3 : Operation 820 [1/1] (0.00ns)   --->   "%br_ln65 = br void %arrayidx115.i195.exit" [src/aes128.cpp:65]   --->   Operation 820 'br' 'br_ln65' <Predicate = (xor_ln62 == 38)> <Delay = 0.00>
ST_3 : Operation 821 [1/1] (0.00ns)   --->   "%store_ln65 = store i8 %round_keys_179, i8 %round_keys_23" [src/aes128.cpp:65]   --->   Operation 821 'store' 'store_ln65' <Predicate = (xor_ln62 == 37)> <Delay = 0.00>
ST_3 : Operation 822 [1/1] (0.00ns)   --->   "%br_ln65 = br void %arrayidx115.i195.exit" [src/aes128.cpp:65]   --->   Operation 822 'br' 'br_ln65' <Predicate = (xor_ln62 == 37)> <Delay = 0.00>
ST_3 : Operation 823 [1/1] (0.00ns)   --->   "%store_ln65 = store i8 %round_keys_179, i8 %round_keys_19" [src/aes128.cpp:65]   --->   Operation 823 'store' 'store_ln65' <Predicate = (xor_ln62 == 36)> <Delay = 0.00>
ST_3 : Operation 824 [1/1] (0.00ns)   --->   "%br_ln65 = br void %arrayidx115.i195.exit" [src/aes128.cpp:65]   --->   Operation 824 'br' 'br_ln65' <Predicate = (xor_ln62 == 36)> <Delay = 0.00>
ST_3 : Operation 825 [1/1] (0.00ns)   --->   "%store_ln65 = store i8 %round_keys_179, i8 %round_keys_175" [src/aes128.cpp:65]   --->   Operation 825 'store' 'store_ln65' <Predicate = (xor_ln62 == 35) | (xor_ln62 == 34) | (xor_ln62 == 33) | (xor_ln62 == 32) | (xor_ln62 == 31) | (xor_ln62 == 30) | (xor_ln62 == 29) | (xor_ln62 == 28) | (xor_ln62 == 27) | (xor_ln62 == 26) | (xor_ln62 == 25) | (xor_ln62 == 24) | (xor_ln62 == 23) | (xor_ln62 == 22) | (xor_ln62 == 21) | (xor_ln62 == 20) | (xor_ln62 == 19) | (xor_ln62 == 18) | (xor_ln62 == 17) | (xor_ln62 == 16) | (xor_ln62 == 15) | (xor_ln62 == 14) | (xor_ln62 == 13) | (xor_ln62 == 12) | (xor_ln62 == 11)> <Delay = 0.00>
ST_3 : Operation 826 [1/1] (0.00ns)   --->   "%br_ln65 = br void %arrayidx115.i195.exit" [src/aes128.cpp:65]   --->   Operation 826 'br' 'br_ln65' <Predicate = (xor_ln62 == 35) | (xor_ln62 == 34) | (xor_ln62 == 33) | (xor_ln62 == 32) | (xor_ln62 == 31) | (xor_ln62 == 30) | (xor_ln62 == 29) | (xor_ln62 == 28) | (xor_ln62 == 27) | (xor_ln62 == 26) | (xor_ln62 == 25) | (xor_ln62 == 24) | (xor_ln62 == 23) | (xor_ln62 == 22) | (xor_ln62 == 21) | (xor_ln62 == 20) | (xor_ln62 == 19) | (xor_ln62 == 18) | (xor_ln62 == 17) | (xor_ln62 == 16) | (xor_ln62 == 15) | (xor_ln62 == 14) | (xor_ln62 == 13) | (xor_ln62 == 12) | (xor_ln62 == 11)> <Delay = 0.00>


============================================================
+ Verbose Summary: Timing violations
============================================================
Target clock period: 10ns, clock uncertainty: 1.25ns.

 <State 1>: 4.06ns
The critical path consists of the following:
	'alloca' operation ('i') [179]  (0 ns)
	'load' operation ('i') on local variable 'i' [359]  (0 ns)
	'add' operation ('add_ln59', src/aes128.cpp:59) [543]  (1.74 ns)
	'getelementptr' operation ('RCON_addr', src/aes128.cpp:59) [545]  (0 ns)
	'load' operation ('RCON_load', src/aes128.cpp:59) on array 'RCON' [546]  (2.32 ns)

 <State 2>: 7.7ns
The critical path consists of the following:
	'load' operation ('round_keys_17_load_1', src/aes128.cpp:43) on local variable 'round_keys' [365]  (0 ns)
	'mux' operation ('temp', src/aes128.cpp:43) [525]  (4.45 ns)
	'getelementptr' operation ('SBOX_addr', src/aes128.cpp:54) [531]  (0 ns)
	'load' operation ('temp', src/aes128.cpp:54) on array 'SBOX' [532]  (3.25 ns)

 <State 3>: 5.49ns
The critical path consists of the following:
	'load' operation ('temp', src/aes128.cpp:55) on array 'SBOX' [535]  (3.25 ns)
	'select' operation ('temp', src/aes128.cpp:47) [550]  (1.25 ns)
	'xor' operation ('round_keys', src/aes128.cpp:63) [715]  (0.99 ns)
	'store' operation ('store_ln63', src/aes128.cpp:63) of variable 'round_keys', src/aes128.cpp:63 on local variable 'round_keys' [751]  (0 ns)


============================================================
+ Verbose Summary: Binding
============================================================
N/A
* FSMD analyzer results:
  - Output states:
 - Input state : 
  - Chain level:
	State 1
	State 2
	State 3


============================================================
+ Verbose Summary: Datapath Resource usage 
============================================================
N/A
