

================================================================
== Vitis HLS Report for 'aes128_encrypt'
================================================================
* Date:           Sun Aug 23 13:00:52 2026

* Version:        2022.1 (Build 3526262 on Mon Apr 18 15:48:16 MDT 2022)
* Project:        aes128
* Solution:       solution1 (Vivado IP Flow Target)
* Product family: zynq
* Target device:  xc7z020-clg484-1


================================================================
== Performance Estimates
================================================================
+ Timing: 
    * Summary: 
    +--------+----------+----------+------------+
    |  Clock |  Target  | Estimated| Uncertainty|
    +--------+----------+----------+------------+
    |ap_clk  |  10.00 ns|  7.702 ns|     1.25 ns|
    +--------+----------+----------+------------+

+ Latency: 
    * Summary: 
    +---------+---------+----------+----------+-----+-----+---------+
    |  Latency (cycles) |  Latency (absolute) |  Interval | Pipeline|
    |   min   |   max   |    min   |    max   | min | max |   Type  |
    +---------+---------+----------+----------+-----+-----+---------+
    |       66|       66|  0.660 us|  0.660 us|   66|   66|       no|
    +---------+---------+----------+----------+-----+-----+---------+

    + Detail: 
        * Instance: 
        +-----------------------------------------------------+-----------------------------------------+---------+---------+----------+----------+-----+-----+---------+
        |                                                     |                                         |  Latency (cycles) |  Latency (absolute) |  Interval | Pipeline|
        |                       Instance                      |                  Module                 |   min   |   max   |    min   |    max   | min | max |   Type  |
        +-----------------------------------------------------+-----------------------------------------+---------+---------+----------+----------+-----+-----+---------+
        |grp_aes128_encrypt_Pipeline_VITIS_LOOP_38_2_fu_1371  |aes128_encrypt_Pipeline_VITIS_LOOP_38_2  |       43|       43|  0.430 us|  0.430 us|   43|   43|       no|
        |grp_aes128_encrypt_Pipeline_AES_ROUNDS_LOOP_fu_1559  |aes128_encrypt_Pipeline_AES_ROUNDS_LOOP  |       11|       11|  0.110 us|  0.110 us|   11|   11|       no|
        +-----------------------------------------------------+-----------------------------------------+---------+---------+----------+----------+-----+-----+---------+

        * Loop: 
        N/A

============================================================
+ Verbose Summary: Synthesis Manager
============================================================
InlineROM: 1
ExposeGlobal: 0
============================================================
+ Verbose Summary: CDFG Model
============================================================
IsTopModel: 0
ResetActiveHigh: 1
IsCombinational: 0
IsDatapathOnly: 0
HasWiredReturn: 1
HasMFsm: 0
HasVarLatency: 1
IsPipeline: 0
IsRtlPipelined: 0
IsInstanceOverlapped: 0
IsDontTouch: 0
HasImplIP: 0
IsGatedGlobalClock: 0


============================================================
+ Verbose Summary: Schedule
============================================================
* Number of FSM states : 13
* Pipeline : 0
* Dataflow Pipeline: 0

* FSM state transitions: 
1 --> 2 
2 --> 3 
3 --> 4 
4 --> 5 
5 --> 6 
6 --> 7 
7 --> 8 
8 --> 9 
9 --> 10 
10 --> 11 
11 --> 12 
12 --> 13 
13 --> 

* FSM state operations: 

State 1 <SV = 0> <Delay = 2.32>
ST_1 : Operation 14 [1/1] (0.00ns)   --->   "%p_loc31 = alloca i64 1"   --->   Operation 14 'alloca' 'p_loc31' <Predicate = true> <Delay = 0.00>
ST_1 : Operation 15 [1/1] (0.00ns)   --->   "%p_loc30 = alloca i64 1"   --->   Operation 15 'alloca' 'p_loc30' <Predicate = true> <Delay = 0.00>
ST_1 : Operation 16 [1/1] (0.00ns)   --->   "%p_loc29 = alloca i64 1"   --->   Operation 16 'alloca' 'p_loc29' <Predicate = true> <Delay = 0.00>
ST_1 : Operation 17 [1/1] (0.00ns)   --->   "%p_loc28 = alloca i64 1"   --->   Operation 17 'alloca' 'p_loc28' <Predicate = true> <Delay = 0.00>
ST_1 : Operation 18 [1/1] (0.00ns)   --->   "%p_loc27 = alloca i64 1"   --->   Operation 18 'alloca' 'p_loc27' <Predicate = true> <Delay = 0.00>
ST_1 : Operation 19 [1/1] (0.00ns)   --->   "%p_loc26 = alloca i64 1"   --->   Operation 19 'alloca' 'p_loc26' <Predicate = true> <Delay = 0.00>
ST_1 : Operation 20 [1/1] (0.00ns)   --->   "%p_loc25 = alloca i64 1"   --->   Operation 20 'alloca' 'p_loc25' <Predicate = true> <Delay = 0.00>
ST_1 : Operation 21 [1/1] (0.00ns)   --->   "%p_loc24 = alloca i64 1"   --->   Operation 21 'alloca' 'p_loc24' <Predicate = true> <Delay = 0.00>
ST_1 : Operation 22 [1/1] (0.00ns)   --->   "%p_loc23 = alloca i64 1"   --->   Operation 22 'alloca' 'p_loc23' <Predicate = true> <Delay = 0.00>
ST_1 : Operation 23 [1/1] (0.00ns)   --->   "%p_loc22 = alloca i64 1"   --->   Operation 23 'alloca' 'p_loc22' <Predicate = true> <Delay = 0.00>
ST_1 : Operation 24 [1/1] (0.00ns)   --->   "%p_loc21 = alloca i64 1"   --->   Operation 24 'alloca' 'p_loc21' <Predicate = true> <Delay = 0.00>
ST_1 : Operation 25 [1/1] (0.00ns)   --->   "%p_loc20 = alloca i64 1"   --->   Operation 25 'alloca' 'p_loc20' <Predicate = true> <Delay = 0.00>
ST_1 : Operation 26 [1/1] (0.00ns)   --->   "%p_loc19 = alloca i64 1"   --->   Operation 26 'alloca' 'p_loc19' <Predicate = true> <Delay = 0.00>
ST_1 : Operation 27 [1/1] (0.00ns)   --->   "%p_loc18 = alloca i64 1"   --->   Operation 27 'alloca' 'p_loc18' <Predicate = true> <Delay = 0.00>
ST_1 : Operation 28 [1/1] (0.00ns)   --->   "%p_loc17 = alloca i64 1"   --->   Operation 28 'alloca' 'p_loc17' <Predicate = true> <Delay = 0.00>
ST_1 : Operation 29 [1/1] (0.00ns)   --->   "%p_loc = alloca i64 1"   --->   Operation 29 'alloca' 'p_loc' <Predicate = true> <Delay = 0.00>
ST_1 : Operation 30 [1/1] (0.00ns)   --->   "%round_keys_16_loc = alloca i64 1"   --->   Operation 30 'alloca' 'round_keys_16_loc' <Predicate = true> <Delay = 0.00>
ST_1 : Operation 31 [1/1] (0.00ns)   --->   "%round_keys_17_loc = alloca i64 1"   --->   Operation 31 'alloca' 'round_keys_17_loc' <Predicate = true> <Delay = 0.00>
ST_1 : Operation 32 [1/1] (0.00ns)   --->   "%round_keys_18_loc = alloca i64 1"   --->   Operation 32 'alloca' 'round_keys_18_loc' <Predicate = true> <Delay = 0.00>
ST_1 : Operation 33 [1/1] (0.00ns)   --->   "%round_keys_19_loc = alloca i64 1"   --->   Operation 33 'alloca' 'round_keys_19_loc' <Predicate = true> <Delay = 0.00>
ST_1 : Operation 34 [1/1] (0.00ns)   --->   "%round_keys_20_loc = alloca i64 1"   --->   Operation 34 'alloca' 'round_keys_20_loc' <Predicate = true> <Delay = 0.00>
ST_1 : Operation 35 [1/1] (0.00ns)   --->   "%round_keys_21_loc = alloca i64 1"   --->   Operation 35 'alloca' 'round_keys_21_loc' <Predicate = true> <Delay = 0.00>
ST_1 : Operation 36 [1/1] (0.00ns)   --->   "%round_keys_22_loc = alloca i64 1"   --->   Operation 36 'alloca' 'round_keys_22_loc' <Predicate = true> <Delay = 0.00>
ST_1 : Operation 37 [1/1] (0.00ns)   --->   "%round_keys_23_loc = alloca i64 1"   --->   Operation 37 'alloca' 'round_keys_23_loc' <Predicate = true> <Delay = 0.00>
ST_1 : Operation 38 [1/1] (0.00ns)   --->   "%round_keys_24_loc = alloca i64 1"   --->   Operation 38 'alloca' 'round_keys_24_loc' <Predicate = true> <Delay = 0.00>
ST_1 : Operation 39 [1/1] (0.00ns)   --->   "%round_keys_25_loc = alloca i64 1"   --->   Operation 39 'alloca' 'round_keys_25_loc' <Predicate = true> <Delay = 0.00>
ST_1 : Operation 40 [1/1] (0.00ns)   --->   "%round_keys_26_loc = alloca i64 1"   --->   Operation 40 'alloca' 'round_keys_26_loc' <Predicate = true> <Delay = 0.00>
ST_1 : Operation 41 [1/1] (0.00ns)   --->   "%round_keys_27_loc = alloca i64 1"   --->   Operation 41 'alloca' 'round_keys_27_loc' <Predicate = true> <Delay = 0.00>
ST_1 : Operation 42 [1/1] (0.00ns)   --->   "%round_keys_28_loc = alloca i64 1"   --->   Operation 42 'alloca' 'round_keys_28_loc' <Predicate = true> <Delay = 0.00>
ST_1 : Operation 43 [1/1] (0.00ns)   --->   "%round_keys_29_loc = alloca i64 1"   --->   Operation 43 'alloca' 'round_keys_29_loc' <Predicate = true> <Delay = 0.00>
ST_1 : Operation 44 [1/1] (0.00ns)   --->   "%round_keys_30_loc = alloca i64 1"   --->   Operation 44 'alloca' 'round_keys_30_loc' <Predicate = true> <Delay = 0.00>
ST_1 : Operation 45 [1/1] (0.00ns)   --->   "%round_keys_31_loc = alloca i64 1"   --->   Operation 45 'alloca' 'round_keys_31_loc' <Predicate = true> <Delay = 0.00>
ST_1 : Operation 46 [1/1] (0.00ns)   --->   "%round_keys_32_loc = alloca i64 1"   --->   Operation 46 'alloca' 'round_keys_32_loc' <Predicate = true> <Delay = 0.00>
ST_1 : Operation 47 [1/1] (0.00ns)   --->   "%round_keys_33_loc = alloca i64 1"   --->   Operation 47 'alloca' 'round_keys_33_loc' <Predicate = true> <Delay = 0.00>
ST_1 : Operation 48 [1/1] (0.00ns)   --->   "%round_keys_34_loc = alloca i64 1"   --->   Operation 48 'alloca' 'round_keys_34_loc' <Predicate = true> <Delay = 0.00>
ST_1 : Operation 49 [1/1] (0.00ns)   --->   "%round_keys_35_loc = alloca i64 1"   --->   Operation 49 'alloca' 'round_keys_35_loc' <Predicate = true> <Delay = 0.00>
ST_1 : Operation 50 [1/1] (0.00ns)   --->   "%round_keys_36_loc = alloca i64 1"   --->   Operation 50 'alloca' 'round_keys_36_loc' <Predicate = true> <Delay = 0.00>
ST_1 : Operation 51 [1/1] (0.00ns)   --->   "%round_keys_37_loc = alloca i64 1"   --->   Operation 51 'alloca' 'round_keys_37_loc' <Predicate = true> <Delay = 0.00>
ST_1 : Operation 52 [1/1] (0.00ns)   --->   "%round_keys_38_loc = alloca i64 1"   --->   Operation 52 'alloca' 'round_keys_38_loc' <Predicate = true> <Delay = 0.00>
ST_1 : Operation 53 [1/1] (0.00ns)   --->   "%round_keys_39_loc = alloca i64 1"   --->   Operation 53 'alloca' 'round_keys_39_loc' <Predicate = true> <Delay = 0.00>
ST_1 : Operation 54 [1/1] (0.00ns)   --->   "%round_keys_40_loc = alloca i64 1"   --->   Operation 54 'alloca' 'round_keys_40_loc' <Predicate = true> <Delay = 0.00>
ST_1 : Operation 55 [1/1] (0.00ns)   --->   "%round_keys_41_loc = alloca i64 1"   --->   Operation 55 'alloca' 'round_keys_41_loc' <Predicate = true> <Delay = 0.00>
ST_1 : Operation 56 [1/1] (0.00ns)   --->   "%round_keys_42_loc = alloca i64 1"   --->   Operation 56 'alloca' 'round_keys_42_loc' <Predicate = true> <Delay = 0.00>
ST_1 : Operation 57 [1/1] (0.00ns)   --->   "%round_keys_43_loc = alloca i64 1"   --->   Operation 57 'alloca' 'round_keys_43_loc' <Predicate = true> <Delay = 0.00>
ST_1 : Operation 58 [1/1] (0.00ns)   --->   "%round_keys_44_loc = alloca i64 1"   --->   Operation 58 'alloca' 'round_keys_44_loc' <Predicate = true> <Delay = 0.00>
ST_1 : Operation 59 [1/1] (0.00ns)   --->   "%round_keys_45_loc = alloca i64 1"   --->   Operation 59 'alloca' 'round_keys_45_loc' <Predicate = true> <Delay = 0.00>
ST_1 : Operation 60 [1/1] (0.00ns)   --->   "%round_keys_46_loc = alloca i64 1"   --->   Operation 60 'alloca' 'round_keys_46_loc' <Predicate = true> <Delay = 0.00>
ST_1 : Operation 61 [1/1] (0.00ns)   --->   "%round_keys_47_loc = alloca i64 1"   --->   Operation 61 'alloca' 'round_keys_47_loc' <Predicate = true> <Delay = 0.00>
ST_1 : Operation 62 [1/1] (0.00ns)   --->   "%round_keys_48_loc = alloca i64 1"   --->   Operation 62 'alloca' 'round_keys_48_loc' <Predicate = true> <Delay = 0.00>
ST_1 : Operation 63 [1/1] (0.00ns)   --->   "%round_keys_49_loc = alloca i64 1"   --->   Operation 63 'alloca' 'round_keys_49_loc' <Predicate = true> <Delay = 0.00>
ST_1 : Operation 64 [1/1] (0.00ns)   --->   "%round_keys_50_loc = alloca i64 1"   --->   Operation 64 'alloca' 'round_keys_50_loc' <Predicate = true> <Delay = 0.00>
ST_1 : Operation 65 [1/1] (0.00ns)   --->   "%round_keys_51_loc = alloca i64 1"   --->   Operation 65 'alloca' 'round_keys_51_loc' <Predicate = true> <Delay = 0.00>
ST_1 : Operation 66 [1/1] (0.00ns)   --->   "%round_keys_52_loc = alloca i64 1"   --->   Operation 66 'alloca' 'round_keys_52_loc' <Predicate = true> <Delay = 0.00>
ST_1 : Operation 67 [1/1] (0.00ns)   --->   "%round_keys_53_loc = alloca i64 1"   --->   Operation 67 'alloca' 'round_keys_53_loc' <Predicate = true> <Delay = 0.00>
ST_1 : Operation 68 [1/1] (0.00ns)   --->   "%round_keys_54_loc = alloca i64 1"   --->   Operation 68 'alloca' 'round_keys_54_loc' <Predicate = true> <Delay = 0.00>
ST_1 : Operation 69 [1/1] (0.00ns)   --->   "%round_keys_55_loc = alloca i64 1"   --->   Operation 69 'alloca' 'round_keys_55_loc' <Predicate = true> <Delay = 0.00>
ST_1 : Operation 70 [1/1] (0.00ns)   --->   "%round_keys_56_loc = alloca i64 1"   --->   Operation 70 'alloca' 'round_keys_56_loc' <Predicate = true> <Delay = 0.00>
ST_1 : Operation 71 [1/1] (0.00ns)   --->   "%round_keys_57_loc = alloca i64 1"   --->   Operation 71 'alloca' 'round_keys_57_loc' <Predicate = true> <Delay = 0.00>
ST_1 : Operation 72 [1/1] (0.00ns)   --->   "%round_keys_58_loc = alloca i64 1"   --->   Operation 72 'alloca' 'round_keys_58_loc' <Predicate = true> <Delay = 0.00>
ST_1 : Operation 73 [1/1] (0.00ns)   --->   "%round_keys_59_loc = alloca i64 1"   --->   Operation 73 'alloca' 'round_keys_59_loc' <Predicate = true> <Delay = 0.00>
ST_1 : Operation 74 [1/1] (0.00ns)   --->   "%round_keys_60_loc = alloca i64 1"   --->   Operation 74 'alloca' 'round_keys_60_loc' <Predicate = true> <Delay = 0.00>
ST_1 : Operation 75 [1/1] (0.00ns)   --->   "%round_keys_61_loc = alloca i64 1"   --->   Operation 75 'alloca' 'round_keys_61_loc' <Predicate = true> <Delay = 0.00>
ST_1 : Operation 76 [1/1] (0.00ns)   --->   "%round_keys_62_loc = alloca i64 1"   --->   Operation 76 'alloca' 'round_keys_62_loc' <Predicate = true> <Delay = 0.00>
ST_1 : Operation 77 [1/1] (0.00ns)   --->   "%round_keys_63_loc = alloca i64 1"   --->   Operation 77 'alloca' 'round_keys_63_loc' <Predicate = true> <Delay = 0.00>
ST_1 : Operation 78 [1/1] (0.00ns)   --->   "%round_keys_64_loc = alloca i64 1"   --->   Operation 78 'alloca' 'round_keys_64_loc' <Predicate = true> <Delay = 0.00>
ST_1 : Operation 79 [1/1] (0.00ns)   --->   "%round_keys_65_loc = alloca i64 1"   --->   Operation 79 'alloca' 'round_keys_65_loc' <Predicate = true> <Delay = 0.00>
ST_1 : Operation 80 [1/1] (0.00ns)   --->   "%round_keys_66_loc = alloca i64 1"   --->   Operation 80 'alloca' 'round_keys_66_loc' <Predicate = true> <Delay = 0.00>
ST_1 : Operation 81 [1/1] (0.00ns)   --->   "%round_keys_67_loc = alloca i64 1"   --->   Operation 81 'alloca' 'round_keys_67_loc' <Predicate = true> <Delay = 0.00>
ST_1 : Operation 82 [1/1] (0.00ns)   --->   "%round_keys_68_loc = alloca i64 1"   --->   Operation 82 'alloca' 'round_keys_68_loc' <Predicate = true> <Delay = 0.00>
ST_1 : Operation 83 [1/1] (0.00ns)   --->   "%round_keys_69_loc = alloca i64 1"   --->   Operation 83 'alloca' 'round_keys_69_loc' <Predicate = true> <Delay = 0.00>
ST_1 : Operation 84 [1/1] (0.00ns)   --->   "%round_keys_70_loc = alloca i64 1"   --->   Operation 84 'alloca' 'round_keys_70_loc' <Predicate = true> <Delay = 0.00>
ST_1 : Operation 85 [1/1] (0.00ns)   --->   "%round_keys_71_loc = alloca i64 1"   --->   Operation 85 'alloca' 'round_keys_71_loc' <Predicate = true> <Delay = 0.00>
ST_1 : Operation 86 [1/1] (0.00ns)   --->   "%round_keys_72_loc = alloca i64 1"   --->   Operation 86 'alloca' 'round_keys_72_loc' <Predicate = true> <Delay = 0.00>
ST_1 : Operation 87 [1/1] (0.00ns)   --->   "%round_keys_73_loc = alloca i64 1"   --->   Operation 87 'alloca' 'round_keys_73_loc' <Predicate = true> <Delay = 0.00>
ST_1 : Operation 88 [1/1] (0.00ns)   --->   "%round_keys_74_loc = alloca i64 1"   --->   Operation 88 'alloca' 'round_keys_74_loc' <Predicate = true> <Delay = 0.00>
ST_1 : Operation 89 [1/1] (0.00ns)   --->   "%round_keys_75_loc = alloca i64 1"   --->   Operation 89 'alloca' 'round_keys_75_loc' <Predicate = true> <Delay = 0.00>
ST_1 : Operation 90 [1/1] (0.00ns)   --->   "%round_keys_76_loc = alloca i64 1"   --->   Operation 90 'alloca' 'round_keys_76_loc' <Predicate = true> <Delay = 0.00>
ST_1 : Operation 91 [1/1] (0.00ns)   --->   "%round_keys_77_loc = alloca i64 1"   --->   Operation 91 'alloca' 'round_keys_77_loc' <Predicate = true> <Delay = 0.00>
ST_1 : Operation 92 [1/1] (0.00ns)   --->   "%round_keys_78_loc = alloca i64 1"   --->   Operation 92 'alloca' 'round_keys_78_loc' <Predicate = true> <Delay = 0.00>
ST_1 : Operation 93 [1/1] (0.00ns)   --->   "%round_keys_79_loc = alloca i64 1"   --->   Operation 93 'alloca' 'round_keys_79_loc' <Predicate = true> <Delay = 0.00>
ST_1 : Operation 94 [1/1] (0.00ns)   --->   "%round_keys_80_loc = alloca i64 1"   --->   Operation 94 'alloca' 'round_keys_80_loc' <Predicate = true> <Delay = 0.00>
ST_1 : Operation 95 [1/1] (0.00ns)   --->   "%round_keys_81_loc = alloca i64 1"   --->   Operation 95 'alloca' 'round_keys_81_loc' <Predicate = true> <Delay = 0.00>
ST_1 : Operation 96 [1/1] (0.00ns)   --->   "%round_keys_82_loc = alloca i64 1"   --->   Operation 96 'alloca' 'round_keys_82_loc' <Predicate = true> <Delay = 0.00>
ST_1 : Operation 97 [1/1] (0.00ns)   --->   "%round_keys_83_loc = alloca i64 1"   --->   Operation 97 'alloca' 'round_keys_83_loc' <Predicate = true> <Delay = 0.00>
ST_1 : Operation 98 [1/1] (0.00ns)   --->   "%round_keys_84_loc = alloca i64 1"   --->   Operation 98 'alloca' 'round_keys_84_loc' <Predicate = true> <Delay = 0.00>
ST_1 : Operation 99 [1/1] (0.00ns)   --->   "%round_keys_85_loc = alloca i64 1"   --->   Operation 99 'alloca' 'round_keys_85_loc' <Predicate = true> <Delay = 0.00>
ST_1 : Operation 100 [1/1] (0.00ns)   --->   "%round_keys_86_loc = alloca i64 1"   --->   Operation 100 'alloca' 'round_keys_86_loc' <Predicate = true> <Delay = 0.00>
ST_1 : Operation 101 [1/1] (0.00ns)   --->   "%round_keys_87_loc = alloca i64 1"   --->   Operation 101 'alloca' 'round_keys_87_loc' <Predicate = true> <Delay = 0.00>
ST_1 : Operation 102 [1/1] (0.00ns)   --->   "%round_keys_88_loc = alloca i64 1"   --->   Operation 102 'alloca' 'round_keys_88_loc' <Predicate = true> <Delay = 0.00>
ST_1 : Operation 103 [1/1] (0.00ns)   --->   "%round_keys_89_loc = alloca i64 1"   --->   Operation 103 'alloca' 'round_keys_89_loc' <Predicate = true> <Delay = 0.00>
ST_1 : Operation 104 [1/1] (0.00ns)   --->   "%round_keys_90_loc = alloca i64 1"   --->   Operation 104 'alloca' 'round_keys_90_loc' <Predicate = true> <Delay = 0.00>
ST_1 : Operation 105 [1/1] (0.00ns)   --->   "%round_keys_91_loc = alloca i64 1"   --->   Operation 105 'alloca' 'round_keys_91_loc' <Predicate = true> <Delay = 0.00>
ST_1 : Operation 106 [1/1] (0.00ns)   --->   "%round_keys_92_loc = alloca i64 1"   --->   Operation 106 'alloca' 'round_keys_92_loc' <Predicate = true> <Delay = 0.00>
ST_1 : Operation 107 [1/1] (0.00ns)   --->   "%round_keys_93_loc = alloca i64 1"   --->   Operation 107 'alloca' 'round_keys_93_loc' <Predicate = true> <Delay = 0.00>
ST_1 : Operation 108 [1/1] (0.00ns)   --->   "%round_keys_94_loc = alloca i64 1"   --->   Operation 108 'alloca' 'round_keys_94_loc' <Predicate = true> <Delay = 0.00>
ST_1 : Operation 109 [1/1] (0.00ns)   --->   "%round_keys_95_loc = alloca i64 1"   --->   Operation 109 'alloca' 'round_keys_95_loc' <Predicate = true> <Delay = 0.00>
ST_1 : Operation 110 [1/1] (0.00ns)   --->   "%round_keys_96_loc = alloca i64 1"   --->   Operation 110 'alloca' 'round_keys_96_loc' <Predicate = true> <Delay = 0.00>
ST_1 : Operation 111 [1/1] (0.00ns)   --->   "%round_keys_97_loc = alloca i64 1"   --->   Operation 111 'alloca' 'round_keys_97_loc' <Predicate = true> <Delay = 0.00>
ST_1 : Operation 112 [1/1] (0.00ns)   --->   "%round_keys_98_loc = alloca i64 1"   --->   Operation 112 'alloca' 'round_keys_98_loc' <Predicate = true> <Delay = 0.00>
ST_1 : Operation 113 [1/1] (0.00ns)   --->   "%round_keys_99_loc = alloca i64 1"   --->   Operation 113 'alloca' 'round_keys_99_loc' <Predicate = true> <Delay = 0.00>
ST_1 : Operation 114 [1/1] (0.00ns)   --->   "%round_keys_100_loc = alloca i64 1"   --->   Operation 114 'alloca' 'round_keys_100_loc' <Predicate = true> <Delay = 0.00>
ST_1 : Operation 115 [1/1] (0.00ns)   --->   "%round_keys_101_loc = alloca i64 1"   --->   Operation 115 'alloca' 'round_keys_101_loc' <Predicate = true> <Delay = 0.00>
ST_1 : Operation 116 [1/1] (0.00ns)   --->   "%round_keys_102_loc = alloca i64 1"   --->   Operation 116 'alloca' 'round_keys_102_loc' <Predicate = true> <Delay = 0.00>
ST_1 : Operation 117 [1/1] (0.00ns)   --->   "%round_keys_103_loc = alloca i64 1"   --->   Operation 117 'alloca' 'round_keys_103_loc' <Predicate = true> <Delay = 0.00>
ST_1 : Operation 118 [1/1] (0.00ns)   --->   "%round_keys_104_loc = alloca i64 1"   --->   Operation 118 'alloca' 'round_keys_104_loc' <Predicate = true> <Delay = 0.00>
ST_1 : Operation 119 [1/1] (0.00ns)   --->   "%round_keys_105_loc = alloca i64 1"   --->   Operation 119 'alloca' 'round_keys_105_loc' <Predicate = true> <Delay = 0.00>
ST_1 : Operation 120 [1/1] (0.00ns)   --->   "%round_keys_106_loc = alloca i64 1"   --->   Operation 120 'alloca' 'round_keys_106_loc' <Predicate = true> <Delay = 0.00>
ST_1 : Operation 121 [1/1] (0.00ns)   --->   "%round_keys_107_loc = alloca i64 1"   --->   Operation 121 'alloca' 'round_keys_107_loc' <Predicate = true> <Delay = 0.00>
ST_1 : Operation 122 [1/1] (0.00ns)   --->   "%round_keys_108_loc = alloca i64 1"   --->   Operation 122 'alloca' 'round_keys_108_loc' <Predicate = true> <Delay = 0.00>
ST_1 : Operation 123 [1/1] (0.00ns)   --->   "%round_keys_109_loc = alloca i64 1"   --->   Operation 123 'alloca' 'round_keys_109_loc' <Predicate = true> <Delay = 0.00>
ST_1 : Operation 124 [1/1] (0.00ns)   --->   "%round_keys_110_loc = alloca i64 1"   --->   Operation 124 'alloca' 'round_keys_110_loc' <Predicate = true> <Delay = 0.00>
ST_1 : Operation 125 [1/1] (0.00ns)   --->   "%round_keys_111_loc = alloca i64 1"   --->   Operation 125 'alloca' 'round_keys_111_loc' <Predicate = true> <Delay = 0.00>
ST_1 : Operation 126 [1/1] (0.00ns)   --->   "%round_keys_112_loc = alloca i64 1"   --->   Operation 126 'alloca' 'round_keys_112_loc' <Predicate = true> <Delay = 0.00>
ST_1 : Operation 127 [1/1] (0.00ns)   --->   "%round_keys_113_loc = alloca i64 1"   --->   Operation 127 'alloca' 'round_keys_113_loc' <Predicate = true> <Delay = 0.00>
ST_1 : Operation 128 [1/1] (0.00ns)   --->   "%round_keys_114_loc = alloca i64 1"   --->   Operation 128 'alloca' 'round_keys_114_loc' <Predicate = true> <Delay = 0.00>
ST_1 : Operation 129 [1/1] (0.00ns)   --->   "%round_keys_115_loc = alloca i64 1"   --->   Operation 129 'alloca' 'round_keys_115_loc' <Predicate = true> <Delay = 0.00>
ST_1 : Operation 130 [1/1] (0.00ns)   --->   "%round_keys_116_loc = alloca i64 1"   --->   Operation 130 'alloca' 'round_keys_116_loc' <Predicate = true> <Delay = 0.00>
ST_1 : Operation 131 [1/1] (0.00ns)   --->   "%round_keys_117_loc = alloca i64 1"   --->   Operation 131 'alloca' 'round_keys_117_loc' <Predicate = true> <Delay = 0.00>
ST_1 : Operation 132 [1/1] (0.00ns)   --->   "%round_keys_118_loc = alloca i64 1"   --->   Operation 132 'alloca' 'round_keys_118_loc' <Predicate = true> <Delay = 0.00>
ST_1 : Operation 133 [1/1] (0.00ns)   --->   "%round_keys_119_loc = alloca i64 1"   --->   Operation 133 'alloca' 'round_keys_119_loc' <Predicate = true> <Delay = 0.00>
ST_1 : Operation 134 [1/1] (0.00ns)   --->   "%round_keys_120_loc = alloca i64 1"   --->   Operation 134 'alloca' 'round_keys_120_loc' <Predicate = true> <Delay = 0.00>
ST_1 : Operation 135 [1/1] (0.00ns)   --->   "%round_keys_121_loc = alloca i64 1"   --->   Operation 135 'alloca' 'round_keys_121_loc' <Predicate = true> <Delay = 0.00>
ST_1 : Operation 136 [1/1] (0.00ns)   --->   "%round_keys_122_loc = alloca i64 1"   --->   Operation 136 'alloca' 'round_keys_122_loc' <Predicate = true> <Delay = 0.00>
ST_1 : Operation 137 [1/1] (0.00ns)   --->   "%round_keys_123_loc = alloca i64 1"   --->   Operation 137 'alloca' 'round_keys_123_loc' <Predicate = true> <Delay = 0.00>
ST_1 : Operation 138 [1/1] (0.00ns)   --->   "%round_keys_124_loc = alloca i64 1"   --->   Operation 138 'alloca' 'round_keys_124_loc' <Predicate = true> <Delay = 0.00>
ST_1 : Operation 139 [1/1] (0.00ns)   --->   "%round_keys_125_loc = alloca i64 1"   --->   Operation 139 'alloca' 'round_keys_125_loc' <Predicate = true> <Delay = 0.00>
ST_1 : Operation 140 [1/1] (0.00ns)   --->   "%round_keys_126_loc = alloca i64 1"   --->   Operation 140 'alloca' 'round_keys_126_loc' <Predicate = true> <Delay = 0.00>
ST_1 : Operation 141 [1/1] (0.00ns)   --->   "%round_keys_127_loc = alloca i64 1"   --->   Operation 141 'alloca' 'round_keys_127_loc' <Predicate = true> <Delay = 0.00>
ST_1 : Operation 142 [1/1] (0.00ns)   --->   "%round_keys_128_loc = alloca i64 1"   --->   Operation 142 'alloca' 'round_keys_128_loc' <Predicate = true> <Delay = 0.00>
ST_1 : Operation 143 [1/1] (0.00ns)   --->   "%round_keys_129_loc = alloca i64 1"   --->   Operation 143 'alloca' 'round_keys_129_loc' <Predicate = true> <Delay = 0.00>
ST_1 : Operation 144 [1/1] (0.00ns)   --->   "%round_keys_130_loc = alloca i64 1"   --->   Operation 144 'alloca' 'round_keys_130_loc' <Predicate = true> <Delay = 0.00>
ST_1 : Operation 145 [1/1] (0.00ns)   --->   "%round_keys_131_loc = alloca i64 1"   --->   Operation 145 'alloca' 'round_keys_131_loc' <Predicate = true> <Delay = 0.00>
ST_1 : Operation 146 [1/1] (0.00ns)   --->   "%round_keys_132_loc = alloca i64 1"   --->   Operation 146 'alloca' 'round_keys_132_loc' <Predicate = true> <Delay = 0.00>
ST_1 : Operation 147 [1/1] (0.00ns)   --->   "%round_keys_133_loc = alloca i64 1"   --->   Operation 147 'alloca' 'round_keys_133_loc' <Predicate = true> <Delay = 0.00>
ST_1 : Operation 148 [1/1] (0.00ns)   --->   "%round_keys_134_loc = alloca i64 1"   --->   Operation 148 'alloca' 'round_keys_134_loc' <Predicate = true> <Delay = 0.00>
ST_1 : Operation 149 [1/1] (0.00ns)   --->   "%round_keys_135_loc = alloca i64 1"   --->   Operation 149 'alloca' 'round_keys_135_loc' <Predicate = true> <Delay = 0.00>
ST_1 : Operation 150 [1/1] (0.00ns)   --->   "%round_keys_136_loc = alloca i64 1"   --->   Operation 150 'alloca' 'round_keys_136_loc' <Predicate = true> <Delay = 0.00>
ST_1 : Operation 151 [1/1] (0.00ns)   --->   "%round_keys_137_loc = alloca i64 1"   --->   Operation 151 'alloca' 'round_keys_137_loc' <Predicate = true> <Delay = 0.00>
ST_1 : Operation 152 [1/1] (0.00ns)   --->   "%round_keys_138_loc = alloca i64 1"   --->   Operation 152 'alloca' 'round_keys_138_loc' <Predicate = true> <Delay = 0.00>
ST_1 : Operation 153 [1/1] (0.00ns)   --->   "%round_keys_139_loc = alloca i64 1"   --->   Operation 153 'alloca' 'round_keys_139_loc' <Predicate = true> <Delay = 0.00>
ST_1 : Operation 154 [1/1] (0.00ns)   --->   "%round_keys_140_loc = alloca i64 1"   --->   Operation 154 'alloca' 'round_keys_140_loc' <Predicate = true> <Delay = 0.00>
ST_1 : Operation 155 [1/1] (0.00ns)   --->   "%round_keys_141_loc = alloca i64 1"   --->   Operation 155 'alloca' 'round_keys_141_loc' <Predicate = true> <Delay = 0.00>
ST_1 : Operation 156 [1/1] (0.00ns)   --->   "%round_keys_142_loc = alloca i64 1"   --->   Operation 156 'alloca' 'round_keys_142_loc' <Predicate = true> <Delay = 0.00>
ST_1 : Operation 157 [1/1] (0.00ns)   --->   "%round_keys_143_loc = alloca i64 1"   --->   Operation 157 'alloca' 'round_keys_143_loc' <Predicate = true> <Delay = 0.00>
ST_1 : Operation 158 [1/1] (0.00ns)   --->   "%round_keys_144_loc = alloca i64 1"   --->   Operation 158 'alloca' 'round_keys_144_loc' <Predicate = true> <Delay = 0.00>
ST_1 : Operation 159 [1/1] (0.00ns)   --->   "%round_keys_145_loc = alloca i64 1"   --->   Operation 159 'alloca' 'round_keys_145_loc' <Predicate = true> <Delay = 0.00>
ST_1 : Operation 160 [1/1] (0.00ns)   --->   "%round_keys_146_loc = alloca i64 1"   --->   Operation 160 'alloca' 'round_keys_146_loc' <Predicate = true> <Delay = 0.00>
ST_1 : Operation 161 [1/1] (0.00ns)   --->   "%round_keys_147_loc = alloca i64 1"   --->   Operation 161 'alloca' 'round_keys_147_loc' <Predicate = true> <Delay = 0.00>
ST_1 : Operation 162 [1/1] (0.00ns)   --->   "%round_keys_148_loc = alloca i64 1"   --->   Operation 162 'alloca' 'round_keys_148_loc' <Predicate = true> <Delay = 0.00>
ST_1 : Operation 163 [1/1] (0.00ns)   --->   "%round_keys_149_loc = alloca i64 1"   --->   Operation 163 'alloca' 'round_keys_149_loc' <Predicate = true> <Delay = 0.00>
ST_1 : Operation 164 [1/1] (0.00ns)   --->   "%round_keys_150_loc = alloca i64 1"   --->   Operation 164 'alloca' 'round_keys_150_loc' <Predicate = true> <Delay = 0.00>
ST_1 : Operation 165 [1/1] (0.00ns)   --->   "%round_keys_151_loc = alloca i64 1"   --->   Operation 165 'alloca' 'round_keys_151_loc' <Predicate = true> <Delay = 0.00>
ST_1 : Operation 166 [1/1] (0.00ns)   --->   "%round_keys_152_loc = alloca i64 1"   --->   Operation 166 'alloca' 'round_keys_152_loc' <Predicate = true> <Delay = 0.00>
ST_1 : Operation 167 [1/1] (0.00ns)   --->   "%round_keys_153_loc = alloca i64 1"   --->   Operation 167 'alloca' 'round_keys_153_loc' <Predicate = true> <Delay = 0.00>
ST_1 : Operation 168 [1/1] (0.00ns)   --->   "%round_keys_154_loc = alloca i64 1"   --->   Operation 168 'alloca' 'round_keys_154_loc' <Predicate = true> <Delay = 0.00>
ST_1 : Operation 169 [1/1] (0.00ns)   --->   "%round_keys_155_loc = alloca i64 1"   --->   Operation 169 'alloca' 'round_keys_155_loc' <Predicate = true> <Delay = 0.00>
ST_1 : Operation 170 [1/1] (0.00ns)   --->   "%round_keys_156_loc = alloca i64 1"   --->   Operation 170 'alloca' 'round_keys_156_loc' <Predicate = true> <Delay = 0.00>
ST_1 : Operation 171 [1/1] (0.00ns)   --->   "%round_keys_157_loc = alloca i64 1"   --->   Operation 171 'alloca' 'round_keys_157_loc' <Predicate = true> <Delay = 0.00>
ST_1 : Operation 172 [1/1] (0.00ns)   --->   "%round_keys_158_loc = alloca i64 1"   --->   Operation 172 'alloca' 'round_keys_158_loc' <Predicate = true> <Delay = 0.00>
ST_1 : Operation 173 [1/1] (0.00ns)   --->   "%round_keys_159_loc = alloca i64 1"   --->   Operation 173 'alloca' 'round_keys_159_loc' <Predicate = true> <Delay = 0.00>
ST_1 : Operation 174 [1/1] (0.00ns)   --->   "%round_keys_160_loc = alloca i64 1"   --->   Operation 174 'alloca' 'round_keys_160_loc' <Predicate = true> <Delay = 0.00>
ST_1 : Operation 175 [1/1] (0.00ns)   --->   "%round_keys_161_loc = alloca i64 1"   --->   Operation 175 'alloca' 'round_keys_161_loc' <Predicate = true> <Delay = 0.00>
ST_1 : Operation 176 [1/1] (0.00ns)   --->   "%round_keys_162_loc = alloca i64 1"   --->   Operation 176 'alloca' 'round_keys_162_loc' <Predicate = true> <Delay = 0.00>
ST_1 : Operation 177 [1/1] (0.00ns)   --->   "%round_keys_163_loc = alloca i64 1"   --->   Operation 177 'alloca' 'round_keys_163_loc' <Predicate = true> <Delay = 0.00>
ST_1 : Operation 178 [1/1] (0.00ns)   --->   "%round_keys_164_loc = alloca i64 1"   --->   Operation 178 'alloca' 'round_keys_164_loc' <Predicate = true> <Delay = 0.00>
ST_1 : Operation 179 [1/1] (0.00ns)   --->   "%round_keys_165_loc = alloca i64 1"   --->   Operation 179 'alloca' 'round_keys_165_loc' <Predicate = true> <Delay = 0.00>
ST_1 : Operation 180 [1/1] (0.00ns)   --->   "%round_keys_166_loc = alloca i64 1"   --->   Operation 180 'alloca' 'round_keys_166_loc' <Predicate = true> <Delay = 0.00>
ST_1 : Operation 181 [1/1] (0.00ns)   --->   "%round_keys_167_loc = alloca i64 1"   --->   Operation 181 'alloca' 'round_keys_167_loc' <Predicate = true> <Delay = 0.00>
ST_1 : Operation 182 [1/1] (0.00ns)   --->   "%round_keys_168_loc = alloca i64 1"   --->   Operation 182 'alloca' 'round_keys_168_loc' <Predicate = true> <Delay = 0.00>
ST_1 : Operation 183 [1/1] (0.00ns)   --->   "%round_keys_169_loc = alloca i64 1"   --->   Operation 183 'alloca' 'round_keys_169_loc' <Predicate = true> <Delay = 0.00>
ST_1 : Operation 184 [1/1] (0.00ns)   --->   "%round_keys_170_loc = alloca i64 1"   --->   Operation 184 'alloca' 'round_keys_170_loc' <Predicate = true> <Delay = 0.00>
ST_1 : Operation 185 [1/1] (0.00ns)   --->   "%round_keys_171_loc = alloca i64 1"   --->   Operation 185 'alloca' 'round_keys_171_loc' <Predicate = true> <Delay = 0.00>
ST_1 : Operation 186 [1/1] (0.00ns)   --->   "%round_keys_172_loc = alloca i64 1"   --->   Operation 186 'alloca' 'round_keys_172_loc' <Predicate = true> <Delay = 0.00>
ST_1 : Operation 187 [1/1] (0.00ns)   --->   "%round_keys_173_loc = alloca i64 1"   --->   Operation 187 'alloca' 'round_keys_173_loc' <Predicate = true> <Delay = 0.00>
ST_1 : Operation 188 [1/1] (0.00ns)   --->   "%round_keys_174_loc = alloca i64 1"   --->   Operation 188 'alloca' 'round_keys_174_loc' <Predicate = true> <Delay = 0.00>
ST_1 : Operation 189 [1/1] (0.00ns)   --->   "%round_keys_175_loc = alloca i64 1"   --->   Operation 189 'alloca' 'round_keys_175_loc' <Predicate = true> <Delay = 0.00>
ST_1 : Operation 190 [1/1] (0.00ns)   --->   "%key_0_addr = getelementptr i8 %key_0, i64 0, i64 0" [src/aes128.cpp:146]   --->   Operation 190 'getelementptr' 'key_0_addr' <Predicate = true> <Delay = 0.00>
ST_1 : Operation 191 [2/2] (2.32ns)   --->   "%round_keys = load i3 %key_0_addr" [src/aes128.cpp:34]   --->   Operation 191 'load' 'round_keys' <Predicate = true> <Delay = 2.32> <CoreInst = "RAM">   --->   Core 82 'RAM' <Latency = 1> <II = 1> <Delay = 2.32> <Storage> <Opcode : 'load' 'store'> <Ports = 2> <Width = 8> <Depth = 8> <RAM>
ST_1 : Operation 192 [1/1] (0.00ns)   --->   "%key_1_addr = getelementptr i8 %key_1, i64 0, i64 0" [src/aes128.cpp:34]   --->   Operation 192 'getelementptr' 'key_1_addr' <Predicate = true> <Delay = 0.00>
ST_1 : Operation 193 [2/2] (2.32ns)   --->   "%round_keys_180 = load i3 %key_1_addr" [src/aes128.cpp:34]   --->   Operation 193 'load' 'round_keys_180' <Predicate = true> <Delay = 2.32> <CoreInst = "RAM">   --->   Core 82 'RAM' <Latency = 1> <II = 1> <Delay = 2.32> <Storage> <Opcode : 'load' 'store'> <Ports = 2> <Width = 8> <Depth = 8> <RAM>
ST_1 : Operation 194 [1/1] (0.00ns)   --->   "%key_0_addr_1 = getelementptr i8 %key_0, i64 0, i64 1" [src/aes128.cpp:34]   --->   Operation 194 'getelementptr' 'key_0_addr_1' <Predicate = true> <Delay = 0.00>
ST_1 : Operation 195 [2/2] (2.32ns)   --->   "%round_keys_181 = load i3 %key_0_addr_1" [src/aes128.cpp:34]   --->   Operation 195 'load' 'round_keys_181' <Predicate = true> <Delay = 2.32> <CoreInst = "RAM">   --->   Core 82 'RAM' <Latency = 1> <II = 1> <Delay = 2.32> <Storage> <Opcode : 'load' 'store'> <Ports = 2> <Width = 8> <Depth = 8> <RAM>
ST_1 : Operation 196 [1/1] (0.00ns)   --->   "%key_1_addr_1 = getelementptr i8 %key_1, i64 0, i64 1" [src/aes128.cpp:34]   --->   Operation 196 'getelementptr' 'key_1_addr_1' <Predicate = true> <Delay = 0.00>
ST_1 : Operation 197 [2/2] (2.32ns)   --->   "%round_keys_182 = load i3 %key_1_addr_1" [src/aes128.cpp:34]   --->   Operation 197 'load' 'round_keys_182' <Predicate = true> <Delay = 2.32> <CoreInst = "RAM">   --->   Core 82 'RAM' <Latency = 1> <II = 1> <Delay = 2.32> <Storage> <Opcode : 'load' 'store'> <Ports = 2> <Width = 8> <Depth = 8> <RAM>

State 2 <SV = 1> <Delay = 2.32>
ST_2 : Operation 198 [1/2] (2.32ns)   --->   "%round_keys = load i3 %key_0_addr" [src/aes128.cpp:34]   --->   Operation 198 'load' 'round_keys' <Predicate = true> <Delay = 2.32> <CoreInst = "RAM">   --->   Core 82 'RAM' <Latency = 1> <II = 1> <Delay = 2.32> <Storage> <Opcode : 'load' 'store'> <Ports = 2> <Width = 8> <Depth = 8> <RAM>
ST_2 : Operation 199 [1/2] (2.32ns)   --->   "%round_keys_180 = load i3 %key_1_addr" [src/aes128.cpp:34]   --->   Operation 199 'load' 'round_keys_180' <Predicate = true> <Delay = 2.32> <CoreInst = "RAM">   --->   Core 82 'RAM' <Latency = 1> <II = 1> <Delay = 2.32> <Storage> <Opcode : 'load' 'store'> <Ports = 2> <Width = 8> <Depth = 8> <RAM>
ST_2 : Operation 200 [1/2] (2.32ns)   --->   "%round_keys_181 = load i3 %key_0_addr_1" [src/aes128.cpp:34]   --->   Operation 200 'load' 'round_keys_181' <Predicate = true> <Delay = 2.32> <CoreInst = "RAM">   --->   Core 82 'RAM' <Latency = 1> <II = 1> <Delay = 2.32> <Storage> <Opcode : 'load' 'store'> <Ports = 2> <Width = 8> <Depth = 8> <RAM>
ST_2 : Operation 201 [1/2] (2.32ns)   --->   "%round_keys_182 = load i3 %key_1_addr_1" [src/aes128.cpp:34]   --->   Operation 201 'load' 'round_keys_182' <Predicate = true> <Delay = 2.32> <CoreInst = "RAM">   --->   Core 82 'RAM' <Latency = 1> <II = 1> <Delay = 2.32> <Storage> <Opcode : 'load' 'store'> <Ports = 2> <Width = 8> <Depth = 8> <RAM>
ST_2 : Operation 202 [1/1] (0.00ns)   --->   "%key_0_addr_2 = getelementptr i8 %key_0, i64 0, i64 2" [src/aes128.cpp:34]   --->   Operation 202 'getelementptr' 'key_0_addr_2' <Predicate = true> <Delay = 0.00>
ST_2 : Operation 203 [2/2] (2.32ns)   --->   "%round_keys_183 = load i3 %key_0_addr_2" [src/aes128.cpp:34]   --->   Operation 203 'load' 'round_keys_183' <Predicate = true> <Delay = 2.32> <CoreInst = "RAM">   --->   Core 82 'RAM' <Latency = 1> <II = 1> <Delay = 2.32> <Storage> <Opcode : 'load' 'store'> <Ports = 2> <Width = 8> <Depth = 8> <RAM>
ST_2 : Operation 204 [1/1] (0.00ns)   --->   "%key_1_addr_2 = getelementptr i8 %key_1, i64 0, i64 2" [src/aes128.cpp:34]   --->   Operation 204 'getelementptr' 'key_1_addr_2' <Predicate = true> <Delay = 0.00>
ST_2 : Operation 205 [2/2] (2.32ns)   --->   "%round_keys_184 = load i3 %key_1_addr_2" [src/aes128.cpp:34]   --->   Operation 205 'load' 'round_keys_184' <Predicate = true> <Delay = 2.32> <CoreInst = "RAM">   --->   Core 82 'RAM' <Latency = 1> <II = 1> <Delay = 2.32> <Storage> <Opcode : 'load' 'store'> <Ports = 2> <Width = 8> <Depth = 8> <RAM>
ST_2 : Operation 206 [1/1] (0.00ns)   --->   "%key_0_addr_3 = getelementptr i8 %key_0, i64 0, i64 3" [src/aes128.cpp:34]   --->   Operation 206 'getelementptr' 'key_0_addr_3' <Predicate = true> <Delay = 0.00>
ST_2 : Operation 207 [2/2] (2.32ns)   --->   "%round_keys_185 = load i3 %key_0_addr_3" [src/aes128.cpp:34]   --->   Operation 207 'load' 'round_keys_185' <Predicate = true> <Delay = 2.32> <CoreInst = "RAM">   --->   Core 82 'RAM' <Latency = 1> <II = 1> <Delay = 2.32> <Storage> <Opcode : 'load' 'store'> <Ports = 2> <Width = 8> <Depth = 8> <RAM>
ST_2 : Operation 208 [1/1] (0.00ns)   --->   "%key_1_addr_3 = getelementptr i8 %key_1, i64 0, i64 3" [src/aes128.cpp:34]   --->   Operation 208 'getelementptr' 'key_1_addr_3' <Predicate = true> <Delay = 0.00>
ST_2 : Operation 209 [2/2] (2.32ns)   --->   "%round_keys_186 = load i3 %key_1_addr_3" [src/aes128.cpp:34]   --->   Operation 209 'load' 'round_keys_186' <Predicate = true> <Delay = 2.32> <CoreInst = "RAM">   --->   Core 82 'RAM' <Latency = 1> <II = 1> <Delay = 2.32> <Storage> <Opcode : 'load' 'store'> <Ports = 2> <Width = 8> <Depth = 8> <RAM>

State 3 <SV = 2> <Delay = 2.32>
ST_3 : Operation 210 [1/2] (2.32ns)   --->   "%round_keys_183 = load i3 %key_0_addr_2" [src/aes128.cpp:34]   --->   Operation 210 'load' 'round_keys_183' <Predicate = true> <Delay = 2.32> <CoreInst = "RAM">   --->   Core 82 'RAM' <Latency = 1> <II = 1> <Delay = 2.32> <Storage> <Opcode : 'load' 'store'> <Ports = 2> <Width = 8> <Depth = 8> <RAM>
ST_3 : Operation 211 [1/2] (2.32ns)   --->   "%round_keys_184 = load i3 %key_1_addr_2" [src/aes128.cpp:34]   --->   Operation 211 'load' 'round_keys_184' <Predicate = true> <Delay = 2.32> <CoreInst = "RAM">   --->   Core 82 'RAM' <Latency = 1> <II = 1> <Delay = 2.32> <Storage> <Opcode : 'load' 'store'> <Ports = 2> <Width = 8> <Depth = 8> <RAM>
ST_3 : Operation 212 [1/2] (2.32ns)   --->   "%round_keys_185 = load i3 %key_0_addr_3" [src/aes128.cpp:34]   --->   Operation 212 'load' 'round_keys_185' <Predicate = true> <Delay = 2.32> <CoreInst = "RAM">   --->   Core 82 'RAM' <Latency = 1> <II = 1> <Delay = 2.32> <Storage> <Opcode : 'load' 'store'> <Ports = 2> <Width = 8> <Depth = 8> <RAM>
ST_3 : Operation 213 [1/2] (2.32ns)   --->   "%round_keys_186 = load i3 %key_1_addr_3" [src/aes128.cpp:34]   --->   Operation 213 'load' 'round_keys_186' <Predicate = true> <Delay = 2.32> <CoreInst = "RAM">   --->   Core 82 'RAM' <Latency = 1> <II = 1> <Delay = 2.32> <Storage> <Opcode : 'load' 'store'> <Ports = 2> <Width = 8> <Depth = 8> <RAM>
ST_3 : Operation 214 [1/1] (0.00ns)   --->   "%key_0_addr_4 = getelementptr i8 %key_0, i64 0, i64 4" [src/aes128.cpp:34]   --->   Operation 214 'getelementptr' 'key_0_addr_4' <Predicate = true> <Delay = 0.00>
ST_3 : Operation 215 [2/2] (2.32ns)   --->   "%round_keys_187 = load i3 %key_0_addr_4" [src/aes128.cpp:34]   --->   Operation 215 'load' 'round_keys_187' <Predicate = true> <Delay = 2.32> <CoreInst = "RAM">   --->   Core 82 'RAM' <Latency = 1> <II = 1> <Delay = 2.32> <Storage> <Opcode : 'load' 'store'> <Ports = 2> <Width = 8> <Depth = 8> <RAM>
ST_3 : Operation 216 [1/1] (0.00ns)   --->   "%key_1_addr_4 = getelementptr i8 %key_1, i64 0, i64 4" [src/aes128.cpp:34]   --->   Operation 216 'getelementptr' 'key_1_addr_4' <Predicate = true> <Delay = 0.00>
ST_3 : Operation 217 [2/2] (2.32ns)   --->   "%round_keys_188 = load i3 %key_1_addr_4" [src/aes128.cpp:34]   --->   Operation 217 'load' 'round_keys_188' <Predicate = true> <Delay = 2.32> <CoreInst = "RAM">   --->   Core 82 'RAM' <Latency = 1> <II = 1> <Delay = 2.32> <Storage> <Opcode : 'load' 'store'> <Ports = 2> <Width = 8> <Depth = 8> <RAM>
ST_3 : Operation 218 [1/1] (0.00ns)   --->   "%key_0_addr_5 = getelementptr i8 %key_0, i64 0, i64 5" [src/aes128.cpp:34]   --->   Operation 218 'getelementptr' 'key_0_addr_5' <Predicate = true> <Delay = 0.00>
ST_3 : Operation 219 [2/2] (2.32ns)   --->   "%round_keys_189 = load i3 %key_0_addr_5" [src/aes128.cpp:34]   --->   Operation 219 'load' 'round_keys_189' <Predicate = true> <Delay = 2.32> <CoreInst = "RAM">   --->   Core 82 'RAM' <Latency = 1> <II = 1> <Delay = 2.32> <Storage> <Opcode : 'load' 'store'> <Ports = 2> <Width = 8> <Depth = 8> <RAM>
ST_3 : Operation 220 [1/1] (0.00ns)   --->   "%key_1_addr_5 = getelementptr i8 %key_1, i64 0, i64 5" [src/aes128.cpp:34]   --->   Operation 220 'getelementptr' 'key_1_addr_5' <Predicate = true> <Delay = 0.00>
ST_3 : Operation 221 [2/2] (2.32ns)   --->   "%round_keys_190 = load i3 %key_1_addr_5" [src/aes128.cpp:34]   --->   Operation 221 'load' 'round_keys_190' <Predicate = true> <Delay = 2.32> <CoreInst = "RAM">   --->   Core 82 'RAM' <Latency = 1> <II = 1> <Delay = 2.32> <Storage> <Opcode : 'load' 'store'> <Ports = 2> <Width = 8> <Depth = 8> <RAM>
ST_3 : Operation 222 [1/1] (0.00ns)   --->   "%plaintext_0_addr = getelementptr i8 %plaintext_0, i64 0, i64 0" [src/aes128.cpp:146]   --->   Operation 222 'getelementptr' 'plaintext_0_addr' <Predicate = true> <Delay = 0.00>
ST_3 : Operation 223 [2/2] (2.32ns)   --->   "%plaintext_0_load = load i3 %plaintext_0_addr" [src/aes128.cpp:162]   --->   Operation 223 'load' 'plaintext_0_load' <Predicate = true> <Delay = 2.32> <CoreInst = "RAM">   --->   Core 82 'RAM' <Latency = 1> <II = 1> <Delay = 2.32> <Storage> <Opcode : 'load' 'store'> <Ports = 2> <Width = 8> <Depth = 8> <RAM>
ST_3 : Operation 224 [1/1] (0.00ns)   --->   "%plaintext_1_addr = getelementptr i8 %plaintext_1, i64 0, i64 0" [src/aes128.cpp:162]   --->   Operation 224 'getelementptr' 'plaintext_1_addr' <Predicate = true> <Delay = 0.00>
ST_3 : Operation 225 [2/2] (2.32ns)   --->   "%plaintext_1_load = load i3 %plaintext_1_addr" [src/aes128.cpp:162]   --->   Operation 225 'load' 'plaintext_1_load' <Predicate = true> <Delay = 2.32> <CoreInst = "RAM">   --->   Core 82 'RAM' <Latency = 1> <II = 1> <Delay = 2.32> <Storage> <Opcode : 'load' 'store'> <Ports = 2> <Width = 8> <Depth = 8> <RAM>
ST_3 : Operation 226 [1/1] (0.00ns)   --->   "%plaintext_0_addr_1 = getelementptr i8 %plaintext_0, i64 0, i64 1" [src/aes128.cpp:162]   --->   Operation 226 'getelementptr' 'plaintext_0_addr_1' <Predicate = true> <Delay = 0.00>
ST_3 : Operation 227 [2/2] (2.32ns)   --->   "%plaintext_0_load_1 = load i3 %plaintext_0_addr_1" [src/aes128.cpp:162]   --->   Operation 227 'load' 'plaintext_0_load_1' <Predicate = true> <Delay = 2.32> <CoreInst = "RAM">   --->   Core 82 'RAM' <Latency = 1> <II = 1> <Delay = 2.32> <Storage> <Opcode : 'load' 'store'> <Ports = 2> <Width = 8> <Depth = 8> <RAM>
ST_3 : Operation 228 [1/1] (0.00ns)   --->   "%plaintext_1_addr_1 = getelementptr i8 %plaintext_1, i64 0, i64 1" [src/aes128.cpp:162]   --->   Operation 228 'getelementptr' 'plaintext_1_addr_1' <Predicate = true> <Delay = 0.00>
ST_3 : Operation 229 [2/2] (2.32ns)   --->   "%plaintext_1_load_1 = load i3 %plaintext_1_addr_1" [src/aes128.cpp:162]   --->   Operation 229 'load' 'plaintext_1_load_1' <Predicate = true> <Delay = 2.32> <CoreInst = "RAM">   --->   Core 82 'RAM' <Latency = 1> <II = 1> <Delay = 2.32> <Storage> <Opcode : 'load' 'store'> <Ports = 2> <Width = 8> <Depth = 8> <RAM>

State 4 <SV = 3> <Delay = 2.32>
ST_4 : Operation 230 [1/2] (2.32ns)   --->   "%round_keys_187 = load i3 %key_0_addr_4" [src/aes128.cpp:34]   --->   Operation 230 'load' 'round_keys_187' <Predicate = true> <Delay = 2.32> <CoreInst = "RAM">   --->   Core 82 'RAM' <Latency = 1> <II = 1> <Delay = 2.32> <Storage> <Opcode : 'load' 'store'> <Ports = 2> <Width = 8> <Depth = 8> <RAM>
ST_4 : Operation 231 [1/2] (2.32ns)   --->   "%round_keys_188 = load i3 %key_1_addr_4" [src/aes128.cpp:34]   --->   Operation 231 'load' 'round_keys_188' <Predicate = true> <Delay = 2.32> <CoreInst = "RAM">   --->   Core 82 'RAM' <Latency = 1> <II = 1> <Delay = 2.32> <Storage> <Opcode : 'load' 'store'> <Ports = 2> <Width = 8> <Depth = 8> <RAM>
ST_4 : Operation 232 [1/2] (2.32ns)   --->   "%round_keys_189 = load i3 %key_0_addr_5" [src/aes128.cpp:34]   --->   Operation 232 'load' 'round_keys_189' <Predicate = true> <Delay = 2.32> <CoreInst = "RAM">   --->   Core 82 'RAM' <Latency = 1> <II = 1> <Delay = 2.32> <Storage> <Opcode : 'load' 'store'> <Ports = 2> <Width = 8> <Depth = 8> <RAM>
ST_4 : Operation 233 [1/2] (2.32ns)   --->   "%round_keys_190 = load i3 %key_1_addr_5" [src/aes128.cpp:34]   --->   Operation 233 'load' 'round_keys_190' <Predicate = true> <Delay = 2.32> <CoreInst = "RAM">   --->   Core 82 'RAM' <Latency = 1> <II = 1> <Delay = 2.32> <Storage> <Opcode : 'load' 'store'> <Ports = 2> <Width = 8> <Depth = 8> <RAM>
ST_4 : Operation 234 [1/1] (0.00ns)   --->   "%key_0_addr_6 = getelementptr i8 %key_0, i64 0, i64 6" [src/aes128.cpp:34]   --->   Operation 234 'getelementptr' 'key_0_addr_6' <Predicate = true> <Delay = 0.00>
ST_4 : Operation 235 [2/2] (2.32ns)   --->   "%round_keys_191 = load i3 %key_0_addr_6" [src/aes128.cpp:34]   --->   Operation 235 'load' 'round_keys_191' <Predicate = true> <Delay = 2.32> <CoreInst = "RAM">   --->   Core 82 'RAM' <Latency = 1> <II = 1> <Delay = 2.32> <Storage> <Opcode : 'load' 'store'> <Ports = 2> <Width = 8> <Depth = 8> <RAM>
ST_4 : Operation 236 [1/1] (0.00ns)   --->   "%key_1_addr_6 = getelementptr i8 %key_1, i64 0, i64 6" [src/aes128.cpp:34]   --->   Operation 236 'getelementptr' 'key_1_addr_6' <Predicate = true> <Delay = 0.00>
ST_4 : Operation 237 [2/2] (2.32ns)   --->   "%round_keys_192 = load i3 %key_1_addr_6" [src/aes128.cpp:34]   --->   Operation 237 'load' 'round_keys_192' <Predicate = true> <Delay = 2.32> <CoreInst = "RAM">   --->   Core 82 'RAM' <Latency = 1> <II = 1> <Delay = 2.32> <Storage> <Opcode : 'load' 'store'> <Ports = 2> <Width = 8> <Depth = 8> <RAM>
ST_4 : Operation 238 [1/1] (0.00ns)   --->   "%key_0_addr_7 = getelementptr i8 %key_0, i64 0, i64 7" [src/aes128.cpp:34]   --->   Operation 238 'getelementptr' 'key_0_addr_7' <Predicate = true> <Delay = 0.00>
ST_4 : Operation 239 [2/2] (2.32ns)   --->   "%round_keys_193 = load i3 %key_0_addr_7" [src/aes128.cpp:34]   --->   Operation 239 'load' 'round_keys_193' <Predicate = true> <Delay = 2.32> <CoreInst = "RAM">   --->   Core 82 'RAM' <Latency = 1> <II = 1> <Delay = 2.32> <Storage> <Opcode : 'load' 'store'> <Ports = 2> <Width = 8> <Depth = 8> <RAM>
ST_4 : Operation 240 [1/1] (0.00ns)   --->   "%key_1_addr_7 = getelementptr i8 %key_1, i64 0, i64 7" [src/aes128.cpp:34]   --->   Operation 240 'getelementptr' 'key_1_addr_7' <Predicate = true> <Delay = 0.00>
ST_4 : Operation 241 [2/2] (2.32ns)   --->   "%round_keys_194 = load i3 %key_1_addr_7" [src/aes128.cpp:34]   --->   Operation 241 'load' 'round_keys_194' <Predicate = true> <Delay = 2.32> <CoreInst = "RAM">   --->   Core 82 'RAM' <Latency = 1> <II = 1> <Delay = 2.32> <Storage> <Opcode : 'load' 'store'> <Ports = 2> <Width = 8> <Depth = 8> <RAM>
ST_4 : Operation 242 [1/2] (2.32ns)   --->   "%plaintext_0_load = load i3 %plaintext_0_addr" [src/aes128.cpp:162]   --->   Operation 242 'load' 'plaintext_0_load' <Predicate = true> <Delay = 2.32> <CoreInst = "RAM">   --->   Core 82 'RAM' <Latency = 1> <II = 1> <Delay = 2.32> <Storage> <Opcode : 'load' 'store'> <Ports = 2> <Width = 8> <Depth = 8> <RAM>
ST_4 : Operation 243 [1/2] (2.32ns)   --->   "%plaintext_1_load = load i3 %plaintext_1_addr" [src/aes128.cpp:162]   --->   Operation 243 'load' 'plaintext_1_load' <Predicate = true> <Delay = 2.32> <CoreInst = "RAM">   --->   Core 82 'RAM' <Latency = 1> <II = 1> <Delay = 2.32> <Storage> <Opcode : 'load' 'store'> <Ports = 2> <Width = 8> <Depth = 8> <RAM>
ST_4 : Operation 244 [1/2] (2.32ns)   --->   "%plaintext_0_load_1 = load i3 %plaintext_0_addr_1" [src/aes128.cpp:162]   --->   Operation 244 'load' 'plaintext_0_load_1' <Predicate = true> <Delay = 2.32> <CoreInst = "RAM">   --->   Core 82 'RAM' <Latency = 1> <II = 1> <Delay = 2.32> <Storage> <Opcode : 'load' 'store'> <Ports = 2> <Width = 8> <Depth = 8> <RAM>
ST_4 : Operation 245 [1/2] (2.32ns)   --->   "%plaintext_1_load_1 = load i3 %plaintext_1_addr_1" [src/aes128.cpp:162]   --->   Operation 245 'load' 'plaintext_1_load_1' <Predicate = true> <Delay = 2.32> <CoreInst = "RAM">   --->   Core 82 'RAM' <Latency = 1> <II = 1> <Delay = 2.32> <Storage> <Opcode : 'load' 'store'> <Ports = 2> <Width = 8> <Depth = 8> <RAM>
ST_4 : Operation 246 [1/1] (0.00ns)   --->   "%plaintext_0_addr_2 = getelementptr i8 %plaintext_0, i64 0, i64 2" [src/aes128.cpp:162]   --->   Operation 246 'getelementptr' 'plaintext_0_addr_2' <Predicate = true> <Delay = 0.00>
ST_4 : Operation 247 [2/2] (2.32ns)   --->   "%plaintext_0_load_2 = load i3 %plaintext_0_addr_2" [src/aes128.cpp:162]   --->   Operation 247 'load' 'plaintext_0_load_2' <Predicate = true> <Delay = 2.32> <CoreInst = "RAM">   --->   Core 82 'RAM' <Latency = 1> <II = 1> <Delay = 2.32> <Storage> <Opcode : 'load' 'store'> <Ports = 2> <Width = 8> <Depth = 8> <RAM>
ST_4 : Operation 248 [1/1] (0.00ns)   --->   "%plaintext_1_addr_2 = getelementptr i8 %plaintext_1, i64 0, i64 2" [src/aes128.cpp:162]   --->   Operation 248 'getelementptr' 'plaintext_1_addr_2' <Predicate = true> <Delay = 0.00>
ST_4 : Operation 249 [2/2] (2.32ns)   --->   "%plaintext_1_load_2 = load i3 %plaintext_1_addr_2" [src/aes128.cpp:162]   --->   Operation 249 'load' 'plaintext_1_load_2' <Predicate = true> <Delay = 2.32> <CoreInst = "RAM">   --->   Core 82 'RAM' <Latency = 1> <II = 1> <Delay = 2.32> <Storage> <Opcode : 'load' 'store'> <Ports = 2> <Width = 8> <Depth = 8> <RAM>
ST_4 : Operation 250 [1/1] (0.00ns)   --->   "%plaintext_0_addr_3 = getelementptr i8 %plaintext_0, i64 0, i64 3" [src/aes128.cpp:162]   --->   Operation 250 'getelementptr' 'plaintext_0_addr_3' <Predicate = true> <Delay = 0.00>
ST_4 : Operation 251 [2/2] (2.32ns)   --->   "%plaintext_0_load_3 = load i3 %plaintext_0_addr_3" [src/aes128.cpp:162]   --->   Operation 251 'load' 'plaintext_0_load_3' <Predicate = true> <Delay = 2.32> <CoreInst = "RAM">   --->   Core 82 'RAM' <Latency = 1> <II = 1> <Delay = 2.32> <Storage> <Opcode : 'load' 'store'> <Ports = 2> <Width = 8> <Depth = 8> <RAM>
ST_4 : Operation 252 [1/1] (0.00ns)   --->   "%plaintext_1_addr_3 = getelementptr i8 %plaintext_1, i64 0, i64 3" [src/aes128.cpp:162]   --->   Operation 252 'getelementptr' 'plaintext_1_addr_3' <Predicate = true> <Delay = 0.00>
ST_4 : Operation 253 [2/2] (2.32ns)   --->   "%plaintext_1_load_3 = load i3 %plaintext_1_addr_3" [src/aes128.cpp:162]   --->   Operation 253 'load' 'plaintext_1_load_3' <Predicate = true> <Delay = 2.32> <CoreInst = "RAM">   --->   Core 82 'RAM' <Latency = 1> <II = 1> <Delay = 2.32> <Storage> <Opcode : 'load' 'store'> <Ports = 2> <Width = 8> <Depth = 8> <RAM>

State 5 <SV = 4> <Delay = 3.31>
ST_5 : Operation 254 [1/2] (2.32ns)   --->   "%round_keys_191 = load i3 %key_0_addr_6" [src/aes128.cpp:34]   --->   Operation 254 'load' 'round_keys_191' <Predicate = true> <Delay = 2.32> <CoreInst = "RAM">   --->   Core 82 'RAM' <Latency = 1> <II = 1> <Delay = 2.32> <Storage> <Opcode : 'load' 'store'> <Ports = 2> <Width = 8> <Depth = 8> <RAM>
ST_5 : Operation 255 [1/2] (2.32ns)   --->   "%round_keys_192 = load i3 %key_1_addr_6" [src/aes128.cpp:34]   --->   Operation 255 'load' 'round_keys_192' <Predicate = true> <Delay = 2.32> <CoreInst = "RAM">   --->   Core 82 'RAM' <Latency = 1> <II = 1> <Delay = 2.32> <Storage> <Opcode : 'load' 'store'> <Ports = 2> <Width = 8> <Depth = 8> <RAM>
ST_5 : Operation 256 [1/2] (2.32ns)   --->   "%round_keys_193 = load i3 %key_0_addr_7" [src/aes128.cpp:34]   --->   Operation 256 'load' 'round_keys_193' <Predicate = true> <Delay = 2.32> <CoreInst = "RAM">   --->   Core 82 'RAM' <Latency = 1> <II = 1> <Delay = 2.32> <Storage> <Opcode : 'load' 'store'> <Ports = 2> <Width = 8> <Depth = 8> <RAM>
ST_5 : Operation 257 [1/2] (2.32ns)   --->   "%round_keys_194 = load i3 %key_1_addr_7" [src/aes128.cpp:34]   --->   Operation 257 'load' 'round_keys_194' <Predicate = true> <Delay = 2.32> <CoreInst = "RAM">   --->   Core 82 'RAM' <Latency = 1> <II = 1> <Delay = 2.32> <Storage> <Opcode : 'load' 'store'> <Ports = 2> <Width = 8> <Depth = 8> <RAM>
ST_5 : Operation 258 [2/2] (0.00ns)   --->   "%call_ln34 = call void @aes128_encrypt_Pipeline_VITIS_LOOP_38_2, i8 %round_keys_182, i8 %round_keys_186, i8 %round_keys_190, i8 %round_keys_194, i8 %round_keys_181, i8 %round_keys_185, i8 %round_keys_189, i8 %round_keys_193, i8 %round_keys_180, i8 %round_keys_184, i8 %round_keys_188, i8 %round_keys_192, i8 %round_keys_191, i8 %round_keys, i8 %round_keys_183, i8 %round_keys_187, i8 %round_keys_175_loc, i8 %round_keys_174_loc, i8 %round_keys_173_loc, i8 %round_keys_172_loc, i8 %round_keys_171_loc, i8 %round_keys_170_loc, i8 %round_keys_169_loc, i8 %round_keys_168_loc, i8 %round_keys_167_loc, i8 %round_keys_166_loc, i8 %round_keys_165_loc, i8 %round_keys_164_loc, i8 %round_keys_163_loc, i8 %round_keys_162_loc, i8 %round_keys_161_loc, i8 %round_keys_160_loc, i8 %round_keys_159_loc, i8 %round_keys_158_loc, i8 %round_keys_157_loc, i8 %round_keys_156_loc, i8 %round_keys_155_loc, i8 %round_keys_154_loc, i8 %round_keys_153_loc, i8 %round_keys_152_loc, i8 %round_keys_151_loc, i8 %round_keys_150_loc, i8 %round_keys_149_loc, i8 %round_keys_148_loc, i8 %round_keys_147_loc, i8 %round_keys_146_loc, i8 %round_keys_145_loc, i8 %round_keys_144_loc, i8 %round_keys_143_loc, i8 %round_keys_142_loc, i8 %round_keys_141_loc, i8 %round_keys_140_loc, i8 %round_keys_139_loc, i8 %round_keys_138_loc, i8 %round_keys_137_loc, i8 %round_keys_136_loc, i8 %round_keys_135_loc, i8 %round_keys_134_loc, i8 %round_keys_133_loc, i8 %round_keys_132_loc, i8 %round_keys_131_loc, i8 %round_keys_130_loc, i8 %round_keys_129_loc, i8 %round_keys_128_loc, i8 %round_keys_127_loc, i8 %round_keys_126_loc, i8 %round_keys_125_loc, i8 %round_keys_124_loc, i8 %round_keys_123_loc, i8 %round_keys_122_loc, i8 %round_keys_121_loc, i8 %round_keys_120_loc, i8 %round_keys_119_loc, i8 %round_keys_118_loc, i8 %round_keys_117_loc, i8 %round_keys_116_loc, i8 %round_keys_115_loc, i8 %round_keys_114_loc, i8 %round_keys_113_loc, i8 %round_keys_112_loc, i8 %round_keys_111_loc, i8 %round_keys_110_loc, i8 %round_keys_109_loc, i8 %round_keys_108_loc, i8 %round_keys_107_loc, i8 %round_keys_106_loc, i8 %round_keys_105_loc, i8 %round_keys_104_loc, i8 %round_keys_103_loc, i8 %round_keys_102_loc, i8 %round_keys_101_loc, i8 %round_keys_100_loc, i8 %round_keys_99_loc, i8 %round_keys_98_loc, i8 %round_keys_97_loc, i8 %round_keys_96_loc, i8 %round_keys_95_loc, i8 %round_keys_94_loc, i8 %round_keys_93_loc, i8 %round_keys_92_loc, i8 %round_keys_91_loc, i8 %round_keys_90_loc, i8 %round_keys_89_loc, i8 %round_keys_88_loc, i8 %round_keys_87_loc, i8 %round_keys_86_loc, i8 %round_keys_85_loc, i8 %round_keys_84_loc, i8 %round_keys_83_loc, i8 %round_keys_82_loc, i8 %round_keys_81_loc, i8 %round_keys_80_loc, i8 %round_keys_79_loc, i8 %round_keys_78_loc, i8 %round_keys_77_loc, i8 %round_keys_76_loc, i8 %round_keys_75_loc, i8 %round_keys_74_loc, i8 %round_keys_73_loc, i8 %round_keys_72_loc, i8 %round_keys_71_loc, i8 %round_keys_70_loc, i8 %round_keys_69_loc, i8 %round_keys_68_loc, i8 %round_keys_67_loc, i8 %round_keys_66_loc, i8 %round_keys_65_loc, i8 %round_keys_64_loc, i8 %round_keys_63_loc, i8 %round_keys_62_loc, i8 %round_keys_61_loc, i8 %round_keys_60_loc, i8 %round_keys_59_loc, i8 %round_keys_58_loc, i8 %round_keys_57_loc, i8 %round_keys_56_loc, i8 %round_keys_55_loc, i8 %round_keys_54_loc, i8 %round_keys_53_loc, i8 %round_keys_52_loc, i8 %round_keys_51_loc, i8 %round_keys_50_loc, i8 %round_keys_49_loc, i8 %round_keys_48_loc, i8 %round_keys_47_loc, i8 %round_keys_46_loc, i8 %round_keys_45_loc, i8 %round_keys_44_loc, i8 %round_keys_43_loc, i8 %round_keys_42_loc, i8 %round_keys_41_loc, i8 %round_keys_40_loc, i8 %round_keys_39_loc, i8 %round_keys_38_loc, i8 %round_keys_37_loc, i8 %round_keys_36_loc, i8 %round_keys_35_loc, i8 %round_keys_34_loc, i8 %round_keys_33_loc, i8 %round_keys_32_loc, i8 %round_keys_31_loc, i8 %round_keys_30_loc, i8 %round_keys_29_loc, i8 %round_keys_28_loc, i8 %round_keys_27_loc, i8 %round_keys_26_loc, i8 %round_keys_25_loc, i8 %round_keys_24_loc, i8 %round_keys_23_loc, i8 %round_keys_22_loc, i8 %round_keys_21_loc, i8 %round_keys_20_loc, i8 %round_keys_19_loc, i8 %round_keys_18_loc, i8 %round_keys_17_loc, i8 %round_keys_16_loc, i8 %SBOX, i8 %RCON" [src/aes128.cpp:34]   --->   Operation 258 'call' 'call_ln34' <Predicate = true> <Delay = 0.00> <CoreType = "Generic">   --->   Core 0 '' <Latency = 0> <II = 1> <Delay = 1.00> <Generic> <Opcode : >
ST_5 : Operation 259 [1/2] (2.32ns)   --->   "%plaintext_0_load_2 = load i3 %plaintext_0_addr_2" [src/aes128.cpp:162]   --->   Operation 259 'load' 'plaintext_0_load_2' <Predicate = true> <Delay = 2.32> <CoreInst = "RAM">   --->   Core 82 'RAM' <Latency = 1> <II = 1> <Delay = 2.32> <Storage> <Opcode : 'load' 'store'> <Ports = 2> <Width = 8> <Depth = 8> <RAM>
ST_5 : Operation 260 [1/2] (2.32ns)   --->   "%plaintext_1_load_2 = load i3 %plaintext_1_addr_2" [src/aes128.cpp:162]   --->   Operation 260 'load' 'plaintext_1_load_2' <Predicate = true> <Delay = 2.32> <CoreInst = "RAM">   --->   Core 82 'RAM' <Latency = 1> <II = 1> <Delay = 2.32> <Storage> <Opcode : 'load' 'store'> <Ports = 2> <Width = 8> <Depth = 8> <RAM>
ST_5 : Operation 261 [1/2] (2.32ns)   --->   "%plaintext_0_load_3 = load i3 %plaintext_0_addr_3" [src/aes128.cpp:162]   --->   Operation 261 'load' 'plaintext_0_load_3' <Predicate = true> <Delay = 2.32> <CoreInst = "RAM">   --->   Core 82 'RAM' <Latency = 1> <II = 1> <Delay = 2.32> <Storage> <Opcode : 'load' 'store'> <Ports = 2> <Width = 8> <Depth = 8> <RAM>
ST_5 : Operation 262 [1/2] (2.32ns)   --->   "%plaintext_1_load_3 = load i3 %plaintext_1_addr_3" [src/aes128.cpp:162]   --->   Operation 262 'load' 'plaintext_1_load_3' <Predicate = true> <Delay = 2.32> <CoreInst = "RAM">   --->   Core 82 'RAM' <Latency = 1> <II = 1> <Delay = 2.32> <Storage> <Opcode : 'load' 'store'> <Ports = 2> <Width = 8> <Depth = 8> <RAM>
ST_5 : Operation 263 [1/1] (0.00ns)   --->   "%plaintext_0_addr_4 = getelementptr i8 %plaintext_0, i64 0, i64 4" [src/aes128.cpp:162]   --->   Operation 263 'getelementptr' 'plaintext_0_addr_4' <Predicate = true> <Delay = 0.00>
ST_5 : Operation 264 [2/2] (2.32ns)   --->   "%state = load i3 %plaintext_0_addr_4" [src/aes128.cpp:162]   --->   Operation 264 'load' 'state' <Predicate = true> <Delay = 2.32> <CoreInst = "RAM">   --->   Core 82 'RAM' <Latency = 1> <II = 1> <Delay = 2.32> <Storage> <Opcode : 'load' 'store'> <Ports = 2> <Width = 8> <Depth = 8> <RAM>
ST_5 : Operation 265 [1/1] (0.00ns)   --->   "%plaintext_1_addr_4 = getelementptr i8 %plaintext_1, i64 0, i64 4" [src/aes128.cpp:162]   --->   Operation 265 'getelementptr' 'plaintext_1_addr_4' <Predicate = true> <Delay = 0.00>
ST_5 : Operation 266 [2/2] (2.32ns)   --->   "%state_1 = load i3 %plaintext_1_addr_4" [src/aes128.cpp:162]   --->   Operation 266 'load' 'state_1' <Predicate = true> <Delay = 2.32> <CoreInst = "RAM">   --->   Core 82 'RAM' <Latency = 1> <II = 1> <Delay = 2.32> <Storage> <Opcode : 'load' 'store'> <Ports = 2> <Width = 8> <Depth = 8> <RAM>
ST_5 : Operation 267 [1/1] (0.00ns)   --->   "%plaintext_0_addr_5 = getelementptr i8 %plaintext_0, i64 0, i64 5" [src/aes128.cpp:162]   --->   Operation 267 'getelementptr' 'plaintext_0_addr_5' <Predicate = true> <Delay = 0.00>
ST_5 : Operation 268 [2/2] (2.32ns)   --->   "%state_2 = load i3 %plaintext_0_addr_5" [src/aes128.cpp:162]   --->   Operation 268 'load' 'state_2' <Predicate = true> <Delay = 2.32> <CoreInst = "RAM">   --->   Core 82 'RAM' <Latency = 1> <II = 1> <Delay = 2.32> <Storage> <Opcode : 'load' 'store'> <Ports = 2> <Width = 8> <Depth = 8> <RAM>
ST_5 : Operation 269 [1/1] (0.00ns)   --->   "%plaintext_1_addr_5 = getelementptr i8 %plaintext_1, i64 0, i64 5" [src/aes128.cpp:162]   --->   Operation 269 'getelementptr' 'plaintext_1_addr_5' <Predicate = true> <Delay = 0.00>
ST_5 : Operation 270 [2/2] (2.32ns)   --->   "%state_3 = load i3 %plaintext_1_addr_5" [src/aes128.cpp:162]   --->   Operation 270 'load' 'state_3' <Predicate = true> <Delay = 2.32> <CoreInst = "RAM">   --->   Core 82 'RAM' <Latency = 1> <II = 1> <Delay = 2.32> <Storage> <Opcode : 'load' 'store'> <Ports = 2> <Width = 8> <Depth = 8> <RAM>
ST_5 : Operation 271 [1/1] (0.99ns)   --->   "%state_8 = xor i8 %plaintext_0_load, i8 %round_keys" [src/aes128.cpp:76]   --->   Operation 271 'xor' 'state_8' <Predicate = true> <Delay = 0.99> <CoreInst = "LogicGate">   --->   Core 74 'LogicGate' <Latency = 0> <II = 1> <Delay = 0.99> <FuncUnit> <Opcode : 'and' 'or' 'xor'> <InPorts = 2> <OutPorts = 1>
ST_5 : Operation 272 [1/1] (0.99ns)   --->   "%state_9 = xor i8 %plaintext_1_load, i8 %round_keys_180" [src/aes128.cpp:76]   --->   Operation 272 'xor' 'state_9' <Predicate = true> <Delay = 0.99> <CoreInst = "LogicGate">   --->   Core 74 'LogicGate' <Latency = 0> <II = 1> <Delay = 0.99> <FuncUnit> <Opcode : 'and' 'or' 'xor'> <InPorts = 2> <OutPorts = 1>
ST_5 : Operation 273 [1/1] (0.99ns)   --->   "%state_10 = xor i8 %plaintext_0_load_1, i8 %round_keys_181" [src/aes128.cpp:76]   --->   Operation 273 'xor' 'state_10' <Predicate = true> <Delay = 0.99> <CoreInst = "LogicGate">   --->   Core 74 'LogicGate' <Latency = 0> <II = 1> <Delay = 0.99> <FuncUnit> <Opcode : 'and' 'or' 'xor'> <InPorts = 2> <OutPorts = 1>
ST_5 : Operation 274 [1/1] (0.99ns)   --->   "%state_11 = xor i8 %plaintext_1_load_1, i8 %round_keys_182" [src/aes128.cpp:76]   --->   Operation 274 'xor' 'state_11' <Predicate = true> <Delay = 0.99> <CoreInst = "LogicGate">   --->   Core 74 'LogicGate' <Latency = 0> <II = 1> <Delay = 0.99> <FuncUnit> <Opcode : 'and' 'or' 'xor'> <InPorts = 2> <OutPorts = 1>
ST_5 : Operation 275 [1/1] (0.99ns)   --->   "%state_12 = xor i8 %plaintext_0_load_2, i8 %round_keys_183" [src/aes128.cpp:76]   --->   Operation 275 'xor' 'state_12' <Predicate = true> <Delay = 0.99> <CoreInst = "LogicGate">   --->   Core 74 'LogicGate' <Latency = 0> <II = 1> <Delay = 0.99> <FuncUnit> <Opcode : 'and' 'or' 'xor'> <InPorts = 2> <OutPorts = 1>
ST_5 : Operation 276 [1/1] (0.99ns)   --->   "%state_13 = xor i8 %plaintext_1_load_2, i8 %round_keys_184" [src/aes128.cpp:76]   --->   Operation 276 'xor' 'state_13' <Predicate = true> <Delay = 0.99> <CoreInst = "LogicGate">   --->   Core 74 'LogicGate' <Latency = 0> <II = 1> <Delay = 0.99> <FuncUnit> <Opcode : 'and' 'or' 'xor'> <InPorts = 2> <OutPorts = 1>
ST_5 : Operation 277 [1/1] (0.99ns)   --->   "%state_14 = xor i8 %plaintext_0_load_3, i8 %round_keys_185" [src/aes128.cpp:76]   --->   Operation 277 'xor' 'state_14' <Predicate = true> <Delay = 0.99> <CoreInst = "LogicGate">   --->   Core 74 'LogicGate' <Latency = 0> <II = 1> <Delay = 0.99> <FuncUnit> <Opcode : 'and' 'or' 'xor'> <InPorts = 2> <OutPorts = 1>
ST_5 : Operation 278 [1/1] (0.99ns)   --->   "%state_15 = xor i8 %plaintext_1_load_3, i8 %round_keys_186" [src/aes128.cpp:76]   --->   Operation 278 'xor' 'state_15' <Predicate = true> <Delay = 0.99> <CoreInst = "LogicGate">   --->   Core 74 'LogicGate' <Latency = 0> <II = 1> <Delay = 0.99> <FuncUnit> <Opcode : 'and' 'or' 'xor'> <InPorts = 2> <OutPorts = 1>

State 6 <SV = 5> <Delay = 3.31>
ST_6 : Operation 279 [1/2] (0.00ns)   --->   "%call_ln34 = call void @aes128_encrypt_Pipeline_VITIS_LOOP_38_2, i8 %round_keys_182, i8 %round_keys_186, i8 %round_keys_190, i8 %round_keys_194, i8 %round_keys_181, i8 %round_keys_185, i8 %round_keys_189, i8 %round_keys_193, i8 %round_keys_180, i8 %round_keys_184, i8 %round_keys_188, i8 %round_keys_192, i8 %round_keys_191, i8 %round_keys, i8 %round_keys_183, i8 %round_keys_187, i8 %round_keys_175_loc, i8 %round_keys_174_loc, i8 %round_keys_173_loc, i8 %round_keys_172_loc, i8 %round_keys_171_loc, i8 %round_keys_170_loc, i8 %round_keys_169_loc, i8 %round_keys_168_loc, i8 %round_keys_167_loc, i8 %round_keys_166_loc, i8 %round_keys_165_loc, i8 %round_keys_164_loc, i8 %round_keys_163_loc, i8 %round_keys_162_loc, i8 %round_keys_161_loc, i8 %round_keys_160_loc, i8 %round_keys_159_loc, i8 %round_keys_158_loc, i8 %round_keys_157_loc, i8 %round_keys_156_loc, i8 %round_keys_155_loc, i8 %round_keys_154_loc, i8 %round_keys_153_loc, i8 %round_keys_152_loc, i8 %round_keys_151_loc, i8 %round_keys_150_loc, i8 %round_keys_149_loc, i8 %round_keys_148_loc, i8 %round_keys_147_loc, i8 %round_keys_146_loc, i8 %round_keys_145_loc, i8 %round_keys_144_loc, i8 %round_keys_143_loc, i8 %round_keys_142_loc, i8 %round_keys_141_loc, i8 %round_keys_140_loc, i8 %round_keys_139_loc, i8 %round_keys_138_loc, i8 %round_keys_137_loc, i8 %round_keys_136_loc, i8 %round_keys_135_loc, i8 %round_keys_134_loc, i8 %round_keys_133_loc, i8 %round_keys_132_loc, i8 %round_keys_131_loc, i8 %round_keys_130_loc, i8 %round_keys_129_loc, i8 %round_keys_128_loc, i8 %round_keys_127_loc, i8 %round_keys_126_loc, i8 %round_keys_125_loc, i8 %round_keys_124_loc, i8 %round_keys_123_loc, i8 %round_keys_122_loc, i8 %round_keys_121_loc, i8 %round_keys_120_loc, i8 %round_keys_119_loc, i8 %round_keys_118_loc, i8 %round_keys_117_loc, i8 %round_keys_116_loc, i8 %round_keys_115_loc, i8 %round_keys_114_loc, i8 %round_keys_113_loc, i8 %round_keys_112_loc, i8 %round_keys_111_loc, i8 %round_keys_110_loc, i8 %round_keys_109_loc, i8 %round_keys_108_loc, i8 %round_keys_107_loc, i8 %round_keys_106_loc, i8 %round_keys_105_loc, i8 %round_keys_104_loc, i8 %round_keys_103_loc, i8 %round_keys_102_loc, i8 %round_keys_101_loc, i8 %round_keys_100_loc, i8 %round_keys_99_loc, i8 %round_keys_98_loc, i8 %round_keys_97_loc, i8 %round_keys_96_loc, i8 %round_keys_95_loc, i8 %round_keys_94_loc, i8 %round_keys_93_loc, i8 %round_keys_92_loc, i8 %round_keys_91_loc, i8 %round_keys_90_loc, i8 %round_keys_89_loc, i8 %round_keys_88_loc, i8 %round_keys_87_loc, i8 %round_keys_86_loc, i8 %round_keys_85_loc, i8 %round_keys_84_loc, i8 %round_keys_83_loc, i8 %round_keys_82_loc, i8 %round_keys_81_loc, i8 %round_keys_80_loc, i8 %round_keys_79_loc, i8 %round_keys_78_loc, i8 %round_keys_77_loc, i8 %round_keys_76_loc, i8 %round_keys_75_loc, i8 %round_keys_74_loc, i8 %round_keys_73_loc, i8 %round_keys_72_loc, i8 %round_keys_71_loc, i8 %round_keys_70_loc, i8 %round_keys_69_loc, i8 %round_keys_68_loc, i8 %round_keys_67_loc, i8 %round_keys_66_loc, i8 %round_keys_65_loc, i8 %round_keys_64_loc, i8 %round_keys_63_loc, i8 %round_keys_62_loc, i8 %round_keys_61_loc, i8 %round_keys_60_loc, i8 %round_keys_59_loc, i8 %round_keys_58_loc, i8 %round_keys_57_loc, i8 %round_keys_56_loc, i8 %round_keys_55_loc, i8 %round_keys_54_loc, i8 %round_keys_53_loc, i8 %round_keys_52_loc, i8 %round_keys_51_loc, i8 %round_keys_50_loc, i8 %round_keys_49_loc, i8 %round_keys_48_loc, i8 %round_keys_47_loc, i8 %round_keys_46_loc, i8 %round_keys_45_loc, i8 %round_keys_44_loc, i8 %round_keys_43_loc, i8 %round_keys_42_loc, i8 %round_keys_41_loc, i8 %round_keys_40_loc, i8 %round_keys_39_loc, i8 %round_keys_38_loc, i8 %round_keys_37_loc, i8 %round_keys_36_loc, i8 %round_keys_35_loc, i8 %round_keys_34_loc, i8 %round_keys_33_loc, i8 %round_keys_32_loc, i8 %round_keys_31_loc, i8 %round_keys_30_loc, i8 %round_keys_29_loc, i8 %round_keys_28_loc, i8 %round_keys_27_loc, i8 %round_keys_26_loc, i8 %round_keys_25_loc, i8 %round_keys_24_loc, i8 %round_keys_23_loc, i8 %round_keys_22_loc, i8 %round_keys_21_loc, i8 %round_keys_20_loc, i8 %round_keys_19_loc, i8 %round_keys_18_loc, i8 %round_keys_17_loc, i8 %round_keys_16_loc, i8 %SBOX, i8 %RCON" [src/aes128.cpp:34]   --->   Operation 279 'call' 'call_ln34' <Predicate = true> <Delay = 0.00> <CoreType = "Generic">   --->   Core 0 '' <Latency = 0> <II = 1> <Delay = 1.00> <Generic> <Opcode : >
ST_6 : Operation 280 [1/2] (2.32ns)   --->   "%state = load i3 %plaintext_0_addr_4" [src/aes128.cpp:162]   --->   Operation 280 'load' 'state' <Predicate = true> <Delay = 2.32> <CoreInst = "RAM">   --->   Core 82 'RAM' <Latency = 1> <II = 1> <Delay = 2.32> <Storage> <Opcode : 'load' 'store'> <Ports = 2> <Width = 8> <Depth = 8> <RAM>
ST_6 : Operation 281 [1/2] (2.32ns)   --->   "%state_1 = load i3 %plaintext_1_addr_4" [src/aes128.cpp:162]   --->   Operation 281 'load' 'state_1' <Predicate = true> <Delay = 2.32> <CoreInst = "RAM">   --->   Core 82 'RAM' <Latency = 1> <II = 1> <Delay = 2.32> <Storage> <Opcode : 'load' 'store'> <Ports = 2> <Width = 8> <Depth = 8> <RAM>
ST_6 : Operation 282 [1/2] (2.32ns)   --->   "%state_2 = load i3 %plaintext_0_addr_5" [src/aes128.cpp:162]   --->   Operation 282 'load' 'state_2' <Predicate = true> <Delay = 2.32> <CoreInst = "RAM">   --->   Core 82 'RAM' <Latency = 1> <II = 1> <Delay = 2.32> <Storage> <Opcode : 'load' 'store'> <Ports = 2> <Width = 8> <Depth = 8> <RAM>
ST_6 : Operation 283 [1/2] (2.32ns)   --->   "%state_3 = load i3 %plaintext_1_addr_5" [src/aes128.cpp:162]   --->   Operation 283 'load' 'state_3' <Predicate = true> <Delay = 2.32> <CoreInst = "RAM">   --->   Core 82 'RAM' <Latency = 1> <II = 1> <Delay = 2.32> <Storage> <Opcode : 'load' 'store'> <Ports = 2> <Width = 8> <Depth = 8> <RAM>
ST_6 : Operation 284 [1/1] (0.00ns)   --->   "%plaintext_0_addr_6 = getelementptr i8 %plaintext_0, i64 0, i64 6" [src/aes128.cpp:162]   --->   Operation 284 'getelementptr' 'plaintext_0_addr_6' <Predicate = true> <Delay = 0.00>
ST_6 : Operation 285 [2/2] (2.32ns)   --->   "%state_4 = load i3 %plaintext_0_addr_6" [src/aes128.cpp:162]   --->   Operation 285 'load' 'state_4' <Predicate = true> <Delay = 2.32> <CoreInst = "RAM">   --->   Core 82 'RAM' <Latency = 1> <II = 1> <Delay = 2.32> <Storage> <Opcode : 'load' 'store'> <Ports = 2> <Width = 8> <Depth = 8> <RAM>
ST_6 : Operation 286 [1/1] (0.00ns)   --->   "%plaintext_1_addr_6 = getelementptr i8 %plaintext_1, i64 0, i64 6" [src/aes128.cpp:162]   --->   Operation 286 'getelementptr' 'plaintext_1_addr_6' <Predicate = true> <Delay = 0.00>
ST_6 : Operation 287 [2/2] (2.32ns)   --->   "%state_5 = load i3 %plaintext_1_addr_6" [src/aes128.cpp:162]   --->   Operation 287 'load' 'state_5' <Predicate = true> <Delay = 2.32> <CoreInst = "RAM">   --->   Core 82 'RAM' <Latency = 1> <II = 1> <Delay = 2.32> <Storage> <Opcode : 'load' 'store'> <Ports = 2> <Width = 8> <Depth = 8> <RAM>
ST_6 : Operation 288 [1/1] (0.00ns)   --->   "%plaintext_0_addr_7 = getelementptr i8 %plaintext_0, i64 0, i64 7" [src/aes128.cpp:162]   --->   Operation 288 'getelementptr' 'plaintext_0_addr_7' <Predicate = true> <Delay = 0.00>
ST_6 : Operation 289 [2/2] (2.32ns)   --->   "%state_6 = load i3 %plaintext_0_addr_7" [src/aes128.cpp:162]   --->   Operation 289 'load' 'state_6' <Predicate = true> <Delay = 2.32> <CoreInst = "RAM">   --->   Core 82 'RAM' <Latency = 1> <II = 1> <Delay = 2.32> <Storage> <Opcode : 'load' 'store'> <Ports = 2> <Width = 8> <Depth = 8> <RAM>
ST_6 : Operation 290 [1/1] (0.00ns)   --->   "%plaintext_1_addr_7 = getelementptr i8 %plaintext_1, i64 0, i64 7" [src/aes128.cpp:162]   --->   Operation 290 'getelementptr' 'plaintext_1_addr_7' <Predicate = true> <Delay = 0.00>
ST_6 : Operation 291 [2/2] (2.32ns)   --->   "%state_7 = load i3 %plaintext_1_addr_7" [src/aes128.cpp:162]   --->   Operation 291 'load' 'state_7' <Predicate = true> <Delay = 2.32> <CoreInst = "RAM">   --->   Core 82 'RAM' <Latency = 1> <II = 1> <Delay = 2.32> <Storage> <Opcode : 'load' 'store'> <Ports = 2> <Width = 8> <Depth = 8> <RAM>
ST_6 : Operation 292 [1/1] (0.99ns)   --->   "%state_16 = xor i8 %state, i8 %round_keys_187" [src/aes128.cpp:76]   --->   Operation 292 'xor' 'state_16' <Predicate = true> <Delay = 0.99> <CoreInst = "LogicGate">   --->   Core 74 'LogicGate' <Latency = 0> <II = 1> <Delay = 0.99> <FuncUnit> <Opcode : 'and' 'or' 'xor'> <InPorts = 2> <OutPorts = 1>
ST_6 : Operation 293 [1/1] (0.99ns)   --->   "%state_17 = xor i8 %state_1, i8 %round_keys_188" [src/aes128.cpp:76]   --->   Operation 293 'xor' 'state_17' <Predicate = true> <Delay = 0.99> <CoreInst = "LogicGate">   --->   Core 74 'LogicGate' <Latency = 0> <II = 1> <Delay = 0.99> <FuncUnit> <Opcode : 'and' 'or' 'xor'> <InPorts = 2> <OutPorts = 1>
ST_6 : Operation 294 [1/1] (0.99ns)   --->   "%state_18 = xor i8 %state_2, i8 %round_keys_189" [src/aes128.cpp:76]   --->   Operation 294 'xor' 'state_18' <Predicate = true> <Delay = 0.99> <CoreInst = "LogicGate">   --->   Core 74 'LogicGate' <Latency = 0> <II = 1> <Delay = 0.99> <FuncUnit> <Opcode : 'and' 'or' 'xor'> <InPorts = 2> <OutPorts = 1>
ST_6 : Operation 295 [1/1] (0.99ns)   --->   "%state_19 = xor i8 %state_3, i8 %round_keys_190" [src/aes128.cpp:76]   --->   Operation 295 'xor' 'state_19' <Predicate = true> <Delay = 0.99> <CoreInst = "LogicGate">   --->   Core 74 'LogicGate' <Latency = 0> <II = 1> <Delay = 0.99> <FuncUnit> <Opcode : 'and' 'or' 'xor'> <InPorts = 2> <OutPorts = 1>

State 7 <SV = 6> <Delay = 4.90>
ST_7 : Operation 296 [1/1] (0.00ns)   --->   "%round_keys_159_loc_load = load i8 %round_keys_159_loc"   --->   Operation 296 'load' 'round_keys_159_loc_load' <Predicate = true> <Delay = 0.00>
ST_7 : Operation 297 [1/1] (0.00ns)   --->   "%round_keys_158_loc_load = load i8 %round_keys_158_loc"   --->   Operation 297 'load' 'round_keys_158_loc_load' <Predicate = true> <Delay = 0.00>
ST_7 : Operation 298 [1/1] (0.00ns)   --->   "%round_keys_157_loc_load = load i8 %round_keys_157_loc"   --->   Operation 298 'load' 'round_keys_157_loc_load' <Predicate = true> <Delay = 0.00>
ST_7 : Operation 299 [1/1] (0.00ns)   --->   "%round_keys_156_loc_load = load i8 %round_keys_156_loc"   --->   Operation 299 'load' 'round_keys_156_loc_load' <Predicate = true> <Delay = 0.00>
ST_7 : Operation 300 [1/1] (0.00ns)   --->   "%round_keys_155_loc_load = load i8 %round_keys_155_loc"   --->   Operation 300 'load' 'round_keys_155_loc_load' <Predicate = true> <Delay = 0.00>
ST_7 : Operation 301 [1/1] (0.00ns)   --->   "%round_keys_154_loc_load = load i8 %round_keys_154_loc"   --->   Operation 301 'load' 'round_keys_154_loc_load' <Predicate = true> <Delay = 0.00>
ST_7 : Operation 302 [1/1] (0.00ns)   --->   "%round_keys_153_loc_load = load i8 %round_keys_153_loc"   --->   Operation 302 'load' 'round_keys_153_loc_load' <Predicate = true> <Delay = 0.00>
ST_7 : Operation 303 [1/1] (0.00ns)   --->   "%round_keys_152_loc_load = load i8 %round_keys_152_loc"   --->   Operation 303 'load' 'round_keys_152_loc_load' <Predicate = true> <Delay = 0.00>
ST_7 : Operation 304 [1/1] (0.00ns)   --->   "%round_keys_151_loc_load = load i8 %round_keys_151_loc"   --->   Operation 304 'load' 'round_keys_151_loc_load' <Predicate = true> <Delay = 0.00>
ST_7 : Operation 305 [1/1] (0.00ns)   --->   "%round_keys_150_loc_load = load i8 %round_keys_150_loc"   --->   Operation 305 'load' 'round_keys_150_loc_load' <Predicate = true> <Delay = 0.00>
ST_7 : Operation 306 [1/1] (0.00ns)   --->   "%round_keys_149_loc_load = load i8 %round_keys_149_loc"   --->   Operation 306 'load' 'round_keys_149_loc_load' <Predicate = true> <Delay = 0.00>
ST_7 : Operation 307 [1/1] (0.00ns)   --->   "%round_keys_148_loc_load = load i8 %round_keys_148_loc"   --->   Operation 307 'load' 'round_keys_148_loc_load' <Predicate = true> <Delay = 0.00>
ST_7 : Operation 308 [1/1] (0.00ns)   --->   "%round_keys_147_loc_load = load i8 %round_keys_147_loc"   --->   Operation 308 'load' 'round_keys_147_loc_load' <Predicate = true> <Delay = 0.00>
ST_7 : Operation 309 [1/1] (0.00ns)   --->   "%round_keys_146_loc_load = load i8 %round_keys_146_loc"   --->   Operation 309 'load' 'round_keys_146_loc_load' <Predicate = true> <Delay = 0.00>
ST_7 : Operation 310 [1/1] (0.00ns)   --->   "%round_keys_145_loc_load = load i8 %round_keys_145_loc"   --->   Operation 310 'load' 'round_keys_145_loc_load' <Predicate = true> <Delay = 0.00>
ST_7 : Operation 311 [1/1] (0.00ns)   --->   "%round_keys_144_loc_load = load i8 %round_keys_144_loc"   --->   Operation 311 'load' 'round_keys_144_loc_load' <Predicate = true> <Delay = 0.00>
ST_7 : Operation 312 [1/1] (0.00ns)   --->   "%round_keys_143_loc_load = load i8 %round_keys_143_loc"   --->   Operation 312 'load' 'round_keys_143_loc_load' <Predicate = true> <Delay = 0.00>
ST_7 : Operation 313 [1/1] (0.00ns)   --->   "%round_keys_142_loc_load = load i8 %round_keys_142_loc"   --->   Operation 313 'load' 'round_keys_142_loc_load' <Predicate = true> <Delay = 0.00>
ST_7 : Operation 314 [1/1] (0.00ns)   --->   "%round_keys_141_loc_load = load i8 %round_keys_141_loc"   --->   Operation 314 'load' 'round_keys_141_loc_load' <Predicate = true> <Delay = 0.00>
ST_7 : Operation 315 [1/1] (0.00ns)   --->   "%round_keys_140_loc_load = load i8 %round_keys_140_loc"   --->   Operation 315 'load' 'round_keys_140_loc_load' <Predicate = true> <Delay = 0.00>
ST_7 : Operation 316 [1/1] (0.00ns)   --->   "%round_keys_139_loc_load = load i8 %round_keys_139_loc"   --->   Operation 316 'load' 'round_keys_139_loc_load' <Predicate = true> <Delay = 0.00>
ST_7 : Operation 317 [1/1] (0.00ns)   --->   "%round_keys_138_loc_load = load i8 %round_keys_138_loc"   --->   Operation 317 'load' 'round_keys_138_loc_load' <Predicate = true> <Delay = 0.00>
ST_7 : Operation 318 [1/1] (0.00ns)   --->   "%round_keys_137_loc_load = load i8 %round_keys_137_loc"   --->   Operation 318 'load' 'round_keys_137_loc_load' <Predicate = true> <Delay = 0.00>
ST_7 : Operation 319 [1/1] (0.00ns)   --->   "%round_keys_136_loc_load = load i8 %round_keys_136_loc"   --->   Operation 319 'load' 'round_keys_136_loc_load' <Predicate = true> <Delay = 0.00>
ST_7 : Operation 320 [1/1] (0.00ns)   --->   "%round_keys_135_loc_load = load i8 %round_keys_135_loc"   --->   Operation 320 'load' 'round_keys_135_loc_load' <Predicate = true> <Delay = 0.00>
ST_7 : Operation 321 [1/1] (0.00ns)   --->   "%round_keys_134_loc_load = load i8 %round_keys_134_loc"   --->   Operation 321 'load' 'round_keys_134_loc_load' <Predicate = true> <Delay = 0.00>
ST_7 : Operation 322 [1/1] (0.00ns)   --->   "%round_keys_133_loc_load = load i8 %round_keys_133_loc"   --->   Operation 322 'load' 'round_keys_133_loc_load' <Predicate = true> <Delay = 0.00>
ST_7 : Operation 323 [1/1] (0.00ns)   --->   "%round_keys_132_loc_load = load i8 %round_keys_132_loc"   --->   Operation 323 'load' 'round_keys_132_loc_load' <Predicate = true> <Delay = 0.00>
ST_7 : Operation 324 [1/1] (0.00ns)   --->   "%round_keys_131_loc_load = load i8 %round_keys_131_loc"   --->   Operation 324 'load' 'round_keys_131_loc_load' <Predicate = true> <Delay = 0.00>
ST_7 : Operation 325 [1/1] (0.00ns)   --->   "%round_keys_130_loc_load = load i8 %round_keys_130_loc"   --->   Operation 325 'load' 'round_keys_130_loc_load' <Predicate = true> <Delay = 0.00>
ST_7 : Operation 326 [1/1] (0.00ns)   --->   "%round_keys_129_loc_load = load i8 %round_keys_129_loc"   --->   Operation 326 'load' 'round_keys_129_loc_load' <Predicate = true> <Delay = 0.00>
ST_7 : Operation 327 [1/1] (0.00ns)   --->   "%round_keys_128_loc_load = load i8 %round_keys_128_loc"   --->   Operation 327 'load' 'round_keys_128_loc_load' <Predicate = true> <Delay = 0.00>
ST_7 : Operation 328 [1/1] (0.00ns)   --->   "%round_keys_127_loc_load = load i8 %round_keys_127_loc"   --->   Operation 328 'load' 'round_keys_127_loc_load' <Predicate = true> <Delay = 0.00>
ST_7 : Operation 329 [1/1] (0.00ns)   --->   "%round_keys_126_loc_load = load i8 %round_keys_126_loc"   --->   Operation 329 'load' 'round_keys_126_loc_load' <Predicate = true> <Delay = 0.00>
ST_7 : Operation 330 [1/1] (0.00ns)   --->   "%round_keys_125_loc_load = load i8 %round_keys_125_loc"   --->   Operation 330 'load' 'round_keys_125_loc_load' <Predicate = true> <Delay = 0.00>
ST_7 : Operation 331 [1/1] (0.00ns)   --->   "%round_keys_124_loc_load = load i8 %round_keys_124_loc"   --->   Operation 331 'load' 'round_keys_124_loc_load' <Predicate = true> <Delay = 0.00>
ST_7 : Operation 332 [1/1] (0.00ns)   --->   "%round_keys_123_loc_load = load i8 %round_keys_123_loc"   --->   Operation 332 'load' 'round_keys_123_loc_load' <Predicate = true> <Delay = 0.00>
ST_7 : Operation 333 [1/1] (0.00ns)   --->   "%round_keys_122_loc_load = load i8 %round_keys_122_loc"   --->   Operation 333 'load' 'round_keys_122_loc_load' <Predicate = true> <Delay = 0.00>
ST_7 : Operation 334 [1/1] (0.00ns)   --->   "%round_keys_121_loc_load = load i8 %round_keys_121_loc"   --->   Operation 334 'load' 'round_keys_121_loc_load' <Predicate = true> <Delay = 0.00>
ST_7 : Operation 335 [1/1] (0.00ns)   --->   "%round_keys_120_loc_load = load i8 %round_keys_120_loc"   --->   Operation 335 'load' 'round_keys_120_loc_load' <Predicate = true> <Delay = 0.00>
ST_7 : Operation 336 [1/1] (0.00ns)   --->   "%round_keys_119_loc_load = load i8 %round_keys_119_loc"   --->   Operation 336 'load' 'round_keys_119_loc_load' <Predicate = true> <Delay = 0.00>
ST_7 : Operation 337 [1/1] (0.00ns)   --->   "%round_keys_118_loc_load = load i8 %round_keys_118_loc"   --->   Operation 337 'load' 'round_keys_118_loc_load' <Predicate = true> <Delay = 0.00>
ST_7 : Operation 338 [1/1] (0.00ns)   --->   "%round_keys_117_loc_load = load i8 %round_keys_117_loc"   --->   Operation 338 'load' 'round_keys_117_loc_load' <Predicate = true> <Delay = 0.00>
ST_7 : Operation 339 [1/1] (0.00ns)   --->   "%round_keys_116_loc_load = load i8 %round_keys_116_loc"   --->   Operation 339 'load' 'round_keys_116_loc_load' <Predicate = true> <Delay = 0.00>
ST_7 : Operation 340 [1/1] (0.00ns)   --->   "%round_keys_115_loc_load = load i8 %round_keys_115_loc"   --->   Operation 340 'load' 'round_keys_115_loc_load' <Predicate = true> <Delay = 0.00>
ST_7 : Operation 341 [1/1] (0.00ns)   --->   "%round_keys_114_loc_load = load i8 %round_keys_114_loc"   --->   Operation 341 'load' 'round_keys_114_loc_load' <Predicate = true> <Delay = 0.00>
ST_7 : Operation 342 [1/1] (0.00ns)   --->   "%round_keys_113_loc_load = load i8 %round_keys_113_loc"   --->   Operation 342 'load' 'round_keys_113_loc_load' <Predicate = true> <Delay = 0.00>
ST_7 : Operation 343 [1/1] (0.00ns)   --->   "%round_keys_112_loc_load = load i8 %round_keys_112_loc"   --->   Operation 343 'load' 'round_keys_112_loc_load' <Predicate = true> <Delay = 0.00>
ST_7 : Operation 344 [1/1] (0.00ns)   --->   "%round_keys_111_loc_load = load i8 %round_keys_111_loc"   --->   Operation 344 'load' 'round_keys_111_loc_load' <Predicate = true> <Delay = 0.00>
ST_7 : Operation 345 [1/1] (0.00ns)   --->   "%round_keys_110_loc_load = load i8 %round_keys_110_loc"   --->   Operation 345 'load' 'round_keys_110_loc_load' <Predicate = true> <Delay = 0.00>
ST_7 : Operation 346 [1/1] (0.00ns)   --->   "%round_keys_109_loc_load = load i8 %round_keys_109_loc"   --->   Operation 346 'load' 'round_keys_109_loc_load' <Predicate = true> <Delay = 0.00>
ST_7 : Operation 347 [1/1] (0.00ns)   --->   "%round_keys_108_loc_load = load i8 %round_keys_108_loc"   --->   Operation 347 'load' 'round_keys_108_loc_load' <Predicate = true> <Delay = 0.00>
ST_7 : Operation 348 [1/1] (0.00ns)   --->   "%round_keys_107_loc_load = load i8 %round_keys_107_loc"   --->   Operation 348 'load' 'round_keys_107_loc_load' <Predicate = true> <Delay = 0.00>
ST_7 : Operation 349 [1/1] (0.00ns)   --->   "%round_keys_106_loc_load = load i8 %round_keys_106_loc"   --->   Operation 349 'load' 'round_keys_106_loc_load' <Predicate = true> <Delay = 0.00>
ST_7 : Operation 350 [1/1] (0.00ns)   --->   "%round_keys_105_loc_load = load i8 %round_keys_105_loc"   --->   Operation 350 'load' 'round_keys_105_loc_load' <Predicate = true> <Delay = 0.00>
ST_7 : Operation 351 [1/1] (0.00ns)   --->   "%round_keys_104_loc_load = load i8 %round_keys_104_loc"   --->   Operation 351 'load' 'round_keys_104_loc_load' <Predicate = true> <Delay = 0.00>
ST_7 : Operation 352 [1/1] (0.00ns)   --->   "%round_keys_103_loc_load = load i8 %round_keys_103_loc"   --->   Operation 352 'load' 'round_keys_103_loc_load' <Predicate = true> <Delay = 0.00>
ST_7 : Operation 353 [1/1] (0.00ns)   --->   "%round_keys_102_loc_load = load i8 %round_keys_102_loc"   --->   Operation 353 'load' 'round_keys_102_loc_load' <Predicate = true> <Delay = 0.00>
ST_7 : Operation 354 [1/1] (0.00ns)   --->   "%round_keys_101_loc_load = load i8 %round_keys_101_loc"   --->   Operation 354 'load' 'round_keys_101_loc_load' <Predicate = true> <Delay = 0.00>
ST_7 : Operation 355 [1/1] (0.00ns)   --->   "%round_keys_100_loc_load = load i8 %round_keys_100_loc"   --->   Operation 355 'load' 'round_keys_100_loc_load' <Predicate = true> <Delay = 0.00>
ST_7 : Operation 356 [1/1] (0.00ns)   --->   "%round_keys_99_loc_load = load i8 %round_keys_99_loc"   --->   Operation 356 'load' 'round_keys_99_loc_load' <Predicate = true> <Delay = 0.00>
ST_7 : Operation 357 [1/1] (0.00ns)   --->   "%round_keys_98_loc_load = load i8 %round_keys_98_loc"   --->   Operation 357 'load' 'round_keys_98_loc_load' <Predicate = true> <Delay = 0.00>
ST_7 : Operation 358 [1/1] (0.00ns)   --->   "%round_keys_97_loc_load = load i8 %round_keys_97_loc"   --->   Operation 358 'load' 'round_keys_97_loc_load' <Predicate = true> <Delay = 0.00>
ST_7 : Operation 359 [1/1] (0.00ns)   --->   "%round_keys_96_loc_load = load i8 %round_keys_96_loc"   --->   Operation 359 'load' 'round_keys_96_loc_load' <Predicate = true> <Delay = 0.00>
ST_7 : Operation 360 [1/1] (0.00ns)   --->   "%round_keys_95_loc_load = load i8 %round_keys_95_loc"   --->   Operation 360 'load' 'round_keys_95_loc_load' <Predicate = true> <Delay = 0.00>
ST_7 : Operation 361 [1/1] (0.00ns)   --->   "%round_keys_94_loc_load = load i8 %round_keys_94_loc"   --->   Operation 361 'load' 'round_keys_94_loc_load' <Predicate = true> <Delay = 0.00>
ST_7 : Operation 362 [1/1] (0.00ns)   --->   "%round_keys_93_loc_load = load i8 %round_keys_93_loc"   --->   Operation 362 'load' 'round_keys_93_loc_load' <Predicate = true> <Delay = 0.00>
ST_7 : Operation 363 [1/1] (0.00ns)   --->   "%round_keys_92_loc_load = load i8 %round_keys_92_loc"   --->   Operation 363 'load' 'round_keys_92_loc_load' <Predicate = true> <Delay = 0.00>
ST_7 : Operation 364 [1/1] (0.00ns)   --->   "%round_keys_91_loc_load = load i8 %round_keys_91_loc"   --->   Operation 364 'load' 'round_keys_91_loc_load' <Predicate = true> <Delay = 0.00>
ST_7 : Operation 365 [1/1] (0.00ns)   --->   "%round_keys_90_loc_load = load i8 %round_keys_90_loc"   --->   Operation 365 'load' 'round_keys_90_loc_load' <Predicate = true> <Delay = 0.00>
ST_7 : Operation 366 [1/1] (0.00ns)   --->   "%round_keys_89_loc_load = load i8 %round_keys_89_loc"   --->   Operation 366 'load' 'round_keys_89_loc_load' <Predicate = true> <Delay = 0.00>
ST_7 : Operation 367 [1/1] (0.00ns)   --->   "%round_keys_88_loc_load = load i8 %round_keys_88_loc"   --->   Operation 367 'load' 'round_keys_88_loc_load' <Predicate = true> <Delay = 0.00>
ST_7 : Operation 368 [1/1] (0.00ns)   --->   "%round_keys_87_loc_load = load i8 %round_keys_87_loc"   --->   Operation 368 'load' 'round_keys_87_loc_load' <Predicate = true> <Delay = 0.00>
ST_7 : Operation 369 [1/1] (0.00ns)   --->   "%round_keys_86_loc_load = load i8 %round_keys_86_loc"   --->   Operation 369 'load' 'round_keys_86_loc_load' <Predicate = true> <Delay = 0.00>
ST_7 : Operation 370 [1/1] (0.00ns)   --->   "%round_keys_85_loc_load = load i8 %round_keys_85_loc"   --->   Operation 370 'load' 'round_keys_85_loc_load' <Predicate = true> <Delay = 0.00>
ST_7 : Operation 371 [1/1] (0.00ns)   --->   "%round_keys_84_loc_load = load i8 %round_keys_84_loc"   --->   Operation 371 'load' 'round_keys_84_loc_load' <Predicate = true> <Delay = 0.00>
ST_7 : Operation 372 [1/1] (0.00ns)   --->   "%round_keys_83_loc_load = load i8 %round_keys_83_loc"   --->   Operation 372 'load' 'round_keys_83_loc_load' <Predicate = true> <Delay = 0.00>
ST_7 : Operation 373 [1/1] (0.00ns)   --->   "%round_keys_82_loc_load = load i8 %round_keys_82_loc"   --->   Operation 373 'load' 'round_keys_82_loc_load' <Predicate = true> <Delay = 0.00>
ST_7 : Operation 374 [1/1] (0.00ns)   --->   "%round_keys_81_loc_load = load i8 %round_keys_81_loc"   --->   Operation 374 'load' 'round_keys_81_loc_load' <Predicate = true> <Delay = 0.00>
ST_7 : Operation 375 [1/1] (0.00ns)   --->   "%round_keys_80_loc_load = load i8 %round_keys_80_loc"   --->   Operation 375 'load' 'round_keys_80_loc_load' <Predicate = true> <Delay = 0.00>
ST_7 : Operation 376 [1/1] (0.00ns)   --->   "%round_keys_79_loc_load = load i8 %round_keys_79_loc"   --->   Operation 376 'load' 'round_keys_79_loc_load' <Predicate = true> <Delay = 0.00>
ST_7 : Operation 377 [1/1] (0.00ns)   --->   "%round_keys_78_loc_load = load i8 %round_keys_78_loc"   --->   Operation 377 'load' 'round_keys_78_loc_load' <Predicate = true> <Delay = 0.00>
ST_7 : Operation 378 [1/1] (0.00ns)   --->   "%round_keys_77_loc_load = load i8 %round_keys_77_loc"   --->   Operation 378 'load' 'round_keys_77_loc_load' <Predicate = true> <Delay = 0.00>
ST_7 : Operation 379 [1/1] (0.00ns)   --->   "%round_keys_76_loc_load = load i8 %round_keys_76_loc"   --->   Operation 379 'load' 'round_keys_76_loc_load' <Predicate = true> <Delay = 0.00>
ST_7 : Operation 380 [1/1] (0.00ns)   --->   "%round_keys_75_loc_load = load i8 %round_keys_75_loc"   --->   Operation 380 'load' 'round_keys_75_loc_load' <Predicate = true> <Delay = 0.00>
ST_7 : Operation 381 [1/1] (0.00ns)   --->   "%round_keys_74_loc_load = load i8 %round_keys_74_loc"   --->   Operation 381 'load' 'round_keys_74_loc_load' <Predicate = true> <Delay = 0.00>
ST_7 : Operation 382 [1/1] (0.00ns)   --->   "%round_keys_73_loc_load = load i8 %round_keys_73_loc"   --->   Operation 382 'load' 'round_keys_73_loc_load' <Predicate = true> <Delay = 0.00>
ST_7 : Operation 383 [1/1] (0.00ns)   --->   "%round_keys_72_loc_load = load i8 %round_keys_72_loc"   --->   Operation 383 'load' 'round_keys_72_loc_load' <Predicate = true> <Delay = 0.00>
ST_7 : Operation 384 [1/1] (0.00ns)   --->   "%round_keys_71_loc_load = load i8 %round_keys_71_loc"   --->   Operation 384 'load' 'round_keys_71_loc_load' <Predicate = true> <Delay = 0.00>
ST_7 : Operation 385 [1/1] (0.00ns)   --->   "%round_keys_70_loc_load = load i8 %round_keys_70_loc"   --->   Operation 385 'load' 'round_keys_70_loc_load' <Predicate = true> <Delay = 0.00>
ST_7 : Operation 386 [1/1] (0.00ns)   --->   "%round_keys_69_loc_load = load i8 %round_keys_69_loc"   --->   Operation 386 'load' 'round_keys_69_loc_load' <Predicate = true> <Delay = 0.00>
ST_7 : Operation 387 [1/1] (0.00ns)   --->   "%round_keys_68_loc_load = load i8 %round_keys_68_loc"   --->   Operation 387 'load' 'round_keys_68_loc_load' <Predicate = true> <Delay = 0.00>
ST_7 : Operation 388 [1/1] (0.00ns)   --->   "%round_keys_67_loc_load = load i8 %round_keys_67_loc"   --->   Operation 388 'load' 'round_keys_67_loc_load' <Predicate = true> <Delay = 0.00>
ST_7 : Operation 389 [1/1] (0.00ns)   --->   "%round_keys_66_loc_load = load i8 %round_keys_66_loc"   --->   Operation 389 'load' 'round_keys_66_loc_load' <Predicate = true> <Delay = 0.00>
ST_7 : Operation 390 [1/1] (0.00ns)   --->   "%round_keys_65_loc_load = load i8 %round_keys_65_loc"   --->   Operation 390 'load' 'round_keys_65_loc_load' <Predicate = true> <Delay = 0.00>
ST_7 : Operation 391 [1/1] (0.00ns)   --->   "%round_keys_64_loc_load = load i8 %round_keys_64_loc"   --->   Operation 391 'load' 'round_keys_64_loc_load' <Predicate = true> <Delay = 0.00>
ST_7 : Operation 392 [1/1] (0.00ns)   --->   "%round_keys_63_loc_load = load i8 %round_keys_63_loc"   --->   Operation 392 'load' 'round_keys_63_loc_load' <Predicate = true> <Delay = 0.00>
ST_7 : Operation 393 [1/1] (0.00ns)   --->   "%round_keys_62_loc_load = load i8 %round_keys_62_loc"   --->   Operation 393 'load' 'round_keys_62_loc_load' <Predicate = true> <Delay = 0.00>
ST_7 : Operation 394 [1/1] (0.00ns)   --->   "%round_keys_61_loc_load = load i8 %round_keys_61_loc"   --->   Operation 394 'load' 'round_keys_61_loc_load' <Predicate = true> <Delay = 0.00>
ST_7 : Operation 395 [1/1] (0.00ns)   --->   "%round_keys_60_loc_load = load i8 %round_keys_60_loc"   --->   Operation 395 'load' 'round_keys_60_loc_load' <Predicate = true> <Delay = 0.00>
ST_7 : Operation 396 [1/1] (0.00ns)   --->   "%round_keys_59_loc_load = load i8 %round_keys_59_loc"   --->   Operation 396 'load' 'round_keys_59_loc_load' <Predicate = true> <Delay = 0.00>
ST_7 : Operation 397 [1/1] (0.00ns)   --->   "%round_keys_58_loc_load = load i8 %round_keys_58_loc"   --->   Operation 397 'load' 'round_keys_58_loc_load' <Predicate = true> <Delay = 0.00>
ST_7 : Operation 398 [1/1] (0.00ns)   --->   "%round_keys_57_loc_load = load i8 %round_keys_57_loc"   --->   Operation 398 'load' 'round_keys_57_loc_load' <Predicate = true> <Delay = 0.00>
ST_7 : Operation 399 [1/1] (0.00ns)   --->   "%round_keys_56_loc_load = load i8 %round_keys_56_loc"   --->   Operation 399 'load' 'round_keys_56_loc_load' <Predicate = true> <Delay = 0.00>
ST_7 : Operation 400 [1/1] (0.00ns)   --->   "%round_keys_55_loc_load = load i8 %round_keys_55_loc"   --->   Operation 400 'load' 'round_keys_55_loc_load' <Predicate = true> <Delay = 0.00>
ST_7 : Operation 401 [1/1] (0.00ns)   --->   "%round_keys_54_loc_load = load i8 %round_keys_54_loc"   --->   Operation 401 'load' 'round_keys_54_loc_load' <Predicate = true> <Delay = 0.00>
ST_7 : Operation 402 [1/1] (0.00ns)   --->   "%round_keys_53_loc_load = load i8 %round_keys_53_loc"   --->   Operation 402 'load' 'round_keys_53_loc_load' <Predicate = true> <Delay = 0.00>
ST_7 : Operation 403 [1/1] (0.00ns)   --->   "%round_keys_52_loc_load = load i8 %round_keys_52_loc"   --->   Operation 403 'load' 'round_keys_52_loc_load' <Predicate = true> <Delay = 0.00>
ST_7 : Operation 404 [1/1] (0.00ns)   --->   "%round_keys_51_loc_load = load i8 %round_keys_51_loc"   --->   Operation 404 'load' 'round_keys_51_loc_load' <Predicate = true> <Delay = 0.00>
ST_7 : Operation 405 [1/1] (0.00ns)   --->   "%round_keys_50_loc_load = load i8 %round_keys_50_loc"   --->   Operation 405 'load' 'round_keys_50_loc_load' <Predicate = true> <Delay = 0.00>
ST_7 : Operation 406 [1/1] (0.00ns)   --->   "%round_keys_49_loc_load = load i8 %round_keys_49_loc"   --->   Operation 406 'load' 'round_keys_49_loc_load' <Predicate = true> <Delay = 0.00>
ST_7 : Operation 407 [1/1] (0.00ns)   --->   "%round_keys_48_loc_load = load i8 %round_keys_48_loc"   --->   Operation 407 'load' 'round_keys_48_loc_load' <Predicate = true> <Delay = 0.00>
ST_7 : Operation 408 [1/1] (0.00ns)   --->   "%round_keys_47_loc_load = load i8 %round_keys_47_loc"   --->   Operation 408 'load' 'round_keys_47_loc_load' <Predicate = true> <Delay = 0.00>
ST_7 : Operation 409 [1/1] (0.00ns)   --->   "%round_keys_46_loc_load = load i8 %round_keys_46_loc"   --->   Operation 409 'load' 'round_keys_46_loc_load' <Predicate = true> <Delay = 0.00>
ST_7 : Operation 410 [1/1] (0.00ns)   --->   "%round_keys_45_loc_load = load i8 %round_keys_45_loc"   --->   Operation 410 'load' 'round_keys_45_loc_load' <Predicate = true> <Delay = 0.00>
ST_7 : Operation 411 [1/1] (0.00ns)   --->   "%round_keys_44_loc_load = load i8 %round_keys_44_loc"   --->   Operation 411 'load' 'round_keys_44_loc_load' <Predicate = true> <Delay = 0.00>
ST_7 : Operation 412 [1/1] (0.00ns)   --->   "%round_keys_43_loc_load = load i8 %round_keys_43_loc"   --->   Operation 412 'load' 'round_keys_43_loc_load' <Predicate = true> <Delay = 0.00>
ST_7 : Operation 413 [1/1] (0.00ns)   --->   "%round_keys_42_loc_load = load i8 %round_keys_42_loc"   --->   Operation 413 'load' 'round_keys_42_loc_load' <Predicate = true> <Delay = 0.00>
ST_7 : Operation 414 [1/1] (0.00ns)   --->   "%round_keys_41_loc_load = load i8 %round_keys_41_loc"   --->   Operation 414 'load' 'round_keys_41_loc_load' <Predicate = true> <Delay = 0.00>
ST_7 : Operation 415 [1/1] (0.00ns)   --->   "%round_keys_40_loc_load = load i8 %round_keys_40_loc"   --->   Operation 415 'load' 'round_keys_40_loc_load' <Predicate = true> <Delay = 0.00>
ST_7 : Operation 416 [1/1] (0.00ns)   --->   "%round_keys_39_loc_load = load i8 %round_keys_39_loc"   --->   Operation 416 'load' 'round_keys_39_loc_load' <Predicate = true> <Delay = 0.00>
ST_7 : Operation 417 [1/1] (0.00ns)   --->   "%round_keys_38_loc_load = load i8 %round_keys_38_loc"   --->   Operation 417 'load' 'round_keys_38_loc_load' <Predicate = true> <Delay = 0.00>
ST_7 : Operation 418 [1/1] (0.00ns)   --->   "%round_keys_37_loc_load = load i8 %round_keys_37_loc"   --->   Operation 418 'load' 'round_keys_37_loc_load' <Predicate = true> <Delay = 0.00>
ST_7 : Operation 419 [1/1] (0.00ns)   --->   "%round_keys_36_loc_load = load i8 %round_keys_36_loc"   --->   Operation 419 'load' 'round_keys_36_loc_load' <Predicate = true> <Delay = 0.00>
ST_7 : Operation 420 [1/1] (0.00ns)   --->   "%round_keys_35_loc_load = load i8 %round_keys_35_loc"   --->   Operation 420 'load' 'round_keys_35_loc_load' <Predicate = true> <Delay = 0.00>
ST_7 : Operation 421 [1/1] (0.00ns)   --->   "%round_keys_34_loc_load = load i8 %round_keys_34_loc"   --->   Operation 421 'load' 'round_keys_34_loc_load' <Predicate = true> <Delay = 0.00>
ST_7 : Operation 422 [1/1] (0.00ns)   --->   "%round_keys_33_loc_load = load i8 %round_keys_33_loc"   --->   Operation 422 'load' 'round_keys_33_loc_load' <Predicate = true> <Delay = 0.00>
ST_7 : Operation 423 [1/1] (0.00ns)   --->   "%round_keys_32_loc_load = load i8 %round_keys_32_loc"   --->   Operation 423 'load' 'round_keys_32_loc_load' <Predicate = true> <Delay = 0.00>
ST_7 : Operation 424 [1/1] (0.00ns)   --->   "%round_keys_31_loc_load = load i8 %round_keys_31_loc"   --->   Operation 424 'load' 'round_keys_31_loc_load' <Predicate = true> <Delay = 0.00>
ST_7 : Operation 425 [1/1] (0.00ns)   --->   "%round_keys_30_loc_load = load i8 %round_keys_30_loc"   --->   Operation 425 'load' 'round_keys_30_loc_load' <Predicate = true> <Delay = 0.00>
ST_7 : Operation 426 [1/1] (0.00ns)   --->   "%round_keys_29_loc_load = load i8 %round_keys_29_loc"   --->   Operation 426 'load' 'round_keys_29_loc_load' <Predicate = true> <Delay = 0.00>
ST_7 : Operation 427 [1/1] (0.00ns)   --->   "%round_keys_28_loc_load = load i8 %round_keys_28_loc"   --->   Operation 427 'load' 'round_keys_28_loc_load' <Predicate = true> <Delay = 0.00>
ST_7 : Operation 428 [1/1] (0.00ns)   --->   "%round_keys_27_loc_load = load i8 %round_keys_27_loc"   --->   Operation 428 'load' 'round_keys_27_loc_load' <Predicate = true> <Delay = 0.00>
ST_7 : Operation 429 [1/1] (0.00ns)   --->   "%round_keys_26_loc_load = load i8 %round_keys_26_loc"   --->   Operation 429 'load' 'round_keys_26_loc_load' <Predicate = true> <Delay = 0.00>
ST_7 : Operation 430 [1/1] (0.00ns)   --->   "%round_keys_25_loc_load = load i8 %round_keys_25_loc"   --->   Operation 430 'load' 'round_keys_25_loc_load' <Predicate = true> <Delay = 0.00>
ST_7 : Operation 431 [1/1] (0.00ns)   --->   "%round_keys_24_loc_load = load i8 %round_keys_24_loc"   --->   Operation 431 'load' 'round_keys_24_loc_load' <Predicate = true> <Delay = 0.00>
ST_7 : Operation 432 [1/1] (0.00ns)   --->   "%round_keys_23_loc_load = load i8 %round_keys_23_loc"   --->   Operation 432 'load' 'round_keys_23_loc_load' <Predicate = true> <Delay = 0.00>
ST_7 : Operation 433 [1/1] (0.00ns)   --->   "%round_keys_22_loc_load = load i8 %round_keys_22_loc"   --->   Operation 433 'load' 'round_keys_22_loc_load' <Predicate = true> <Delay = 0.00>
ST_7 : Operation 434 [1/1] (0.00ns)   --->   "%round_keys_21_loc_load = load i8 %round_keys_21_loc"   --->   Operation 434 'load' 'round_keys_21_loc_load' <Predicate = true> <Delay = 0.00>
ST_7 : Operation 435 [1/1] (0.00ns)   --->   "%round_keys_20_loc_load = load i8 %round_keys_20_loc"   --->   Operation 435 'load' 'round_keys_20_loc_load' <Predicate = true> <Delay = 0.00>
ST_7 : Operation 436 [1/1] (0.00ns)   --->   "%round_keys_19_loc_load = load i8 %round_keys_19_loc"   --->   Operation 436 'load' 'round_keys_19_loc_load' <Predicate = true> <Delay = 0.00>
ST_7 : Operation 437 [1/1] (0.00ns)   --->   "%round_keys_18_loc_load = load i8 %round_keys_18_loc"   --->   Operation 437 'load' 'round_keys_18_loc_load' <Predicate = true> <Delay = 0.00>
ST_7 : Operation 438 [1/1] (0.00ns)   --->   "%round_keys_17_loc_load = load i8 %round_keys_17_loc"   --->   Operation 438 'load' 'round_keys_17_loc_load' <Predicate = true> <Delay = 0.00>
ST_7 : Operation 439 [1/1] (0.00ns)   --->   "%round_keys_16_loc_load = load i8 %round_keys_16_loc"   --->   Operation 439 'load' 'round_keys_16_loc_load' <Predicate = true> <Delay = 0.00>
ST_7 : Operation 440 [1/2] (2.32ns)   --->   "%state_4 = load i3 %plaintext_0_addr_6" [src/aes128.cpp:162]   --->   Operation 440 'load' 'state_4' <Predicate = true> <Delay = 2.32> <CoreInst = "RAM">   --->   Core 82 'RAM' <Latency = 1> <II = 1> <Delay = 2.32> <Storage> <Opcode : 'load' 'store'> <Ports = 2> <Width = 8> <Depth = 8> <RAM>
ST_7 : Operation 441 [1/2] (2.32ns)   --->   "%state_5 = load i3 %plaintext_1_addr_6" [src/aes128.cpp:162]   --->   Operation 441 'load' 'state_5' <Predicate = true> <Delay = 2.32> <CoreInst = "RAM">   --->   Core 82 'RAM' <Latency = 1> <II = 1> <Delay = 2.32> <Storage> <Opcode : 'load' 'store'> <Ports = 2> <Width = 8> <Depth = 8> <RAM>
ST_7 : Operation 442 [1/2] (2.32ns)   --->   "%state_6 = load i3 %plaintext_0_addr_7" [src/aes128.cpp:162]   --->   Operation 442 'load' 'state_6' <Predicate = true> <Delay = 2.32> <CoreInst = "RAM">   --->   Core 82 'RAM' <Latency = 1> <II = 1> <Delay = 2.32> <Storage> <Opcode : 'load' 'store'> <Ports = 2> <Width = 8> <Depth = 8> <RAM>
ST_7 : Operation 443 [1/2] (2.32ns)   --->   "%state_7 = load i3 %plaintext_1_addr_7" [src/aes128.cpp:162]   --->   Operation 443 'load' 'state_7' <Predicate = true> <Delay = 2.32> <CoreInst = "RAM">   --->   Core 82 'RAM' <Latency = 1> <II = 1> <Delay = 2.32> <Storage> <Opcode : 'load' 'store'> <Ports = 2> <Width = 8> <Depth = 8> <RAM>
ST_7 : Operation 444 [1/1] (0.99ns)   --->   "%state_20 = xor i8 %state_4, i8 %round_keys_191" [src/aes128.cpp:76]   --->   Operation 444 'xor' 'state_20' <Predicate = true> <Delay = 0.99> <CoreInst = "LogicGate">   --->   Core 74 'LogicGate' <Latency = 0> <II = 1> <Delay = 0.99> <FuncUnit> <Opcode : 'and' 'or' 'xor'> <InPorts = 2> <OutPorts = 1>
ST_7 : Operation 445 [1/1] (0.99ns)   --->   "%state_21 = xor i8 %state_5, i8 %round_keys_192" [src/aes128.cpp:76]   --->   Operation 445 'xor' 'state_21' <Predicate = true> <Delay = 0.99> <CoreInst = "LogicGate">   --->   Core 74 'LogicGate' <Latency = 0> <II = 1> <Delay = 0.99> <FuncUnit> <Opcode : 'and' 'or' 'xor'> <InPorts = 2> <OutPorts = 1>
ST_7 : Operation 446 [1/1] (0.99ns)   --->   "%state_22 = xor i8 %state_6, i8 %round_keys_193" [src/aes128.cpp:76]   --->   Operation 446 'xor' 'state_22' <Predicate = true> <Delay = 0.99> <CoreInst = "LogicGate">   --->   Core 74 'LogicGate' <Latency = 0> <II = 1> <Delay = 0.99> <FuncUnit> <Opcode : 'and' 'or' 'xor'> <InPorts = 2> <OutPorts = 1>
ST_7 : Operation 447 [1/1] (0.99ns)   --->   "%state_23 = xor i8 %state_7, i8 %round_keys_194" [src/aes128.cpp:76]   --->   Operation 447 'xor' 'state_23' <Predicate = true> <Delay = 0.99> <CoreInst = "LogicGate">   --->   Core 74 'LogicGate' <Latency = 0> <II = 1> <Delay = 0.99> <FuncUnit> <Opcode : 'and' 'or' 'xor'> <InPorts = 2> <OutPorts = 1>
ST_7 : Operation 448 [2/2] (1.58ns)   --->   "%call_ln76 = call void @aes128_encrypt_Pipeline_AES_ROUNDS_LOOP, i8 %state_23, i8 %state_22, i8 %state_21, i8 %state_20, i8 %state_19, i8 %state_18, i8 %state_17, i8 %state_16, i8 %state_15, i8 %state_14, i8 %state_13, i8 %state_12, i8 %state_11, i8 %state_10, i8 %state_9, i8 %state_8, i8 %round_keys_16_loc_load, i8 %round_keys_32_loc_load, i8 %round_keys_48_loc_load, i8 %round_keys_64_loc_load, i8 %round_keys_80_loc_load, i8 %round_keys_96_loc_load, i8 %round_keys_112_loc_load, i8 %round_keys_128_loc_load, i8 %round_keys_144_loc_load, i8 %round_keys_17_loc_load, i8 %round_keys_33_loc_load, i8 %round_keys_49_loc_load, i8 %round_keys_65_loc_load, i8 %round_keys_81_loc_load, i8 %round_keys_97_loc_load, i8 %round_keys_113_loc_load, i8 %round_keys_129_loc_load, i8 %round_keys_145_loc_load, i8 %round_keys_18_loc_load, i8 %round_keys_34_loc_load, i8 %round_keys_50_loc_load, i8 %round_keys_66_loc_load, i8 %round_keys_82_loc_load, i8 %round_keys_98_loc_load, i8 %round_keys_114_loc_load, i8 %round_keys_130_loc_load, i8 %round_keys_146_loc_load, i8 %round_keys_19_loc_load, i8 %round_keys_35_loc_load, i8 %round_keys_51_loc_load, i8 %round_keys_67_loc_load, i8 %round_keys_83_loc_load, i8 %round_keys_99_loc_load, i8 %round_keys_115_loc_load, i8 %round_keys_131_loc_load, i8 %round_keys_147_loc_load, i8 %round_keys_20_loc_load, i8 %round_keys_36_loc_load, i8 %round_keys_52_loc_load, i8 %round_keys_68_loc_load, i8 %round_keys_84_loc_load, i8 %round_keys_100_loc_load, i8 %round_keys_116_loc_load, i8 %round_keys_132_loc_load, i8 %round_keys_148_loc_load, i8 %round_keys_21_loc_load, i8 %round_keys_37_loc_load, i8 %round_keys_53_loc_load, i8 %round_keys_69_loc_load, i8 %round_keys_85_loc_load, i8 %round_keys_101_loc_load, i8 %round_keys_117_loc_load, i8 %round_keys_133_loc_load, i8 %round_keys_149_loc_load, i8 %round_keys_22_loc_load, i8 %round_keys_38_loc_load, i8 %round_keys_54_loc_load, i8 %round_keys_70_loc_load, i8 %round_keys_86_loc_load, i8 %round_keys_102_loc_load, i8 %round_keys_118_loc_load, i8 %round_keys_134_loc_load, i8 %round_keys_150_loc_load, i8 %round_keys_23_loc_load, i8 %round_keys_39_loc_load, i8 %round_keys_55_loc_load, i8 %round_keys_71_loc_load, i8 %round_keys_87_loc_load, i8 %round_keys_103_loc_load, i8 %round_keys_119_loc_load, i8 %round_keys_135_loc_load, i8 %round_keys_151_loc_load, i8 %round_keys_24_loc_load, i8 %round_keys_40_loc_load, i8 %round_keys_56_loc_load, i8 %round_keys_72_loc_load, i8 %round_keys_88_loc_load, i8 %round_keys_104_loc_load, i8 %round_keys_120_loc_load, i8 %round_keys_136_loc_load, i8 %round_keys_152_loc_load, i8 %round_keys_25_loc_load, i8 %round_keys_41_loc_load, i8 %round_keys_57_loc_load, i8 %round_keys_73_loc_load, i8 %round_keys_89_loc_load, i8 %round_keys_105_loc_load, i8 %round_keys_121_loc_load, i8 %round_keys_137_loc_load, i8 %round_keys_153_loc_load, i8 %round_keys_26_loc_load, i8 %round_keys_42_loc_load, i8 %round_keys_58_loc_load, i8 %round_keys_74_loc_load, i8 %round_keys_90_loc_load, i8 %round_keys_106_loc_load, i8 %round_keys_122_loc_load, i8 %round_keys_138_loc_load, i8 %round_keys_154_loc_load, i8 %round_keys_27_loc_load, i8 %round_keys_43_loc_load, i8 %round_keys_59_loc_load, i8 %round_keys_75_loc_load, i8 %round_keys_91_loc_load, i8 %round_keys_107_loc_load, i8 %round_keys_123_loc_load, i8 %round_keys_139_loc_load, i8 %round_keys_155_loc_load, i8 %round_keys_28_loc_load, i8 %round_keys_44_loc_load, i8 %round_keys_60_loc_load, i8 %round_keys_76_loc_load, i8 %round_keys_92_loc_load, i8 %round_keys_108_loc_load, i8 %round_keys_124_loc_load, i8 %round_keys_140_loc_load, i8 %round_keys_156_loc_load, i8 %round_keys_29_loc_load, i8 %round_keys_45_loc_load, i8 %round_keys_61_loc_load, i8 %round_keys_77_loc_load, i8 %round_keys_93_loc_load, i8 %round_keys_109_loc_load, i8 %round_keys_125_loc_load, i8 %round_keys_141_loc_load, i8 %round_keys_157_loc_load, i8 %round_keys_30_loc_load, i8 %round_keys_46_loc_load, i8 %round_keys_62_loc_load, i8 %round_keys_78_loc_load, i8 %round_keys_94_loc_load, i8 %round_keys_110_loc_load, i8 %round_keys_126_loc_load, i8 %round_keys_142_loc_load, i8 %round_keys_158_loc_load, i8 %round_keys_31_loc_load, i8 %round_keys_47_loc_load, i8 %round_keys_63_loc_load, i8 %round_keys_79_loc_load, i8 %round_keys_95_loc_load, i8 %round_keys_111_loc_load, i8 %round_keys_127_loc_load, i8 %round_keys_143_loc_load, i8 %round_keys_159_loc_load, i8 %p_loc, i8 %p_loc17, i8 %p_loc18, i8 %p_loc19, i8 %p_loc20, i8 %p_loc21, i8 %p_loc22, i8 %p_loc23, i8 %p_loc24, i8 %p_loc25, i8 %p_loc26, i8 %p_loc27, i8 %p_loc28, i8 %p_loc29, i8 %p_loc30, i8 %p_loc31, i8 %SBOX" [src/aes128.cpp:76]   --->   Operation 448 'call' 'call_ln76' <Predicate = true> <Delay = 1.58> <CoreType = "Generic">   --->   Core 0 '' <Latency = 0> <II = 1> <Delay = 1.00> <Generic> <Opcode : >

State 8 <SV = 7> <Delay = 1.30>
ST_8 : Operation 449 [1/2] (1.30ns)   --->   "%call_ln76 = call void @aes128_encrypt_Pipeline_AES_ROUNDS_LOOP, i8 %state_23, i8 %state_22, i8 %state_21, i8 %state_20, i8 %state_19, i8 %state_18, i8 %state_17, i8 %state_16, i8 %state_15, i8 %state_14, i8 %state_13, i8 %state_12, i8 %state_11, i8 %state_10, i8 %state_9, i8 %state_8, i8 %round_keys_16_loc_load, i8 %round_keys_32_loc_load, i8 %round_keys_48_loc_load, i8 %round_keys_64_loc_load, i8 %round_keys_80_loc_load, i8 %round_keys_96_loc_load, i8 %round_keys_112_loc_load, i8 %round_keys_128_loc_load, i8 %round_keys_144_loc_load, i8 %round_keys_17_loc_load, i8 %round_keys_33_loc_load, i8 %round_keys_49_loc_load, i8 %round_keys_65_loc_load, i8 %round_keys_81_loc_load, i8 %round_keys_97_loc_load, i8 %round_keys_113_loc_load, i8 %round_keys_129_loc_load, i8 %round_keys_145_loc_load, i8 %round_keys_18_loc_load, i8 %round_keys_34_loc_load, i8 %round_keys_50_loc_load, i8 %round_keys_66_loc_load, i8 %round_keys_82_loc_load, i8 %round_keys_98_loc_load, i8 %round_keys_114_loc_load, i8 %round_keys_130_loc_load, i8 %round_keys_146_loc_load, i8 %round_keys_19_loc_load, i8 %round_keys_35_loc_load, i8 %round_keys_51_loc_load, i8 %round_keys_67_loc_load, i8 %round_keys_83_loc_load, i8 %round_keys_99_loc_load, i8 %round_keys_115_loc_load, i8 %round_keys_131_loc_load, i8 %round_keys_147_loc_load, i8 %round_keys_20_loc_load, i8 %round_keys_36_loc_load, i8 %round_keys_52_loc_load, i8 %round_keys_68_loc_load, i8 %round_keys_84_loc_load, i8 %round_keys_100_loc_load, i8 %round_keys_116_loc_load, i8 %round_keys_132_loc_load, i8 %round_keys_148_loc_load, i8 %round_keys_21_loc_load, i8 %round_keys_37_loc_load, i8 %round_keys_53_loc_load, i8 %round_keys_69_loc_load, i8 %round_keys_85_loc_load, i8 %round_keys_101_loc_load, i8 %round_keys_117_loc_load, i8 %round_keys_133_loc_load, i8 %round_keys_149_loc_load, i8 %round_keys_22_loc_load, i8 %round_keys_38_loc_load, i8 %round_keys_54_loc_load, i8 %round_keys_70_loc_load, i8 %round_keys_86_loc_load, i8 %round_keys_102_loc_load, i8 %round_keys_118_loc_load, i8 %round_keys_134_loc_load, i8 %round_keys_150_loc_load, i8 %round_keys_23_loc_load, i8 %round_keys_39_loc_load, i8 %round_keys_55_loc_load, i8 %round_keys_71_loc_load, i8 %round_keys_87_loc_load, i8 %round_keys_103_loc_load, i8 %round_keys_119_loc_load, i8 %round_keys_135_loc_load, i8 %round_keys_151_loc_load, i8 %round_keys_24_loc_load, i8 %round_keys_40_loc_load, i8 %round_keys_56_loc_load, i8 %round_keys_72_loc_load, i8 %round_keys_88_loc_load, i8 %round_keys_104_loc_load, i8 %round_keys_120_loc_load, i8 %round_keys_136_loc_load, i8 %round_keys_152_loc_load, i8 %round_keys_25_loc_load, i8 %round_keys_41_loc_load, i8 %round_keys_57_loc_load, i8 %round_keys_73_loc_load, i8 %round_keys_89_loc_load, i8 %round_keys_105_loc_load, i8 %round_keys_121_loc_load, i8 %round_keys_137_loc_load, i8 %round_keys_153_loc_load, i8 %round_keys_26_loc_load, i8 %round_keys_42_loc_load, i8 %round_keys_58_loc_load, i8 %round_keys_74_loc_load, i8 %round_keys_90_loc_load, i8 %round_keys_106_loc_load, i8 %round_keys_122_loc_load, i8 %round_keys_138_loc_load, i8 %round_keys_154_loc_load, i8 %round_keys_27_loc_load, i8 %round_keys_43_loc_load, i8 %round_keys_59_loc_load, i8 %round_keys_75_loc_load, i8 %round_keys_91_loc_load, i8 %round_keys_107_loc_load, i8 %round_keys_123_loc_load, i8 %round_keys_139_loc_load, i8 %round_keys_155_loc_load, i8 %round_keys_28_loc_load, i8 %round_keys_44_loc_load, i8 %round_keys_60_loc_load, i8 %round_keys_76_loc_load, i8 %round_keys_92_loc_load, i8 %round_keys_108_loc_load, i8 %round_keys_124_loc_load, i8 %round_keys_140_loc_load, i8 %round_keys_156_loc_load, i8 %round_keys_29_loc_load, i8 %round_keys_45_loc_load, i8 %round_keys_61_loc_load, i8 %round_keys_77_loc_load, i8 %round_keys_93_loc_load, i8 %round_keys_109_loc_load, i8 %round_keys_125_loc_load, i8 %round_keys_141_loc_load, i8 %round_keys_157_loc_load, i8 %round_keys_30_loc_load, i8 %round_keys_46_loc_load, i8 %round_keys_62_loc_load, i8 %round_keys_78_loc_load, i8 %round_keys_94_loc_load, i8 %round_keys_110_loc_load, i8 %round_keys_126_loc_load, i8 %round_keys_142_loc_load, i8 %round_keys_158_loc_load, i8 %round_keys_31_loc_load, i8 %round_keys_47_loc_load, i8 %round_keys_63_loc_load, i8 %round_keys_79_loc_load, i8 %round_keys_95_loc_load, i8 %round_keys_111_loc_load, i8 %round_keys_127_loc_load, i8 %round_keys_143_loc_load, i8 %round_keys_159_loc_load, i8 %p_loc, i8 %p_loc17, i8 %p_loc18, i8 %p_loc19, i8 %p_loc20, i8 %p_loc21, i8 %p_loc22, i8 %p_loc23, i8 %p_loc24, i8 %p_loc25, i8 %p_loc26, i8 %p_loc27, i8 %p_loc28, i8 %p_loc29, i8 %p_loc30, i8 %p_loc31, i8 %SBOX" [src/aes128.cpp:76]   --->   Operation 449 'call' 'call_ln76' <Predicate = true> <Delay = 1.30> <CoreType = "Generic">   --->   Core 0 '' <Latency = 0> <II = 1> <Delay = 1.00> <Generic> <Opcode : >

State 9 <SV = 8> <Delay = 3.25>
ST_9 : Operation 450 [1/1] (0.00ns)   --->   "%p_loc_load = load i8 %p_loc"   --->   Operation 450 'load' 'p_loc_load' <Predicate = true> <Delay = 0.00>
ST_9 : Operation 451 [1/1] (0.00ns)   --->   "%p_loc21_load = load i8 %p_loc21"   --->   Operation 451 'load' 'p_loc21_load' <Predicate = true> <Delay = 0.00>
ST_9 : Operation 452 [1/1] (0.00ns)   --->   "%p_loc26_load = load i8 %p_loc26"   --->   Operation 452 'load' 'p_loc26_load' <Predicate = true> <Delay = 0.00>
ST_9 : Operation 453 [1/1] (0.00ns)   --->   "%p_loc31_load = load i8 %p_loc31"   --->   Operation 453 'load' 'p_loc31_load' <Predicate = true> <Delay = 0.00>
ST_9 : Operation 454 [1/1] (0.00ns)   --->   "%zext_ln87 = zext i8 %p_loc31_load" [src/aes128.cpp:87]   --->   Operation 454 'zext' 'zext_ln87' <Predicate = true> <Delay = 0.00>
ST_9 : Operation 455 [1/1] (0.00ns)   --->   "%SBOX_addr_4 = getelementptr i8 %SBOX, i64 0, i64 %zext_ln87" [src/aes128.cpp:87]   --->   Operation 455 'getelementptr' 'SBOX_addr_4' <Predicate = true> <Delay = 0.00>
ST_9 : Operation 456 [2/2] (3.25ns)   --->   "%SBOX_load = load i8 %SBOX_addr_4" [src/aes128.cpp:87]   --->   Operation 456 'load' 'SBOX_load' <Predicate = true> <Delay = 3.25> <CoreInst = "ROM">   --->   Core 95 'ROM' <Latency = 1> <II = 1> <Delay = 3.25> <Storage> <Opcode : 'load'> <Ports = 0> <Width = 8> <Depth = 256> <ROM>
ST_9 : Operation 457 [1/1] (0.00ns)   --->   "%zext_ln87_5 = zext i8 %p_loc26_load" [src/aes128.cpp:87]   --->   Operation 457 'zext' 'zext_ln87_5' <Predicate = true> <Delay = 0.00>
ST_9 : Operation 458 [1/1] (0.00ns)   --->   "%SBOX_addr_9 = getelementptr i8 %SBOX, i64 0, i64 %zext_ln87_5" [src/aes128.cpp:87]   --->   Operation 458 'getelementptr' 'SBOX_addr_9' <Predicate = true> <Delay = 0.00>
ST_9 : Operation 459 [2/2] (3.25ns)   --->   "%SBOX_load_5 = load i8 %SBOX_addr_9" [src/aes128.cpp:87]   --->   Operation 459 'load' 'SBOX_load_5' <Predicate = true> <Delay = 3.25> <CoreInst = "ROM">   --->   Core 95 'ROM' <Latency = 1> <II = 1> <Delay = 3.25> <Storage> <Opcode : 'load'> <Ports = 0> <Width = 8> <Depth = 256> <ROM>
ST_9 : Operation 460 [1/1] (0.00ns)   --->   "%zext_ln87_10 = zext i8 %p_loc21_load" [src/aes128.cpp:87]   --->   Operation 460 'zext' 'zext_ln87_10' <Predicate = true> <Delay = 0.00>
ST_9 : Operation 461 [1/1] (0.00ns)   --->   "%SBOX_addr_14 = getelementptr i8 %SBOX, i64 0, i64 %zext_ln87_10" [src/aes128.cpp:87]   --->   Operation 461 'getelementptr' 'SBOX_addr_14' <Predicate = true> <Delay = 0.00>
ST_9 : Operation 462 [2/2] (3.25ns)   --->   "%SBOX_load_10 = load i8 %SBOX_addr_14" [src/aes128.cpp:87]   --->   Operation 462 'load' 'SBOX_load_10' <Predicate = true> <Delay = 3.25> <CoreInst = "ROM">   --->   Core 95 'ROM' <Latency = 1> <II = 1> <Delay = 3.25> <Storage> <Opcode : 'load'> <Ports = 0> <Width = 8> <Depth = 256> <ROM>
ST_9 : Operation 463 [1/1] (0.00ns)   --->   "%zext_ln87_15 = zext i8 %p_loc_load" [src/aes128.cpp:87]   --->   Operation 463 'zext' 'zext_ln87_15' <Predicate = true> <Delay = 0.00>
ST_9 : Operation 464 [1/1] (0.00ns)   --->   "%SBOX_addr = getelementptr i8 %SBOX, i64 0, i64 %zext_ln87_15" [src/aes128.cpp:87]   --->   Operation 464 'getelementptr' 'SBOX_addr' <Predicate = true> <Delay = 0.00>
ST_9 : Operation 465 [2/2] (3.25ns)   --->   "%SBOX_load_15 = load i8 %SBOX_addr" [src/aes128.cpp:87]   --->   Operation 465 'load' 'SBOX_load_15' <Predicate = true> <Delay = 3.25> <CoreInst = "ROM">   --->   Core 95 'ROM' <Latency = 1> <II = 1> <Delay = 3.25> <Storage> <Opcode : 'load'> <Ports = 0> <Width = 8> <Depth = 256> <ROM>

State 10 <SV = 9> <Delay = 6.56>
ST_10 : Operation 466 [1/1] (0.00ns)   --->   "%round_keys_163_loc_load = load i8 %round_keys_163_loc"   --->   Operation 466 'load' 'round_keys_163_loc_load' <Predicate = true> <Delay = 0.00>
ST_10 : Operation 467 [1/1] (0.00ns)   --->   "%round_keys_162_loc_load = load i8 %round_keys_162_loc"   --->   Operation 467 'load' 'round_keys_162_loc_load' <Predicate = true> <Delay = 0.00>
ST_10 : Operation 468 [1/1] (0.00ns)   --->   "%round_keys_161_loc_load = load i8 %round_keys_161_loc"   --->   Operation 468 'load' 'round_keys_161_loc_load' <Predicate = true> <Delay = 0.00>
ST_10 : Operation 469 [1/1] (0.00ns)   --->   "%round_keys_160_loc_load = load i8 %round_keys_160_loc"   --->   Operation 469 'load' 'round_keys_160_loc_load' <Predicate = true> <Delay = 0.00>
ST_10 : Operation 470 [1/1] (0.00ns)   --->   "%p_loc17_load = load i8 %p_loc17"   --->   Operation 470 'load' 'p_loc17_load' <Predicate = true> <Delay = 0.00>
ST_10 : Operation 471 [1/1] (0.00ns)   --->   "%p_loc22_load = load i8 %p_loc22"   --->   Operation 471 'load' 'p_loc22_load' <Predicate = true> <Delay = 0.00>
ST_10 : Operation 472 [1/1] (0.00ns)   --->   "%p_loc27_load = load i8 %p_loc27"   --->   Operation 472 'load' 'p_loc27_load' <Predicate = true> <Delay = 0.00>
ST_10 : Operation 473 [1/1] (0.00ns)   --->   "%p_loc28_load = load i8 %p_loc28"   --->   Operation 473 'load' 'p_loc28_load' <Predicate = true> <Delay = 0.00>
ST_10 : Operation 474 [1/1] (0.00ns)   --->   "%ciphertext_0_addr = getelementptr i8 %ciphertext_0, i64 0, i64 0" [src/aes128.cpp:146]   --->   Operation 474 'getelementptr' 'ciphertext_0_addr' <Predicate = true> <Delay = 0.00>
ST_10 : Operation 475 [1/2] (3.25ns)   --->   "%SBOX_load = load i8 %SBOX_addr_4" [src/aes128.cpp:87]   --->   Operation 475 'load' 'SBOX_load' <Predicate = true> <Delay = 3.25> <CoreInst = "ROM">   --->   Core 95 'ROM' <Latency = 1> <II = 1> <Delay = 3.25> <Storage> <Opcode : 'load'> <Ports = 0> <Width = 8> <Depth = 256> <ROM>
ST_10 : Operation 476 [1/1] (0.00ns)   --->   "%zext_ln87_3 = zext i8 %p_loc28_load" [src/aes128.cpp:87]   --->   Operation 476 'zext' 'zext_ln87_3' <Predicate = true> <Delay = 0.00>
ST_10 : Operation 477 [1/1] (0.00ns)   --->   "%SBOX_addr_7 = getelementptr i8 %SBOX, i64 0, i64 %zext_ln87_3" [src/aes128.cpp:87]   --->   Operation 477 'getelementptr' 'SBOX_addr_7' <Predicate = true> <Delay = 0.00>
ST_10 : Operation 478 [2/2] (3.25ns)   --->   "%SBOX_load_3 = load i8 %SBOX_addr_7" [src/aes128.cpp:87]   --->   Operation 478 'load' 'SBOX_load_3' <Predicate = true> <Delay = 3.25> <CoreInst = "ROM">   --->   Core 95 'ROM' <Latency = 1> <II = 1> <Delay = 3.25> <Storage> <Opcode : 'load'> <Ports = 0> <Width = 8> <Depth = 256> <ROM>
ST_10 : Operation 479 [1/1] (0.00ns)   --->   "%zext_ln87_4 = zext i8 %p_loc27_load" [src/aes128.cpp:87]   --->   Operation 479 'zext' 'zext_ln87_4' <Predicate = true> <Delay = 0.00>
ST_10 : Operation 480 [1/1] (0.00ns)   --->   "%SBOX_addr_8 = getelementptr i8 %SBOX, i64 0, i64 %zext_ln87_4" [src/aes128.cpp:87]   --->   Operation 480 'getelementptr' 'SBOX_addr_8' <Predicate = true> <Delay = 0.00>
ST_10 : Operation 481 [2/2] (3.25ns)   --->   "%SBOX_load_4 = load i8 %SBOX_addr_8" [src/aes128.cpp:87]   --->   Operation 481 'load' 'SBOX_load_4' <Predicate = true> <Delay = 3.25> <CoreInst = "ROM">   --->   Core 95 'ROM' <Latency = 1> <II = 1> <Delay = 3.25> <Storage> <Opcode : 'load'> <Ports = 0> <Width = 8> <Depth = 256> <ROM>
ST_10 : Operation 482 [1/2] (3.25ns)   --->   "%SBOX_load_5 = load i8 %SBOX_addr_9" [src/aes128.cpp:87]   --->   Operation 482 'load' 'SBOX_load_5' <Predicate = true> <Delay = 3.25> <CoreInst = "ROM">   --->   Core 95 'ROM' <Latency = 1> <II = 1> <Delay = 3.25> <Storage> <Opcode : 'load'> <Ports = 0> <Width = 8> <Depth = 256> <ROM>
ST_10 : Operation 483 [1/1] (0.00ns)   --->   "%zext_ln87_9 = zext i8 %p_loc22_load" [src/aes128.cpp:87]   --->   Operation 483 'zext' 'zext_ln87_9' <Predicate = true> <Delay = 0.00>
ST_10 : Operation 484 [1/1] (0.00ns)   --->   "%SBOX_addr_13 = getelementptr i8 %SBOX, i64 0, i64 %zext_ln87_9" [src/aes128.cpp:87]   --->   Operation 484 'getelementptr' 'SBOX_addr_13' <Predicate = true> <Delay = 0.00>
ST_10 : Operation 485 [2/2] (3.25ns)   --->   "%SBOX_load_9 = load i8 %SBOX_addr_13" [src/aes128.cpp:87]   --->   Operation 485 'load' 'SBOX_load_9' <Predicate = true> <Delay = 3.25> <CoreInst = "ROM">   --->   Core 95 'ROM' <Latency = 1> <II = 1> <Delay = 3.25> <Storage> <Opcode : 'load'> <Ports = 0> <Width = 8> <Depth = 256> <ROM>
ST_10 : Operation 486 [1/2] (3.25ns)   --->   "%SBOX_load_10 = load i8 %SBOX_addr_14" [src/aes128.cpp:87]   --->   Operation 486 'load' 'SBOX_load_10' <Predicate = true> <Delay = 3.25> <CoreInst = "ROM">   --->   Core 95 'ROM' <Latency = 1> <II = 1> <Delay = 3.25> <Storage> <Opcode : 'load'> <Ports = 0> <Width = 8> <Depth = 256> <ROM>
ST_10 : Operation 487 [1/1] (0.00ns)   --->   "%zext_ln87_14 = zext i8 %p_loc17_load" [src/aes128.cpp:87]   --->   Operation 487 'zext' 'zext_ln87_14' <Predicate = true> <Delay = 0.00>
ST_10 : Operation 488 [1/1] (0.00ns)   --->   "%SBOX_addr_18 = getelementptr i8 %SBOX, i64 0, i64 %zext_ln87_14" [src/aes128.cpp:87]   --->   Operation 488 'getelementptr' 'SBOX_addr_18' <Predicate = true> <Delay = 0.00>
ST_10 : Operation 489 [2/2] (3.25ns)   --->   "%SBOX_load_14 = load i8 %SBOX_addr_18" [src/aes128.cpp:87]   --->   Operation 489 'load' 'SBOX_load_14' <Predicate = true> <Delay = 3.25> <CoreInst = "ROM">   --->   Core 95 'ROM' <Latency = 1> <II = 1> <Delay = 3.25> <Storage> <Opcode : 'load'> <Ports = 0> <Width = 8> <Depth = 256> <ROM>
ST_10 : Operation 490 [1/2] (3.25ns)   --->   "%SBOX_load_15 = load i8 %SBOX_addr" [src/aes128.cpp:87]   --->   Operation 490 'load' 'SBOX_load_15' <Predicate = true> <Delay = 3.25> <CoreInst = "ROM">   --->   Core 95 'ROM' <Latency = 1> <II = 1> <Delay = 3.25> <Storage> <Opcode : 'load'> <Ports = 0> <Width = 8> <Depth = 256> <ROM>
ST_10 : Operation 491 [1/1] (0.99ns)   --->   "%state_28 = xor i8 %SBOX_load, i8 %round_keys_160_loc_load" [src/aes128.cpp:76]   --->   Operation 491 'xor' 'state_28' <Predicate = true> <Delay = 0.99> <CoreInst = "LogicGate">   --->   Core 74 'LogicGate' <Latency = 0> <II = 1> <Delay = 0.99> <FuncUnit> <Opcode : 'and' 'or' 'xor'> <InPorts = 2> <OutPorts = 1>
ST_10 : Operation 492 [1/1] (0.99ns)   --->   "%state_29 = xor i8 %SBOX_load_5, i8 %round_keys_161_loc_load" [src/aes128.cpp:76]   --->   Operation 492 'xor' 'state_29' <Predicate = true> <Delay = 0.99> <CoreInst = "LogicGate">   --->   Core 74 'LogicGate' <Latency = 0> <II = 1> <Delay = 0.99> <FuncUnit> <Opcode : 'and' 'or' 'xor'> <InPorts = 2> <OutPorts = 1>
ST_10 : Operation 493 [1/1] (0.99ns)   --->   "%state_30 = xor i8 %SBOX_load_10, i8 %round_keys_162_loc_load" [src/aes128.cpp:76]   --->   Operation 493 'xor' 'state_30' <Predicate = true> <Delay = 0.99> <CoreInst = "LogicGate">   --->   Core 74 'LogicGate' <Latency = 0> <II = 1> <Delay = 0.99> <FuncUnit> <Opcode : 'and' 'or' 'xor'> <InPorts = 2> <OutPorts = 1>
ST_10 : Operation 494 [1/1] (0.99ns)   --->   "%state_31 = xor i8 %SBOX_load_15, i8 %round_keys_163_loc_load" [src/aes128.cpp:76]   --->   Operation 494 'xor' 'state_31' <Predicate = true> <Delay = 0.99> <CoreInst = "LogicGate">   --->   Core 74 'LogicGate' <Latency = 0> <II = 1> <Delay = 0.99> <FuncUnit> <Opcode : 'and' 'or' 'xor'> <InPorts = 2> <OutPorts = 1>
ST_10 : Operation 495 [1/1] (2.32ns)   --->   "%store_ln181 = store i8 %state_28, i3 %ciphertext_0_addr" [src/aes128.cpp:181]   --->   Operation 495 'store' 'store_ln181' <Predicate = true> <Delay = 2.32> <CoreInst = "RAM">   --->   Core 82 'RAM' <Latency = 1> <II = 1> <Delay = 2.32> <Storage> <Opcode : 'load' 'store'> <Ports = 2> <Width = 8> <Depth = 8> <RAM>
ST_10 : Operation 496 [1/1] (0.00ns)   --->   "%ciphertext_1_addr = getelementptr i8 %ciphertext_1, i64 0, i64 0" [src/aes128.cpp:181]   --->   Operation 496 'getelementptr' 'ciphertext_1_addr' <Predicate = true> <Delay = 0.00>
ST_10 : Operation 497 [1/1] (2.32ns)   --->   "%store_ln181 = store i8 %state_29, i3 %ciphertext_1_addr" [src/aes128.cpp:181]   --->   Operation 497 'store' 'store_ln181' <Predicate = true> <Delay = 2.32> <CoreInst = "RAM">   --->   Core 82 'RAM' <Latency = 1> <II = 1> <Delay = 2.32> <Storage> <Opcode : 'load' 'store'> <Ports = 2> <Width = 8> <Depth = 8> <RAM>
ST_10 : Operation 498 [1/1] (0.00ns)   --->   "%ciphertext_0_addr_1 = getelementptr i8 %ciphertext_0, i64 0, i64 1" [src/aes128.cpp:181]   --->   Operation 498 'getelementptr' 'ciphertext_0_addr_1' <Predicate = true> <Delay = 0.00>
ST_10 : Operation 499 [1/1] (2.32ns)   --->   "%store_ln181 = store i8 %state_30, i3 %ciphertext_0_addr_1" [src/aes128.cpp:181]   --->   Operation 499 'store' 'store_ln181' <Predicate = true> <Delay = 2.32> <CoreInst = "RAM">   --->   Core 82 'RAM' <Latency = 1> <II = 1> <Delay = 2.32> <Storage> <Opcode : 'load' 'store'> <Ports = 2> <Width = 8> <Depth = 8> <RAM>
ST_10 : Operation 500 [1/1] (0.00ns)   --->   "%ciphertext_1_addr_1 = getelementptr i8 %ciphertext_1, i64 0, i64 1" [src/aes128.cpp:181]   --->   Operation 500 'getelementptr' 'ciphertext_1_addr_1' <Predicate = true> <Delay = 0.00>
ST_10 : Operation 501 [1/1] (2.32ns)   --->   "%store_ln181 = store i8 %state_31, i3 %ciphertext_1_addr_1" [src/aes128.cpp:181]   --->   Operation 501 'store' 'store_ln181' <Predicate = true> <Delay = 2.32> <CoreInst = "RAM">   --->   Core 82 'RAM' <Latency = 1> <II = 1> <Delay = 2.32> <Storage> <Opcode : 'load' 'store'> <Ports = 2> <Width = 8> <Depth = 8> <RAM>

State 11 <SV = 10> <Delay = 6.56>
ST_11 : Operation 502 [1/1] (0.00ns)   --->   "%round_keys_167_loc_load = load i8 %round_keys_167_loc"   --->   Operation 502 'load' 'round_keys_167_loc_load' <Predicate = true> <Delay = 0.00>
ST_11 : Operation 503 [1/1] (0.00ns)   --->   "%round_keys_166_loc_load = load i8 %round_keys_166_loc"   --->   Operation 503 'load' 'round_keys_166_loc_load' <Predicate = true> <Delay = 0.00>
ST_11 : Operation 504 [1/1] (0.00ns)   --->   "%round_keys_165_loc_load = load i8 %round_keys_165_loc"   --->   Operation 504 'load' 'round_keys_165_loc_load' <Predicate = true> <Delay = 0.00>
ST_11 : Operation 505 [1/1] (0.00ns)   --->   "%round_keys_164_loc_load = load i8 %round_keys_164_loc"   --->   Operation 505 'load' 'round_keys_164_loc_load' <Predicate = true> <Delay = 0.00>
ST_11 : Operation 506 [1/1] (0.00ns)   --->   "%p_loc18_load = load i8 %p_loc18"   --->   Operation 506 'load' 'p_loc18_load' <Predicate = true> <Delay = 0.00>
ST_11 : Operation 507 [1/1] (0.00ns)   --->   "%p_loc23_load = load i8 %p_loc23"   --->   Operation 507 'load' 'p_loc23_load' <Predicate = true> <Delay = 0.00>
ST_11 : Operation 508 [1/1] (0.00ns)   --->   "%p_loc24_load = load i8 %p_loc24"   --->   Operation 508 'load' 'p_loc24_load' <Predicate = true> <Delay = 0.00>
ST_11 : Operation 509 [1/1] (0.00ns)   --->   "%p_loc29_load = load i8 %p_loc29"   --->   Operation 509 'load' 'p_loc29_load' <Predicate = true> <Delay = 0.00>
ST_11 : Operation 510 [1/1] (0.00ns)   --->   "%zext_ln87_2 = zext i8 %p_loc29_load" [src/aes128.cpp:87]   --->   Operation 510 'zext' 'zext_ln87_2' <Predicate = true> <Delay = 0.00>
ST_11 : Operation 511 [1/1] (0.00ns)   --->   "%SBOX_addr_6 = getelementptr i8 %SBOX, i64 0, i64 %zext_ln87_2" [src/aes128.cpp:87]   --->   Operation 511 'getelementptr' 'SBOX_addr_6' <Predicate = true> <Delay = 0.00>
ST_11 : Operation 512 [2/2] (3.25ns)   --->   "%SBOX_load_2 = load i8 %SBOX_addr_6" [src/aes128.cpp:87]   --->   Operation 512 'load' 'SBOX_load_2' <Predicate = true> <Delay = 3.25> <CoreInst = "ROM">   --->   Core 95 'ROM' <Latency = 1> <II = 1> <Delay = 3.25> <Storage> <Opcode : 'load'> <Ports = 0> <Width = 8> <Depth = 256> <ROM>
ST_11 : Operation 513 [1/2] (3.25ns)   --->   "%SBOX_load_3 = load i8 %SBOX_addr_7" [src/aes128.cpp:87]   --->   Operation 513 'load' 'SBOX_load_3' <Predicate = true> <Delay = 3.25> <CoreInst = "ROM">   --->   Core 95 'ROM' <Latency = 1> <II = 1> <Delay = 3.25> <Storage> <Opcode : 'load'> <Ports = 0> <Width = 8> <Depth = 256> <ROM>
ST_11 : Operation 514 [1/2] (3.25ns)   --->   "%SBOX_load_4 = load i8 %SBOX_addr_8" [src/aes128.cpp:87]   --->   Operation 514 'load' 'SBOX_load_4' <Predicate = true> <Delay = 3.25> <CoreInst = "ROM">   --->   Core 95 'ROM' <Latency = 1> <II = 1> <Delay = 3.25> <Storage> <Opcode : 'load'> <Ports = 0> <Width = 8> <Depth = 256> <ROM>
ST_11 : Operation 515 [1/1] (0.00ns)   --->   "%zext_ln87_7 = zext i8 %p_loc24_load" [src/aes128.cpp:87]   --->   Operation 515 'zext' 'zext_ln87_7' <Predicate = true> <Delay = 0.00>
ST_11 : Operation 516 [1/1] (0.00ns)   --->   "%SBOX_addr_11 = getelementptr i8 %SBOX, i64 0, i64 %zext_ln87_7" [src/aes128.cpp:87]   --->   Operation 516 'getelementptr' 'SBOX_addr_11' <Predicate = true> <Delay = 0.00>
ST_11 : Operation 517 [2/2] (3.25ns)   --->   "%SBOX_load_7 = load i8 %SBOX_addr_11" [src/aes128.cpp:87]   --->   Operation 517 'load' 'SBOX_load_7' <Predicate = true> <Delay = 3.25> <CoreInst = "ROM">   --->   Core 95 'ROM' <Latency = 1> <II = 1> <Delay = 3.25> <Storage> <Opcode : 'load'> <Ports = 0> <Width = 8> <Depth = 256> <ROM>
ST_11 : Operation 518 [1/1] (0.00ns)   --->   "%zext_ln87_8 = zext i8 %p_loc23_load" [src/aes128.cpp:87]   --->   Operation 518 'zext' 'zext_ln87_8' <Predicate = true> <Delay = 0.00>
ST_11 : Operation 519 [1/1] (0.00ns)   --->   "%SBOX_addr_12 = getelementptr i8 %SBOX, i64 0, i64 %zext_ln87_8" [src/aes128.cpp:87]   --->   Operation 519 'getelementptr' 'SBOX_addr_12' <Predicate = true> <Delay = 0.00>
ST_11 : Operation 520 [2/2] (3.25ns)   --->   "%SBOX_load_8 = load i8 %SBOX_addr_12" [src/aes128.cpp:87]   --->   Operation 520 'load' 'SBOX_load_8' <Predicate = true> <Delay = 3.25> <CoreInst = "ROM">   --->   Core 95 'ROM' <Latency = 1> <II = 1> <Delay = 3.25> <Storage> <Opcode : 'load'> <Ports = 0> <Width = 8> <Depth = 256> <ROM>
ST_11 : Operation 521 [1/2] (3.25ns)   --->   "%SBOX_load_9 = load i8 %SBOX_addr_13" [src/aes128.cpp:87]   --->   Operation 521 'load' 'SBOX_load_9' <Predicate = true> <Delay = 3.25> <CoreInst = "ROM">   --->   Core 95 'ROM' <Latency = 1> <II = 1> <Delay = 3.25> <Storage> <Opcode : 'load'> <Ports = 0> <Width = 8> <Depth = 256> <ROM>
ST_11 : Operation 522 [1/1] (0.00ns)   --->   "%zext_ln87_13 = zext i8 %p_loc18_load" [src/aes128.cpp:87]   --->   Operation 522 'zext' 'zext_ln87_13' <Predicate = true> <Delay = 0.00>
ST_11 : Operation 523 [1/1] (0.00ns)   --->   "%SBOX_addr_17 = getelementptr i8 %SBOX, i64 0, i64 %zext_ln87_13" [src/aes128.cpp:87]   --->   Operation 523 'getelementptr' 'SBOX_addr_17' <Predicate = true> <Delay = 0.00>
ST_11 : Operation 524 [2/2] (3.25ns)   --->   "%SBOX_load_13 = load i8 %SBOX_addr_17" [src/aes128.cpp:87]   --->   Operation 524 'load' 'SBOX_load_13' <Predicate = true> <Delay = 3.25> <CoreInst = "ROM">   --->   Core 95 'ROM' <Latency = 1> <II = 1> <Delay = 3.25> <Storage> <Opcode : 'load'> <Ports = 0> <Width = 8> <Depth = 256> <ROM>
ST_11 : Operation 525 [1/2] (3.25ns)   --->   "%SBOX_load_14 = load i8 %SBOX_addr_18" [src/aes128.cpp:87]   --->   Operation 525 'load' 'SBOX_load_14' <Predicate = true> <Delay = 3.25> <CoreInst = "ROM">   --->   Core 95 'ROM' <Latency = 1> <II = 1> <Delay = 3.25> <Storage> <Opcode : 'load'> <Ports = 0> <Width = 8> <Depth = 256> <ROM>
ST_11 : Operation 526 [1/1] (0.99ns)   --->   "%state_32 = xor i8 %SBOX_load_4, i8 %round_keys_164_loc_load" [src/aes128.cpp:76]   --->   Operation 526 'xor' 'state_32' <Predicate = true> <Delay = 0.99> <CoreInst = "LogicGate">   --->   Core 74 'LogicGate' <Latency = 0> <II = 1> <Delay = 0.99> <FuncUnit> <Opcode : 'and' 'or' 'xor'> <InPorts = 2> <OutPorts = 1>
ST_11 : Operation 527 [1/1] (0.99ns)   --->   "%state_33 = xor i8 %SBOX_load_9, i8 %round_keys_165_loc_load" [src/aes128.cpp:76]   --->   Operation 527 'xor' 'state_33' <Predicate = true> <Delay = 0.99> <CoreInst = "LogicGate">   --->   Core 74 'LogicGate' <Latency = 0> <II = 1> <Delay = 0.99> <FuncUnit> <Opcode : 'and' 'or' 'xor'> <InPorts = 2> <OutPorts = 1>
ST_11 : Operation 528 [1/1] (0.99ns)   --->   "%state_34 = xor i8 %SBOX_load_14, i8 %round_keys_166_loc_load" [src/aes128.cpp:76]   --->   Operation 528 'xor' 'state_34' <Predicate = true> <Delay = 0.99> <CoreInst = "LogicGate">   --->   Core 74 'LogicGate' <Latency = 0> <II = 1> <Delay = 0.99> <FuncUnit> <Opcode : 'and' 'or' 'xor'> <InPorts = 2> <OutPorts = 1>
ST_11 : Operation 529 [1/1] (0.99ns)   --->   "%state_35 = xor i8 %SBOX_load_3, i8 %round_keys_167_loc_load" [src/aes128.cpp:76]   --->   Operation 529 'xor' 'state_35' <Predicate = true> <Delay = 0.99> <CoreInst = "LogicGate">   --->   Core 74 'LogicGate' <Latency = 0> <II = 1> <Delay = 0.99> <FuncUnit> <Opcode : 'and' 'or' 'xor'> <InPorts = 2> <OutPorts = 1>
ST_11 : Operation 530 [1/1] (0.00ns)   --->   "%ciphertext_0_addr_2 = getelementptr i8 %ciphertext_0, i64 0, i64 2" [src/aes128.cpp:181]   --->   Operation 530 'getelementptr' 'ciphertext_0_addr_2' <Predicate = true> <Delay = 0.00>
ST_11 : Operation 531 [1/1] (2.32ns)   --->   "%store_ln181 = store i8 %state_32, i3 %ciphertext_0_addr_2" [src/aes128.cpp:181]   --->   Operation 531 'store' 'store_ln181' <Predicate = true> <Delay = 2.32> <CoreInst = "RAM">   --->   Core 82 'RAM' <Latency = 1> <II = 1> <Delay = 2.32> <Storage> <Opcode : 'load' 'store'> <Ports = 2> <Width = 8> <Depth = 8> <RAM>
ST_11 : Operation 532 [1/1] (0.00ns)   --->   "%ciphertext_1_addr_2 = getelementptr i8 %ciphertext_1, i64 0, i64 2" [src/aes128.cpp:181]   --->   Operation 532 'getelementptr' 'ciphertext_1_addr_2' <Predicate = true> <Delay = 0.00>
ST_11 : Operation 533 [1/1] (2.32ns)   --->   "%store_ln181 = store i8 %state_33, i3 %ciphertext_1_addr_2" [src/aes128.cpp:181]   --->   Operation 533 'store' 'store_ln181' <Predicate = true> <Delay = 2.32> <CoreInst = "RAM">   --->   Core 82 'RAM' <Latency = 1> <II = 1> <Delay = 2.32> <Storage> <Opcode : 'load' 'store'> <Ports = 2> <Width = 8> <Depth = 8> <RAM>
ST_11 : Operation 534 [1/1] (0.00ns)   --->   "%ciphertext_0_addr_3 = getelementptr i8 %ciphertext_0, i64 0, i64 3" [src/aes128.cpp:181]   --->   Operation 534 'getelementptr' 'ciphertext_0_addr_3' <Predicate = true> <Delay = 0.00>
ST_11 : Operation 535 [1/1] (2.32ns)   --->   "%store_ln181 = store i8 %state_34, i3 %ciphertext_0_addr_3" [src/aes128.cpp:181]   --->   Operation 535 'store' 'store_ln181' <Predicate = true> <Delay = 2.32> <CoreInst = "RAM">   --->   Core 82 'RAM' <Latency = 1> <II = 1> <Delay = 2.32> <Storage> <Opcode : 'load' 'store'> <Ports = 2> <Width = 8> <Depth = 8> <RAM>
ST_11 : Operation 536 [1/1] (0.00ns)   --->   "%ciphertext_1_addr_3 = getelementptr i8 %ciphertext_1, i64 0, i64 3" [src/aes128.cpp:181]   --->   Operation 536 'getelementptr' 'ciphertext_1_addr_3' <Predicate = true> <Delay = 0.00>
ST_11 : Operation 537 [1/1] (2.32ns)   --->   "%store_ln181 = store i8 %state_35, i3 %ciphertext_1_addr_3" [src/aes128.cpp:181]   --->   Operation 537 'store' 'store_ln181' <Predicate = true> <Delay = 2.32> <CoreInst = "RAM">   --->   Core 82 'RAM' <Latency = 1> <II = 1> <Delay = 2.32> <Storage> <Opcode : 'load' 'store'> <Ports = 2> <Width = 8> <Depth = 8> <RAM>

State 12 <SV = 11> <Delay = 6.56>
ST_12 : Operation 538 [1/1] (0.00ns)   --->   "%round_keys_171_loc_load = load i8 %round_keys_171_loc"   --->   Operation 538 'load' 'round_keys_171_loc_load' <Predicate = true> <Delay = 0.00>
ST_12 : Operation 539 [1/1] (0.00ns)   --->   "%round_keys_170_loc_load = load i8 %round_keys_170_loc"   --->   Operation 539 'load' 'round_keys_170_loc_load' <Predicate = true> <Delay = 0.00>
ST_12 : Operation 540 [1/1] (0.00ns)   --->   "%round_keys_169_loc_load = load i8 %round_keys_169_loc"   --->   Operation 540 'load' 'round_keys_169_loc_load' <Predicate = true> <Delay = 0.00>
ST_12 : Operation 541 [1/1] (0.00ns)   --->   "%round_keys_168_loc_load = load i8 %round_keys_168_loc"   --->   Operation 541 'load' 'round_keys_168_loc_load' <Predicate = true> <Delay = 0.00>
ST_12 : Operation 542 [1/1] (0.00ns)   --->   "%p_loc19_load = load i8 %p_loc19"   --->   Operation 542 'load' 'p_loc19_load' <Predicate = true> <Delay = 0.00>
ST_12 : Operation 543 [1/1] (0.00ns)   --->   "%p_loc20_load = load i8 %p_loc20"   --->   Operation 543 'load' 'p_loc20_load' <Predicate = true> <Delay = 0.00>
ST_12 : Operation 544 [1/1] (0.00ns)   --->   "%p_loc25_load = load i8 %p_loc25"   --->   Operation 544 'load' 'p_loc25_load' <Predicate = true> <Delay = 0.00>
ST_12 : Operation 545 [1/1] (0.00ns)   --->   "%p_loc30_load = load i8 %p_loc30"   --->   Operation 545 'load' 'p_loc30_load' <Predicate = true> <Delay = 0.00>
ST_12 : Operation 546 [1/1] (0.00ns)   --->   "%zext_ln87_1 = zext i8 %p_loc30_load" [src/aes128.cpp:87]   --->   Operation 546 'zext' 'zext_ln87_1' <Predicate = true> <Delay = 0.00>
ST_12 : Operation 547 [1/1] (0.00ns)   --->   "%SBOX_addr_5 = getelementptr i8 %SBOX, i64 0, i64 %zext_ln87_1" [src/aes128.cpp:87]   --->   Operation 547 'getelementptr' 'SBOX_addr_5' <Predicate = true> <Delay = 0.00>
ST_12 : Operation 548 [2/2] (3.25ns)   --->   "%state_25 = load i8 %SBOX_addr_5" [src/aes128.cpp:87]   --->   Operation 548 'load' 'state_25' <Predicate = true> <Delay = 3.25> <CoreInst = "ROM">   --->   Core 95 'ROM' <Latency = 1> <II = 1> <Delay = 3.25> <Storage> <Opcode : 'load'> <Ports = 0> <Width = 8> <Depth = 256> <ROM>
ST_12 : Operation 549 [1/2] (3.25ns)   --->   "%SBOX_load_2 = load i8 %SBOX_addr_6" [src/aes128.cpp:87]   --->   Operation 549 'load' 'SBOX_load_2' <Predicate = true> <Delay = 3.25> <CoreInst = "ROM">   --->   Core 95 'ROM' <Latency = 1> <II = 1> <Delay = 3.25> <Storage> <Opcode : 'load'> <Ports = 0> <Width = 8> <Depth = 256> <ROM>
ST_12 : Operation 550 [1/1] (0.00ns)   --->   "%zext_ln87_6 = zext i8 %p_loc25_load" [src/aes128.cpp:87]   --->   Operation 550 'zext' 'zext_ln87_6' <Predicate = true> <Delay = 0.00>
ST_12 : Operation 551 [1/1] (0.00ns)   --->   "%SBOX_addr_10 = getelementptr i8 %SBOX, i64 0, i64 %zext_ln87_6" [src/aes128.cpp:87]   --->   Operation 551 'getelementptr' 'SBOX_addr_10' <Predicate = true> <Delay = 0.00>
ST_12 : Operation 552 [2/2] (3.25ns)   --->   "%state_26 = load i8 %SBOX_addr_10" [src/aes128.cpp:87]   --->   Operation 552 'load' 'state_26' <Predicate = true> <Delay = 3.25> <CoreInst = "ROM">   --->   Core 95 'ROM' <Latency = 1> <II = 1> <Delay = 3.25> <Storage> <Opcode : 'load'> <Ports = 0> <Width = 8> <Depth = 256> <ROM>
ST_12 : Operation 553 [1/2] (3.25ns)   --->   "%SBOX_load_7 = load i8 %SBOX_addr_11" [src/aes128.cpp:87]   --->   Operation 553 'load' 'SBOX_load_7' <Predicate = true> <Delay = 3.25> <CoreInst = "ROM">   --->   Core 95 'ROM' <Latency = 1> <II = 1> <Delay = 3.25> <Storage> <Opcode : 'load'> <Ports = 0> <Width = 8> <Depth = 256> <ROM>
ST_12 : Operation 554 [1/2] (3.25ns)   --->   "%SBOX_load_8 = load i8 %SBOX_addr_12" [src/aes128.cpp:87]   --->   Operation 554 'load' 'SBOX_load_8' <Predicate = true> <Delay = 3.25> <CoreInst = "ROM">   --->   Core 95 'ROM' <Latency = 1> <II = 1> <Delay = 3.25> <Storage> <Opcode : 'load'> <Ports = 0> <Width = 8> <Depth = 256> <ROM>
ST_12 : Operation 555 [1/1] (0.00ns)   --->   "%zext_ln87_11 = zext i8 %p_loc20_load" [src/aes128.cpp:87]   --->   Operation 555 'zext' 'zext_ln87_11' <Predicate = true> <Delay = 0.00>
ST_12 : Operation 556 [1/1] (0.00ns)   --->   "%SBOX_addr_15 = getelementptr i8 %SBOX, i64 0, i64 %zext_ln87_11" [src/aes128.cpp:87]   --->   Operation 556 'getelementptr' 'SBOX_addr_15' <Predicate = true> <Delay = 0.00>
ST_12 : Operation 557 [2/2] (3.25ns)   --->   "%state_27 = load i8 %SBOX_addr_15" [src/aes128.cpp:87]   --->   Operation 557 'load' 'state_27' <Predicate = true> <Delay = 3.25> <CoreInst = "ROM">   --->   Core 95 'ROM' <Latency = 1> <II = 1> <Delay = 3.25> <Storage> <Opcode : 'load'> <Ports = 0> <Width = 8> <Depth = 256> <ROM>
ST_12 : Operation 558 [1/1] (0.00ns)   --->   "%zext_ln87_12 = zext i8 %p_loc19_load" [src/aes128.cpp:87]   --->   Operation 558 'zext' 'zext_ln87_12' <Predicate = true> <Delay = 0.00>
ST_12 : Operation 559 [1/1] (0.00ns)   --->   "%SBOX_addr_16 = getelementptr i8 %SBOX, i64 0, i64 %zext_ln87_12" [src/aes128.cpp:87]   --->   Operation 559 'getelementptr' 'SBOX_addr_16' <Predicate = true> <Delay = 0.00>
ST_12 : Operation 560 [2/2] (3.25ns)   --->   "%state_24 = load i8 %SBOX_addr_16" [src/aes128.cpp:87]   --->   Operation 560 'load' 'state_24' <Predicate = true> <Delay = 3.25> <CoreInst = "ROM">   --->   Core 95 'ROM' <Latency = 1> <II = 1> <Delay = 3.25> <Storage> <Opcode : 'load'> <Ports = 0> <Width = 8> <Depth = 256> <ROM>
ST_12 : Operation 561 [1/2] (3.25ns)   --->   "%SBOX_load_13 = load i8 %SBOX_addr_17" [src/aes128.cpp:87]   --->   Operation 561 'load' 'SBOX_load_13' <Predicate = true> <Delay = 3.25> <CoreInst = "ROM">   --->   Core 95 'ROM' <Latency = 1> <II = 1> <Delay = 3.25> <Storage> <Opcode : 'load'> <Ports = 0> <Width = 8> <Depth = 256> <ROM>
ST_12 : Operation 562 [1/1] (0.99ns)   --->   "%state_36 = xor i8 %SBOX_load_8, i8 %round_keys_168_loc_load" [src/aes128.cpp:76]   --->   Operation 562 'xor' 'state_36' <Predicate = true> <Delay = 0.99> <CoreInst = "LogicGate">   --->   Core 74 'LogicGate' <Latency = 0> <II = 1> <Delay = 0.99> <FuncUnit> <Opcode : 'and' 'or' 'xor'> <InPorts = 2> <OutPorts = 1>
ST_12 : Operation 563 [1/1] (0.99ns)   --->   "%state_37 = xor i8 %SBOX_load_13, i8 %round_keys_169_loc_load" [src/aes128.cpp:76]   --->   Operation 563 'xor' 'state_37' <Predicate = true> <Delay = 0.99> <CoreInst = "LogicGate">   --->   Core 74 'LogicGate' <Latency = 0> <II = 1> <Delay = 0.99> <FuncUnit> <Opcode : 'and' 'or' 'xor'> <InPorts = 2> <OutPorts = 1>
ST_12 : Operation 564 [1/1] (0.99ns)   --->   "%state_38 = xor i8 %SBOX_load_2, i8 %round_keys_170_loc_load" [src/aes128.cpp:76]   --->   Operation 564 'xor' 'state_38' <Predicate = true> <Delay = 0.99> <CoreInst = "LogicGate">   --->   Core 74 'LogicGate' <Latency = 0> <II = 1> <Delay = 0.99> <FuncUnit> <Opcode : 'and' 'or' 'xor'> <InPorts = 2> <OutPorts = 1>
ST_12 : Operation 565 [1/1] (0.99ns)   --->   "%state_39 = xor i8 %SBOX_load_7, i8 %round_keys_171_loc_load" [src/aes128.cpp:76]   --->   Operation 565 'xor' 'state_39' <Predicate = true> <Delay = 0.99> <CoreInst = "LogicGate">   --->   Core 74 'LogicGate' <Latency = 0> <II = 1> <Delay = 0.99> <FuncUnit> <Opcode : 'and' 'or' 'xor'> <InPorts = 2> <OutPorts = 1>
ST_12 : Operation 566 [1/1] (0.00ns)   --->   "%ciphertext_0_addr_4 = getelementptr i8 %ciphertext_0, i64 0, i64 4" [src/aes128.cpp:181]   --->   Operation 566 'getelementptr' 'ciphertext_0_addr_4' <Predicate = true> <Delay = 0.00>
ST_12 : Operation 567 [1/1] (2.32ns)   --->   "%store_ln181 = store i8 %state_36, i3 %ciphertext_0_addr_4" [src/aes128.cpp:181]   --->   Operation 567 'store' 'store_ln181' <Predicate = true> <Delay = 2.32> <CoreInst = "RAM">   --->   Core 82 'RAM' <Latency = 1> <II = 1> <Delay = 2.32> <Storage> <Opcode : 'load' 'store'> <Ports = 2> <Width = 8> <Depth = 8> <RAM>
ST_12 : Operation 568 [1/1] (0.00ns)   --->   "%ciphertext_1_addr_4 = getelementptr i8 %ciphertext_1, i64 0, i64 4" [src/aes128.cpp:181]   --->   Operation 568 'getelementptr' 'ciphertext_1_addr_4' <Predicate = true> <Delay = 0.00>
ST_12 : Operation 569 [1/1] (2.32ns)   --->   "%store_ln181 = store i8 %state_37, i3 %ciphertext_1_addr_4" [src/aes128.cpp:181]   --->   Operation 569 'store' 'store_ln181' <Predicate = true> <Delay = 2.32> <CoreInst = "RAM">   --->   Core 82 'RAM' <Latency = 1> <II = 1> <Delay = 2.32> <Storage> <Opcode : 'load' 'store'> <Ports = 2> <Width = 8> <Depth = 8> <RAM>
ST_12 : Operation 570 [1/1] (0.00ns)   --->   "%ciphertext_0_addr_5 = getelementptr i8 %ciphertext_0, i64 0, i64 5" [src/aes128.cpp:181]   --->   Operation 570 'getelementptr' 'ciphertext_0_addr_5' <Predicate = true> <Delay = 0.00>
ST_12 : Operation 571 [1/1] (2.32ns)   --->   "%store_ln181 = store i8 %state_38, i3 %ciphertext_0_addr_5" [src/aes128.cpp:181]   --->   Operation 571 'store' 'store_ln181' <Predicate = true> <Delay = 2.32> <CoreInst = "RAM">   --->   Core 82 'RAM' <Latency = 1> <II = 1> <Delay = 2.32> <Storage> <Opcode : 'load' 'store'> <Ports = 2> <Width = 8> <Depth = 8> <RAM>
ST_12 : Operation 572 [1/1] (0.00ns)   --->   "%ciphertext_1_addr_5 = getelementptr i8 %ciphertext_1, i64 0, i64 5" [src/aes128.cpp:181]   --->   Operation 572 'getelementptr' 'ciphertext_1_addr_5' <Predicate = true> <Delay = 0.00>
ST_12 : Operation 573 [1/1] (2.32ns)   --->   "%store_ln181 = store i8 %state_39, i3 %ciphertext_1_addr_5" [src/aes128.cpp:181]   --->   Operation 573 'store' 'store_ln181' <Predicate = true> <Delay = 2.32> <CoreInst = "RAM">   --->   Core 82 'RAM' <Latency = 1> <II = 1> <Delay = 2.32> <Storage> <Opcode : 'load' 'store'> <Ports = 2> <Width = 8> <Depth = 8> <RAM>

State 13 <SV = 12> <Delay = 6.56>
ST_13 : Operation 574 [1/1] (0.00ns)   --->   "%round_keys_175_loc_load = load i8 %round_keys_175_loc"   --->   Operation 574 'load' 'round_keys_175_loc_load' <Predicate = true> <Delay = 0.00>
ST_13 : Operation 575 [1/1] (0.00ns)   --->   "%round_keys_174_loc_load = load i8 %round_keys_174_loc"   --->   Operation 575 'load' 'round_keys_174_loc_load' <Predicate = true> <Delay = 0.00>
ST_13 : Operation 576 [1/1] (0.00ns)   --->   "%round_keys_173_loc_load = load i8 %round_keys_173_loc"   --->   Operation 576 'load' 'round_keys_173_loc_load' <Predicate = true> <Delay = 0.00>
ST_13 : Operation 577 [1/1] (0.00ns)   --->   "%round_keys_172_loc_load = load i8 %round_keys_172_loc"   --->   Operation 577 'load' 'round_keys_172_loc_load' <Predicate = true> <Delay = 0.00>
ST_13 : Operation 578 [1/2] (3.25ns)   --->   "%state_25 = load i8 %SBOX_addr_5" [src/aes128.cpp:87]   --->   Operation 578 'load' 'state_25' <Predicate = true> <Delay = 3.25> <CoreInst = "ROM">   --->   Core 95 'ROM' <Latency = 1> <II = 1> <Delay = 3.25> <Storage> <Opcode : 'load'> <Ports = 0> <Width = 8> <Depth = 256> <ROM>
ST_13 : Operation 579 [1/2] (3.25ns)   --->   "%state_26 = load i8 %SBOX_addr_10" [src/aes128.cpp:87]   --->   Operation 579 'load' 'state_26' <Predicate = true> <Delay = 3.25> <CoreInst = "ROM">   --->   Core 95 'ROM' <Latency = 1> <II = 1> <Delay = 3.25> <Storage> <Opcode : 'load'> <Ports = 0> <Width = 8> <Depth = 256> <ROM>
ST_13 : Operation 580 [1/2] (3.25ns)   --->   "%state_27 = load i8 %SBOX_addr_15" [src/aes128.cpp:87]   --->   Operation 580 'load' 'state_27' <Predicate = true> <Delay = 3.25> <CoreInst = "ROM">   --->   Core 95 'ROM' <Latency = 1> <II = 1> <Delay = 3.25> <Storage> <Opcode : 'load'> <Ports = 0> <Width = 8> <Depth = 256> <ROM>
ST_13 : Operation 581 [1/2] (3.25ns)   --->   "%state_24 = load i8 %SBOX_addr_16" [src/aes128.cpp:87]   --->   Operation 581 'load' 'state_24' <Predicate = true> <Delay = 3.25> <CoreInst = "ROM">   --->   Core 95 'ROM' <Latency = 1> <II = 1> <Delay = 3.25> <Storage> <Opcode : 'load'> <Ports = 0> <Width = 8> <Depth = 256> <ROM>
ST_13 : Operation 582 [1/1] (0.99ns)   --->   "%state_40 = xor i8 %state_24, i8 %round_keys_172_loc_load" [src/aes128.cpp:76]   --->   Operation 582 'xor' 'state_40' <Predicate = true> <Delay = 0.99> <CoreInst = "LogicGate">   --->   Core 74 'LogicGate' <Latency = 0> <II = 1> <Delay = 0.99> <FuncUnit> <Opcode : 'and' 'or' 'xor'> <InPorts = 2> <OutPorts = 1>
ST_13 : Operation 583 [1/1] (0.99ns)   --->   "%state_41 = xor i8 %state_25, i8 %round_keys_173_loc_load" [src/aes128.cpp:76]   --->   Operation 583 'xor' 'state_41' <Predicate = true> <Delay = 0.99> <CoreInst = "LogicGate">   --->   Core 74 'LogicGate' <Latency = 0> <II = 1> <Delay = 0.99> <FuncUnit> <Opcode : 'and' 'or' 'xor'> <InPorts = 2> <OutPorts = 1>
ST_13 : Operation 584 [1/1] (0.99ns)   --->   "%state_42 = xor i8 %state_26, i8 %round_keys_174_loc_load" [src/aes128.cpp:76]   --->   Operation 584 'xor' 'state_42' <Predicate = true> <Delay = 0.99> <CoreInst = "LogicGate">   --->   Core 74 'LogicGate' <Latency = 0> <II = 1> <Delay = 0.99> <FuncUnit> <Opcode : 'and' 'or' 'xor'> <InPorts = 2> <OutPorts = 1>
ST_13 : Operation 585 [1/1] (0.99ns)   --->   "%state_43 = xor i8 %state_27, i8 %round_keys_175_loc_load" [src/aes128.cpp:76]   --->   Operation 585 'xor' 'state_43' <Predicate = true> <Delay = 0.99> <CoreInst = "LogicGate">   --->   Core 74 'LogicGate' <Latency = 0> <II = 1> <Delay = 0.99> <FuncUnit> <Opcode : 'and' 'or' 'xor'> <InPorts = 2> <OutPorts = 1>
ST_13 : Operation 586 [1/1] (0.00ns)   --->   "%ciphertext_0_addr_6 = getelementptr i8 %ciphertext_0, i64 0, i64 6" [src/aes128.cpp:181]   --->   Operation 586 'getelementptr' 'ciphertext_0_addr_6' <Predicate = true> <Delay = 0.00>
ST_13 : Operation 587 [1/1] (2.32ns)   --->   "%store_ln181 = store i8 %state_40, i3 %ciphertext_0_addr_6" [src/aes128.cpp:181]   --->   Operation 587 'store' 'store_ln181' <Predicate = true> <Delay = 2.32> <CoreInst = "RAM">   --->   Core 82 'RAM' <Latency = 1> <II = 1> <Delay = 2.32> <Storage> <Opcode : 'load' 'store'> <Ports = 2> <Width = 8> <Depth = 8> <RAM>
ST_13 : Operation 588 [1/1] (0.00ns)   --->   "%ciphertext_1_addr_6 = getelementptr i8 %ciphertext_1, i64 0, i64 6" [src/aes128.cpp:181]   --->   Operation 588 'getelementptr' 'ciphertext_1_addr_6' <Predicate = true> <Delay = 0.00>
ST_13 : Operation 589 [1/1] (2.32ns)   --->   "%store_ln181 = store i8 %state_41, i3 %ciphertext_1_addr_6" [src/aes128.cpp:181]   --->   Operation 589 'store' 'store_ln181' <Predicate = true> <Delay = 2.32> <CoreInst = "RAM">   --->   Core 82 'RAM' <Latency = 1> <II = 1> <Delay = 2.32> <Storage> <Opcode : 'load' 'store'> <Ports = 2> <Width = 8> <Depth = 8> <RAM>
ST_13 : Operation 590 [1/1] (0.00ns)   --->   "%ciphertext_0_addr_7 = getelementptr i8 %ciphertext_0, i64 0, i64 7" [src/aes128.cpp:181]   --->   Operation 590 'getelementptr' 'ciphertext_0_addr_7' <Predicate = true> <Delay = 0.00>
ST_13 : Operation 591 [1/1] (2.32ns)   --->   "%store_ln181 = store i8 %state_42, i3 %ciphertext_0_addr_7" [src/aes128.cpp:181]   --->   Operation 591 'store' 'store_ln181' <Predicate = true> <Delay = 2.32> <CoreInst = "RAM">   --->   Core 82 'RAM' <Latency = 1> <II = 1> <Delay = 2.32> <Storage> <Opcode : 'load' 'store'> <Ports = 2> <Width = 8> <Depth = 8> <RAM>
ST_13 : Operation 592 [1/1] (0.00ns)   --->   "%ciphertext_1_addr_7 = getelementptr i8 %ciphertext_1, i64 0, i64 7" [src/aes128.cpp:181]   --->   Operation 592 'getelementptr' 'ciphertext_1_addr_7' <Predicate = true> <Delay = 0.00>
ST_13 : Operation 593 [1/1] (2.32ns)   --->   "%store_ln181 = store i8 %state_43, i3 %ciphertext_1_addr_7" [src/aes128.cpp:181]   --->   Operation 593 'store' 'store_ln181' <Predicate = true> <Delay = 2.32> <CoreInst = "RAM">   --->   Core 82 'RAM' <Latency = 1> <II = 1> <Delay = 2.32> <Storage> <Opcode : 'load' 'store'> <Ports = 2> <Width = 8> <Depth = 8> <RAM>
ST_13 : Operation 594 [1/1] (0.00ns)   --->   "%ret_ln183 = ret" [src/aes128.cpp:183]   --->   Operation 594 'ret' 'ret_ln183' <Predicate = true> <Delay = 0.00>


============================================================
+ Verbose Summary: Binding
============================================================
STG Binding: 
---------------- STG Properties BEGIN ----------------
- Is combinational: 0
- Is one-state seq: 0
- Is datapath-only: 0
- Is pipelined: 0
- Is top level: 0
Port [ Return ] is wired: 1; IO mode=ap_ctrl_hs:ce=0
Port [ plaintext_0]:  wired=1; compound=1; hidden=0; nouse=0; global=0; static=0; extern=0; dir=0; type=1; pingpong=0; private_global=0; MemPort=[11]; IO mode=ap_memory:ce=0
Port [ plaintext_1]:  wired=1; compound=1; hidden=0; nouse=0; global=0; static=0; extern=0; dir=0; type=1; pingpong=0; private_global=0; MemPort=[11]; IO mode=ap_memory:ce=0
Port [ key_0]:  wired=1; compound=1; hidden=0; nouse=0; global=0; static=0; extern=0; dir=0; type=1; pingpong=0; private_global=0; MemPort=[11]; IO mode=ap_memory:ce=0
Port [ key_1]:  wired=1; compound=1; hidden=0; nouse=0; global=0; static=0; extern=0; dir=0; type=1; pingpong=0; private_global=0; MemPort=[11]; IO mode=ap_memory:ce=0
Port [ ciphertext_0]:  wired=1; compound=1; hidden=0; nouse=0; global=0; static=0; extern=0; dir=1; type=1; pingpong=0; private_global=0; MemPort=[00]; IO mode=ap_memory:ce=0
Port [ ciphertext_1]:  wired=1; compound=1; hidden=0; nouse=0; global=0; static=0; extern=0; dir=1; type=1; pingpong=0; private_global=0; MemPort=[00]; IO mode=ap_memory:ce=0
Port [ SBOX]:  wired=0; compound=1; hidden=1; nouse=0; global=1; static=1; extern=0; dir=0; type=1; pingpong=0; private_global=1; MemPort=[1111111111111111]; IO mode=ap_memory:ce=0
Port [ RCON]:  wired=0; compound=1; hidden=1; nouse=1; global=1; static=1; extern=0; dir=0; type=1; pingpong=0; private_global=0; MemPort=[1]; IO mode=ap_memory:ce=0
---------------- STG Properties END ------------------

---------------- Datapath Model BEGIN ----------------

<LifeTime>
<method=bitvector/>
p_loc31                 (alloca       ) [ 00111111110000]
p_loc30                 (alloca       ) [ 00111111111110]
p_loc29                 (alloca       ) [ 00111111111100]
p_loc28                 (alloca       ) [ 00111111111000]
p_loc27                 (alloca       ) [ 00111111111000]
p_loc26                 (alloca       ) [ 00111111110000]
p_loc25                 (alloca       ) [ 00111111111110]
p_loc24                 (alloca       ) [ 00111111111100]
p_loc23                 (alloca       ) [ 00111111111100]
p_loc22                 (alloca       ) [ 00111111111000]
p_loc21                 (alloca       ) [ 00111111110000]
p_loc20                 (alloca       ) [ 00111111111110]
p_loc19                 (alloca       ) [ 00111111111110]
p_loc18                 (alloca       ) [ 00111111111100]
p_loc17                 (alloca       ) [ 00111111111000]
p_loc                   (alloca       ) [ 00111111110000]
round_keys_16_loc       (alloca       ) [ 00111111000000]
round_keys_17_loc       (alloca       ) [ 00111111000000]
round_keys_18_loc       (alloca       ) [ 00111111000000]
round_keys_19_loc       (alloca       ) [ 00111111000000]
round_keys_20_loc       (alloca       ) [ 00111111000000]
round_keys_21_loc       (alloca       ) [ 00111111000000]
round_keys_22_loc       (alloca       ) [ 00111111000000]
round_keys_23_loc       (alloca       ) [ 00111111000000]
round_keys_24_loc       (alloca       ) [ 00111111000000]
round_keys_25_loc       (alloca       ) [ 00111111000000]
round_keys_26_loc       (alloca       ) [ 00111111000000]
round_keys_27_loc       (alloca       ) [ 00111111000000]
round_keys_28_loc       (alloca       ) [ 00111111000000]
round_keys_29_loc       (alloca       ) [ 00111111000000]
round_keys_30_loc       (alloca       ) [ 00111111000000]
round_keys_31_loc       (alloca       ) [ 00111111000000]
round_keys_32_loc       (alloca       ) [ 00111111000000]
round_keys_33_loc       (alloca       ) [ 00111111000000]
round_keys_34_loc       (alloca       ) [ 00111111000000]
round_keys_35_loc       (alloca       ) [ 00111111000000]
round_keys_36_loc       (alloca       ) [ 00111111000000]
round_keys_37_loc       (alloca       ) [ 00111111000000]
round_keys_38_loc       (alloca       ) [ 00111111000000]
round_keys_39_loc       (alloca       ) [ 00111111000000]
round_keys_40_loc       (alloca       ) [ 00111111000000]
round_keys_41_loc       (alloca       ) [ 00111111000000]
round_keys_42_loc       (alloca       ) [ 00111111000000]
round_keys_43_loc       (alloca       ) [ 00111111000000]
round_keys_44_loc       (alloca       ) [ 00111111000000]
round_keys_45_loc       (alloca       ) [ 00111111000000]
round_keys_46_loc       (alloca       ) [ 00111111000000]
round_keys_47_loc       (alloca       ) [ 00111111000000]
round_keys_48_loc       (alloca       ) [ 00111111000000]
round_keys_49_loc       (alloca       ) [ 00111111000000]
round_keys_50_loc       (alloca       ) [ 00111111000000]
round_keys_51_loc       (alloca       ) [ 00111111000000]
round_keys_52_loc       (alloca       ) [ 00111111000000]
round_keys_53_loc       (alloca       ) [ 00111111000000]
round_keys_54_loc       (alloca       ) [ 00111111000000]
round_keys_55_loc       (alloca       ) [ 00111111000000]
round_keys_56_loc       (alloca       ) [ 00111111000000]
round_keys_57_loc       (alloca       ) [ 00111111000000]
round_keys_58_loc       (alloca       ) [ 00111111000000]
round_keys_59_loc       (alloca       ) [ 00111111000000]
round_keys_60_loc       (alloca       ) [ 00111111000000]
round_keys_61_loc       (alloca       ) [ 00111111000000]
round_keys_62_loc       (alloca       ) [ 00111111000000]
round_keys_63_loc       (alloca       ) [ 00111111000000]
round_keys_64_loc       (alloca       ) [ 00111111000000]
round_keys_65_loc       (alloca       ) [ 00111111000000]
round_keys_66_loc       (alloca       ) [ 00111111000000]
round_keys_67_loc       (alloca       ) [ 00111111000000]
round_keys_68_loc       (alloca       ) [ 00111111000000]
round_keys_69_loc       (alloca       ) [ 00111111000000]
round_keys_70_loc       (alloca       ) [ 00111111000000]
round_keys_71_loc       (alloca       ) [ 00111111000000]
round_keys_72_loc       (alloca       ) [ 00111111000000]
round_keys_73_loc       (alloca       ) [ 00111111000000]
round_keys_74_loc       (alloca       ) [ 00111111000000]
round_keys_75_loc       (alloca       ) [ 00111111000000]
round_keys_76_loc       (alloca       ) [ 00111111000000]
round_keys_77_loc       (alloca       ) [ 00111111000000]
round_keys_78_loc       (alloca       ) [ 00111111000000]
round_keys_79_loc       (alloca       ) [ 00111111000000]
round_keys_80_loc       (alloca       ) [ 00111111000000]
round_keys_81_loc       (alloca       ) [ 00111111000000]
round_keys_82_loc       (alloca       ) [ 00111111000000]
round_keys_83_loc       (alloca       ) [ 00111111000000]
round_keys_84_loc       (alloca       ) [ 00111111000000]
round_keys_85_loc       (alloca       ) [ 00111111000000]
round_keys_86_loc       (alloca       ) [ 00111111000000]
round_keys_87_loc       (alloca       ) [ 00111111000000]
round_keys_88_loc       (alloca       ) [ 00111111000000]
round_keys_89_loc       (alloca       ) [ 00111111000000]
round_keys_90_loc       (alloca       ) [ 00111111000000]
round_keys_91_loc       (alloca       ) [ 00111111000000]
round_keys_92_loc       (alloca       ) [ 00111111000000]
round_keys_93_loc       (alloca       ) [ 00111111000000]
round_keys_94_loc       (alloca       ) [ 00111111000000]
round_keys_95_loc       (alloca       ) [ 00111111000000]
round_keys_96_loc       (alloca       ) [ 00111111000000]
round_keys_97_loc       (alloca       ) [ 00111111000000]
round_keys_98_loc       (alloca       ) [ 00111111000000]
round_keys_99_loc       (alloca       ) [ 00111111000000]
round_keys_100_loc      (alloca       ) [ 00111111000000]
round_keys_101_loc      (alloca       ) [ 00111111000000]
round_keys_102_loc      (alloca       ) [ 00111111000000]
round_keys_103_loc      (alloca       ) [ 00111111000000]
round_keys_104_loc      (alloca       ) [ 00111111000000]
round_keys_105_loc      (alloca       ) [ 00111111000000]
round_keys_106_loc      (alloca       ) [ 00111111000000]
round_keys_107_loc      (alloca       ) [ 00111111000000]
round_keys_108_loc      (alloca       ) [ 00111111000000]
round_keys_109_loc      (alloca       ) [ 00111111000000]
round_keys_110_loc      (alloca       ) [ 00111111000000]
round_keys_111_loc      (alloca       ) [ 00111111000000]
round_keys_112_loc      (alloca       ) [ 00111111000000]
round_keys_113_loc      (alloca       ) [ 00111111000000]
round_keys_114_loc      (alloca       ) [ 00111111000000]
round_keys_115_loc      (alloca       ) [ 00111111000000]
round_keys_116_loc      (alloca       ) [ 00111111000000]
round_keys_117_loc      (alloca       ) [ 00111111000000]
round_keys_118_loc      (alloca       ) [ 00111111000000]
round_keys_119_loc      (alloca       ) [ 00111111000000]
round_keys_120_loc      (alloca       ) [ 00111111000000]
round_keys_121_loc      (alloca       ) [ 00111111000000]
round_keys_122_loc      (alloca       ) [ 00111111000000]
round_keys_123_loc      (alloca       ) [ 00111111000000]
round_keys_124_loc      (alloca       ) [ 00111111000000]
round_keys_125_loc      (alloca       ) [ 00111111000000]
round_keys_126_loc      (alloca       ) [ 00111111000000]
round_keys_127_loc      (alloca       ) [ 00111111000000]
round_keys_128_loc      (alloca       ) [ 00111111000000]
round_keys_129_loc      (alloca       ) [ 00111111000000]
round_keys_130_loc      (alloca       ) [ 00111111000000]
round_keys_131_loc      (alloca       ) [ 00111111000000]
round_keys_132_loc      (alloca       ) [ 00111111000000]
round_keys_133_loc      (alloca       ) [ 00111111000000]
round_keys_134_loc      (alloca       ) [ 00111111000000]
round_keys_135_loc      (alloca       ) [ 00111111000000]
round_keys_136_loc      (alloca       ) [ 00111111000000]
round_keys_137_loc      (alloca       ) [ 00111111000000]
round_keys_138_loc      (alloca       ) [ 00111111000000]
round_keys_139_loc      (alloca       ) [ 00111111000000]
round_keys_140_loc      (alloca       ) [ 00111111000000]
round_keys_141_loc      (alloca       ) [ 00111111000000]
round_keys_142_loc      (alloca       ) [ 00111111000000]
round_keys_143_loc      (alloca       ) [ 00111111000000]
round_keys_144_loc      (alloca       ) [ 00111111000000]
round_keys_145_loc      (alloca       ) [ 00111111000000]
round_keys_146_loc      (alloca       ) [ 00111111000000]
round_keys_147_loc      (alloca       ) [ 00111111000000]
round_keys_148_loc      (alloca       ) [ 00111111000000]
round_keys_149_loc      (alloca       ) [ 00111111000000]
round_keys_150_loc      (alloca       ) [ 00111111000000]
round_keys_151_loc      (alloca       ) [ 00111111000000]
round_keys_152_loc      (alloca       ) [ 00111111000000]
round_keys_153_loc      (alloca       ) [ 00111111000000]
round_keys_154_loc      (alloca       ) [ 00111111000000]
round_keys_155_loc      (alloca       ) [ 00111111000000]
round_keys_156_loc      (alloca       ) [ 00111111000000]
round_keys_157_loc      (alloca       ) [ 00111111000000]
round_keys_158_loc      (alloca       ) [ 00111111000000]
round_keys_159_loc      (alloca       ) [ 00111111000000]
round_keys_160_loc      (alloca       ) [ 00111111111000]
round_keys_161_loc      (alloca       ) [ 00111111111000]
round_keys_162_loc      (alloca       ) [ 00111111111000]
round_keys_163_loc      (alloca       ) [ 00111111111000]
round_keys_164_loc      (alloca       ) [ 00111111111100]
round_keys_165_loc      (alloca       ) [ 00111111111100]
round_keys_166_loc      (alloca       ) [ 00111111111100]
round_keys_167_loc      (alloca       ) [ 00111111111100]
round_keys_168_loc      (alloca       ) [ 00111111111110]
round_keys_169_loc      (alloca       ) [ 00111111111110]
round_keys_170_loc      (alloca       ) [ 00111111111110]
round_keys_171_loc      (alloca       ) [ 00111111111110]
round_keys_172_loc      (alloca       ) [ 00111111111111]
round_keys_173_loc      (alloca       ) [ 00111111111111]
round_keys_174_loc      (alloca       ) [ 00111111111111]
round_keys_175_loc      (alloca       ) [ 00111111111111]
key_0_addr              (getelementptr) [ 00100000000000]
key_1_addr              (getelementptr) [ 00100000000000]
key_0_addr_1            (getelementptr) [ 00100000000000]
key_1_addr_1            (getelementptr) [ 00100000000000]
round_keys              (load         ) [ 00011110000000]
round_keys_180          (load         ) [ 00011110000000]
round_keys_181          (load         ) [ 00011110000000]
round_keys_182          (load         ) [ 00011110000000]
key_0_addr_2            (getelementptr) [ 00010000000000]
key_1_addr_2            (getelementptr) [ 00010000000000]
key_0_addr_3            (getelementptr) [ 00010000000000]
key_1_addr_3            (getelementptr) [ 00010000000000]
round_keys_183          (load         ) [ 00001110000000]
round_keys_184          (load         ) [ 00001110000000]
round_keys_185          (load         ) [ 00001110000000]
round_keys_186          (load         ) [ 00001110000000]
key_0_addr_4            (getelementptr) [ 00001000000000]
key_1_addr_4            (getelementptr) [ 00001000000000]
key_0_addr_5            (getelementptr) [ 00001000000000]
key_1_addr_5            (getelementptr) [ 00001000000000]
plaintext_0_addr        (getelementptr) [ 00001000000000]
plaintext_1_addr        (getelementptr) [ 00001000000000]
plaintext_0_addr_1      (getelementptr) [ 00001000000000]
plaintext_1_addr_1      (getelementptr) [ 00001000000000]
round_keys_187          (load         ) [ 00000110000000]
round_keys_188          (load         ) [ 00000110000000]
round_keys_189          (load         ) [ 00000110000000]
round_keys_190          (load         ) [ 00000110000000]
key_0_addr_6            (getelementptr) [ 00000100000000]
key_1_addr_6            (getelementptr) [ 00000100000000]
key_0_addr_7            (getelementptr) [ 00000100000000]
key_1_addr_7            (getelementptr) [ 00000100000000]
plaintext_0_load        (load         ) [ 00000100000000]
plaintext_1_load        (load         ) [ 00000100000000]
plaintext_0_load_1      (load         ) [ 00000100000000]
plaintext_1_load_1      (load         ) [ 00000100000000]
plaintext_0_addr_2      (getelementptr) [ 00000100000000]
plaintext_1_addr_2      (getelementptr) [ 00000100000000]
plaintext_0_addr_3      (getelementptr) [ 00000100000000]
plaintext_1_addr_3      (getelementptr) [ 00000100000000]
round_keys_191          (load         ) [ 00000011000000]
round_keys_192          (load         ) [ 00000011000000]
round_keys_193          (load         ) [ 00000011000000]
round_keys_194          (load         ) [ 00000011000000]
plaintext_0_load_2      (load         ) [ 00000000000000]
plaintext_1_load_2      (load         ) [ 00000000000000]
plaintext_0_load_3      (load         ) [ 00000000000000]
plaintext_1_load_3      (load         ) [ 00000000000000]
plaintext_0_addr_4      (getelementptr) [ 00000010000000]
plaintext_1_addr_4      (getelementptr) [ 00000010000000]
plaintext_0_addr_5      (getelementptr) [ 00000010000000]
plaintext_1_addr_5      (getelementptr) [ 00000010000000]
state_8                 (xor          ) [ 00000011100000]
state_9                 (xor          ) [ 00000011100000]
state_10                (xor          ) [ 00000011100000]
state_11                (xor          ) [ 00000011100000]
state_12                (xor          ) [ 00000011100000]
state_13                (xor          ) [ 00000011100000]
state_14                (xor          ) [ 00000011100000]
state_15                (xor          ) [ 00000011100000]
call_ln34               (call         ) [ 00000000000000]
state                   (load         ) [ 00000000000000]
state_1                 (load         ) [ 00000000000000]
state_2                 (load         ) [ 00000000000000]
state_3                 (load         ) [ 00000000000000]
plaintext_0_addr_6      (getelementptr) [ 00000001000000]
plaintext_1_addr_6      (getelementptr) [ 00000001000000]
plaintext_0_addr_7      (getelementptr) [ 00000001000000]
plaintext_1_addr_7      (getelementptr) [ 00000001000000]
state_16                (xor          ) [ 00000001100000]
state_17                (xor          ) [ 00000001100000]
state_18                (xor          ) [ 00000001100000]
state_19                (xor          ) [ 00000001100000]
round_keys_159_loc_load (load         ) [ 00000000100000]
round_keys_158_loc_load (load         ) [ 00000000100000]
round_keys_157_loc_load (load         ) [ 00000000100000]
round_keys_156_loc_load (load         ) [ 00000000100000]
round_keys_155_loc_load (load         ) [ 00000000100000]
round_keys_154_loc_load (load         ) [ 00000000100000]
round_keys_153_loc_load (load         ) [ 00000000100000]
round_keys_152_loc_load (load         ) [ 00000000100000]
round_keys_151_loc_load (load         ) [ 00000000100000]
round_keys_150_loc_load (load         ) [ 00000000100000]
round_keys_149_loc_load (load         ) [ 00000000100000]
round_keys_148_loc_load (load         ) [ 00000000100000]
round_keys_147_loc_load (load         ) [ 00000000100000]
round_keys_146_loc_load (load         ) [ 00000000100000]
round_keys_145_loc_load (load         ) [ 00000000100000]
round_keys_144_loc_load (load         ) [ 00000000100000]
round_keys_143_loc_load (load         ) [ 00000000100000]
round_keys_142_loc_load (load         ) [ 00000000100000]
round_keys_141_loc_load (load         ) [ 00000000100000]
round_keys_140_loc_load (load         ) [ 00000000100000]
round_keys_139_loc_load (load         ) [ 00000000100000]
round_keys_138_loc_load (load         ) [ 00000000100000]
round_keys_137_loc_load (load         ) [ 00000000100000]
round_keys_136_loc_load (load         ) [ 00000000100000]
round_keys_135_loc_load (load         ) [ 00000000100000]
round_keys_134_loc_load (load         ) [ 00000000100000]
round_keys_133_loc_load (load         ) [ 00000000100000]
round_keys_132_loc_load (load         ) [ 00000000100000]
round_keys_131_loc_load (load         ) [ 00000000100000]
round_keys_130_loc_load (load         ) [ 00000000100000]
round_keys_129_loc_load (load         ) [ 00000000100000]
round_keys_128_loc_load (load         ) [ 00000000100000]
round_keys_127_loc_load (load         ) [ 00000000100000]
round_keys_126_loc_load (load         ) [ 00000000100000]
round_keys_125_loc_load (load         ) [ 00000000100000]
round_keys_124_loc_load (load         ) [ 00000000100000]
round_keys_123_loc_load (load         ) [ 00000000100000]
round_keys_122_loc_load (load         ) [ 00000000100000]
round_keys_121_loc_load (load         ) [ 00000000100000]
round_keys_120_loc_load (load         ) [ 00000000100000]
round_keys_119_loc_load (load         ) [ 00000000100000]
round_keys_118_loc_load (load         ) [ 00000000100000]
round_keys_117_loc_load (load         ) [ 00000000100000]
round_keys_116_loc_load (load         ) [ 00000000100000]
round_keys_115_loc_load (load         ) [ 00000000100000]
round_keys_114_loc_load (load         ) [ 00000000100000]
round_keys_113_loc_load (load         ) [ 00000000100000]
round_keys_112_loc_load (load         ) [ 00000000100000]
round_keys_111_loc_load (load         ) [ 00000000100000]
round_keys_110_loc_load (load         ) [ 00000000100000]
round_keys_109_loc_load (load         ) [ 00000000100000]
round_keys_108_loc_load (load         ) [ 00000000100000]
round_keys_107_loc_load (load         ) [ 00000000100000]
round_keys_106_loc_load (load         ) [ 00000000100000]
round_keys_105_loc_load (load         ) [ 00000000100000]
round_keys_104_loc_load (load         ) [ 00000000100000]
round_keys_103_loc_load (load         ) [ 00000000100000]
round_keys_102_loc_load (load         ) [ 00000000100000]
round_keys_101_loc_load (load         ) [ 00000000100000]
round_keys_100_loc_load (load         ) [ 00000000100000]
round_keys_99_loc_load  (load         ) [ 00000000100000]
round_keys_98_loc_load  (load         ) [ 00000000100000]
round_keys_97_loc_load  (load         ) [ 00000000100000]
round_keys_96_loc_load  (load         ) [ 00000000100000]
round_keys_95_loc_load  (load         ) [ 00000000100000]
round_keys_94_loc_load  (load         ) [ 00000000100000]
round_keys_93_loc_load  (load         ) [ 00000000100000]
round_keys_92_loc_load  (load         ) [ 00000000100000]
round_keys_91_loc_load  (load         ) [ 00000000100000]
round_keys_90_loc_load  (load         ) [ 00000000100000]
round_keys_89_loc_load  (load         ) [ 00000000100000]
round_keys_88_loc_load  (load         ) [ 00000000100000]
round_keys_87_loc_load  (load         ) [ 00000000100000]
round_keys_86_loc_load  (load         ) [ 00000000100000]
round_keys_85_loc_load  (load         ) [ 00000000100000]
round_keys_84_loc_load  (load         ) [ 00000000100000]
round_keys_83_loc_load  (load         ) [ 00000000100000]
round_keys_82_loc_load  (load         ) [ 00000000100000]
round_keys_81_loc_load  (load         ) [ 00000000100000]
round_keys_80_loc_load  (load         ) [ 00000000100000]
round_keys_79_loc_load  (load         ) [ 00000000100000]
round_keys_78_loc_load  (load         ) [ 00000000100000]
round_keys_77_loc_load  (load         ) [ 00000000100000]
round_keys_76_loc_load  (load         ) [ 00000000100000]
round_keys_75_loc_load  (load         ) [ 00000000100000]
round_keys_74_loc_load  (load         ) [ 00000000100000]
round_keys_73_loc_load  (load         ) [ 00000000100000]
round_keys_72_loc_load  (load         ) [ 00000000100000]
round_keys_71_loc_load  (load         ) [ 00000000100000]
round_keys_70_loc_load  (load         ) [ 00000000100000]
round_keys_69_loc_load  (load         ) [ 00000000100000]
round_keys_68_loc_load  (load         ) [ 00000000100000]
round_keys_67_loc_load  (load         ) [ 00000000100000]
round_keys_66_loc_load  (load         ) [ 00000000100000]
round_keys_65_loc_load  (load         ) [ 00000000100000]
round_keys_64_loc_load  (load         ) [ 00000000100000]
round_keys_63_loc_load  (load         ) [ 00000000100000]
round_keys_62_loc_load  (load         ) [ 00000000100000]
round_keys_61_loc_load  (load         ) [ 00000000100000]
round_keys_60_loc_load  (load         ) [ 00000000100000]
round_keys_59_loc_load  (load         ) [ 00000000100000]
round_keys_58_loc_load  (load         ) [ 00000000100000]
round_keys_57_loc_load  (load         ) [ 00000000100000]
round_keys_56_loc_load  (load         ) [ 00000000100000]
round_keys_55_loc_load  (load         ) [ 00000000100000]
round_keys_54_loc_load  (load         ) [ 00000000100000]
round_keys_53_loc_load  (load         ) [ 00000000100000]
round_keys_52_loc_load  (load         ) [ 00000000100000]
round_keys_51_loc_load  (load         ) [ 00000000100000]
round_keys_50_loc_load  (load         ) [ 00000000100000]
round_keys_49_loc_load  (load         ) [ 00000000100000]
round_keys_48_loc_load  (load         ) [ 00000000100000]
round_keys_47_loc_load  (load         ) [ 00000000100000]
round_keys_46_loc_load  (load         ) [ 00000000100000]
round_keys_45_loc_load  (load         ) [ 00000000100000]
round_keys_44_loc_load  (load         ) [ 00000000100000]
round_keys_43_loc_load  (load         ) [ 00000000100000]
round_keys_42_loc_load  (load         ) [ 00000000100000]
round_keys_41_loc_load  (load         ) [ 00000000100000]
round_keys_40_loc_load  (load         ) [ 00000000100000]
round_keys_39_loc_load  (load         ) [ 00000000100000]
round_keys_38_loc_load  (load         ) [ 00000000100000]
round_keys_37_loc_load  (load         ) [ 00000000100000]
round_keys_36_loc_load  (load         ) [ 00000000100000]
round_keys_35_loc_load  (load         ) [ 00000000100000]
round_keys_34_loc_load  (load         ) [ 00000000100000]
round_keys_33_loc_load  (load         ) [ 00000000100000]
round_keys_32_loc_load  (load         ) [ 00000000100000]
round_keys_31_loc_load  (load         ) [ 00000000100000]
round_keys_30_loc_load  (load         ) [ 00000000100000]
round_keys_29_loc_load  (load         ) [ 00000000100000]
round_keys_28_loc_load  (load         ) [ 00000000100000]
round_keys_27_loc_load  (load         ) [ 00000000100000]
round_keys_26_loc_load  (load         ) [ 00000000100000]
round_keys_25_loc_load  (load         ) [ 00000000100000]
round_keys_24_loc_load  (load         ) [ 00000000100000]
round_keys_23_loc_load  (load         ) [ 00000000100000]
round_keys_22_loc_load  (load         ) [ 00000000100000]
round_keys_21_loc_load  (load         ) [ 00000000100000]
round_keys_20_loc_load  (load         ) [ 00000000100000]
round_keys_19_loc_load  (load         ) [ 00000000100000]
round_keys_18_loc_load  (load         ) [ 00000000100000]
round_keys_17_loc_load  (load         ) [ 00000000100000]
round_keys_16_loc_load  (load         ) [ 00000000100000]
state_4                 (load         ) [ 00000000000000]
state_5                 (load         ) [ 00000000000000]
state_6                 (load         ) [ 00000000000000]
state_7                 (load         ) [ 00000000000000]
state_20                (xor          ) [ 00000000100000]
state_21                (xor          ) [ 00000000100000]
state_22                (xor          ) [ 00000000100000]
state_23                (xor          ) [ 00000000100000]
call_ln76               (call         ) [ 00000000000000]
p_loc_load              (load         ) [ 00000000000000]
p_loc21_load            (load         ) [ 00000000000000]
p_loc26_load            (load         ) [ 00000000000000]
p_loc31_load            (load         ) [ 00000000000000]
zext_ln87               (zext         ) [ 00000000000000]
SBOX_addr_4             (getelementptr) [ 00000000001000]
zext_ln87_5             (zext         ) [ 00000000000000]
SBOX_addr_9             (getelementptr) [ 00000000001000]
zext_ln87_10            (zext         ) [ 00000000000000]
SBOX_addr_14            (getelementptr) [ 00000000001000]
zext_ln87_15            (zext         ) [ 00000000000000]
SBOX_addr               (getelementptr) [ 00000000001000]
round_keys_163_loc_load (load         ) [ 00000000000000]
round_keys_162_loc_load (load         ) [ 00000000000000]
round_keys_161_loc_load (load         ) [ 00000000000000]
round_keys_160_loc_load (load         ) [ 00000000000000]
p_loc17_load            (load         ) [ 00000000000000]
p_loc22_load            (load         ) [ 00000000000000]
p_loc27_load            (load         ) [ 00000000000000]
p_loc28_load            (load         ) [ 00000000000000]
ciphertext_0_addr       (getelementptr) [ 00000000000000]
SBOX_load               (load         ) [ 00000000000000]
zext_ln87_3             (zext         ) [ 00000000000000]
SBOX_addr_7             (getelementptr) [ 00000000000100]
zext_ln87_4             (zext         ) [ 00000000000000]
SBOX_addr_8             (getelementptr) [ 00000000000100]
SBOX_load_5             (load         ) [ 00000000000000]
zext_ln87_9             (zext         ) [ 00000000000000]
SBOX_addr_13            (getelementptr) [ 00000000000100]
SBOX_load_10            (load         ) [ 00000000000000]
zext_ln87_14            (zext         ) [ 00000000000000]
SBOX_addr_18            (getelementptr) [ 00000000000100]
SBOX_load_15            (load         ) [ 00000000000000]
state_28                (xor          ) [ 00000000000000]
state_29                (xor          ) [ 00000000000000]
state_30                (xor          ) [ 00000000000000]
state_31                (xor          ) [ 00000000000000]
store_ln181             (store        ) [ 00000000000000]
ciphertext_1_addr       (getelementptr) [ 00000000000000]
store_ln181             (store        ) [ 00000000000000]
ciphertext_0_addr_1     (getelementptr) [ 00000000000000]
store_ln181             (store        ) [ 00000000000000]
ciphertext_1_addr_1     (getelementptr) [ 00000000000000]
store_ln181             (store        ) [ 00000000000000]
round_keys_167_loc_load (load         ) [ 00000000000000]
round_keys_166_loc_load (load         ) [ 00000000000000]
round_keys_165_loc_load (load         ) [ 00000000000000]
round_keys_164_loc_load (load         ) [ 00000000000000]
p_loc18_load            (load         ) [ 00000000000000]
p_loc23_load            (load         ) [ 00000000000000]
p_loc24_load            (load         ) [ 00000000000000]
p_loc29_load            (load         ) [ 00000000000000]
zext_ln87_2             (zext         ) [ 00000000000000]
SBOX_addr_6             (getelementptr) [ 00000000000010]
SBOX_load_3             (load         ) [ 00000000000000]
SBOX_load_4             (load         ) [ 00000000000000]
zext_ln87_7             (zext         ) [ 00000000000000]
SBOX_addr_11            (getelementptr) [ 00000000000010]
zext_ln87_8             (zext         ) [ 00000000000000]
SBOX_addr_12            (getelementptr) [ 00000000000010]
SBOX_load_9             (load         ) [ 00000000000000]
zext_ln87_13            (zext         ) [ 00000000000000]
SBOX_addr_17            (getelementptr) [ 00000000000010]
SBOX_load_14            (load         ) [ 00000000000000]
state_32                (xor          ) [ 00000000000000]
state_33                (xor          ) [ 00000000000000]
state_34                (xor          ) [ 00000000000000]
state_35                (xor          ) [ 00000000000000]
ciphertext_0_addr_2     (getelementptr) [ 00000000000000]
store_ln181             (store        ) [ 00000000000000]
ciphertext_1_addr_2     (getelementptr) [ 00000000000000]
store_ln181             (store        ) [ 00000000000000]
ciphertext_0_addr_3     (getelementptr) [ 00000000000000]
store_ln181             (store        ) [ 00000000000000]
ciphertext_1_addr_3     (getelementptr) [ 00000000000000]
store_ln181             (store        ) [ 00000000000000]
round_keys_171_loc_load (load         ) [ 00000000000000]
round_keys_170_loc_load (load         ) [ 00000000000000]
round_keys_169_loc_load (load         ) [ 00000000000000]
round_keys_168_loc_load (load         ) [ 00000000000000]
p_loc19_load            (load         ) [ 00000000000000]
p_loc20_load            (load         ) [ 00000000000000]
p_loc25_load            (load         ) [ 00000000000000]
p_loc30_load            (load         ) [ 00000000000000]
zext_ln87_1             (zext         ) [ 00000000000000]
SBOX_addr_5             (getelementptr) [ 00000000000001]
SBOX_load_2             (load         ) [ 00000000000000]
zext_ln87_6             (zext         ) [ 00000000000000]
SBOX_addr_10            (getelementptr) [ 00000000000001]
SBOX_load_7             (load         ) [ 00000000000000]
SBOX_load_8             (load         ) [ 00000000000000]
zext_ln87_11            (zext         ) [ 00000000000000]
SBOX_addr_15            (getelementptr) [ 00000000000001]
zext_ln87_12            (zext         ) [ 00000000000000]
SBOX_addr_16            (getelementptr) [ 00000000000001]
SBOX_load_13            (load         ) [ 00000000000000]
state_36                (xor          ) [ 00000000000000]
state_37                (xor          ) [ 00000000000000]
state_38                (xor          ) [ 00000000000000]
state_39                (xor          ) [ 00000000000000]
ciphertext_0_addr_4     (getelementptr) [ 00000000000000]
store_ln181             (store        ) [ 00000000000000]
ciphertext_1_addr_4     (getelementptr) [ 00000000000000]
store_ln181             (store        ) [ 00000000000000]
ciphertext_0_addr_5     (getelementptr) [ 00000000000000]
store_ln181             (store        ) [ 00000000000000]
ciphertext_1_addr_5     (getelementptr) [ 00000000000000]
store_ln181             (store        ) [ 00000000000000]
round_keys_175_loc_load (load         ) [ 00000000000000]
round_keys_174_loc_load (load         ) [ 00000000000000]
round_keys_173_loc_load (load         ) [ 00000000000000]
round_keys_172_loc_load (load         ) [ 00000000000000]
state_25                (load         ) [ 00000000000000]
state_26                (load         ) [ 00000000000000]
state_27                (load         ) [ 00000000000000]
state_24                (load         ) [ 00000000000000]
state_40                (xor          ) [ 00000000000000]
state_41                (xor          ) [ 00000000000000]
state_42                (xor          ) [ 00000000000000]
state_43                (xor          ) [ 00000000000000]
ciphertext_0_addr_6     (getelementptr) [ 00000000000000]
store_ln181             (store        ) [ 00000000000000]
ciphertext_1_addr_6     (getelementptr) [ 00000000000000]
store_ln181             (store        ) [ 00000000000000]
ciphertext_0_addr_7     (getelementptr) [ 00000000000000]
store_ln181             (store        ) [ 00000000000000]
ciphertext_1_addr_7     (getelementptr) [ 00000000000000]
store_ln181             (store        ) [ 00000000000000]
ret_ln183               (ret          ) [ 00000000000000]
</LifeTime>

<model>

<comp_list>
<comp id="0" class="1000" name="plaintext_0">
<pin_list>
<pin id="1" dir="1" index="0" bw="1" slack="0"/>
</pin_list>
<bind>
<StgValue><ssdm name="plaintext_0"/><MemPortTyVec>1 1 </MemPortTyVec>
</StgValue>
</bind>
</comp>

<comp id="2" class="1000" name="plaintext_1">
<pin_list>
<pin id="3" dir="1" index="0" bw="1" slack="0"/>
</pin_list>
<bind>
<StgValue><ssdm name="plaintext_1"/><MemPortTyVec>1 1 </MemPortTyVec>
</StgValue>
</bind>
</comp>

<comp id="4" class="1000" name="key_0">
<pin_list>
<pin id="5" dir="1" index="0" bw="1" slack="0"/>
</pin_list>
<bind>
<StgValue><ssdm name="key_0"/><MemPortTyVec>1 1 </MemPortTyVec>
</StgValue>
</bind>
</comp>

<comp id="6" class="1000" name="key_1">
<pin_list>
<pin id="7" dir="1" index="0" bw="1" slack="0"/>
</pin_list>
<bind>
<StgValue><ssdm name="key_1"/><MemPortTyVec>1 1 </MemPortTyVec>
</StgValue>
</bind>
</comp>

<comp id="8" class="1000" name="ciphertext_0">
<pin_list>
<pin id="9" dir="1" index="0" bw="1" slack="0"/>
</pin_list>
<bind>
<StgValue><ssdm name="ciphertext_0"/><MemPortTyVec>0 0 </MemPortTyVec>
</StgValue>
</bind>
</comp>

<comp id="10" class="1000" name="ciphertext_1">
<pin_list>
<pin id="11" dir="1" index="0" bw="1" slack="0"/>
</pin_list>
<bind>
<StgValue><ssdm name="ciphertext_1"/><MemPortTyVec>0 0 </MemPortTyVec>
</StgValue>
</bind>
</comp>

<comp id="12" class="1000" name="SBOX">
<pin_list>
<pin id="13" dir="1" index="0" bw="1" slack="0"/>
</pin_list>
<bind>
<StgValue><ssdm name="SBOX"/><MemPortTyVec>1 1 1 1 1 1 1 1 1 1 1 1 1 1 1 1 </MemPortTyVec>
</StgValue>
</bind>
</comp>

<comp id="14" class="1000" name="RCON">
<pin_list>
<pin id="15" dir="1" index="0" bw="1" slack="0"/>
</pin_list>
<bind>
<StgValue><ssdm name="RCON"/><MemPortTyVec>1 </MemPortTyVec>
</StgValue>
</bind>
</comp>

<comp id="16" class="1001" name="const_16">
<pin_list>
<pin id="17" dir="1" index="0" bw="1" slack="0"/>
</pin_list>
<bind>
<StgValue><ssdm name=""/></StgValue>
</bind>
</comp>

<comp id="18" class="1001" name="const_18">
<pin_list>
<pin id="19" dir="1" index="0" bw="1" slack="0"/>
</pin_list>
<bind>
<StgValue><ssdm name=""/></StgValue>
</bind>
</comp>

<comp id="20" class="1001" name="const_20">
<pin_list>
<pin id="21" dir="1" index="0" bw="1" slack="0"/>
</pin_list>
<bind>
<StgValue><ssdm name=""/></StgValue>
</bind>
</comp>

<comp id="22" class="1001" name="const_22">
<pin_list>
<pin id="23" dir="1" index="0" bw="1" slack="0"/>
</pin_list>
<bind>
<StgValue><ssdm name=""/></StgValue>
</bind>
</comp>

<comp id="24" class="1001" name="const_24">
<pin_list>
<pin id="25" dir="1" index="0" bw="1" slack="0"/>
</pin_list>
<bind>
<StgValue><ssdm name=""/></StgValue>
</bind>
</comp>

<comp id="26" class="1001" name="const_26">
<pin_list>
<pin id="27" dir="1" index="0" bw="1" slack="0"/>
</pin_list>
<bind>
<StgValue><ssdm name=""/></StgValue>
</bind>
</comp>

<comp id="28" class="1001" name="const_28">
<pin_list>
<pin id="29" dir="1" index="0" bw="1" slack="0"/>
</pin_list>
<bind>
<StgValue><ssdm name=""/></StgValue>
</bind>
</comp>

<comp id="30" class="1001" name="const_30">
<pin_list>
<pin id="31" dir="1" index="0" bw="1" slack="0"/>
</pin_list>
<bind>
<StgValue><ssdm name=""/></StgValue>
</bind>
</comp>

<comp id="32" class="1001" name="const_32">
<pin_list>
<pin id="33" dir="1" index="0" bw="1" slack="0"/>
</pin_list>
<bind>
<StgValue><ssdm name="aes128_encrypt_Pipeline_VITIS_LOOP_38_2"/></StgValue>
</bind>
</comp>

<comp id="34" class="1001" name="const_34">
<pin_list>
<pin id="35" dir="1" index="0" bw="1" slack="0"/>
</pin_list>
<bind>
<StgValue><ssdm name="aes128_encrypt_Pipeline_AES_ROUNDS_LOOP"/></StgValue>
</bind>
</comp>

<comp id="36" class="1004" name="p_loc31_fu_36">
<pin_list>
<pin id="37" dir="0" index="0" bw="1" slack="0"/>
<pin id="38" dir="1" index="1" bw="8" slack="6"/>
</pin_list>
<bind>
<opcode="alloca(26) " fcode="alloca"/>
<opset="p_loc31/1 "/>
</bind>
</comp>

<comp id="40" class="1004" name="p_loc30_fu_40">
<pin_list>
<pin id="41" dir="0" index="0" bw="1" slack="0"/>
<pin id="42" dir="1" index="1" bw="8" slack="6"/>
</pin_list>
<bind>
<opcode="alloca(26) " fcode="alloca"/>
<opset="p_loc30/1 "/>
</bind>
</comp>

<comp id="44" class="1004" name="p_loc29_fu_44">
<pin_list>
<pin id="45" dir="0" index="0" bw="1" slack="0"/>
<pin id="46" dir="1" index="1" bw="8" slack="6"/>
</pin_list>
<bind>
<opcode="alloca(26) " fcode="alloca"/>
<opset="p_loc29/1 "/>
</bind>
</comp>

<comp id="48" class="1004" name="p_loc28_fu_48">
<pin_list>
<pin id="49" dir="0" index="0" bw="1" slack="0"/>
<pin id="50" dir="1" index="1" bw="8" slack="6"/>
</pin_list>
<bind>
<opcode="alloca(26) " fcode="alloca"/>
<opset="p_loc28/1 "/>
</bind>
</comp>

<comp id="52" class="1004" name="p_loc27_fu_52">
<pin_list>
<pin id="53" dir="0" index="0" bw="1" slack="0"/>
<pin id="54" dir="1" index="1" bw="8" slack="6"/>
</pin_list>
<bind>
<opcode="alloca(26) " fcode="alloca"/>
<opset="p_loc27/1 "/>
</bind>
</comp>

<comp id="56" class="1004" name="p_loc26_fu_56">
<pin_list>
<pin id="57" dir="0" index="0" bw="1" slack="0"/>
<pin id="58" dir="1" index="1" bw="8" slack="6"/>
</pin_list>
<bind>
<opcode="alloca(26) " fcode="alloca"/>
<opset="p_loc26/1 "/>
</bind>
</comp>

<comp id="60" class="1004" name="p_loc25_fu_60">
<pin_list>
<pin id="61" dir="0" index="0" bw="1" slack="0"/>
<pin id="62" dir="1" index="1" bw="8" slack="6"/>
</pin_list>
<bind>
<opcode="alloca(26) " fcode="alloca"/>
<opset="p_loc25/1 "/>
</bind>
</comp>

<comp id="64" class="1004" name="p_loc24_fu_64">
<pin_list>
<pin id="65" dir="0" index="0" bw="1" slack="0"/>
<pin id="66" dir="1" index="1" bw="8" slack="6"/>
</pin_list>
<bind>
<opcode="alloca(26) " fcode="alloca"/>
<opset="p_loc24/1 "/>
</bind>
</comp>

<comp id="68" class="1004" name="p_loc23_fu_68">
<pin_list>
<pin id="69" dir="0" index="0" bw="1" slack="0"/>
<pin id="70" dir="1" index="1" bw="8" slack="6"/>
</pin_list>
<bind>
<opcode="alloca(26) " fcode="alloca"/>
<opset="p_loc23/1 "/>
</bind>
</comp>

<comp id="72" class="1004" name="p_loc22_fu_72">
<pin_list>
<pin id="73" dir="0" index="0" bw="1" slack="0"/>
<pin id="74" dir="1" index="1" bw="8" slack="6"/>
</pin_list>
<bind>
<opcode="alloca(26) " fcode="alloca"/>
<opset="p_loc22/1 "/>
</bind>
</comp>

<comp id="76" class="1004" name="p_loc21_fu_76">
<pin_list>
<pin id="77" dir="0" index="0" bw="1" slack="0"/>
<pin id="78" dir="1" index="1" bw="8" slack="6"/>
</pin_list>
<bind>
<opcode="alloca(26) " fcode="alloca"/>
<opset="p_loc21/1 "/>
</bind>
</comp>

<comp id="80" class="1004" name="p_loc20_fu_80">
<pin_list>
<pin id="81" dir="0" index="0" bw="1" slack="0"/>
<pin id="82" dir="1" index="1" bw="8" slack="6"/>
</pin_list>
<bind>
<opcode="alloca(26) " fcode="alloca"/>
<opset="p_loc20/1 "/>
</bind>
</comp>

<comp id="84" class="1004" name="p_loc19_fu_84">
<pin_list>
<pin id="85" dir="0" index="0" bw="1" slack="0"/>
<pin id="86" dir="1" index="1" bw="8" slack="6"/>
</pin_list>
<bind>
<opcode="alloca(26) " fcode="alloca"/>
<opset="p_loc19/1 "/>
</bind>
</comp>

<comp id="88" class="1004" name="p_loc18_fu_88">
<pin_list>
<pin id="89" dir="0" index="0" bw="1" slack="0"/>
<pin id="90" dir="1" index="1" bw="8" slack="6"/>
</pin_list>
<bind>
<opcode="alloca(26) " fcode="alloca"/>
<opset="p_loc18/1 "/>
</bind>
</comp>

<comp id="92" class="1004" name="p_loc17_fu_92">
<pin_list>
<pin id="93" dir="0" index="0" bw="1" slack="0"/>
<pin id="94" dir="1" index="1" bw="8" slack="6"/>
</pin_list>
<bind>
<opcode="alloca(26) " fcode="alloca"/>
<opset="p_loc17/1 "/>
</bind>
</comp>

<comp id="96" class="1004" name="p_loc_fu_96">
<pin_list>
<pin id="97" dir="0" index="0" bw="1" slack="0"/>
<pin id="98" dir="1" index="1" bw="8" slack="6"/>
</pin_list>
<bind>
<opcode="alloca(26) " fcode="alloca"/>
<opset="p_loc/1 "/>
</bind>
</comp>

<comp id="100" class="1004" name="round_keys_16_loc_fu_100">
<pin_list>
<pin id="101" dir="0" index="0" bw="1" slack="0"/>
<pin id="102" dir="1" index="1" bw="8" slack="4"/>
</pin_list>
<bind>
<opcode="alloca(26) " fcode="alloca"/>
<opset="round_keys_16_loc/1 "/>
</bind>
</comp>

<comp id="104" class="1004" name="round_keys_17_loc_fu_104">
<pin_list>
<pin id="105" dir="0" index="0" bw="1" slack="0"/>
<pin id="106" dir="1" index="1" bw="8" slack="4"/>
</pin_list>
<bind>
<opcode="alloca(26) " fcode="alloca"/>
<opset="round_keys_17_loc/1 "/>
</bind>
</comp>

<comp id="108" class="1004" name="round_keys_18_loc_fu_108">
<pin_list>
<pin id="109" dir="0" index="0" bw="1" slack="0"/>
<pin id="110" dir="1" index="1" bw="8" slack="4"/>
</pin_list>
<bind>
<opcode="alloca(26) " fcode="alloca"/>
<opset="round_keys_18_loc/1 "/>
</bind>
</comp>

<comp id="112" class="1004" name="round_keys_19_loc_fu_112">
<pin_list>
<pin id="113" dir="0" index="0" bw="1" slack="0"/>
<pin id="114" dir="1" index="1" bw="8" slack="4"/>
</pin_list>
<bind>
<opcode="alloca(26) " fcode="alloca"/>
<opset="round_keys_19_loc/1 "/>
</bind>
</comp>

<comp id="116" class="1004" name="round_keys_20_loc_fu_116">
<pin_list>
<pin id="117" dir="0" index="0" bw="1" slack="0"/>
<pin id="118" dir="1" index="1" bw="8" slack="4"/>
</pin_list>
<bind>
<opcode="alloca(26) " fcode="alloca"/>
<opset="round_keys_20_loc/1 "/>
</bind>
</comp>

<comp id="120" class="1004" name="round_keys_21_loc_fu_120">
<pin_list>
<pin id="121" dir="0" index="0" bw="1" slack="0"/>
<pin id="122" dir="1" index="1" bw="8" slack="4"/>
</pin_list>
<bind>
<opcode="alloca(26) " fcode="alloca"/>
<opset="round_keys_21_loc/1 "/>
</bind>
</comp>

<comp id="124" class="1004" name="round_keys_22_loc_fu_124">
<pin_list>
<pin id="125" dir="0" index="0" bw="1" slack="0"/>
<pin id="126" dir="1" index="1" bw="8" slack="4"/>
</pin_list>
<bind>
<opcode="alloca(26) " fcode="alloca"/>
<opset="round_keys_22_loc/1 "/>
</bind>
</comp>

<comp id="128" class="1004" name="round_keys_23_loc_fu_128">
<pin_list>
<pin id="129" dir="0" index="0" bw="1" slack="0"/>
<pin id="130" dir="1" index="1" bw="8" slack="4"/>
</pin_list>
<bind>
<opcode="alloca(26) " fcode="alloca"/>
<opset="round_keys_23_loc/1 "/>
</bind>
</comp>

<comp id="132" class="1004" name="round_keys_24_loc_fu_132">
<pin_list>
<pin id="133" dir="0" index="0" bw="1" slack="0"/>
<pin id="134" dir="1" index="1" bw="8" slack="4"/>
</pin_list>
<bind>
<opcode="alloca(26) " fcode="alloca"/>
<opset="round_keys_24_loc/1 "/>
</bind>
</comp>

<comp id="136" class="1004" name="round_keys_25_loc_fu_136">
<pin_list>
<pin id="137" dir="0" index="0" bw="1" slack="0"/>
<pin id="138" dir="1" index="1" bw="8" slack="4"/>
</pin_list>
<bind>
<opcode="alloca(26) " fcode="alloca"/>
<opset="round_keys_25_loc/1 "/>
</bind>
</comp>

<comp id="140" class="1004" name="round_keys_26_loc_fu_140">
<pin_list>
<pin id="141" dir="0" index="0" bw="1" slack="0"/>
<pin id="142" dir="1" index="1" bw="8" slack="4"/>
</pin_list>
<bind>
<opcode="alloca(26) " fcode="alloca"/>
<opset="round_keys_26_loc/1 "/>
</bind>
</comp>

<comp id="144" class="1004" name="round_keys_27_loc_fu_144">
<pin_list>
<pin id="145" dir="0" index="0" bw="1" slack="0"/>
<pin id="146" dir="1" index="1" bw="8" slack="4"/>
</pin_list>
<bind>
<opcode="alloca(26) " fcode="alloca"/>
<opset="round_keys_27_loc/1 "/>
</bind>
</comp>

<comp id="148" class="1004" name="round_keys_28_loc_fu_148">
<pin_list>
<pin id="149" dir="0" index="0" bw="1" slack="0"/>
<pin id="150" dir="1" index="1" bw="8" slack="4"/>
</pin_list>
<bind>
<opcode="alloca(26) " fcode="alloca"/>
<opset="round_keys_28_loc/1 "/>
</bind>
</comp>

<comp id="152" class="1004" name="round_keys_29_loc_fu_152">
<pin_list>
<pin id="153" dir="0" index="0" bw="1" slack="0"/>
<pin id="154" dir="1" index="1" bw="8" slack="4"/>
</pin_list>
<bind>
<opcode="alloca(26) " fcode="alloca"/>
<opset="round_keys_29_loc/1 "/>
</bind>
</comp>

<comp id="156" class="1004" name="round_keys_30_loc_fu_156">
<pin_list>
<pin id="157" dir="0" index="0" bw="1" slack="0"/>
<pin id="158" dir="1" index="1" bw="8" slack="4"/>
</pin_list>
<bind>
<opcode="alloca(26) " fcode="alloca"/>
<opset="round_keys_30_loc/1 "/>
</bind>
</comp>

<comp id="160" class="1004" name="round_keys_31_loc_fu_160">
<pin_list>
<pin id="161" dir="0" index="0" bw="1" slack="0"/>
<pin id="162" dir="1" index="1" bw="8" slack="4"/>
</pin_list>
<bind>
<opcode="alloca(26) " fcode="alloca"/>
<opset="round_keys_31_loc/1 "/>
</bind>
</comp>

<comp id="164" class="1004" name="round_keys_32_loc_fu_164">
<pin_list>
<pin id="165" dir="0" index="0" bw="1" slack="0"/>
<pin id="166" dir="1" index="1" bw="8" slack="4"/>
</pin_list>
<bind>
<opcode="alloca(26) " fcode="alloca"/>
<opset="round_keys_32_loc/1 "/>
</bind>
</comp>

<comp id="168" class="1004" name="round_keys_33_loc_fu_168">
<pin_list>
<pin id="169" dir="0" index="0" bw="1" slack="0"/>
<pin id="170" dir="1" index="1" bw="8" slack="4"/>
</pin_list>
<bind>
<opcode="alloca(26) " fcode="alloca"/>
<opset="round_keys_33_loc/1 "/>
</bind>
</comp>

<comp id="172" class="1004" name="round_keys_34_loc_fu_172">
<pin_list>
<pin id="173" dir="0" index="0" bw="1" slack="0"/>
<pin id="174" dir="1" index="1" bw="8" slack="4"/>
</pin_list>
<bind>
<opcode="alloca(26) " fcode="alloca"/>
<opset="round_keys_34_loc/1 "/>
</bind>
</comp>

<comp id="176" class="1004" name="round_keys_35_loc_fu_176">
<pin_list>
<pin id="177" dir="0" index="0" bw="1" slack="0"/>
<pin id="178" dir="1" index="1" bw="8" slack="4"/>
</pin_list>
<bind>
<opcode="alloca(26) " fcode="alloca"/>
<opset="round_keys_35_loc/1 "/>
</bind>
</comp>

<comp id="180" class="1004" name="round_keys_36_loc_fu_180">
<pin_list>
<pin id="181" dir="0" index="0" bw="1" slack="0"/>
<pin id="182" dir="1" index="1" bw="8" slack="4"/>
</pin_list>
<bind>
<opcode="alloca(26) " fcode="alloca"/>
<opset="round_keys_36_loc/1 "/>
</bind>
</comp>

<comp id="184" class="1004" name="round_keys_37_loc_fu_184">
<pin_list>
<pin id="185" dir="0" index="0" bw="1" slack="0"/>
<pin id="186" dir="1" index="1" bw="8" slack="4"/>
</pin_list>
<bind>
<opcode="alloca(26) " fcode="alloca"/>
<opset="round_keys_37_loc/1 "/>
</bind>
</comp>

<comp id="188" class="1004" name="round_keys_38_loc_fu_188">
<pin_list>
<pin id="189" dir="0" index="0" bw="1" slack="0"/>
<pin id="190" dir="1" index="1" bw="8" slack="4"/>
</pin_list>
<bind>
<opcode="alloca(26) " fcode="alloca"/>
<opset="round_keys_38_loc/1 "/>
</bind>
</comp>

<comp id="192" class="1004" name="round_keys_39_loc_fu_192">
<pin_list>
<pin id="193" dir="0" index="0" bw="1" slack="0"/>
<pin id="194" dir="1" index="1" bw="8" slack="4"/>
</pin_list>
<bind>
<opcode="alloca(26) " fcode="alloca"/>
<opset="round_keys_39_loc/1 "/>
</bind>
</comp>

<comp id="196" class="1004" name="round_keys_40_loc_fu_196">
<pin_list>
<pin id="197" dir="0" index="0" bw="1" slack="0"/>
<pin id="198" dir="1" index="1" bw="8" slack="4"/>
</pin_list>
<bind>
<opcode="alloca(26) " fcode="alloca"/>
<opset="round_keys_40_loc/1 "/>
</bind>
</comp>

<comp id="200" class="1004" name="round_keys_41_loc_fu_200">
<pin_list>
<pin id="201" dir="0" index="0" bw="1" slack="0"/>
<pin id="202" dir="1" index="1" bw="8" slack="4"/>
</pin_list>
<bind>
<opcode="alloca(26) " fcode="alloca"/>
<opset="round_keys_41_loc/1 "/>
</bind>
</comp>

<comp id="204" class="1004" name="round_keys_42_loc_fu_204">
<pin_list>
<pin id="205" dir="0" index="0" bw="1" slack="0"/>
<pin id="206" dir="1" index="1" bw="8" slack="4"/>
</pin_list>
<bind>
<opcode="alloca(26) " fcode="alloca"/>
<opset="round_keys_42_loc/1 "/>
</bind>
</comp>

<comp id="208" class="1004" name="round_keys_43_loc_fu_208">
<pin_list>
<pin id="209" dir="0" index="0" bw="1" slack="0"/>
<pin id="210" dir="1" index="1" bw="8" slack="4"/>
</pin_list>
<bind>
<opcode="alloca(26) " fcode="alloca"/>
<opset="round_keys_43_loc/1 "/>
</bind>
</comp>

<comp id="212" class="1004" name="round_keys_44_loc_fu_212">
<pin_list>
<pin id="213" dir="0" index="0" bw="1" slack="0"/>
<pin id="214" dir="1" index="1" bw="8" slack="4"/>
</pin_list>
<bind>
<opcode="alloca(26) " fcode="alloca"/>
<opset="round_keys_44_loc/1 "/>
</bind>
</comp>

<comp id="216" class="1004" name="round_keys_45_loc_fu_216">
<pin_list>
<pin id="217" dir="0" index="0" bw="1" slack="0"/>
<pin id="218" dir="1" index="1" bw="8" slack="4"/>
</pin_list>
<bind>
<opcode="alloca(26) " fcode="alloca"/>
<opset="round_keys_45_loc/1 "/>
</bind>
</comp>

<comp id="220" class="1004" name="round_keys_46_loc_fu_220">
<pin_list>
<pin id="221" dir="0" index="0" bw="1" slack="0"/>
<pin id="222" dir="1" index="1" bw="8" slack="4"/>
</pin_list>
<bind>
<opcode="alloca(26) " fcode="alloca"/>
<opset="round_keys_46_loc/1 "/>
</bind>
</comp>

<comp id="224" class="1004" name="round_keys_47_loc_fu_224">
<pin_list>
<pin id="225" dir="0" index="0" bw="1" slack="0"/>
<pin id="226" dir="1" index="1" bw="8" slack="4"/>
</pin_list>
<bind>
<opcode="alloca(26) " fcode="alloca"/>
<opset="round_keys_47_loc/1 "/>
</bind>
</comp>

<comp id="228" class="1004" name="round_keys_48_loc_fu_228">
<pin_list>
<pin id="229" dir="0" index="0" bw="1" slack="0"/>
<pin id="230" dir="1" index="1" bw="8" slack="4"/>
</pin_list>
<bind>
<opcode="alloca(26) " fcode="alloca"/>
<opset="round_keys_48_loc/1 "/>
</bind>
</comp>

<comp id="232" class="1004" name="round_keys_49_loc_fu_232">
<pin_list>
<pin id="233" dir="0" index="0" bw="1" slack="0"/>
<pin id="234" dir="1" index="1" bw="8" slack="4"/>
</pin_list>
<bind>
<opcode="alloca(26) " fcode="alloca"/>
<opset="round_keys_49_loc/1 "/>
</bind>
</comp>

<comp id="236" class="1004" name="round_keys_50_loc_fu_236">
<pin_list>
<pin id="237" dir="0" index="0" bw="1" slack="0"/>
<pin id="238" dir="1" index="1" bw="8" slack="4"/>
</pin_list>
<bind>
<opcode="alloca(26) " fcode="alloca"/>
<opset="round_keys_50_loc/1 "/>
</bind>
</comp>

<comp id="240" class="1004" name="round_keys_51_loc_fu_240">
<pin_list>
<pin id="241" dir="0" index="0" bw="1" slack="0"/>
<pin id="242" dir="1" index="1" bw="8" slack="4"/>
</pin_list>
<bind>
<opcode="alloca(26) " fcode="alloca"/>
<opset="round_keys_51_loc/1 "/>
</bind>
</comp>

<comp id="244" class="1004" name="round_keys_52_loc_fu_244">
<pin_list>
<pin id="245" dir="0" index="0" bw="1" slack="0"/>
<pin id="246" dir="1" index="1" bw="8" slack="4"/>
</pin_list>
<bind>
<opcode="alloca(26) " fcode="alloca"/>
<opset="round_keys_52_loc/1 "/>
</bind>
</comp>

<comp id="248" class="1004" name="round_keys_53_loc_fu_248">
<pin_list>
<pin id="249" dir="0" index="0" bw="1" slack="0"/>
<pin id="250" dir="1" index="1" bw="8" slack="4"/>
</pin_list>
<bind>
<opcode="alloca(26) " fcode="alloca"/>
<opset="round_keys_53_loc/1 "/>
</bind>
</comp>

<comp id="252" class="1004" name="round_keys_54_loc_fu_252">
<pin_list>
<pin id="253" dir="0" index="0" bw="1" slack="0"/>
<pin id="254" dir="1" index="1" bw="8" slack="4"/>
</pin_list>
<bind>
<opcode="alloca(26) " fcode="alloca"/>
<opset="round_keys_54_loc/1 "/>
</bind>
</comp>

<comp id="256" class="1004" name="round_keys_55_loc_fu_256">
<pin_list>
<pin id="257" dir="0" index="0" bw="1" slack="0"/>
<pin id="258" dir="1" index="1" bw="8" slack="4"/>
</pin_list>
<bind>
<opcode="alloca(26) " fcode="alloca"/>
<opset="round_keys_55_loc/1 "/>
</bind>
</comp>

<comp id="260" class="1004" name="round_keys_56_loc_fu_260">
<pin_list>
<pin id="261" dir="0" index="0" bw="1" slack="0"/>
<pin id="262" dir="1" index="1" bw="8" slack="4"/>
</pin_list>
<bind>
<opcode="alloca(26) " fcode="alloca"/>
<opset="round_keys_56_loc/1 "/>
</bind>
</comp>

<comp id="264" class="1004" name="round_keys_57_loc_fu_264">
<pin_list>
<pin id="265" dir="0" index="0" bw="1" slack="0"/>
<pin id="266" dir="1" index="1" bw="8" slack="4"/>
</pin_list>
<bind>
<opcode="alloca(26) " fcode="alloca"/>
<opset="round_keys_57_loc/1 "/>
</bind>
</comp>

<comp id="268" class="1004" name="round_keys_58_loc_fu_268">
<pin_list>
<pin id="269" dir="0" index="0" bw="1" slack="0"/>
<pin id="270" dir="1" index="1" bw="8" slack="4"/>
</pin_list>
<bind>
<opcode="alloca(26) " fcode="alloca"/>
<opset="round_keys_58_loc/1 "/>
</bind>
</comp>

<comp id="272" class="1004" name="round_keys_59_loc_fu_272">
<pin_list>
<pin id="273" dir="0" index="0" bw="1" slack="0"/>
<pin id="274" dir="1" index="1" bw="8" slack="4"/>
</pin_list>
<bind>
<opcode="alloca(26) " fcode="alloca"/>
<opset="round_keys_59_loc/1 "/>
</bind>
</comp>

<comp id="276" class="1004" name="round_keys_60_loc_fu_276">
<pin_list>
<pin id="277" dir="0" index="0" bw="1" slack="0"/>
<pin id="278" dir="1" index="1" bw="8" slack="4"/>
</pin_list>
<bind>
<opcode="alloca(26) " fcode="alloca"/>
<opset="round_keys_60_loc/1 "/>
</bind>
</comp>

<comp id="280" class="1004" name="round_keys_61_loc_fu_280">
<pin_list>
<pin id="281" dir="0" index="0" bw="1" slack="0"/>
<pin id="282" dir="1" index="1" bw="8" slack="4"/>
</pin_list>
<bind>
<opcode="alloca(26) " fcode="alloca"/>
<opset="round_keys_61_loc/1 "/>
</bind>
</comp>

<comp id="284" class="1004" name="round_keys_62_loc_fu_284">
<pin_list>
<pin id="285" dir="0" index="0" bw="1" slack="0"/>
<pin id="286" dir="1" index="1" bw="8" slack="4"/>
</pin_list>
<bind>
<opcode="alloca(26) " fcode="alloca"/>
<opset="round_keys_62_loc/1 "/>
</bind>
</comp>

<comp id="288" class="1004" name="round_keys_63_loc_fu_288">
<pin_list>
<pin id="289" dir="0" index="0" bw="1" slack="0"/>
<pin id="290" dir="1" index="1" bw="8" slack="4"/>
</pin_list>
<bind>
<opcode="alloca(26) " fcode="alloca"/>
<opset="round_keys_63_loc/1 "/>
</bind>
</comp>

<comp id="292" class="1004" name="round_keys_64_loc_fu_292">
<pin_list>
<pin id="293" dir="0" index="0" bw="1" slack="0"/>
<pin id="294" dir="1" index="1" bw="8" slack="4"/>
</pin_list>
<bind>
<opcode="alloca(26) " fcode="alloca"/>
<opset="round_keys_64_loc/1 "/>
</bind>
</comp>

<comp id="296" class="1004" name="round_keys_65_loc_fu_296">
<pin_list>
<pin id="297" dir="0" index="0" bw="1" slack="0"/>
<pin id="298" dir="1" index="1" bw="8" slack="4"/>
</pin_list>
<bind>
<opcode="alloca(26) " fcode="alloca"/>
<opset="round_keys_65_loc/1 "/>
</bind>
</comp>

<comp id="300" class="1004" name="round_keys_66_loc_fu_300">
<pin_list>
<pin id="301" dir="0" index="0" bw="1" slack="0"/>
<pin id="302" dir="1" index="1" bw="8" slack="4"/>
</pin_list>
<bind>
<opcode="alloca(26) " fcode="alloca"/>
<opset="round_keys_66_loc/1 "/>
</bind>
</comp>

<comp id="304" class="1004" name="round_keys_67_loc_fu_304">
<pin_list>
<pin id="305" dir="0" index="0" bw="1" slack="0"/>
<pin id="306" dir="1" index="1" bw="8" slack="4"/>
</pin_list>
<bind>
<opcode="alloca(26) " fcode="alloca"/>
<opset="round_keys_67_loc/1 "/>
</bind>
</comp>

<comp id="308" class="1004" name="round_keys_68_loc_fu_308">
<pin_list>
<pin id="309" dir="0" index="0" bw="1" slack="0"/>
<pin id="310" dir="1" index="1" bw="8" slack="4"/>
</pin_list>
<bind>
<opcode="alloca(26) " fcode="alloca"/>
<opset="round_keys_68_loc/1 "/>
</bind>
</comp>

<comp id="312" class="1004" name="round_keys_69_loc_fu_312">
<pin_list>
<pin id="313" dir="0" index="0" bw="1" slack="0"/>
<pin id="314" dir="1" index="1" bw="8" slack="4"/>
</pin_list>
<bind>
<opcode="alloca(26) " fcode="alloca"/>
<opset="round_keys_69_loc/1 "/>
</bind>
</comp>

<comp id="316" class="1004" name="round_keys_70_loc_fu_316">
<pin_list>
<pin id="317" dir="0" index="0" bw="1" slack="0"/>
<pin id="318" dir="1" index="1" bw="8" slack="4"/>
</pin_list>
<bind>
<opcode="alloca(26) " fcode="alloca"/>
<opset="round_keys_70_loc/1 "/>
</bind>
</comp>

<comp id="320" class="1004" name="round_keys_71_loc_fu_320">
<pin_list>
<pin id="321" dir="0" index="0" bw="1" slack="0"/>
<pin id="322" dir="1" index="1" bw="8" slack="4"/>
</pin_list>
<bind>
<opcode="alloca(26) " fcode="alloca"/>
<opset="round_keys_71_loc/1 "/>
</bind>
</comp>

<comp id="324" class="1004" name="round_keys_72_loc_fu_324">
<pin_list>
<pin id="325" dir="0" index="0" bw="1" slack="0"/>
<pin id="326" dir="1" index="1" bw="8" slack="4"/>
</pin_list>
<bind>
<opcode="alloca(26) " fcode="alloca"/>
<opset="round_keys_72_loc/1 "/>
</bind>
</comp>

<comp id="328" class="1004" name="round_keys_73_loc_fu_328">
<pin_list>
<pin id="329" dir="0" index="0" bw="1" slack="0"/>
<pin id="330" dir="1" index="1" bw="8" slack="4"/>
</pin_list>
<bind>
<opcode="alloca(26) " fcode="alloca"/>
<opset="round_keys_73_loc/1 "/>
</bind>
</comp>

<comp id="332" class="1004" name="round_keys_74_loc_fu_332">
<pin_list>
<pin id="333" dir="0" index="0" bw="1" slack="0"/>
<pin id="334" dir="1" index="1" bw="8" slack="4"/>
</pin_list>
<bind>
<opcode="alloca(26) " fcode="alloca"/>
<opset="round_keys_74_loc/1 "/>
</bind>
</comp>

<comp id="336" class="1004" name="round_keys_75_loc_fu_336">
<pin_list>
<pin id="337" dir="0" index="0" bw="1" slack="0"/>
<pin id="338" dir="1" index="1" bw="8" slack="4"/>
</pin_list>
<bind>
<opcode="alloca(26) " fcode="alloca"/>
<opset="round_keys_75_loc/1 "/>
</bind>
</comp>

<comp id="340" class="1004" name="round_keys_76_loc_fu_340">
<pin_list>
<pin id="341" dir="0" index="0" bw="1" slack="0"/>
<pin id="342" dir="1" index="1" bw="8" slack="4"/>
</pin_list>
<bind>
<opcode="alloca(26) " fcode="alloca"/>
<opset="round_keys_76_loc/1 "/>
</bind>
</comp>

<comp id="344" class="1004" name="round_keys_77_loc_fu_344">
<pin_list>
<pin id="345" dir="0" index="0" bw="1" slack="0"/>
<pin id="346" dir="1" index="1" bw="8" slack="4"/>
</pin_list>
<bind>
<opcode="alloca(26) " fcode="alloca"/>
<opset="round_keys_77_loc/1 "/>
</bind>
</comp>

<comp id="348" class="1004" name="round_keys_78_loc_fu_348">
<pin_list>
<pin id="349" dir="0" index="0" bw="1" slack="0"/>
<pin id="350" dir="1" index="1" bw="8" slack="4"/>
</pin_list>
<bind>
<opcode="alloca(26) " fcode="alloca"/>
<opset="round_keys_78_loc/1 "/>
</bind>
</comp>

<comp id="352" class="1004" name="round_keys_79_loc_fu_352">
<pin_list>
<pin id="353" dir="0" index="0" bw="1" slack="0"/>
<pin id="354" dir="1" index="1" bw="8" slack="4"/>
</pin_list>
<bind>
<opcode="alloca(26) " fcode="alloca"/>
<opset="round_keys_79_loc/1 "/>
</bind>
</comp>

<comp id="356" class="1004" name="round_keys_80_loc_fu_356">
<pin_list>
<pin id="357" dir="0" index="0" bw="1" slack="0"/>
<pin id="358" dir="1" index="1" bw="8" slack="4"/>
</pin_list>
<bind>
<opcode="alloca(26) " fcode="alloca"/>
<opset="round_keys_80_loc/1 "/>
</bind>
</comp>

<comp id="360" class="1004" name="round_keys_81_loc_fu_360">
<pin_list>
<pin id="361" dir="0" index="0" bw="1" slack="0"/>
<pin id="362" dir="1" index="1" bw="8" slack="4"/>
</pin_list>
<bind>
<opcode="alloca(26) " fcode="alloca"/>
<opset="round_keys_81_loc/1 "/>
</bind>
</comp>

<comp id="364" class="1004" name="round_keys_82_loc_fu_364">
<pin_list>
<pin id="365" dir="0" index="0" bw="1" slack="0"/>
<pin id="366" dir="1" index="1" bw="8" slack="4"/>
</pin_list>
<bind>
<opcode="alloca(26) " fcode="alloca"/>
<opset="round_keys_82_loc/1 "/>
</bind>
</comp>

<comp id="368" class="1004" name="round_keys_83_loc_fu_368">
<pin_list>
<pin id="369" dir="0" index="0" bw="1" slack="0"/>
<pin id="370" dir="1" index="1" bw="8" slack="4"/>
</pin_list>
<bind>
<opcode="alloca(26) " fcode="alloca"/>
<opset="round_keys_83_loc/1 "/>
</bind>
</comp>

<comp id="372" class="1004" name="round_keys_84_loc_fu_372">
<pin_list>
<pin id="373" dir="0" index="0" bw="1" slack="0"/>
<pin id="374" dir="1" index="1" bw="8" slack="4"/>
</pin_list>
<bind>
<opcode="alloca(26) " fcode="alloca"/>
<opset="round_keys_84_loc/1 "/>
</bind>
</comp>

<comp id="376" class="1004" name="round_keys_85_loc_fu_376">
<pin_list>
<pin id="377" dir="0" index="0" bw="1" slack="0"/>
<pin id="378" dir="1" index="1" bw="8" slack="4"/>
</pin_list>
<bind>
<opcode="alloca(26) " fcode="alloca"/>
<opset="round_keys_85_loc/1 "/>
</bind>
</comp>

<comp id="380" class="1004" name="round_keys_86_loc_fu_380">
<pin_list>
<pin id="381" dir="0" index="0" bw="1" slack="0"/>
<pin id="382" dir="1" index="1" bw="8" slack="4"/>
</pin_list>
<bind>
<opcode="alloca(26) " fcode="alloca"/>
<opset="round_keys_86_loc/1 "/>
</bind>
</comp>

<comp id="384" class="1004" name="round_keys_87_loc_fu_384">
<pin_list>
<pin id="385" dir="0" index="0" bw="1" slack="0"/>
<pin id="386" dir="1" index="1" bw="8" slack="4"/>
</pin_list>
<bind>
<opcode="alloca(26) " fcode="alloca"/>
<opset="round_keys_87_loc/1 "/>
</bind>
</comp>

<comp id="388" class="1004" name="round_keys_88_loc_fu_388">
<pin_list>
<pin id="389" dir="0" index="0" bw="1" slack="0"/>
<pin id="390" dir="1" index="1" bw="8" slack="4"/>
</pin_list>
<bind>
<opcode="alloca(26) " fcode="alloca"/>
<opset="round_keys_88_loc/1 "/>
</bind>
</comp>

<comp id="392" class="1004" name="round_keys_89_loc_fu_392">
<pin_list>
<pin id="393" dir="0" index="0" bw="1" slack="0"/>
<pin id="394" dir="1" index="1" bw="8" slack="4"/>
</pin_list>
<bind>
<opcode="alloca(26) " fcode="alloca"/>
<opset="round_keys_89_loc/1 "/>
</bind>
</comp>

<comp id="396" class="1004" name="round_keys_90_loc_fu_396">
<pin_list>
<pin id="397" dir="0" index="0" bw="1" slack="0"/>
<pin id="398" dir="1" index="1" bw="8" slack="4"/>
</pin_list>
<bind>
<opcode="alloca(26) " fcode="alloca"/>
<opset="round_keys_90_loc/1 "/>
</bind>
</comp>

<comp id="400" class="1004" name="round_keys_91_loc_fu_400">
<pin_list>
<pin id="401" dir="0" index="0" bw="1" slack="0"/>
<pin id="402" dir="1" index="1" bw="8" slack="4"/>
</pin_list>
<bind>
<opcode="alloca(26) " fcode="alloca"/>
<opset="round_keys_91_loc/1 "/>
</bind>
</comp>

<comp id="404" class="1004" name="round_keys_92_loc_fu_404">
<pin_list>
<pin id="405" dir="0" index="0" bw="1" slack="0"/>
<pin id="406" dir="1" index="1" bw="8" slack="4"/>
</pin_list>
<bind>
<opcode="alloca(26) " fcode="alloca"/>
<opset="round_keys_92_loc/1 "/>
</bind>
</comp>

<comp id="408" class="1004" name="round_keys_93_loc_fu_408">
<pin_list>
<pin id="409" dir="0" index="0" bw="1" slack="0"/>
<pin id="410" dir="1" index="1" bw="8" slack="4"/>
</pin_list>
<bind>
<opcode="alloca(26) " fcode="alloca"/>
<opset="round_keys_93_loc/1 "/>
</bind>
</comp>

<comp id="412" class="1004" name="round_keys_94_loc_fu_412">
<pin_list>
<pin id="413" dir="0" index="0" bw="1" slack="0"/>
<pin id="414" dir="1" index="1" bw="8" slack="4"/>
</pin_list>
<bind>
<opcode="alloca(26) " fcode="alloca"/>
<opset="round_keys_94_loc/1 "/>
</bind>
</comp>

<comp id="416" class="1004" name="round_keys_95_loc_fu_416">
<pin_list>
<pin id="417" dir="0" index="0" bw="1" slack="0"/>
<pin id="418" dir="1" index="1" bw="8" slack="4"/>
</pin_list>
<bind>
<opcode="alloca(26) " fcode="alloca"/>
<opset="round_keys_95_loc/1 "/>
</bind>
</comp>

<comp id="420" class="1004" name="round_keys_96_loc_fu_420">
<pin_list>
<pin id="421" dir="0" index="0" bw="1" slack="0"/>
<pin id="422" dir="1" index="1" bw="8" slack="4"/>
</pin_list>
<bind>
<opcode="alloca(26) " fcode="alloca"/>
<opset="round_keys_96_loc/1 "/>
</bind>
</comp>

<comp id="424" class="1004" name="round_keys_97_loc_fu_424">
<pin_list>
<pin id="425" dir="0" index="0" bw="1" slack="0"/>
<pin id="426" dir="1" index="1" bw="8" slack="4"/>
</pin_list>
<bind>
<opcode="alloca(26) " fcode="alloca"/>
<opset="round_keys_97_loc/1 "/>
</bind>
</comp>

<comp id="428" class="1004" name="round_keys_98_loc_fu_428">
<pin_list>
<pin id="429" dir="0" index="0" bw="1" slack="0"/>
<pin id="430" dir="1" index="1" bw="8" slack="4"/>
</pin_list>
<bind>
<opcode="alloca(26) " fcode="alloca"/>
<opset="round_keys_98_loc/1 "/>
</bind>
</comp>

<comp id="432" class="1004" name="round_keys_99_loc_fu_432">
<pin_list>
<pin id="433" dir="0" index="0" bw="1" slack="0"/>
<pin id="434" dir="1" index="1" bw="8" slack="4"/>
</pin_list>
<bind>
<opcode="alloca(26) " fcode="alloca"/>
<opset="round_keys_99_loc/1 "/>
</bind>
</comp>

<comp id="436" class="1004" name="round_keys_100_loc_fu_436">
<pin_list>
<pin id="437" dir="0" index="0" bw="1" slack="0"/>
<pin id="438" dir="1" index="1" bw="8" slack="4"/>
</pin_list>
<bind>
<opcode="alloca(26) " fcode="alloca"/>
<opset="round_keys_100_loc/1 "/>
</bind>
</comp>

<comp id="440" class="1004" name="round_keys_101_loc_fu_440">
<pin_list>
<pin id="441" dir="0" index="0" bw="1" slack="0"/>
<pin id="442" dir="1" index="1" bw="8" slack="4"/>
</pin_list>
<bind>
<opcode="alloca(26) " fcode="alloca"/>
<opset="round_keys_101_loc/1 "/>
</bind>
</comp>

<comp id="444" class="1004" name="round_keys_102_loc_fu_444">
<pin_list>
<pin id="445" dir="0" index="0" bw="1" slack="0"/>
<pin id="446" dir="1" index="1" bw="8" slack="4"/>
</pin_list>
<bind>
<opcode="alloca(26) " fcode="alloca"/>
<opset="round_keys_102_loc/1 "/>
</bind>
</comp>

<comp id="448" class="1004" name="round_keys_103_loc_fu_448">
<pin_list>
<pin id="449" dir="0" index="0" bw="1" slack="0"/>
<pin id="450" dir="1" index="1" bw="8" slack="4"/>
</pin_list>
<bind>
<opcode="alloca(26) " fcode="alloca"/>
<opset="round_keys_103_loc/1 "/>
</bind>
</comp>

<comp id="452" class="1004" name="round_keys_104_loc_fu_452">
<pin_list>
<pin id="453" dir="0" index="0" bw="1" slack="0"/>
<pin id="454" dir="1" index="1" bw="8" slack="4"/>
</pin_list>
<bind>
<opcode="alloca(26) " fcode="alloca"/>
<opset="round_keys_104_loc/1 "/>
</bind>
</comp>

<comp id="456" class="1004" name="round_keys_105_loc_fu_456">
<pin_list>
<pin id="457" dir="0" index="0" bw="1" slack="0"/>
<pin id="458" dir="1" index="1" bw="8" slack="4"/>
</pin_list>
<bind>
<opcode="alloca(26) " fcode="alloca"/>
<opset="round_keys_105_loc/1 "/>
</bind>
</comp>

<comp id="460" class="1004" name="round_keys_106_loc_fu_460">
<pin_list>
<pin id="461" dir="0" index="0" bw="1" slack="0"/>
<pin id="462" dir="1" index="1" bw="8" slack="4"/>
</pin_list>
<bind>
<opcode="alloca(26) " fcode="alloca"/>
<opset="round_keys_106_loc/1 "/>
</bind>
</comp>

<comp id="464" class="1004" name="round_keys_107_loc_fu_464">
<pin_list>
<pin id="465" dir="0" index="0" bw="1" slack="0"/>
<pin id="466" dir="1" index="1" bw="8" slack="4"/>
</pin_list>
<bind>
<opcode="alloca(26) " fcode="alloca"/>
<opset="round_keys_107_loc/1 "/>
</bind>
</comp>

<comp id="468" class="1004" name="round_keys_108_loc_fu_468">
<pin_list>
<pin id="469" dir="0" index="0" bw="1" slack="0"/>
<pin id="470" dir="1" index="1" bw="8" slack="4"/>
</pin_list>
<bind>
<opcode="alloca(26) " fcode="alloca"/>
<opset="round_keys_108_loc/1 "/>
</bind>
</comp>

<comp id="472" class="1004" name="round_keys_109_loc_fu_472">
<pin_list>
<pin id="473" dir="0" index="0" bw="1" slack="0"/>
<pin id="474" dir="1" index="1" bw="8" slack="4"/>
</pin_list>
<bind>
<opcode="alloca(26) " fcode="alloca"/>
<opset="round_keys_109_loc/1 "/>
</bind>
</comp>

<comp id="476" class="1004" name="round_keys_110_loc_fu_476">
<pin_list>
<pin id="477" dir="0" index="0" bw="1" slack="0"/>
<pin id="478" dir="1" index="1" bw="8" slack="4"/>
</pin_list>
<bind>
<opcode="alloca(26) " fcode="alloca"/>
<opset="round_keys_110_loc/1 "/>
</bind>
</comp>

<comp id="480" class="1004" name="round_keys_111_loc_fu_480">
<pin_list>
<pin id="481" dir="0" index="0" bw="1" slack="0"/>
<pin id="482" dir="1" index="1" bw="8" slack="4"/>
</pin_list>
<bind>
<opcode="alloca(26) " fcode="alloca"/>
<opset="round_keys_111_loc/1 "/>
</bind>
</comp>

<comp id="484" class="1004" name="round_keys_112_loc_fu_484">
<pin_list>
<pin id="485" dir="0" index="0" bw="1" slack="0"/>
<pin id="486" dir="1" index="1" bw="8" slack="4"/>
</pin_list>
<bind>
<opcode="alloca(26) " fcode="alloca"/>
<opset="round_keys_112_loc/1 "/>
</bind>
</comp>

<comp id="488" class="1004" name="round_keys_113_loc_fu_488">
<pin_list>
<pin id="489" dir="0" index="0" bw="1" slack="0"/>
<pin id="490" dir="1" index="1" bw="8" slack="4"/>
</pin_list>
<bind>
<opcode="alloca(26) " fcode="alloca"/>
<opset="round_keys_113_loc/1 "/>
</bind>
</comp>

<comp id="492" class="1004" name="round_keys_114_loc_fu_492">
<pin_list>
<pin id="493" dir="0" index="0" bw="1" slack="0"/>
<pin id="494" dir="1" index="1" bw="8" slack="4"/>
</pin_list>
<bind>
<opcode="alloca(26) " fcode="alloca"/>
<opset="round_keys_114_loc/1 "/>
</bind>
</comp>

<comp id="496" class="1004" name="round_keys_115_loc_fu_496">
<pin_list>
<pin id="497" dir="0" index="0" bw="1" slack="0"/>
<pin id="498" dir="1" index="1" bw="8" slack="4"/>
</pin_list>
<bind>
<opcode="alloca(26) " fcode="alloca"/>
<opset="round_keys_115_loc/1 "/>
</bind>
</comp>

<comp id="500" class="1004" name="round_keys_116_loc_fu_500">
<pin_list>
<pin id="501" dir="0" index="0" bw="1" slack="0"/>
<pin id="502" dir="1" index="1" bw="8" slack="4"/>
</pin_list>
<bind>
<opcode="alloca(26) " fcode="alloca"/>
<opset="round_keys_116_loc/1 "/>
</bind>
</comp>

<comp id="504" class="1004" name="round_keys_117_loc_fu_504">
<pin_list>
<pin id="505" dir="0" index="0" bw="1" slack="0"/>
<pin id="506" dir="1" index="1" bw="8" slack="4"/>
</pin_list>
<bind>
<opcode="alloca(26) " fcode="alloca"/>
<opset="round_keys_117_loc/1 "/>
</bind>
</comp>

<comp id="508" class="1004" name="round_keys_118_loc_fu_508">
<pin_list>
<pin id="509" dir="0" index="0" bw="1" slack="0"/>
<pin id="510" dir="1" index="1" bw="8" slack="4"/>
</pin_list>
<bind>
<opcode="alloca(26) " fcode="alloca"/>
<opset="round_keys_118_loc/1 "/>
</bind>
</comp>

<comp id="512" class="1004" name="round_keys_119_loc_fu_512">
<pin_list>
<pin id="513" dir="0" index="0" bw="1" slack="0"/>
<pin id="514" dir="1" index="1" bw="8" slack="4"/>
</pin_list>
<bind>
<opcode="alloca(26) " fcode="alloca"/>
<opset="round_keys_119_loc/1 "/>
</bind>
</comp>

<comp id="516" class="1004" name="round_keys_120_loc_fu_516">
<pin_list>
<pin id="517" dir="0" index="0" bw="1" slack="0"/>
<pin id="518" dir="1" index="1" bw="8" slack="4"/>
</pin_list>
<bind>
<opcode="alloca(26) " fcode="alloca"/>
<opset="round_keys_120_loc/1 "/>
</bind>
</comp>

<comp id="520" class="1004" name="round_keys_121_loc_fu_520">
<pin_list>
<pin id="521" dir="0" index="0" bw="1" slack="0"/>
<pin id="522" dir="1" index="1" bw="8" slack="4"/>
</pin_list>
<bind>
<opcode="alloca(26) " fcode="alloca"/>
<opset="round_keys_121_loc/1 "/>
</bind>
</comp>

<comp id="524" class="1004" name="round_keys_122_loc_fu_524">
<pin_list>
<pin id="525" dir="0" index="0" bw="1" slack="0"/>
<pin id="526" dir="1" index="1" bw="8" slack="4"/>
</pin_list>
<bind>
<opcode="alloca(26) " fcode="alloca"/>
<opset="round_keys_122_loc/1 "/>
</bind>
</comp>

<comp id="528" class="1004" name="round_keys_123_loc_fu_528">
<pin_list>
<pin id="529" dir="0" index="0" bw="1" slack="0"/>
<pin id="530" dir="1" index="1" bw="8" slack="4"/>
</pin_list>
<bind>
<opcode="alloca(26) " fcode="alloca"/>
<opset="round_keys_123_loc/1 "/>
</bind>
</comp>

<comp id="532" class="1004" name="round_keys_124_loc_fu_532">
<pin_list>
<pin id="533" dir="0" index="0" bw="1" slack="0"/>
<pin id="534" dir="1" index="1" bw="8" slack="4"/>
</pin_list>
<bind>
<opcode="alloca(26) " fcode="alloca"/>
<opset="round_keys_124_loc/1 "/>
</bind>
</comp>

<comp id="536" class="1004" name="round_keys_125_loc_fu_536">
<pin_list>
<pin id="537" dir="0" index="0" bw="1" slack="0"/>
<pin id="538" dir="1" index="1" bw="8" slack="4"/>
</pin_list>
<bind>
<opcode="alloca(26) " fcode="alloca"/>
<opset="round_keys_125_loc/1 "/>
</bind>
</comp>

<comp id="540" class="1004" name="round_keys_126_loc_fu_540">
<pin_list>
<pin id="541" dir="0" index="0" bw="1" slack="0"/>
<pin id="542" dir="1" index="1" bw="8" slack="4"/>
</pin_list>
<bind>
<opcode="alloca(26) " fcode="alloca"/>
<opset="round_keys_126_loc/1 "/>
</bind>
</comp>

<comp id="544" class="1004" name="round_keys_127_loc_fu_544">
<pin_list>
<pin id="545" dir="0" index="0" bw="1" slack="0"/>
<pin id="546" dir="1" index="1" bw="8" slack="4"/>
</pin_list>
<bind>
<opcode="alloca(26) " fcode="alloca"/>
<opset="round_keys_127_loc/1 "/>
</bind>
</comp>

<comp id="548" class="1004" name="round_keys_128_loc_fu_548">
<pin_list>
<pin id="549" dir="0" index="0" bw="1" slack="0"/>
<pin id="550" dir="1" index="1" bw="8" slack="4"/>
</pin_list>
<bind>
<opcode="alloca(26) " fcode="alloca"/>
<opset="round_keys_128_loc/1 "/>
</bind>
</comp>

<comp id="552" class="1004" name="round_keys_129_loc_fu_552">
<pin_list>
<pin id="553" dir="0" index="0" bw="1" slack="0"/>
<pin id="554" dir="1" index="1" bw="8" slack="4"/>
</pin_list>
<bind>
<opcode="alloca(26) " fcode="alloca"/>
<opset="round_keys_129_loc/1 "/>
</bind>
</comp>

<comp id="556" class="1004" name="round_keys_130_loc_fu_556">
<pin_list>
<pin id="557" dir="0" index="0" bw="1" slack="0"/>
<pin id="558" dir="1" index="1" bw="8" slack="4"/>
</pin_list>
<bind>
<opcode="alloca(26) " fcode="alloca"/>
<opset="round_keys_130_loc/1 "/>
</bind>
</comp>

<comp id="560" class="1004" name="round_keys_131_loc_fu_560">
<pin_list>
<pin id="561" dir="0" index="0" bw="1" slack="0"/>
<pin id="562" dir="1" index="1" bw="8" slack="4"/>
</pin_list>
<bind>
<opcode="alloca(26) " fcode="alloca"/>
<opset="round_keys_131_loc/1 "/>
</bind>
</comp>

<comp id="564" class="1004" name="round_keys_132_loc_fu_564">
<pin_list>
<pin id="565" dir="0" index="0" bw="1" slack="0"/>
<pin id="566" dir="1" index="1" bw="8" slack="4"/>
</pin_list>
<bind>
<opcode="alloca(26) " fcode="alloca"/>
<opset="round_keys_132_loc/1 "/>
</bind>
</comp>

<comp id="568" class="1004" name="round_keys_133_loc_fu_568">
<pin_list>
<pin id="569" dir="0" index="0" bw="1" slack="0"/>
<pin id="570" dir="1" index="1" bw="8" slack="4"/>
</pin_list>
<bind>
<opcode="alloca(26) " fcode="alloca"/>
<opset="round_keys_133_loc/1 "/>
</bind>
</comp>

<comp id="572" class="1004" name="round_keys_134_loc_fu_572">
<pin_list>
<pin id="573" dir="0" index="0" bw="1" slack="0"/>
<pin id="574" dir="1" index="1" bw="8" slack="4"/>
</pin_list>
<bind>
<opcode="alloca(26) " fcode="alloca"/>
<opset="round_keys_134_loc/1 "/>
</bind>
</comp>

<comp id="576" class="1004" name="round_keys_135_loc_fu_576">
<pin_list>
<pin id="577" dir="0" index="0" bw="1" slack="0"/>
<pin id="578" dir="1" index="1" bw="8" slack="4"/>
</pin_list>
<bind>
<opcode="alloca(26) " fcode="alloca"/>
<opset="round_keys_135_loc/1 "/>
</bind>
</comp>

<comp id="580" class="1004" name="round_keys_136_loc_fu_580">
<pin_list>
<pin id="581" dir="0" index="0" bw="1" slack="0"/>
<pin id="582" dir="1" index="1" bw="8" slack="4"/>
</pin_list>
<bind>
<opcode="alloca(26) " fcode="alloca"/>
<opset="round_keys_136_loc/1 "/>
</bind>
</comp>

<comp id="584" class="1004" name="round_keys_137_loc_fu_584">
<pin_list>
<pin id="585" dir="0" index="0" bw="1" slack="0"/>
<pin id="586" dir="1" index="1" bw="8" slack="4"/>
</pin_list>
<bind>
<opcode="alloca(26) " fcode="alloca"/>
<opset="round_keys_137_loc/1 "/>
</bind>
</comp>

<comp id="588" class="1004" name="round_keys_138_loc_fu_588">
<pin_list>
<pin id="589" dir="0" index="0" bw="1" slack="0"/>
<pin id="590" dir="1" index="1" bw="8" slack="4"/>
</pin_list>
<bind>
<opcode="alloca(26) " fcode="alloca"/>
<opset="round_keys_138_loc/1 "/>
</bind>
</comp>

<comp id="592" class="1004" name="round_keys_139_loc_fu_592">
<pin_list>
<pin id="593" dir="0" index="0" bw="1" slack="0"/>
<pin id="594" dir="1" index="1" bw="8" slack="4"/>
</pin_list>
<bind>
<opcode="alloca(26) " fcode="alloca"/>
<opset="round_keys_139_loc/1 "/>
</bind>
</comp>

<comp id="596" class="1004" name="round_keys_140_loc_fu_596">
<pin_list>
<pin id="597" dir="0" index="0" bw="1" slack="0"/>
<pin id="598" dir="1" index="1" bw="8" slack="4"/>
</pin_list>
<bind>
<opcode="alloca(26) " fcode="alloca"/>
<opset="round_keys_140_loc/1 "/>
</bind>
</comp>

<comp id="600" class="1004" name="round_keys_141_loc_fu_600">
<pin_list>
<pin id="601" dir="0" index="0" bw="1" slack="0"/>
<pin id="602" dir="1" index="1" bw="8" slack="4"/>
</pin_list>
<bind>
<opcode="alloca(26) " fcode="alloca"/>
<opset="round_keys_141_loc/1 "/>
</bind>
</comp>

<comp id="604" class="1004" name="round_keys_142_loc_fu_604">
<pin_list>
<pin id="605" dir="0" index="0" bw="1" slack="0"/>
<pin id="606" dir="1" index="1" bw="8" slack="4"/>
</pin_list>
<bind>
<opcode="alloca(26) " fcode="alloca"/>
<opset="round_keys_142_loc/1 "/>
</bind>
</comp>

<comp id="608" class="1004" name="round_keys_143_loc_fu_608">
<pin_list>
<pin id="609" dir="0" index="0" bw="1" slack="0"/>
<pin id="610" dir="1" index="1" bw="8" slack="4"/>
</pin_list>
<bind>
<opcode="alloca(26) " fcode="alloca"/>
<opset="round_keys_143_loc/1 "/>
</bind>
</comp>

<comp id="612" class="1004" name="round_keys_144_loc_fu_612">
<pin_list>
<pin id="613" dir="0" index="0" bw="1" slack="0"/>
<pin id="614" dir="1" index="1" bw="8" slack="4"/>
</pin_list>
<bind>
<opcode="alloca(26) " fcode="alloca"/>
<opset="round_keys_144_loc/1 "/>
</bind>
</comp>

<comp id="616" class="1004" name="round_keys_145_loc_fu_616">
<pin_list>
<pin id="617" dir="0" index="0" bw="1" slack="0"/>
<pin id="618" dir="1" index="1" bw="8" slack="4"/>
</pin_list>
<bind>
<opcode="alloca(26) " fcode="alloca"/>
<opset="round_keys_145_loc/1 "/>
</bind>
</comp>

<comp id="620" class="1004" name="round_keys_146_loc_fu_620">
<pin_list>
<pin id="621" dir="0" index="0" bw="1" slack="0"/>
<pin id="622" dir="1" index="1" bw="8" slack="4"/>
</pin_list>
<bind>
<opcode="alloca(26) " fcode="alloca"/>
<opset="round_keys_146_loc/1 "/>
</bind>
</comp>

<comp id="624" class="1004" name="round_keys_147_loc_fu_624">
<pin_list>
<pin id="625" dir="0" index="0" bw="1" slack="0"/>
<pin id="626" dir="1" index="1" bw="8" slack="4"/>
</pin_list>
<bind>
<opcode="alloca(26) " fcode="alloca"/>
<opset="round_keys_147_loc/1 "/>
</bind>
</comp>

<comp id="628" class="1004" name="round_keys_148_loc_fu_628">
<pin_list>
<pin id="629" dir="0" index="0" bw="1" slack="0"/>
<pin id="630" dir="1" index="1" bw="8" slack="4"/>
</pin_list>
<bind>
<opcode="alloca(26) " fcode="alloca"/>
<opset="round_keys_148_loc/1 "/>
</bind>
</comp>

<comp id="632" class="1004" name="round_keys_149_loc_fu_632">
<pin_list>
<pin id="633" dir="0" index="0" bw="1" slack="0"/>
<pin id="634" dir="1" index="1" bw="8" slack="4"/>
</pin_list>
<bind>
<opcode="alloca(26) " fcode="alloca"/>
<opset="round_keys_149_loc/1 "/>
</bind>
</comp>

<comp id="636" class="1004" name="round_keys_150_loc_fu_636">
<pin_list>
<pin id="637" dir="0" index="0" bw="1" slack="0"/>
<pin id="638" dir="1" index="1" bw="8" slack="4"/>
</pin_list>
<bind>
<opcode="alloca(26) " fcode="alloca"/>
<opset="round_keys_150_loc/1 "/>
</bind>
</comp>

<comp id="640" class="1004" name="round_keys_151_loc_fu_640">
<pin_list>
<pin id="641" dir="0" index="0" bw="1" slack="0"/>
<pin id="642" dir="1" index="1" bw="8" slack="4"/>
</pin_list>
<bind>
<opcode="alloca(26) " fcode="alloca"/>
<opset="round_keys_151_loc/1 "/>
</bind>
</comp>

<comp id="644" class="1004" name="round_keys_152_loc_fu_644">
<pin_list>
<pin id="645" dir="0" index="0" bw="1" slack="0"/>
<pin id="646" dir="1" index="1" bw="8" slack="4"/>
</pin_list>
<bind>
<opcode="alloca(26) " fcode="alloca"/>
<opset="round_keys_152_loc/1 "/>
</bind>
</comp>

<comp id="648" class="1004" name="round_keys_153_loc_fu_648">
<pin_list>
<pin id="649" dir="0" index="0" bw="1" slack="0"/>
<pin id="650" dir="1" index="1" bw="8" slack="4"/>
</pin_list>
<bind>
<opcode="alloca(26) " fcode="alloca"/>
<opset="round_keys_153_loc/1 "/>
</bind>
</comp>

<comp id="652" class="1004" name="round_keys_154_loc_fu_652">
<pin_list>
<pin id="653" dir="0" index="0" bw="1" slack="0"/>
<pin id="654" dir="1" index="1" bw="8" slack="4"/>
</pin_list>
<bind>
<opcode="alloca(26) " fcode="alloca"/>
<opset="round_keys_154_loc/1 "/>
</bind>
</comp>

<comp id="656" class="1004" name="round_keys_155_loc_fu_656">
<pin_list>
<pin id="657" dir="0" index="0" bw="1" slack="0"/>
<pin id="658" dir="1" index="1" bw="8" slack="4"/>
</pin_list>
<bind>
<opcode="alloca(26) " fcode="alloca"/>
<opset="round_keys_155_loc/1 "/>
</bind>
</comp>

<comp id="660" class="1004" name="round_keys_156_loc_fu_660">
<pin_list>
<pin id="661" dir="0" index="0" bw="1" slack="0"/>
<pin id="662" dir="1" index="1" bw="8" slack="4"/>
</pin_list>
<bind>
<opcode="alloca(26) " fcode="alloca"/>
<opset="round_keys_156_loc/1 "/>
</bind>
</comp>

<comp id="664" class="1004" name="round_keys_157_loc_fu_664">
<pin_list>
<pin id="665" dir="0" index="0" bw="1" slack="0"/>
<pin id="666" dir="1" index="1" bw="8" slack="4"/>
</pin_list>
<bind>
<opcode="alloca(26) " fcode="alloca"/>
<opset="round_keys_157_loc/1 "/>
</bind>
</comp>

<comp id="668" class="1004" name="round_keys_158_loc_fu_668">
<pin_list>
<pin id="669" dir="0" index="0" bw="1" slack="0"/>
<pin id="670" dir="1" index="1" bw="8" slack="4"/>
</pin_list>
<bind>
<opcode="alloca(26) " fcode="alloca"/>
<opset="round_keys_158_loc/1 "/>
</bind>
</comp>

<comp id="672" class="1004" name="round_keys_159_loc_fu_672">
<pin_list>
<pin id="673" dir="0" index="0" bw="1" slack="0"/>
<pin id="674" dir="1" index="1" bw="8" slack="4"/>
</pin_list>
<bind>
<opcode="alloca(26) " fcode="alloca"/>
<opset="round_keys_159_loc/1 "/>
</bind>
</comp>

<comp id="676" class="1004" name="round_keys_160_loc_fu_676">
<pin_list>
<pin id="677" dir="0" index="0" bw="1" slack="0"/>
<pin id="678" dir="1" index="1" bw="8" slack="4"/>
</pin_list>
<bind>
<opcode="alloca(26) " fcode="alloca"/>
<opset="round_keys_160_loc/1 "/>
</bind>
</comp>

<comp id="680" class="1004" name="round_keys_161_loc_fu_680">
<pin_list>
<pin id="681" dir="0" index="0" bw="1" slack="0"/>
<pin id="682" dir="1" index="1" bw="8" slack="4"/>
</pin_list>
<bind>
<opcode="alloca(26) " fcode="alloca"/>
<opset="round_keys_161_loc/1 "/>
</bind>
</comp>

<comp id="684" class="1004" name="round_keys_162_loc_fu_684">
<pin_list>
<pin id="685" dir="0" index="0" bw="1" slack="0"/>
<pin id="686" dir="1" index="1" bw="8" slack="4"/>
</pin_list>
<bind>
<opcode="alloca(26) " fcode="alloca"/>
<opset="round_keys_162_loc/1 "/>
</bind>
</comp>

<comp id="688" class="1004" name="round_keys_163_loc_fu_688">
<pin_list>
<pin id="689" dir="0" index="0" bw="1" slack="0"/>
<pin id="690" dir="1" index="1" bw="8" slack="4"/>
</pin_list>
<bind>
<opcode="alloca(26) " fcode="alloca"/>
<opset="round_keys_163_loc/1 "/>
</bind>
</comp>

<comp id="692" class="1004" name="round_keys_164_loc_fu_692">
<pin_list>
<pin id="693" dir="0" index="0" bw="1" slack="0"/>
<pin id="694" dir="1" index="1" bw="8" slack="4"/>
</pin_list>
<bind>
<opcode="alloca(26) " fcode="alloca"/>
<opset="round_keys_164_loc/1 "/>
</bind>
</comp>

<comp id="696" class="1004" name="round_keys_165_loc_fu_696">
<pin_list>
<pin id="697" dir="0" index="0" bw="1" slack="0"/>
<pin id="698" dir="1" index="1" bw="8" slack="4"/>
</pin_list>
<bind>
<opcode="alloca(26) " fcode="alloca"/>
<opset="round_keys_165_loc/1 "/>
</bind>
</comp>

<comp id="700" class="1004" name="round_keys_166_loc_fu_700">
<pin_list>
<pin id="701" dir="0" index="0" bw="1" slack="0"/>
<pin id="702" dir="1" index="1" bw="8" slack="4"/>
</pin_list>
<bind>
<opcode="alloca(26) " fcode="alloca"/>
<opset="round_keys_166_loc/1 "/>
</bind>
</comp>

<comp id="704" class="1004" name="round_keys_167_loc_fu_704">
<pin_list>
<pin id="705" dir="0" index="0" bw="1" slack="0"/>
<pin id="706" dir="1" index="1" bw="8" slack="4"/>
</pin_list>
<bind>
<opcode="alloca(26) " fcode="alloca"/>
<opset="round_keys_167_loc/1 "/>
</bind>
</comp>

<comp id="708" class="1004" name="round_keys_168_loc_fu_708">
<pin_list>
<pin id="709" dir="0" index="0" bw="1" slack="0"/>
<pin id="710" dir="1" index="1" bw="8" slack="4"/>
</pin_list>
<bind>
<opcode="alloca(26) " fcode="alloca"/>
<opset="round_keys_168_loc/1 "/>
</bind>
</comp>

<comp id="712" class="1004" name="round_keys_169_loc_fu_712">
<pin_list>
<pin id="713" dir="0" index="0" bw="1" slack="0"/>
<pin id="714" dir="1" index="1" bw="8" slack="4"/>
</pin_list>
<bind>
<opcode="alloca(26) " fcode="alloca"/>
<opset="round_keys_169_loc/1 "/>
</bind>
</comp>

<comp id="716" class="1004" name="round_keys_170_loc_fu_716">
<pin_list>
<pin id="717" dir="0" index="0" bw="1" slack="0"/>
<pin id="718" dir="1" index="1" bw="8" slack="4"/>
</pin_list>
<bind>
<opcode="alloca(26) " fcode="alloca"/>
<opset="round_keys_170_loc/1 "/>
</bind>
</comp>

<comp id="720" class="1004" name="round_keys_171_loc_fu_720">
<pin_list>
<pin id="721" dir="0" index="0" bw="1" slack="0"/>
<pin id="722" dir="1" index="1" bw="8" slack="4"/>
</pin_list>
<bind>
<opcode="alloca(26) " fcode="alloca"/>
<opset="round_keys_171_loc/1 "/>
</bind>
</comp>

<comp id="724" class="1004" name="round_keys_172_loc_fu_724">
<pin_list>
<pin id="725" dir="0" index="0" bw="1" slack="0"/>
<pin id="726" dir="1" index="1" bw="8" slack="4"/>
</pin_list>
<bind>
<opcode="alloca(26) " fcode="alloca"/>
<opset="round_keys_172_loc/1 "/>
</bind>
</comp>

<comp id="728" class="1004" name="round_keys_173_loc_fu_728">
<pin_list>
<pin id="729" dir="0" index="0" bw="1" slack="0"/>
<pin id="730" dir="1" index="1" bw="8" slack="4"/>
</pin_list>
<bind>
<opcode="alloca(26) " fcode="alloca"/>
<opset="round_keys_173_loc/1 "/>
</bind>
</comp>

<comp id="732" class="1004" name="round_keys_174_loc_fu_732">
<pin_list>
<pin id="733" dir="0" index="0" bw="1" slack="0"/>
<pin id="734" dir="1" index="1" bw="8" slack="4"/>
</pin_list>
<bind>
<opcode="alloca(26) " fcode="alloca"/>
<opset="round_keys_174_loc/1 "/>
</bind>
</comp>

<comp id="736" class="1004" name="round_keys_175_loc_fu_736">
<pin_list>
<pin id="737" dir="0" index="0" bw="1" slack="0"/>
<pin id="738" dir="1" index="1" bw="8" slack="4"/>
</pin_list>
<bind>
<opcode="alloca(26) " fcode="alloca"/>
<opset="round_keys_175_loc/1 "/>
</bind>
</comp>

<comp id="740" class="1004" name="key_0_addr_gep_fu_740">
<pin_list>
<pin id="741" dir="0" index="0" bw="8" slack="0"/>
<pin id="742" dir="0" index="1" bw="1" slack="0"/>
<pin id="743" dir="0" index="2" bw="1" slack="0"/>
<pin id="744" dir="1" index="3" bw="3" slack="0"/>
</pin_list>
<bind>
<opcode="getelementptr(29) " fcode="getelementptr"/>
<opset="key_0_addr/1 "/>
</bind>
</comp>

<comp id="748" class="1004" name="grp_access_fu_748">
<pin_list>
<pin id="749" dir="0" index="0" bw="3" slack="0"/>
<pin id="750" dir="0" index="1" bw="8" slack="2147483647"/>
<pin id="751" dir="0" index="2" bw="0" slack="0"/>
<pin id="753" dir="0" index="4" bw="3" slack="2147483647"/>
<pin id="754" dir="0" index="5" bw="8" slack="2147483647"/>
<pin id="755" dir="0" index="6" bw="0" slack="2147483647"/>
<pin id="752" dir="1" index="3" bw="8" slack="0"/>
<pin id="756" dir="1" index="7" bw="8" slack="0"/>
</pin_list>
<bind>
<opcode="load(27) " fcode="load"/>
<opset="round_keys/1 round_keys_181/1 round_keys_183/2 round_keys_185/2 round_keys_187/3 round_keys_189/3 round_keys_191/4 round_keys_193/4 "/>
</bind>
</comp>

<comp id="758" class="1004" name="key_1_addr_gep_fu_758">
<pin_list>
<pin id="759" dir="0" index="0" bw="8" slack="0"/>
<pin id="760" dir="0" index="1" bw="1" slack="0"/>
<pin id="761" dir="0" index="2" bw="1" slack="0"/>
<pin id="762" dir="1" index="3" bw="3" slack="0"/>
</pin_list>
<bind>
<opcode="getelementptr(29) " fcode="getelementptr"/>
<opset="key_1_addr/1 "/>
</bind>
</comp>

<comp id="766" class="1004" name="grp_access_fu_766">
<pin_list>
<pin id="767" dir="0" index="0" bw="3" slack="0"/>
<pin id="768" dir="0" index="1" bw="8" slack="2147483647"/>
<pin id="769" dir="0" index="2" bw="0" slack="0"/>
<pin id="771" dir="0" index="4" bw="3" slack="2147483647"/>
<pin id="772" dir="0" index="5" bw="8" slack="2147483647"/>
<pin id="773" dir="0" index="6" bw="0" slack="2147483647"/>
<pin id="770" dir="1" index="3" bw="8" slack="0"/>
<pin id="774" dir="1" index="7" bw="8" slack="0"/>
</pin_list>
<bind>
<opcode="load(27) " fcode="load"/>
<opset="round_keys_180/1 round_keys_182/1 round_keys_184/2 round_keys_186/2 round_keys_188/3 round_keys_190/3 round_keys_192/4 round_keys_194/4 "/>
</bind>
</comp>

<comp id="776" class="1004" name="key_0_addr_1_gep_fu_776">
<pin_list>
<pin id="777" dir="0" index="0" bw="8" slack="0"/>
<pin id="778" dir="0" index="1" bw="1" slack="0"/>
<pin id="779" dir="0" index="2" bw="1" slack="0"/>
<pin id="780" dir="1" index="3" bw="3" slack="0"/>
</pin_list>
<bind>
<opcode="getelementptr(29) " fcode="getelementptr"/>
<opset="key_0_addr_1/1 "/>
</bind>
</comp>

<comp id="785" class="1004" name="key_1_addr_1_gep_fu_785">
<pin_list>
<pin id="786" dir="0" index="0" bw="8" slack="0"/>
<pin id="787" dir="0" index="1" bw="1" slack="0"/>
<pin id="788" dir="0" index="2" bw="1" slack="0"/>
<pin id="789" dir="1" index="3" bw="3" slack="0"/>
</pin_list>
<bind>
<opcode="getelementptr(29) " fcode="getelementptr"/>
<opset="key_1_addr_1/1 "/>
</bind>
</comp>

<comp id="794" class="1004" name="key_0_addr_2_gep_fu_794">
<pin_list>
<pin id="795" dir="0" index="0" bw="8" slack="0"/>
<pin id="796" dir="0" index="1" bw="1" slack="0"/>
<pin id="797" dir="0" index="2" bw="3" slack="0"/>
<pin id="798" dir="1" index="3" bw="3" slack="0"/>
</pin_list>
<bind>
<opcode="getelementptr(29) " fcode="getelementptr"/>
<opset="key_0_addr_2/2 "/>
</bind>
</comp>

<comp id="803" class="1004" name="key_1_addr_2_gep_fu_803">
<pin_list>
<pin id="804" dir="0" index="0" bw="8" slack="0"/>
<pin id="805" dir="0" index="1" bw="1" slack="0"/>
<pin id="806" dir="0" index="2" bw="3" slack="0"/>
<pin id="807" dir="1" index="3" bw="3" slack="0"/>
</pin_list>
<bind>
<opcode="getelementptr(29) " fcode="getelementptr"/>
<opset="key_1_addr_2/2 "/>
</bind>
</comp>

<comp id="812" class="1004" name="key_0_addr_3_gep_fu_812">
<pin_list>
<pin id="813" dir="0" index="0" bw="8" slack="0"/>
<pin id="814" dir="0" index="1" bw="1" slack="0"/>
<pin id="815" dir="0" index="2" bw="3" slack="0"/>
<pin id="816" dir="1" index="3" bw="3" slack="0"/>
</pin_list>
<bind>
<opcode="getelementptr(29) " fcode="getelementptr"/>
<opset="key_0_addr_3/2 "/>
</bind>
</comp>

<comp id="821" class="1004" name="key_1_addr_3_gep_fu_821">
<pin_list>
<pin id="822" dir="0" index="0" bw="8" slack="0"/>
<pin id="823" dir="0" index="1" bw="1" slack="0"/>
<pin id="824" dir="0" index="2" bw="3" slack="0"/>
<pin id="825" dir="1" index="3" bw="3" slack="0"/>
</pin_list>
<bind>
<opcode="getelementptr(29) " fcode="getelementptr"/>
<opset="key_1_addr_3/2 "/>
</bind>
</comp>

<comp id="830" class="1004" name="key_0_addr_4_gep_fu_830">
<pin_list>
<pin id="831" dir="0" index="0" bw="8" slack="0"/>
<pin id="832" dir="0" index="1" bw="1" slack="0"/>
<pin id="833" dir="0" index="2" bw="4" slack="0"/>
<pin id="834" dir="1" index="3" bw="3" slack="0"/>
</pin_list>
<bind>
<opcode="getelementptr(29) " fcode="getelementptr"/>
<opset="key_0_addr_4/3 "/>
</bind>
</comp>

<comp id="839" class="1004" name="key_1_addr_4_gep_fu_839">
<pin_list>
<pin id="840" dir="0" index="0" bw="8" slack="0"/>
<pin id="841" dir="0" index="1" bw="1" slack="0"/>
<pin id="842" dir="0" index="2" bw="4" slack="0"/>
<pin id="843" dir="1" index="3" bw="3" slack="0"/>
</pin_list>
<bind>
<opcode="getelementptr(29) " fcode="getelementptr"/>
<opset="key_1_addr_4/3 "/>
</bind>
</comp>

<comp id="848" class="1004" name="key_0_addr_5_gep_fu_848">
<pin_list>
<pin id="849" dir="0" index="0" bw="8" slack="0"/>
<pin id="850" dir="0" index="1" bw="1" slack="0"/>
<pin id="851" dir="0" index="2" bw="4" slack="0"/>
<pin id="852" dir="1" index="3" bw="3" slack="0"/>
</pin_list>
<bind>
<opcode="getelementptr(29) " fcode="getelementptr"/>
<opset="key_0_addr_5/3 "/>
</bind>
</comp>

<comp id="857" class="1004" name="key_1_addr_5_gep_fu_857">
<pin_list>
<pin id="858" dir="0" index="0" bw="8" slack="0"/>
<pin id="859" dir="0" index="1" bw="1" slack="0"/>
<pin id="860" dir="0" index="2" bw="4" slack="0"/>
<pin id="861" dir="1" index="3" bw="3" slack="0"/>
</pin_list>
<bind>
<opcode="getelementptr(29) " fcode="getelementptr"/>
<opset="key_1_addr_5/3 "/>
</bind>
</comp>

<comp id="866" class="1004" name="plaintext_0_addr_gep_fu_866">
<pin_list>
<pin id="867" dir="0" index="0" bw="8" slack="0"/>
<pin id="868" dir="0" index="1" bw="1" slack="0"/>
<pin id="869" dir="0" index="2" bw="1" slack="0"/>
<pin id="870" dir="1" index="3" bw="3" slack="0"/>
</pin_list>
<bind>
<opcode="getelementptr(29) " fcode="getelementptr"/>
<opset="plaintext_0_addr/3 "/>
</bind>
</comp>

<comp id="874" class="1004" name="grp_access_fu_874">
<pin_list>
<pin id="875" dir="0" index="0" bw="3" slack="0"/>
<pin id="876" dir="0" index="1" bw="8" slack="2147483647"/>
<pin id="877" dir="0" index="2" bw="0" slack="0"/>
<pin id="879" dir="0" index="4" bw="3" slack="2147483647"/>
<pin id="880" dir="0" index="5" bw="8" slack="2147483647"/>
<pin id="881" dir="0" index="6" bw="0" slack="2147483647"/>
<pin id="878" dir="1" index="3" bw="8" slack="0"/>
<pin id="882" dir="1" index="7" bw="8" slack="0"/>
</pin_list>
<bind>
<opcode="load(27) " fcode="load"/>
<opset="plaintext_0_load/3 plaintext_0_load_1/3 plaintext_0_load_2/4 plaintext_0_load_3/4 state/5 state_2/5 state_4/6 state_6/6 "/>
</bind>
</comp>

<comp id="884" class="1004" name="plaintext_1_addr_gep_fu_884">
<pin_list>
<pin id="885" dir="0" index="0" bw="8" slack="0"/>
<pin id="886" dir="0" index="1" bw="1" slack="0"/>
<pin id="887" dir="0" index="2" bw="1" slack="0"/>
<pin id="888" dir="1" index="3" bw="3" slack="0"/>
</pin_list>
<bind>
<opcode="getelementptr(29) " fcode="getelementptr"/>
<opset="plaintext_1_addr/3 "/>
</bind>
</comp>

<comp id="892" class="1004" name="grp_access_fu_892">
<pin_list>
<pin id="893" dir="0" index="0" bw="3" slack="0"/>
<pin id="894" dir="0" index="1" bw="8" slack="2147483647"/>
<pin id="895" dir="0" index="2" bw="0" slack="0"/>
<pin id="897" dir="0" index="4" bw="3" slack="2147483647"/>
<pin id="898" dir="0" index="5" bw="8" slack="2147483647"/>
<pin id="899" dir="0" index="6" bw="0" slack="2147483647"/>
<pin id="896" dir="1" index="3" bw="8" slack="0"/>
<pin id="900" dir="1" index="7" bw="8" slack="0"/>
</pin_list>
<bind>
<opcode="load(27) " fcode="load"/>
<opset="plaintext_1_load/3 plaintext_1_load_1/3 plaintext_1_load_2/4 plaintext_1_load_3/4 state_1/5 state_3/5 state_5/6 state_7/6 "/>
</bind>
</comp>

<comp id="902" class="1004" name="plaintext_0_addr_1_gep_fu_902">
<pin_list>
<pin id="903" dir="0" index="0" bw="8" slack="0"/>
<pin id="904" dir="0" index="1" bw="1" slack="0"/>
<pin id="905" dir="0" index="2" bw="1" slack="0"/>
<pin id="906" dir="1" index="3" bw="3" slack="0"/>
</pin_list>
<bind>
<opcode="getelementptr(29) " fcode="getelementptr"/>
<opset="plaintext_0_addr_1/3 "/>
</bind>
</comp>

<comp id="911" class="1004" name="plaintext_1_addr_1_gep_fu_911">
<pin_list>
<pin id="912" dir="0" index="0" bw="8" slack="0"/>
<pin id="913" dir="0" index="1" bw="1" slack="0"/>
<pin id="914" dir="0" index="2" bw="1" slack="0"/>
<pin id="915" dir="1" index="3" bw="3" slack="0"/>
</pin_list>
<bind>
<opcode="getelementptr(29) " fcode="getelementptr"/>
<opset="plaintext_1_addr_1/3 "/>
</bind>
</comp>

<comp id="920" class="1004" name="key_0_addr_6_gep_fu_920">
<pin_list>
<pin id="921" dir="0" index="0" bw="8" slack="0"/>
<pin id="922" dir="0" index="1" bw="1" slack="0"/>
<pin id="923" dir="0" index="2" bw="4" slack="0"/>
<pin id="924" dir="1" index="3" bw="3" slack="0"/>
</pin_list>
<bind>
<opcode="getelementptr(29) " fcode="getelementptr"/>
<opset="key_0_addr_6/4 "/>
</bind>
</comp>

<comp id="929" class="1004" name="key_1_addr_6_gep_fu_929">
<pin_list>
<pin id="930" dir="0" index="0" bw="8" slack="0"/>
<pin id="931" dir="0" index="1" bw="1" slack="0"/>
<pin id="932" dir="0" index="2" bw="4" slack="0"/>
<pin id="933" dir="1" index="3" bw="3" slack="0"/>
</pin_list>
<bind>
<opcode="getelementptr(29) " fcode="getelementptr"/>
<opset="key_1_addr_6/4 "/>
</bind>
</comp>

<comp id="938" class="1004" name="key_0_addr_7_gep_fu_938">
<pin_list>
<pin id="939" dir="0" index="0" bw="8" slack="0"/>
<pin id="940" dir="0" index="1" bw="1" slack="0"/>
<pin id="941" dir="0" index="2" bw="4" slack="0"/>
<pin id="942" dir="1" index="3" bw="3" slack="0"/>
</pin_list>
<bind>
<opcode="getelementptr(29) " fcode="getelementptr"/>
<opset="key_0_addr_7/4 "/>
</bind>
</comp>

<comp id="947" class="1004" name="key_1_addr_7_gep_fu_947">
<pin_list>
<pin id="948" dir="0" index="0" bw="8" slack="0"/>
<pin id="949" dir="0" index="1" bw="1" slack="0"/>
<pin id="950" dir="0" index="2" bw="4" slack="0"/>
<pin id="951" dir="1" index="3" bw="3" slack="0"/>
</pin_list>
<bind>
<opcode="getelementptr(29) " fcode="getelementptr"/>
<opset="key_1_addr_7/4 "/>
</bind>
</comp>

<comp id="956" class="1004" name="plaintext_0_addr_2_gep_fu_956">
<pin_list>
<pin id="957" dir="0" index="0" bw="8" slack="0"/>
<pin id="958" dir="0" index="1" bw="1" slack="0"/>
<pin id="959" dir="0" index="2" bw="3" slack="0"/>
<pin id="960" dir="1" index="3" bw="3" slack="0"/>
</pin_list>
<bind>
<opcode="getelementptr(29) " fcode="getelementptr"/>
<opset="plaintext_0_addr_2/4 "/>
</bind>
</comp>

<comp id="965" class="1004" name="plaintext_1_addr_2_gep_fu_965">
<pin_list>
<pin id="966" dir="0" index="0" bw="8" slack="0"/>
<pin id="967" dir="0" index="1" bw="1" slack="0"/>
<pin id="968" dir="0" index="2" bw="3" slack="0"/>
<pin id="969" dir="1" index="3" bw="3" slack="0"/>
</pin_list>
<bind>
<opcode="getelementptr(29) " fcode="getelementptr"/>
<opset="plaintext_1_addr_2/4 "/>
</bind>
</comp>

<comp id="974" class="1004" name="plaintext_0_addr_3_gep_fu_974">
<pin_list>
<pin id="975" dir="0" index="0" bw="8" slack="0"/>
<pin id="976" dir="0" index="1" bw="1" slack="0"/>
<pin id="977" dir="0" index="2" bw="3" slack="0"/>
<pin id="978" dir="1" index="3" bw="3" slack="0"/>
</pin_list>
<bind>
<opcode="getelementptr(29) " fcode="getelementptr"/>
<opset="plaintext_0_addr_3/4 "/>
</bind>
</comp>

<comp id="983" class="1004" name="plaintext_1_addr_3_gep_fu_983">
<pin_list>
<pin id="984" dir="0" index="0" bw="8" slack="0"/>
<pin id="985" dir="0" index="1" bw="1" slack="0"/>
<pin id="986" dir="0" index="2" bw="3" slack="0"/>
<pin id="987" dir="1" index="3" bw="3" slack="0"/>
</pin_list>
<bind>
<opcode="getelementptr(29) " fcode="getelementptr"/>
<opset="plaintext_1_addr_3/4 "/>
</bind>
</comp>

<comp id="992" class="1004" name="plaintext_0_addr_4_gep_fu_992">
<pin_list>
<pin id="993" dir="0" index="0" bw="8" slack="0"/>
<pin id="994" dir="0" index="1" bw="1" slack="0"/>
<pin id="995" dir="0" index="2" bw="4" slack="0"/>
<pin id="996" dir="1" index="3" bw="3" slack="0"/>
</pin_list>
<bind>
<opcode="getelementptr(29) " fcode="getelementptr"/>
<opset="plaintext_0_addr_4/5 "/>
</bind>
</comp>

<comp id="1001" class="1004" name="plaintext_1_addr_4_gep_fu_1001">
<pin_list>
<pin id="1002" dir="0" index="0" bw="8" slack="0"/>
<pin id="1003" dir="0" index="1" bw="1" slack="0"/>
<pin id="1004" dir="0" index="2" bw="4" slack="0"/>
<pin id="1005" dir="1" index="3" bw="3" slack="0"/>
</pin_list>
<bind>
<opcode="getelementptr(29) " fcode="getelementptr"/>
<opset="plaintext_1_addr_4/5 "/>
</bind>
</comp>

<comp id="1010" class="1004" name="plaintext_0_addr_5_gep_fu_1010">
<pin_list>
<pin id="1011" dir="0" index="0" bw="8" slack="0"/>
<pin id="1012" dir="0" index="1" bw="1" slack="0"/>
<pin id="1013" dir="0" index="2" bw="4" slack="0"/>
<pin id="1014" dir="1" index="3" bw="3" slack="0"/>
</pin_list>
<bind>
<opcode="getelementptr(29) " fcode="getelementptr"/>
<opset="plaintext_0_addr_5/5 "/>
</bind>
</comp>

<comp id="1019" class="1004" name="plaintext_1_addr_5_gep_fu_1019">
<pin_list>
<pin id="1020" dir="0" index="0" bw="8" slack="0"/>
<pin id="1021" dir="0" index="1" bw="1" slack="0"/>
<pin id="1022" dir="0" index="2" bw="4" slack="0"/>
<pin id="1023" dir="1" index="3" bw="3" slack="0"/>
</pin_list>
<bind>
<opcode="getelementptr(29) " fcode="getelementptr"/>
<opset="plaintext_1_addr_5/5 "/>
</bind>
</comp>

<comp id="1028" class="1004" name="plaintext_0_addr_6_gep_fu_1028">
<pin_list>
<pin id="1029" dir="0" index="0" bw="8" slack="0"/>
<pin id="1030" dir="0" index="1" bw="1" slack="0"/>
<pin id="1031" dir="0" index="2" bw="4" slack="0"/>
<pin id="1032" dir="1" index="3" bw="3" slack="0"/>
</pin_list>
<bind>
<opcode="getelementptr(29) " fcode="getelementptr"/>
<opset="plaintext_0_addr_6/6 "/>
</bind>
</comp>

<comp id="1037" class="1004" name="plaintext_1_addr_6_gep_fu_1037">
<pin_list>
<pin id="1038" dir="0" index="0" bw="8" slack="0"/>
<pin id="1039" dir="0" index="1" bw="1" slack="0"/>
<pin id="1040" dir="0" index="2" bw="4" slack="0"/>
<pin id="1041" dir="1" index="3" bw="3" slack="0"/>
</pin_list>
<bind>
<opcode="getelementptr(29) " fcode="getelementptr"/>
<opset="plaintext_1_addr_6/6 "/>
</bind>
</comp>

<comp id="1046" class="1004" name="plaintext_0_addr_7_gep_fu_1046">
<pin_list>
<pin id="1047" dir="0" index="0" bw="8" slack="0"/>
<pin id="1048" dir="0" index="1" bw="1" slack="0"/>
<pin id="1049" dir="0" index="2" bw="4" slack="0"/>
<pin id="1050" dir="1" index="3" bw="3" slack="0"/>
</pin_list>
<bind>
<opcode="getelementptr(29) " fcode="getelementptr"/>
<opset="plaintext_0_addr_7/6 "/>
</bind>
</comp>

<comp id="1055" class="1004" name="plaintext_1_addr_7_gep_fu_1055">
<pin_list>
<pin id="1056" dir="0" index="0" bw="8" slack="0"/>
<pin id="1057" dir="0" index="1" bw="1" slack="0"/>
<pin id="1058" dir="0" index="2" bw="4" slack="0"/>
<pin id="1059" dir="1" index="3" bw="3" slack="0"/>
</pin_list>
<bind>
<opcode="getelementptr(29) " fcode="getelementptr"/>
<opset="plaintext_1_addr_7/6 "/>
</bind>
</comp>

<comp id="1064" class="1004" name="SBOX_addr_4_gep_fu_1064">
<pin_list>
<pin id="1065" dir="0" index="0" bw="8" slack="0"/>
<pin id="1066" dir="0" index="1" bw="1" slack="0"/>
<pin id="1067" dir="0" index="2" bw="8" slack="0"/>
<pin id="1068" dir="1" index="3" bw="8" slack="0"/>
</pin_list>
<bind>
<opcode="getelementptr(29) " fcode="getelementptr"/>
<opset="SBOX_addr_4/9 "/>
</bind>
</comp>

<comp id="1071" class="1004" name="grp_access_fu_1071">
<pin_list>
<pin id="1072" dir="0" index="0" bw="8" slack="0"/>
<pin id="1073" dir="0" index="1" bw="8" slack="2147483647"/>
<pin id="1074" dir="0" index="2" bw="0" slack="0"/>
<pin id="1076" dir="0" index="4" bw="8" slack="2147483647"/>
<pin id="1077" dir="0" index="5" bw="8" slack="0"/>
<pin id="1078" dir="0" index="6" bw="0" slack="2147483647"/>
<pin id="1080" dir="0" index="8" bw="8" slack="0"/>
<pin id="1081" dir="0" index="9" bw="8" slack="2147483647"/>
<pin id="1082" dir="0" index="10" bw="0" slack="2147483647"/>
<pin id="1084" dir="0" index="12" bw="8" slack="2147483647"/>
<pin id="1085" dir="0" index="13" bw="8" slack="2147483647"/>
<pin id="1086" dir="0" index="14" bw="0" slack="2147483647"/>
<pin id="1075" dir="1" index="3" bw="8" slack="0"/>
<pin id="1079" dir="1" index="7" bw="8" slack="0"/>
<pin id="1083" dir="1" index="11" bw="8" slack="0"/>
<pin id="1087" dir="1" index="15" bw="8" slack="0"/>
</pin_list>
<bind>
<opcode="load(27) " fcode="load"/>
<opset="SBOX_load/9 SBOX_load_5/9 SBOX_load_10/9 SBOX_load_15/9 SBOX_load_3/10 SBOX_load_4/10 SBOX_load_9/10 SBOX_load_14/10 SBOX_load_2/11 SBOX_load_7/11 SBOX_load_8/11 SBOX_load_13/11 state_25/12 state_26/12 state_27/12 state_24/12 "/>
</bind>
</comp>

<comp id="1089" class="1004" name="SBOX_addr_9_gep_fu_1089">
<pin_list>
<pin id="1090" dir="0" index="0" bw="8" slack="0"/>
<pin id="1091" dir="0" index="1" bw="1" slack="0"/>
<pin id="1092" dir="0" index="2" bw="8" slack="0"/>
<pin id="1093" dir="1" index="3" bw="8" slack="0"/>
</pin_list>
<bind>
<opcode="getelementptr(29) " fcode="getelementptr"/>
<opset="SBOX_addr_9/9 "/>
</bind>
</comp>

<comp id="1097" class="1004" name="SBOX_addr_14_gep_fu_1097">
<pin_list>
<pin id="1098" dir="0" index="0" bw="8" slack="0"/>
<pin id="1099" dir="0" index="1" bw="1" slack="0"/>
<pin id="1100" dir="0" index="2" bw="8" slack="0"/>
<pin id="1101" dir="1" index="3" bw="8" slack="0"/>
</pin_list>
<bind>
<opcode="getelementptr(29) " fcode="getelementptr"/>
<opset="SBOX_addr_14/9 "/>
</bind>
</comp>

<comp id="1105" class="1004" name="SBOX_addr_gep_fu_1105">
<pin_list>
<pin id="1106" dir="0" index="0" bw="8" slack="0"/>
<pin id="1107" dir="0" index="1" bw="1" slack="0"/>
<pin id="1108" dir="0" index="2" bw="8" slack="0"/>
<pin id="1109" dir="1" index="3" bw="8" slack="0"/>
</pin_list>
<bind>
<opcode="getelementptr(29) " fcode="getelementptr"/>
<opset="SBOX_addr/9 "/>
</bind>
</comp>

<comp id="1113" class="1004" name="ciphertext_0_addr_gep_fu_1113">
<pin_list>
<pin id="1114" dir="0" index="0" bw="8" slack="0"/>
<pin id="1115" dir="0" index="1" bw="1" slack="0"/>
<pin id="1116" dir="0" index="2" bw="1" slack="0"/>
<pin id="1117" dir="1" index="3" bw="3" slack="0"/>
</pin_list>
<bind>
<opcode="getelementptr(29) " fcode="getelementptr"/>
<opset="ciphertext_0_addr/10 "/>
</bind>
</comp>

<comp id="1121" class="1004" name="SBOX_addr_7_gep_fu_1121">
<pin_list>
<pin id="1122" dir="0" index="0" bw="8" slack="0"/>
<pin id="1123" dir="0" index="1" bw="1" slack="0"/>
<pin id="1124" dir="0" index="2" bw="8" slack="0"/>
<pin id="1125" dir="1" index="3" bw="8" slack="0"/>
</pin_list>
<bind>
<opcode="getelementptr(29) " fcode="getelementptr"/>
<opset="SBOX_addr_7/10 "/>
</bind>
</comp>

<comp id="1129" class="1004" name="SBOX_addr_8_gep_fu_1129">
<pin_list>
<pin id="1130" dir="0" index="0" bw="8" slack="0"/>
<pin id="1131" dir="0" index="1" bw="1" slack="0"/>
<pin id="1132" dir="0" index="2" bw="8" slack="0"/>
<pin id="1133" dir="1" index="3" bw="8" slack="0"/>
</pin_list>
<bind>
<opcode="getelementptr(29) " fcode="getelementptr"/>
<opset="SBOX_addr_8/10 "/>
</bind>
</comp>

<comp id="1137" class="1004" name="SBOX_addr_13_gep_fu_1137">
<pin_list>
<pin id="1138" dir="0" index="0" bw="8" slack="0"/>
<pin id="1139" dir="0" index="1" bw="1" slack="0"/>
<pin id="1140" dir="0" index="2" bw="8" slack="0"/>
<pin id="1141" dir="1" index="3" bw="8" slack="0"/>
</pin_list>
<bind>
<opcode="getelementptr(29) " fcode="getelementptr"/>
<opset="SBOX_addr_13/10 "/>
</bind>
</comp>

<comp id="1145" class="1004" name="SBOX_addr_18_gep_fu_1145">
<pin_list>
<pin id="1146" dir="0" index="0" bw="8" slack="0"/>
<pin id="1147" dir="0" index="1" bw="1" slack="0"/>
<pin id="1148" dir="0" index="2" bw="8" slack="0"/>
<pin id="1149" dir="1" index="3" bw="8" slack="0"/>
</pin_list>
<bind>
<opcode="getelementptr(29) " fcode="getelementptr"/>
<opset="SBOX_addr_18/10 "/>
</bind>
</comp>

<comp id="1153" class="1004" name="grp_access_fu_1153">
<pin_list>
<pin id="1154" dir="0" index="0" bw="3" slack="0"/>
<pin id="1155" dir="0" index="1" bw="8" slack="0"/>
<pin id="1156" dir="0" index="2" bw="0" slack="0"/>
<pin id="1158" dir="0" index="4" bw="3" slack="0"/>
<pin id="1159" dir="0" index="5" bw="8" slack="2147483647"/>
<pin id="1160" dir="0" index="6" bw="0" slack="2147483647"/>
<pin id="1157" dir="1" index="3" bw="8" slack="2147483647"/>
<pin id="1161" dir="1" index="7" bw="8" slack="2147483647"/>
</pin_list>
<bind>
<opcode="store(28) " fcode="store"/>
<opset="store_ln181/10 store_ln181/10 store_ln181/11 store_ln181/11 store_ln181/12 store_ln181/12 store_ln181/13 store_ln181/13 "/>
</bind>
</comp>

<comp id="1163" class="1004" name="ciphertext_1_addr_gep_fu_1163">
<pin_list>
<pin id="1164" dir="0" index="0" bw="8" slack="0"/>
<pin id="1165" dir="0" index="1" bw="1" slack="0"/>
<pin id="1166" dir="0" index="2" bw="1" slack="0"/>
<pin id="1167" dir="1" index="3" bw="3" slack="0"/>
</pin_list>
<bind>
<opcode="getelementptr(29) " fcode="getelementptr"/>
<opset="ciphertext_1_addr/10 "/>
</bind>
</comp>

<comp id="1171" class="1004" name="grp_access_fu_1171">
<pin_list>
<pin id="1172" dir="0" index="0" bw="3" slack="0"/>
<pin id="1173" dir="0" index="1" bw="8" slack="0"/>
<pin id="1174" dir="0" index="2" bw="0" slack="0"/>
<pin id="1176" dir="0" index="4" bw="3" slack="0"/>
<pin id="1177" dir="0" index="5" bw="8" slack="2147483647"/>
<pin id="1178" dir="0" index="6" bw="0" slack="2147483647"/>
<pin id="1175" dir="1" index="3" bw="8" slack="2147483647"/>
<pin id="1179" dir="1" index="7" bw="8" slack="2147483647"/>
</pin_list>
<bind>
<opcode="store(28) " fcode="store"/>
<opset="store_ln181/10 store_ln181/10 store_ln181/11 store_ln181/11 store_ln181/12 store_ln181/12 store_ln181/13 store_ln181/13 "/>
</bind>
</comp>

<comp id="1181" class="1004" name="ciphertext_0_addr_1_gep_fu_1181">
<pin_list>
<pin id="1182" dir="0" index="0" bw="8" slack="0"/>
<pin id="1183" dir="0" index="1" bw="1" slack="0"/>
<pin id="1184" dir="0" index="2" bw="1" slack="0"/>
<pin id="1185" dir="1" index="3" bw="3" slack="0"/>
</pin_list>
<bind>
<opcode="getelementptr(29) " fcode="getelementptr"/>
<opset="ciphertext_0_addr_1/10 "/>
</bind>
</comp>

<comp id="1190" class="1004" name="ciphertext_1_addr_1_gep_fu_1190">
<pin_list>
<pin id="1191" dir="0" index="0" bw="8" slack="0"/>
<pin id="1192" dir="0" index="1" bw="1" slack="0"/>
<pin id="1193" dir="0" index="2" bw="1" slack="0"/>
<pin id="1194" dir="1" index="3" bw="3" slack="0"/>
</pin_list>
<bind>
<opcode="getelementptr(29) " fcode="getelementptr"/>
<opset="ciphertext_1_addr_1/10 "/>
</bind>
</comp>

<comp id="1199" class="1004" name="SBOX_addr_6_gep_fu_1199">
<pin_list>
<pin id="1200" dir="0" index="0" bw="8" slack="0"/>
<pin id="1201" dir="0" index="1" bw="1" slack="0"/>
<pin id="1202" dir="0" index="2" bw="8" slack="0"/>
<pin id="1203" dir="1" index="3" bw="8" slack="0"/>
</pin_list>
<bind>
<opcode="getelementptr(29) " fcode="getelementptr"/>
<opset="SBOX_addr_6/11 "/>
</bind>
</comp>

<comp id="1207" class="1004" name="SBOX_addr_11_gep_fu_1207">
<pin_list>
<pin id="1208" dir="0" index="0" bw="8" slack="0"/>
<pin id="1209" dir="0" index="1" bw="1" slack="0"/>
<pin id="1210" dir="0" index="2" bw="8" slack="0"/>
<pin id="1211" dir="1" index="3" bw="8" slack="0"/>
</pin_list>
<bind>
<opcode="getelementptr(29) " fcode="getelementptr"/>
<opset="SBOX_addr_11/11 "/>
</bind>
</comp>

<comp id="1215" class="1004" name="SBOX_addr_12_gep_fu_1215">
<pin_list>
<pin id="1216" dir="0" index="0" bw="8" slack="0"/>
<pin id="1217" dir="0" index="1" bw="1" slack="0"/>
<pin id="1218" dir="0" index="2" bw="8" slack="0"/>
<pin id="1219" dir="1" index="3" bw="8" slack="0"/>
</pin_list>
<bind>
<opcode="getelementptr(29) " fcode="getelementptr"/>
<opset="SBOX_addr_12/11 "/>
</bind>
</comp>

<comp id="1223" class="1004" name="SBOX_addr_17_gep_fu_1223">
<pin_list>
<pin id="1224" dir="0" index="0" bw="8" slack="0"/>
<pin id="1225" dir="0" index="1" bw="1" slack="0"/>
<pin id="1226" dir="0" index="2" bw="8" slack="0"/>
<pin id="1227" dir="1" index="3" bw="8" slack="0"/>
</pin_list>
<bind>
<opcode="getelementptr(29) " fcode="getelementptr"/>
<opset="SBOX_addr_17/11 "/>
</bind>
</comp>

<comp id="1231" class="1004" name="ciphertext_0_addr_2_gep_fu_1231">
<pin_list>
<pin id="1232" dir="0" index="0" bw="8" slack="0"/>
<pin id="1233" dir="0" index="1" bw="1" slack="0"/>
<pin id="1234" dir="0" index="2" bw="3" slack="0"/>
<pin id="1235" dir="1" index="3" bw="3" slack="0"/>
</pin_list>
<bind>
<opcode="getelementptr(29) " fcode="getelementptr"/>
<opset="ciphertext_0_addr_2/11 "/>
</bind>
</comp>

<comp id="1240" class="1004" name="ciphertext_1_addr_2_gep_fu_1240">
<pin_list>
<pin id="1241" dir="0" index="0" bw="8" slack="0"/>
<pin id="1242" dir="0" index="1" bw="1" slack="0"/>
<pin id="1243" dir="0" index="2" bw="3" slack="0"/>
<pin id="1244" dir="1" index="3" bw="3" slack="0"/>
</pin_list>
<bind>
<opcode="getelementptr(29) " fcode="getelementptr"/>
<opset="ciphertext_1_addr_2/11 "/>
</bind>
</comp>

<comp id="1249" class="1004" name="ciphertext_0_addr_3_gep_fu_1249">
<pin_list>
<pin id="1250" dir="0" index="0" bw="8" slack="0"/>
<pin id="1251" dir="0" index="1" bw="1" slack="0"/>
<pin id="1252" dir="0" index="2" bw="3" slack="0"/>
<pin id="1253" dir="1" index="3" bw="3" slack="0"/>
</pin_list>
<bind>
<opcode="getelementptr(29) " fcode="getelementptr"/>
<opset="ciphertext_0_addr_3/11 "/>
</bind>
</comp>

<comp id="1258" class="1004" name="ciphertext_1_addr_3_gep_fu_1258">
<pin_list>
<pin id="1259" dir="0" index="0" bw="8" slack="0"/>
<pin id="1260" dir="0" index="1" bw="1" slack="0"/>
<pin id="1261" dir="0" index="2" bw="3" slack="0"/>
<pin id="1262" dir="1" index="3" bw="3" slack="0"/>
</pin_list>
<bind>
<opcode="getelementptr(29) " fcode="getelementptr"/>
<opset="ciphertext_1_addr_3/11 "/>
</bind>
</comp>

<comp id="1267" class="1004" name="SBOX_addr_5_gep_fu_1267">
<pin_list>
<pin id="1268" dir="0" index="0" bw="8" slack="0"/>
<pin id="1269" dir="0" index="1" bw="1" slack="0"/>
<pin id="1270" dir="0" index="2" bw="8" slack="0"/>
<pin id="1271" dir="1" index="3" bw="8" slack="0"/>
</pin_list>
<bind>
<opcode="getelementptr(29) " fcode="getelementptr"/>
<opset="SBOX_addr_5/12 "/>
</bind>
</comp>

<comp id="1275" class="1004" name="SBOX_addr_10_gep_fu_1275">
<pin_list>
<pin id="1276" dir="0" index="0" bw="8" slack="0"/>
<pin id="1277" dir="0" index="1" bw="1" slack="0"/>
<pin id="1278" dir="0" index="2" bw="8" slack="0"/>
<pin id="1279" dir="1" index="3" bw="8" slack="0"/>
</pin_list>
<bind>
<opcode="getelementptr(29) " fcode="getelementptr"/>
<opset="SBOX_addr_10/12 "/>
</bind>
</comp>

<comp id="1283" class="1004" name="SBOX_addr_15_gep_fu_1283">
<pin_list>
<pin id="1284" dir="0" index="0" bw="8" slack="0"/>
<pin id="1285" dir="0" index="1" bw="1" slack="0"/>
<pin id="1286" dir="0" index="2" bw="8" slack="0"/>
<pin id="1287" dir="1" index="3" bw="8" slack="0"/>
</pin_list>
<bind>
<opcode="getelementptr(29) " fcode="getelementptr"/>
<opset="SBOX_addr_15/12 "/>
</bind>
</comp>

<comp id="1291" class="1004" name="SBOX_addr_16_gep_fu_1291">
<pin_list>
<pin id="1292" dir="0" index="0" bw="8" slack="0"/>
<pin id="1293" dir="0" index="1" bw="1" slack="0"/>
<pin id="1294" dir="0" index="2" bw="8" slack="0"/>
<pin id="1295" dir="1" index="3" bw="8" slack="0"/>
</pin_list>
<bind>
<opcode="getelementptr(29) " fcode="getelementptr"/>
<opset="SBOX_addr_16/12 "/>
</bind>
</comp>

<comp id="1299" class="1004" name="ciphertext_0_addr_4_gep_fu_1299">
<pin_list>
<pin id="1300" dir="0" index="0" bw="8" slack="0"/>
<pin id="1301" dir="0" index="1" bw="1" slack="0"/>
<pin id="1302" dir="0" index="2" bw="4" slack="0"/>
<pin id="1303" dir="1" index="3" bw="3" slack="0"/>
</pin_list>
<bind>
<opcode="getelementptr(29) " fcode="getelementptr"/>
<opset="ciphertext_0_addr_4/12 "/>
</bind>
</comp>

<comp id="1308" class="1004" name="ciphertext_1_addr_4_gep_fu_1308">
<pin_list>
<pin id="1309" dir="0" index="0" bw="8" slack="0"/>
<pin id="1310" dir="0" index="1" bw="1" slack="0"/>
<pin id="1311" dir="0" index="2" bw="4" slack="0"/>
<pin id="1312" dir="1" index="3" bw="3" slack="0"/>
</pin_list>
<bind>
<opcode="getelementptr(29) " fcode="getelementptr"/>
<opset="ciphertext_1_addr_4/12 "/>
</bind>
</comp>

<comp id="1317" class="1004" name="ciphertext_0_addr_5_gep_fu_1317">
<pin_list>
<pin id="1318" dir="0" index="0" bw="8" slack="0"/>
<pin id="1319" dir="0" index="1" bw="1" slack="0"/>
<pin id="1320" dir="0" index="2" bw="4" slack="0"/>
<pin id="1321" dir="1" index="3" bw="3" slack="0"/>
</pin_list>
<bind>
<opcode="getelementptr(29) " fcode="getelementptr"/>
<opset="ciphertext_0_addr_5/12 "/>
</bind>
</comp>

<comp id="1326" class="1004" name="ciphertext_1_addr_5_gep_fu_1326">
<pin_list>
<pin id="1327" dir="0" index="0" bw="8" slack="0"/>
<pin id="1328" dir="0" index="1" bw="1" slack="0"/>
<pin id="1329" dir="0" index="2" bw="4" slack="0"/>
<pin id="1330" dir="1" index="3" bw="3" slack="0"/>
</pin_list>
<bind>
<opcode="getelementptr(29) " fcode="getelementptr"/>
<opset="ciphertext_1_addr_5/12 "/>
</bind>
</comp>

<comp id="1335" class="1004" name="ciphertext_0_addr_6_gep_fu_1335">
<pin_list>
<pin id="1336" dir="0" index="0" bw="8" slack="0"/>
<pin id="1337" dir="0" index="1" bw="1" slack="0"/>
<pin id="1338" dir="0" index="2" bw="4" slack="0"/>
<pin id="1339" dir="1" index="3" bw="3" slack="0"/>
</pin_list>
<bind>
<opcode="getelementptr(29) " fcode="getelementptr"/>
<opset="ciphertext_0_addr_6/13 "/>
</bind>
</comp>

<comp id="1344" class="1004" name="ciphertext_1_addr_6_gep_fu_1344">
<pin_list>
<pin id="1345" dir="0" index="0" bw="8" slack="0"/>
<pin id="1346" dir="0" index="1" bw="1" slack="0"/>
<pin id="1347" dir="0" index="2" bw="4" slack="0"/>
<pin id="1348" dir="1" index="3" bw="3" slack="0"/>
</pin_list>
<bind>
<opcode="getelementptr(29) " fcode="getelementptr"/>
<opset="ciphertext_1_addr_6/13 "/>
</bind>
</comp>

<comp id="1353" class="1004" name="ciphertext_0_addr_7_gep_fu_1353">
<pin_list>
<pin id="1354" dir="0" index="0" bw="8" slack="0"/>
<pin id="1355" dir="0" index="1" bw="1" slack="0"/>
<pin id="1356" dir="0" index="2" bw="4" slack="0"/>
<pin id="1357" dir="1" index="3" bw="3" slack="0"/>
</pin_list>
<bind>
<opcode="getelementptr(29) " fcode="getelementptr"/>
<opset="ciphertext_0_addr_7/13 "/>
</bind>
</comp>

<comp id="1362" class="1004" name="ciphertext_1_addr_7_gep_fu_1362">
<pin_list>
<pin id="1363" dir="0" index="0" bw="8" slack="0"/>
<pin id="1364" dir="0" index="1" bw="1" slack="0"/>
<pin id="1365" dir="0" index="2" bw="4" slack="0"/>
<pin id="1366" dir="1" index="3" bw="3" slack="0"/>
</pin_list>
<bind>
<opcode="getelementptr(29) " fcode="getelementptr"/>
<opset="ciphertext_1_addr_7/13 "/>
</bind>
</comp>

<comp id="1371" class="1004" name="grp_aes128_encrypt_Pipeline_VITIS_LOOP_38_2_fu_1371">
<pin_list>
<pin id="1372" dir="0" index="0" bw="0" slack="0"/>
<pin id="1373" dir="0" index="1" bw="8" slack="3"/>
<pin id="1374" dir="0" index="2" bw="8" slack="2"/>
<pin id="1375" dir="0" index="3" bw="8" slack="1"/>
<pin id="1376" dir="0" index="4" bw="8" slack="0"/>
<pin id="1377" dir="0" index="5" bw="8" slack="3"/>
<pin id="1378" dir="0" index="6" bw="8" slack="2"/>
<pin id="1379" dir="0" index="7" bw="8" slack="1"/>
<pin id="1380" dir="0" index="8" bw="8" slack="0"/>
<pin id="1381" dir="0" index="9" bw="8" slack="3"/>
<pin id="1382" dir="0" index="10" bw="8" slack="2"/>
<pin id="1383" dir="0" index="11" bw="8" slack="1"/>
<pin id="1384" dir="0" index="12" bw="8" slack="0"/>
<pin id="1385" dir="0" index="13" bw="8" slack="0"/>
<pin id="1386" dir="0" index="14" bw="8" slack="3"/>
<pin id="1387" dir="0" index="15" bw="8" slack="2"/>
<pin id="1388" dir="0" index="16" bw="8" slack="1"/>
<pin id="1389" dir="0" index="17" bw="8" slack="4"/>
<pin id="1390" dir="0" index="18" bw="8" slack="4"/>
<pin id="1391" dir="0" index="19" bw="8" slack="4"/>
<pin id="1392" dir="0" index="20" bw="8" slack="4"/>
<pin id="1393" dir="0" index="21" bw="8" slack="4"/>
<pin id="1394" dir="0" index="22" bw="8" slack="4"/>
<pin id="1395" dir="0" index="23" bw="8" slack="4"/>
<pin id="1396" dir="0" index="24" bw="8" slack="4"/>
<pin id="1397" dir="0" index="25" bw="8" slack="4"/>
<pin id="1398" dir="0" index="26" bw="8" slack="4"/>
<pin id="1399" dir="0" index="27" bw="8" slack="4"/>
<pin id="1400" dir="0" index="28" bw="8" slack="4"/>
<pin id="1401" dir="0" index="29" bw="8" slack="4"/>
<pin id="1402" dir="0" index="30" bw="8" slack="4"/>
<pin id="1403" dir="0" index="31" bw="8" slack="4"/>
<pin id="1404" dir="0" index="32" bw="8" slack="4"/>
<pin id="1405" dir="0" index="33" bw="8" slack="4"/>
<pin id="1406" dir="0" index="34" bw="8" slack="4"/>
<pin id="1407" dir="0" index="35" bw="8" slack="4"/>
<pin id="1408" dir="0" index="36" bw="8" slack="4"/>
<pin id="1409" dir="0" index="37" bw="8" slack="4"/>
<pin id="1410" dir="0" index="38" bw="8" slack="4"/>
<pin id="1411" dir="0" index="39" bw="8" slack="4"/>
<pin id="1412" dir="0" index="40" bw="8" slack="4"/>
<pin id="1413" dir="0" index="41" bw="8" slack="4"/>
<pin id="1414" dir="0" index="42" bw="8" slack="4"/>
<pin id="1415" dir="0" index="43" bw="8" slack="4"/>
<pin id="1416" dir="0" index="44" bw="8" slack="4"/>
<pin id="1417" dir="0" index="45" bw="8" slack="4"/>
<pin id="1418" dir="0" index="46" bw="8" slack="4"/>
<pin id="1419" dir="0" index="47" bw="8" slack="4"/>
<pin id="1420" dir="0" index="48" bw="8" slack="4"/>
<pin id="1421" dir="0" index="49" bw="8" slack="4"/>
<pin id="1422" dir="0" index="50" bw="8" slack="4"/>
<pin id="1423" dir="0" index="51" bw="8" slack="4"/>
<pin id="1424" dir="0" index="52" bw="8" slack="4"/>
<pin id="1425" dir="0" index="53" bw="8" slack="4"/>
<pin id="1426" dir="0" index="54" bw="8" slack="4"/>
<pin id="1427" dir="0" index="55" bw="8" slack="4"/>
<pin id="1428" dir="0" index="56" bw="8" slack="4"/>
<pin id="1429" dir="0" index="57" bw="8" slack="4"/>
<pin id="1430" dir="0" index="58" bw="8" slack="4"/>
<pin id="1431" dir="0" index="59" bw="8" slack="4"/>
<pin id="1432" dir="0" index="60" bw="8" slack="4"/>
<pin id="1433" dir="0" index="61" bw="8" slack="4"/>
<pin id="1434" dir="0" index="62" bw="8" slack="4"/>
<pin id="1435" dir="0" index="63" bw="8" slack="4"/>
<pin id="1436" dir="0" index="64" bw="8" slack="4"/>
<pin id="1437" dir="0" index="65" bw="8" slack="4"/>
<pin id="1438" dir="0" index="66" bw="8" slack="4"/>
<pin id="1439" dir="0" index="67" bw="8" slack="4"/>
<pin id="1440" dir="0" index="68" bw="8" slack="4"/>
<pin id="1441" dir="0" index="69" bw="8" slack="4"/>
<pin id="1442" dir="0" index="70" bw="8" slack="4"/>
<pin id="1443" dir="0" index="71" bw="8" slack="4"/>
<pin id="1444" dir="0" index="72" bw="8" slack="4"/>
<pin id="1445" dir="0" index="73" bw="8" slack="4"/>
<pin id="1446" dir="0" index="74" bw="8" slack="4"/>
<pin id="1447" dir="0" index="75" bw="8" slack="4"/>
<pin id="1448" dir="0" index="76" bw="8" slack="4"/>
<pin id="1449" dir="0" index="77" bw="8" slack="4"/>
<pin id="1450" dir="0" index="78" bw="8" slack="4"/>
<pin id="1451" dir="0" index="79" bw="8" slack="4"/>
<pin id="1452" dir="0" index="80" bw="8" slack="4"/>
<pin id="1453" dir="0" index="81" bw="8" slack="4"/>
<pin id="1454" dir="0" index="82" bw="8" slack="4"/>
<pin id="1455" dir="0" index="83" bw="8" slack="4"/>
<pin id="1456" dir="0" index="84" bw="8" slack="4"/>
<pin id="1457" dir="0" index="85" bw="8" slack="4"/>
<pin id="1458" dir="0" index="86" bw="8" slack="4"/>
<pin id="1459" dir="0" index="87" bw="8" slack="4"/>
<pin id="1460" dir="0" index="88" bw="8" slack="4"/>
<pin id="1461" dir="0" index="89" bw="8" slack="4"/>
<pin id="1462" dir="0" index="90" bw="8" slack="4"/>
<pin id="1463" dir="0" index="91" bw="8" slack="4"/>
<pin id="1464" dir="0" index="92" bw="8" slack="4"/>
<pin id="1465" dir="0" index="93" bw="8" slack="4"/>
<pin id="1466" dir="0" index="94" bw="8" slack="4"/>
<pin id="1467" dir="0" index="95" bw="8" slack="4"/>
<pin id="1468" dir="0" index="96" bw="8" slack="4"/>
<pin id="1469" dir="0" index="97" bw="8" slack="4"/>
<pin id="1470" dir="0" index="98" bw="8" slack="4"/>
<pin id="1471" dir="0" index="99" bw="8" slack="4"/>
<pin id="1472" dir="0" index="100" bw="8" slack="4"/>
<pin id="1473" dir="0" index="101" bw="8" slack="4"/>
<pin id="1474" dir="0" index="102" bw="8" slack="4"/>
<pin id="1475" dir="0" index="103" bw="8" slack="4"/>
<pin id="1476" dir="0" index="104" bw="8" slack="4"/>
<pin id="1477" dir="0" index="105" bw="8" slack="4"/>
<pin id="1478" dir="0" index="106" bw="8" slack="4"/>
<pin id="1479" dir="0" index="107" bw="8" slack="4"/>
<pin id="1480" dir="0" index="108" bw="8" slack="4"/>
<pin id="1481" dir="0" index="109" bw="8" slack="4"/>
<pin id="1482" dir="0" index="110" bw="8" slack="4"/>
<pin id="1483" dir="0" index="111" bw="8" slack="4"/>
<pin id="1484" dir="0" index="112" bw="8" slack="4"/>
<pin id="1485" dir="0" index="113" bw="8" slack="4"/>
<pin id="1486" dir="0" index="114" bw="8" slack="4"/>
<pin id="1487" dir="0" index="115" bw="8" slack="4"/>
<pin id="1488" dir="0" index="116" bw="8" slack="4"/>
<pin id="1489" dir="0" index="117" bw="8" slack="4"/>
<pin id="1490" dir="0" index="118" bw="8" slack="4"/>
<pin id="1491" dir="0" index="119" bw="8" slack="4"/>
<pin id="1492" dir="0" index="120" bw="8" slack="4"/>
<pin id="1493" dir="0" index="121" bw="8" slack="4"/>
<pin id="1494" dir="0" index="122" bw="8" slack="4"/>
<pin id="1495" dir="0" index="123" bw="8" slack="4"/>
<pin id="1496" dir="0" index="124" bw="8" slack="4"/>
<pin id="1497" dir="0" index="125" bw="8" slack="4"/>
<pin id="1498" dir="0" index="126" bw="8" slack="4"/>
<pin id="1499" dir="0" index="127" bw="8" slack="4"/>
<pin id="1500" dir="0" index="128" bw="8" slack="4"/>
<pin id="1501" dir="0" index="129" bw="8" slack="4"/>
<pin id="1502" dir="0" index="130" bw="8" slack="4"/>
<pin id="1503" dir="0" index="131" bw="8" slack="4"/>
<pin id="1504" dir="0" index="132" bw="8" slack="4"/>
<pin id="1505" dir="0" index="133" bw="8" slack="4"/>
<pin id="1506" dir="0" index="134" bw="8" slack="4"/>
<pin id="1507" dir="0" index="135" bw="8" slack="4"/>
<pin id="1508" dir="0" index="136" bw="8" slack="4"/>
<pin id="1509" dir="0" index="137" bw="8" slack="4"/>
<pin id="1510" dir="0" index="138" bw="8" slack="4"/>
<pin id="1511" dir="0" index="139" bw="8" slack="4"/>
<pin id="1512" dir="0" index="140" bw="8" slack="4"/>
<pin id="1513" dir="0" index="141" bw="8" slack="4"/>
<pin id="1514" dir="0" index="142" bw="8" slack="4"/>
<pin id="1515" dir="0" index="143" bw="8" slack="4"/>
<pin id="1516" dir="0" index="144" bw="8" slack="4"/>
<pin id="1517" dir="0" index="145" bw="8" slack="4"/>
<pin id="1518" dir="0" index="146" bw="8" slack="4"/>
<pin id="1519" dir="0" index="147" bw="8" slack="4"/>
<pin id="1520" dir="0" index="148" bw="8" slack="4"/>
<pin id="1521" dir="0" index="149" bw="8" slack="4"/>
<pin id="1522" dir="0" index="150" bw="8" slack="4"/>
<pin id="1523" dir="0" index="151" bw="8" slack="4"/>
<pin id="1524" dir="0" index="152" bw="8" slack="4"/>
<pin id="1525" dir="0" index="153" bw="8" slack="4"/>
<pin id="1526" dir="0" index="154" bw="8" slack="4"/>
<pin id="1527" dir="0" index="155" bw="8" slack="4"/>
<pin id="1528" dir="0" index="156" bw="8" slack="4"/>
<pin id="1529" dir="0" index="157" bw="8" slack="4"/>
<pin id="1530" dir="0" index="158" bw="8" slack="4"/>
<pin id="1531" dir="0" index="159" bw="8" slack="4"/>
<pin id="1532" dir="0" index="160" bw="8" slack="4"/>
<pin id="1533" dir="0" index="161" bw="8" slack="4"/>
<pin id="1534" dir="0" index="162" bw="8" slack="4"/>
<pin id="1535" dir="0" index="163" bw="8" slack="4"/>
<pin id="1536" dir="0" index="164" bw="8" slack="4"/>
<pin id="1537" dir="0" index="165" bw="8" slack="4"/>
<pin id="1538" dir="0" index="166" bw="8" slack="4"/>
<pin id="1539" dir="0" index="167" bw="8" slack="4"/>
<pin id="1540" dir="0" index="168" bw="8" slack="4"/>
<pin id="1541" dir="0" index="169" bw="8" slack="4"/>
<pin id="1542" dir="0" index="170" bw="8" slack="4"/>
<pin id="1543" dir="0" index="171" bw="8" slack="4"/>
<pin id="1544" dir="0" index="172" bw="8" slack="4"/>
<pin id="1545" dir="0" index="173" bw="8" slack="4"/>
<pin id="1546" dir="0" index="174" bw="8" slack="4"/>
<pin id="1547" dir="0" index="175" bw="8" slack="4"/>
<pin id="1548" dir="0" index="176" bw="8" slack="4"/>
<pin id="1549" dir="0" index="177" bw="8" slack="0"/>
<pin id="1550" dir="0" index="178" bw="8" slack="0"/>
<pin id="1551" dir="1" index="179" bw="0" slack="2147483647"/>
</pin_list>
<bind>
<opcode="call(48) " fcode="call"/>
<opset="call_ln34/5 "/>
</bind>
</comp>

<comp id="1559" class="1004" name="grp_aes128_encrypt_Pipeline_AES_ROUNDS_LOOP_fu_1559">
<pin_list>
<pin id="1560" dir="0" index="0" bw="0" slack="0"/>
<pin id="1561" dir="0" index="1" bw="8" slack="0"/>
<pin id="1562" dir="0" index="2" bw="8" slack="0"/>
<pin id="1563" dir="0" index="3" bw="8" slack="0"/>
<pin id="1564" dir="0" index="4" bw="8" slack="0"/>
<pin id="1565" dir="0" index="5" bw="8" slack="1"/>
<pin id="1566" dir="0" index="6" bw="8" slack="1"/>
<pin id="1567" dir="0" index="7" bw="8" slack="1"/>
<pin id="1568" dir="0" index="8" bw="8" slack="1"/>
<pin id="1569" dir="0" index="9" bw="8" slack="2"/>
<pin id="1570" dir="0" index="10" bw="8" slack="2"/>
<pin id="1571" dir="0" index="11" bw="8" slack="2"/>
<pin id="1572" dir="0" index="12" bw="8" slack="2"/>
<pin id="1573" dir="0" index="13" bw="8" slack="2"/>
<pin id="1574" dir="0" index="14" bw="8" slack="2"/>
<pin id="1575" dir="0" index="15" bw="8" slack="2"/>
<pin id="1576" dir="0" index="16" bw="8" slack="2"/>
<pin id="1577" dir="0" index="17" bw="8" slack="0"/>
<pin id="1578" dir="0" index="18" bw="8" slack="0"/>
<pin id="1579" dir="0" index="19" bw="8" slack="0"/>
<pin id="1580" dir="0" index="20" bw="8" slack="0"/>
<pin id="1581" dir="0" index="21" bw="8" slack="0"/>
<pin id="1582" dir="0" index="22" bw="8" slack="0"/>
<pin id="1583" dir="0" index="23" bw="8" slack="0"/>
<pin id="1584" dir="0" index="24" bw="8" slack="0"/>
<pin id="1585" dir="0" index="25" bw="8" slack="0"/>
<pin id="1586" dir="0" index="26" bw="8" slack="0"/>
<pin id="1587" dir="0" index="27" bw="8" slack="0"/>
<pin id="1588" dir="0" index="28" bw="8" slack="0"/>
<pin id="1589" dir="0" index="29" bw="8" slack="0"/>
<pin id="1590" dir="0" index="30" bw="8" slack="0"/>
<pin id="1591" dir="0" index="31" bw="8" slack="0"/>
<pin id="1592" dir="0" index="32" bw="8" slack="0"/>
<pin id="1593" dir="0" index="33" bw="8" slack="0"/>
<pin id="1594" dir="0" index="34" bw="8" slack="0"/>
<pin id="1595" dir="0" index="35" bw="8" slack="0"/>
<pin id="1596" dir="0" index="36" bw="8" slack="0"/>
<pin id="1597" dir="0" index="37" bw="8" slack="0"/>
<pin id="1598" dir="0" index="38" bw="8" slack="0"/>
<pin id="1599" dir="0" index="39" bw="8" slack="0"/>
<pin id="1600" dir="0" index="40" bw="8" slack="0"/>
<pin id="1601" dir="0" index="41" bw="8" slack="0"/>
<pin id="1602" dir="0" index="42" bw="8" slack="0"/>
<pin id="1603" dir="0" index="43" bw="8" slack="0"/>
<pin id="1604" dir="0" index="44" bw="8" slack="0"/>
<pin id="1605" dir="0" index="45" bw="8" slack="0"/>
<pin id="1606" dir="0" index="46" bw="8" slack="0"/>
<pin id="1607" dir="0" index="47" bw="8" slack="0"/>
<pin id="1608" dir="0" index="48" bw="8" slack="0"/>
<pin id="1609" dir="0" index="49" bw="8" slack="0"/>
<pin id="1610" dir="0" index="50" bw="8" slack="0"/>
<pin id="1611" dir="0" index="51" bw="8" slack="0"/>
<pin id="1612" dir="0" index="52" bw="8" slack="0"/>
<pin id="1613" dir="0" index="53" bw="8" slack="0"/>
<pin id="1614" dir="0" index="54" bw="8" slack="0"/>
<pin id="1615" dir="0" index="55" bw="8" slack="0"/>
<pin id="1616" dir="0" index="56" bw="8" slack="0"/>
<pin id="1617" dir="0" index="57" bw="8" slack="0"/>
<pin id="1618" dir="0" index="58" bw="8" slack="0"/>
<pin id="1619" dir="0" index="59" bw="8" slack="0"/>
<pin id="1620" dir="0" index="60" bw="8" slack="0"/>
<pin id="1621" dir="0" index="61" bw="8" slack="0"/>
<pin id="1622" dir="0" index="62" bw="8" slack="0"/>
<pin id="1623" dir="0" index="63" bw="8" slack="0"/>
<pin id="1624" dir="0" index="64" bw="8" slack="0"/>
<pin id="1625" dir="0" index="65" bw="8" slack="0"/>
<pin id="1626" dir="0" index="66" bw="8" slack="0"/>
<pin id="1627" dir="0" index="67" bw="8" slack="0"/>
<pin id="1628" dir="0" index="68" bw="8" slack="0"/>
<pin id="1629" dir="0" index="69" bw="8" slack="0"/>
<pin id="1630" dir="0" index="70" bw="8" slack="0"/>
<pin id="1631" dir="0" index="71" bw="8" slack="0"/>
<pin id="1632" dir="0" index="72" bw="8" slack="0"/>
<pin id="1633" dir="0" index="73" bw="8" slack="0"/>
<pin id="1634" dir="0" index="74" bw="8" slack="0"/>
<pin id="1635" dir="0" index="75" bw="8" slack="0"/>
<pin id="1636" dir="0" index="76" bw="8" slack="0"/>
<pin id="1637" dir="0" index="77" bw="8" slack="0"/>
<pin id="1638" dir="0" index="78" bw="8" slack="0"/>
<pin id="1639" dir="0" index="79" bw="8" slack="0"/>
<pin id="1640" dir="0" index="80" bw="8" slack="0"/>
<pin id="1641" dir="0" index="81" bw="8" slack="0"/>
<pin id="1642" dir="0" index="82" bw="8" slack="0"/>
<pin id="1643" dir="0" index="83" bw="8" slack="0"/>
<pin id="1644" dir="0" index="84" bw="8" slack="0"/>
<pin id="1645" dir="0" index="85" bw="8" slack="0"/>
<pin id="1646" dir="0" index="86" bw="8" slack="0"/>
<pin id="1647" dir="0" index="87" bw="8" slack="0"/>
<pin id="1648" dir="0" index="88" bw="8" slack="0"/>
<pin id="1649" dir="0" index="89" bw="8" slack="0"/>
<pin id="1650" dir="0" index="90" bw="8" slack="0"/>
<pin id="1651" dir="0" index="91" bw="8" slack="0"/>
<pin id="1652" dir="0" index="92" bw="8" slack="0"/>
<pin id="1653" dir="0" index="93" bw="8" slack="0"/>
<pin id="1654" dir="0" index="94" bw="8" slack="0"/>
<pin id="1655" dir="0" index="95" bw="8" slack="0"/>
<pin id="1656" dir="0" index="96" bw="8" slack="0"/>
<pin id="1657" dir="0" index="97" bw="8" slack="0"/>
<pin id="1658" dir="0" index="98" bw="8" slack="0"/>
<pin id="1659" dir="0" index="99" bw="8" slack="0"/>
<pin id="1660" dir="0" index="100" bw="8" slack="0"/>
<pin id="1661" dir="0" index="101" bw="8" slack="0"/>
<pin id="1662" dir="0" index="102" bw="8" slack="0"/>
<pin id="1663" dir="0" index="103" bw="8" slack="0"/>
<pin id="1664" dir="0" index="104" bw="8" slack="0"/>
<pin id="1665" dir="0" index="105" bw="8" slack="0"/>
<pin id="1666" dir="0" index="106" bw="8" slack="0"/>
<pin id="1667" dir="0" index="107" bw="8" slack="0"/>
<pin id="1668" dir="0" index="108" bw="8" slack="0"/>
<pin id="1669" dir="0" index="109" bw="8" slack="0"/>
<pin id="1670" dir="0" index="110" bw="8" slack="0"/>
<pin id="1671" dir="0" index="111" bw="8" slack="0"/>
<pin id="1672" dir="0" index="112" bw="8" slack="0"/>
<pin id="1673" dir="0" index="113" bw="8" slack="0"/>
<pin id="1674" dir="0" index="114" bw="8" slack="0"/>
<pin id="1675" dir="0" index="115" bw="8" slack="0"/>
<pin id="1676" dir="0" index="116" bw="8" slack="0"/>
<pin id="1677" dir="0" index="117" bw="8" slack="0"/>
<pin id="1678" dir="0" index="118" bw="8" slack="0"/>
<pin id="1679" dir="0" index="119" bw="8" slack="0"/>
<pin id="1680" dir="0" index="120" bw="8" slack="0"/>
<pin id="1681" dir="0" index="121" bw="8" slack="0"/>
<pin id="1682" dir="0" index="122" bw="8" slack="0"/>
<pin id="1683" dir="0" index="123" bw="8" slack="0"/>
<pin id="1684" dir="0" index="124" bw="8" slack="0"/>
<pin id="1685" dir="0" index="125" bw="8" slack="0"/>
<pin id="1686" dir="0" index="126" bw="8" slack="0"/>
<pin id="1687" dir="0" index="127" bw="8" slack="0"/>
<pin id="1688" dir="0" index="128" bw="8" slack="0"/>
<pin id="1689" dir="0" index="129" bw="8" slack="0"/>
<pin id="1690" dir="0" index="130" bw="8" slack="0"/>
<pin id="1691" dir="0" index="131" bw="8" slack="0"/>
<pin id="1692" dir="0" index="132" bw="8" slack="0"/>
<pin id="1693" dir="0" index="133" bw="8" slack="0"/>
<pin id="1694" dir="0" index="134" bw="8" slack="0"/>
<pin id="1695" dir="0" index="135" bw="8" slack="0"/>
<pin id="1696" dir="0" index="136" bw="8" slack="0"/>
<pin id="1697" dir="0" index="137" bw="8" slack="0"/>
<pin id="1698" dir="0" index="138" bw="8" slack="0"/>
<pin id="1699" dir="0" index="139" bw="8" slack="0"/>
<pin id="1700" dir="0" index="140" bw="8" slack="0"/>
<pin id="1701" dir="0" index="141" bw="8" slack="0"/>
<pin id="1702" dir="0" index="142" bw="8" slack="0"/>
<pin id="1703" dir="0" index="143" bw="8" slack="0"/>
<pin id="1704" dir="0" index="144" bw="8" slack="0"/>
<pin id="1705" dir="0" index="145" bw="8" slack="0"/>
<pin id="1706" dir="0" index="146" bw="8" slack="0"/>
<pin id="1707" dir="0" index="147" bw="8" slack="0"/>
<pin id="1708" dir="0" index="148" bw="8" slack="0"/>
<pin id="1709" dir="0" index="149" bw="8" slack="0"/>
<pin id="1710" dir="0" index="150" bw="8" slack="0"/>
<pin id="1711" dir="0" index="151" bw="8" slack="0"/>
<pin id="1712" dir="0" index="152" bw="8" slack="0"/>
<pin id="1713" dir="0" index="153" bw="8" slack="0"/>
<pin id="1714" dir="0" index="154" bw="8" slack="0"/>
<pin id="1715" dir="0" index="155" bw="8" slack="0"/>
<pin id="1716" dir="0" index="156" bw="8" slack="0"/>
<pin id="1717" dir="0" index="157" bw="8" slack="0"/>
<pin id="1718" dir="0" index="158" bw="8" slack="0"/>
<pin id="1719" dir="0" index="159" bw="8" slack="0"/>
<pin id="1720" dir="0" index="160" bw="8" slack="0"/>
<pin id="1721" dir="0" index="161" bw="8" slack="6"/>
<pin id="1722" dir="0" index="162" bw="8" slack="6"/>
<pin id="1723" dir="0" index="163" bw="8" slack="6"/>
<pin id="1724" dir="0" index="164" bw="8" slack="6"/>
<pin id="1725" dir="0" index="165" bw="8" slack="6"/>
<pin id="1726" dir="0" index="166" bw="8" slack="6"/>
<pin id="1727" dir="0" index="167" bw="8" slack="6"/>
<pin id="1728" dir="0" index="168" bw="8" slack="6"/>
<pin id="1729" dir="0" index="169" bw="8" slack="6"/>
<pin id="1730" dir="0" index="170" bw="8" slack="6"/>
<pin id="1731" dir="0" index="171" bw="8" slack="6"/>
<pin id="1732" dir="0" index="172" bw="8" slack="6"/>
<pin id="1733" dir="0" index="173" bw="8" slack="6"/>
<pin id="1734" dir="0" index="174" bw="8" slack="6"/>
<pin id="1735" dir="0" index="175" bw="8" slack="6"/>
<pin id="1736" dir="0" index="176" bw="8" slack="6"/>
<pin id="1737" dir="0" index="177" bw="8" slack="0"/>
<pin id="1738" dir="1" index="178" bw="0" slack="2147483647"/>
</pin_list>
<bind>
<opcode="call(48) " fcode="call"/>
<opset="call_ln76/7 "/>
</bind>
</comp>

<comp id="1741" class="1004" name="state_8_fu_1741">
<pin_list>
<pin id="1742" dir="0" index="0" bw="8" slack="1"/>
<pin id="1743" dir="0" index="1" bw="8" slack="3"/>
<pin id="1744" dir="1" index="2" bw="8" slack="2"/>
</pin_list>
<bind>
<opcode="xor(25) " fcode="xor"/>
<opset="state_8/5 "/>
</bind>
</comp>

<comp id="1745" class="1004" name="state_9_fu_1745">
<pin_list>
<pin id="1746" dir="0" index="0" bw="8" slack="1"/>
<pin id="1747" dir="0" index="1" bw="8" slack="3"/>
<pin id="1748" dir="1" index="2" bw="8" slack="2"/>
</pin_list>
<bind>
<opcode="xor(25) " fcode="xor"/>
<opset="state_9/5 "/>
</bind>
</comp>

<comp id="1749" class="1004" name="state_10_fu_1749">
<pin_list>
<pin id="1750" dir="0" index="0" bw="8" slack="1"/>
<pin id="1751" dir="0" index="1" bw="8" slack="3"/>
<pin id="1752" dir="1" index="2" bw="8" slack="2"/>
</pin_list>
<bind>
<opcode="xor(25) " fcode="xor"/>
<opset="state_10/5 "/>
</bind>
</comp>

<comp id="1753" class="1004" name="state_11_fu_1753">
<pin_list>
<pin id="1754" dir="0" index="0" bw="8" slack="1"/>
<pin id="1755" dir="0" index="1" bw="8" slack="3"/>
<pin id="1756" dir="1" index="2" bw="8" slack="2"/>
</pin_list>
<bind>
<opcode="xor(25) " fcode="xor"/>
<opset="state_11/5 "/>
</bind>
</comp>

<comp id="1757" class="1004" name="state_12_fu_1757">
<pin_list>
<pin id="1758" dir="0" index="0" bw="8" slack="0"/>
<pin id="1759" dir="0" index="1" bw="8" slack="2"/>
<pin id="1760" dir="1" index="2" bw="8" slack="2"/>
</pin_list>
<bind>
<opcode="xor(25) " fcode="xor"/>
<opset="state_12/5 "/>
</bind>
</comp>

<comp id="1762" class="1004" name="state_13_fu_1762">
<pin_list>
<pin id="1763" dir="0" index="0" bw="8" slack="0"/>
<pin id="1764" dir="0" index="1" bw="8" slack="2"/>
<pin id="1765" dir="1" index="2" bw="8" slack="2"/>
</pin_list>
<bind>
<opcode="xor(25) " fcode="xor"/>
<opset="state_13/5 "/>
</bind>
</comp>

<comp id="1767" class="1004" name="state_14_fu_1767">
<pin_list>
<pin id="1768" dir="0" index="0" bw="8" slack="0"/>
<pin id="1769" dir="0" index="1" bw="8" slack="2"/>
<pin id="1770" dir="1" index="2" bw="8" slack="2"/>
</pin_list>
<bind>
<opcode="xor(25) " fcode="xor"/>
<opset="state_14/5 "/>
</bind>
</comp>

<comp id="1772" class="1004" name="state_15_fu_1772">
<pin_list>
<pin id="1773" dir="0" index="0" bw="8" slack="0"/>
<pin id="1774" dir="0" index="1" bw="8" slack="2"/>
<pin id="1775" dir="1" index="2" bw="8" slack="2"/>
</pin_list>
<bind>
<opcode="xor(25) " fcode="xor"/>
<opset="state_15/5 "/>
</bind>
</comp>

<comp id="1777" class="1004" name="state_16_fu_1777">
<pin_list>
<pin id="1778" dir="0" index="0" bw="8" slack="0"/>
<pin id="1779" dir="0" index="1" bw="8" slack="2"/>
<pin id="1780" dir="1" index="2" bw="8" slack="1"/>
</pin_list>
<bind>
<opcode="xor(25) " fcode="xor"/>
<opset="state_16/6 "/>
</bind>
</comp>

<comp id="1782" class="1004" name="state_17_fu_1782">
<pin_list>
<pin id="1783" dir="0" index="0" bw="8" slack="0"/>
<pin id="1784" dir="0" index="1" bw="8" slack="2"/>
<pin id="1785" dir="1" index="2" bw="8" slack="1"/>
</pin_list>
<bind>
<opcode="xor(25) " fcode="xor"/>
<opset="state_17/6 "/>
</bind>
</comp>

<comp id="1787" class="1004" name="state_18_fu_1787">
<pin_list>
<pin id="1788" dir="0" index="0" bw="8" slack="0"/>
<pin id="1789" dir="0" index="1" bw="8" slack="2"/>
<pin id="1790" dir="1" index="2" bw="8" slack="1"/>
</pin_list>
<bind>
<opcode="xor(25) " fcode="xor"/>
<opset="state_18/6 "/>
</bind>
</comp>

<comp id="1792" class="1004" name="state_19_fu_1792">
<pin_list>
<pin id="1793" dir="0" index="0" bw="8" slack="0"/>
<pin id="1794" dir="0" index="1" bw="8" slack="2"/>
<pin id="1795" dir="1" index="2" bw="8" slack="1"/>
</pin_list>
<bind>
<opcode="xor(25) " fcode="xor"/>
<opset="state_19/6 "/>
</bind>
</comp>

<comp id="1797" class="1004" name="round_keys_159_loc_load_load_fu_1797">
<pin_list>
<pin id="1798" dir="0" index="0" bw="8" slack="6"/>
<pin id="1799" dir="1" index="1" bw="8" slack="0"/>
</pin_list>
<bind>
<opcode="load(27) " fcode="load"/>
<opset="round_keys_159_loc_load/7 "/>
</bind>
</comp>

<comp id="1801" class="1004" name="round_keys_158_loc_load_load_fu_1801">
<pin_list>
<pin id="1802" dir="0" index="0" bw="8" slack="6"/>
<pin id="1803" dir="1" index="1" bw="8" slack="0"/>
</pin_list>
<bind>
<opcode="load(27) " fcode="load"/>
<opset="round_keys_158_loc_load/7 "/>
</bind>
</comp>

<comp id="1805" class="1004" name="round_keys_157_loc_load_load_fu_1805">
<pin_list>
<pin id="1806" dir="0" index="0" bw="8" slack="6"/>
<pin id="1807" dir="1" index="1" bw="8" slack="0"/>
</pin_list>
<bind>
<opcode="load(27) " fcode="load"/>
<opset="round_keys_157_loc_load/7 "/>
</bind>
</comp>

<comp id="1809" class="1004" name="round_keys_156_loc_load_load_fu_1809">
<pin_list>
<pin id="1810" dir="0" index="0" bw="8" slack="6"/>
<pin id="1811" dir="1" index="1" bw="8" slack="0"/>
</pin_list>
<bind>
<opcode="load(27) " fcode="load"/>
<opset="round_keys_156_loc_load/7 "/>
</bind>
</comp>

<comp id="1813" class="1004" name="round_keys_155_loc_load_load_fu_1813">
<pin_list>
<pin id="1814" dir="0" index="0" bw="8" slack="6"/>
<pin id="1815" dir="1" index="1" bw="8" slack="0"/>
</pin_list>
<bind>
<opcode="load(27) " fcode="load"/>
<opset="round_keys_155_loc_load/7 "/>
</bind>
</comp>

<comp id="1817" class="1004" name="round_keys_154_loc_load_load_fu_1817">
<pin_list>
<pin id="1818" dir="0" index="0" bw="8" slack="6"/>
<pin id="1819" dir="1" index="1" bw="8" slack="0"/>
</pin_list>
<bind>
<opcode="load(27) " fcode="load"/>
<opset="round_keys_154_loc_load/7 "/>
</bind>
</comp>

<comp id="1821" class="1004" name="round_keys_153_loc_load_load_fu_1821">
<pin_list>
<pin id="1822" dir="0" index="0" bw="8" slack="6"/>
<pin id="1823" dir="1" index="1" bw="8" slack="0"/>
</pin_list>
<bind>
<opcode="load(27) " fcode="load"/>
<opset="round_keys_153_loc_load/7 "/>
</bind>
</comp>

<comp id="1825" class="1004" name="round_keys_152_loc_load_load_fu_1825">
<pin_list>
<pin id="1826" dir="0" index="0" bw="8" slack="6"/>
<pin id="1827" dir="1" index="1" bw="8" slack="0"/>
</pin_list>
<bind>
<opcode="load(27) " fcode="load"/>
<opset="round_keys_152_loc_load/7 "/>
</bind>
</comp>

<comp id="1829" class="1004" name="round_keys_151_loc_load_load_fu_1829">
<pin_list>
<pin id="1830" dir="0" index="0" bw="8" slack="6"/>
<pin id="1831" dir="1" index="1" bw="8" slack="0"/>
</pin_list>
<bind>
<opcode="load(27) " fcode="load"/>
<opset="round_keys_151_loc_load/7 "/>
</bind>
</comp>

<comp id="1833" class="1004" name="round_keys_150_loc_load_load_fu_1833">
<pin_list>
<pin id="1834" dir="0" index="0" bw="8" slack="6"/>
<pin id="1835" dir="1" index="1" bw="8" slack="0"/>
</pin_list>
<bind>
<opcode="load(27) " fcode="load"/>
<opset="round_keys_150_loc_load/7 "/>
</bind>
</comp>

<comp id="1837" class="1004" name="round_keys_149_loc_load_load_fu_1837">
<pin_list>
<pin id="1838" dir="0" index="0" bw="8" slack="6"/>
<pin id="1839" dir="1" index="1" bw="8" slack="0"/>
</pin_list>
<bind>
<opcode="load(27) " fcode="load"/>
<opset="round_keys_149_loc_load/7 "/>
</bind>
</comp>

<comp id="1841" class="1004" name="round_keys_148_loc_load_load_fu_1841">
<pin_list>
<pin id="1842" dir="0" index="0" bw="8" slack="6"/>
<pin id="1843" dir="1" index="1" bw="8" slack="0"/>
</pin_list>
<bind>
<opcode="load(27) " fcode="load"/>
<opset="round_keys_148_loc_load/7 "/>
</bind>
</comp>

<comp id="1845" class="1004" name="round_keys_147_loc_load_load_fu_1845">
<pin_list>
<pin id="1846" dir="0" index="0" bw="8" slack="6"/>
<pin id="1847" dir="1" index="1" bw="8" slack="0"/>
</pin_list>
<bind>
<opcode="load(27) " fcode="load"/>
<opset="round_keys_147_loc_load/7 "/>
</bind>
</comp>

<comp id="1849" class="1004" name="round_keys_146_loc_load_load_fu_1849">
<pin_list>
<pin id="1850" dir="0" index="0" bw="8" slack="6"/>
<pin id="1851" dir="1" index="1" bw="8" slack="0"/>
</pin_list>
<bind>
<opcode="load(27) " fcode="load"/>
<opset="round_keys_146_loc_load/7 "/>
</bind>
</comp>

<comp id="1853" class="1004" name="round_keys_145_loc_load_load_fu_1853">
<pin_list>
<pin id="1854" dir="0" index="0" bw="8" slack="6"/>
<pin id="1855" dir="1" index="1" bw="8" slack="0"/>
</pin_list>
<bind>
<opcode="load(27) " fcode="load"/>
<opset="round_keys_145_loc_load/7 "/>
</bind>
</comp>

<comp id="1857" class="1004" name="round_keys_144_loc_load_load_fu_1857">
<pin_list>
<pin id="1858" dir="0" index="0" bw="8" slack="6"/>
<pin id="1859" dir="1" index="1" bw="8" slack="0"/>
</pin_list>
<bind>
<opcode="load(27) " fcode="load"/>
<opset="round_keys_144_loc_load/7 "/>
</bind>
</comp>

<comp id="1861" class="1004" name="round_keys_143_loc_load_load_fu_1861">
<pin_list>
<pin id="1862" dir="0" index="0" bw="8" slack="6"/>
<pin id="1863" dir="1" index="1" bw="8" slack="0"/>
</pin_list>
<bind>
<opcode="load(27) " fcode="load"/>
<opset="round_keys_143_loc_load/7 "/>
</bind>
</comp>

<comp id="1865" class="1004" name="round_keys_142_loc_load_load_fu_1865">
<pin_list>
<pin id="1866" dir="0" index="0" bw="8" slack="6"/>
<pin id="1867" dir="1" index="1" bw="8" slack="0"/>
</pin_list>
<bind>
<opcode="load(27) " fcode="load"/>
<opset="round_keys_142_loc_load/7 "/>
</bind>
</comp>

<comp id="1869" class="1004" name="round_keys_141_loc_load_load_fu_1869">
<pin_list>
<pin id="1870" dir="0" index="0" bw="8" slack="6"/>
<pin id="1871" dir="1" index="1" bw="8" slack="0"/>
</pin_list>
<bind>
<opcode="load(27) " fcode="load"/>
<opset="round_keys_141_loc_load/7 "/>
</bind>
</comp>

<comp id="1873" class="1004" name="round_keys_140_loc_load_load_fu_1873">
<pin_list>
<pin id="1874" dir="0" index="0" bw="8" slack="6"/>
<pin id="1875" dir="1" index="1" bw="8" slack="0"/>
</pin_list>
<bind>
<opcode="load(27) " fcode="load"/>
<opset="round_keys_140_loc_load/7 "/>
</bind>
</comp>

<comp id="1877" class="1004" name="round_keys_139_loc_load_load_fu_1877">
<pin_list>
<pin id="1878" dir="0" index="0" bw="8" slack="6"/>
<pin id="1879" dir="1" index="1" bw="8" slack="0"/>
</pin_list>
<bind>
<opcode="load(27) " fcode="load"/>
<opset="round_keys_139_loc_load/7 "/>
</bind>
</comp>

<comp id="1881" class="1004" name="round_keys_138_loc_load_load_fu_1881">
<pin_list>
<pin id="1882" dir="0" index="0" bw="8" slack="6"/>
<pin id="1883" dir="1" index="1" bw="8" slack="0"/>
</pin_list>
<bind>
<opcode="load(27) " fcode="load"/>
<opset="round_keys_138_loc_load/7 "/>
</bind>
</comp>

<comp id="1885" class="1004" name="round_keys_137_loc_load_load_fu_1885">
<pin_list>
<pin id="1886" dir="0" index="0" bw="8" slack="6"/>
<pin id="1887" dir="1" index="1" bw="8" slack="0"/>
</pin_list>
<bind>
<opcode="load(27) " fcode="load"/>
<opset="round_keys_137_loc_load/7 "/>
</bind>
</comp>

<comp id="1889" class="1004" name="round_keys_136_loc_load_load_fu_1889">
<pin_list>
<pin id="1890" dir="0" index="0" bw="8" slack="6"/>
<pin id="1891" dir="1" index="1" bw="8" slack="0"/>
</pin_list>
<bind>
<opcode="load(27) " fcode="load"/>
<opset="round_keys_136_loc_load/7 "/>
</bind>
</comp>

<comp id="1893" class="1004" name="round_keys_135_loc_load_load_fu_1893">
<pin_list>
<pin id="1894" dir="0" index="0" bw="8" slack="6"/>
<pin id="1895" dir="1" index="1" bw="8" slack="0"/>
</pin_list>
<bind>
<opcode="load(27) " fcode="load"/>
<opset="round_keys_135_loc_load/7 "/>
</bind>
</comp>

<comp id="1897" class="1004" name="round_keys_134_loc_load_load_fu_1897">
<pin_list>
<pin id="1898" dir="0" index="0" bw="8" slack="6"/>
<pin id="1899" dir="1" index="1" bw="8" slack="0"/>
</pin_list>
<bind>
<opcode="load(27) " fcode="load"/>
<opset="round_keys_134_loc_load/7 "/>
</bind>
</comp>

<comp id="1901" class="1004" name="round_keys_133_loc_load_load_fu_1901">
<pin_list>
<pin id="1902" dir="0" index="0" bw="8" slack="6"/>
<pin id="1903" dir="1" index="1" bw="8" slack="0"/>
</pin_list>
<bind>
<opcode="load(27) " fcode="load"/>
<opset="round_keys_133_loc_load/7 "/>
</bind>
</comp>

<comp id="1905" class="1004" name="round_keys_132_loc_load_load_fu_1905">
<pin_list>
<pin id="1906" dir="0" index="0" bw="8" slack="6"/>
<pin id="1907" dir="1" index="1" bw="8" slack="0"/>
</pin_list>
<bind>
<opcode="load(27) " fcode="load"/>
<opset="round_keys_132_loc_load/7 "/>
</bind>
</comp>

<comp id="1909" class="1004" name="round_keys_131_loc_load_load_fu_1909">
<pin_list>
<pin id="1910" dir="0" index="0" bw="8" slack="6"/>
<pin id="1911" dir="1" index="1" bw="8" slack="0"/>
</pin_list>
<bind>
<opcode="load(27) " fcode="load"/>
<opset="round_keys_131_loc_load/7 "/>
</bind>
</comp>

<comp id="1913" class="1004" name="round_keys_130_loc_load_load_fu_1913">
<pin_list>
<pin id="1914" dir="0" index="0" bw="8" slack="6"/>
<pin id="1915" dir="1" index="1" bw="8" slack="0"/>
</pin_list>
<bind>
<opcode="load(27) " fcode="load"/>
<opset="round_keys_130_loc_load/7 "/>
</bind>
</comp>

<comp id="1917" class="1004" name="round_keys_129_loc_load_load_fu_1917">
<pin_list>
<pin id="1918" dir="0" index="0" bw="8" slack="6"/>
<pin id="1919" dir="1" index="1" bw="8" slack="0"/>
</pin_list>
<bind>
<opcode="load(27) " fcode="load"/>
<opset="round_keys_129_loc_load/7 "/>
</bind>
</comp>

<comp id="1921" class="1004" name="round_keys_128_loc_load_load_fu_1921">
<pin_list>
<pin id="1922" dir="0" index="0" bw="8" slack="6"/>
<pin id="1923" dir="1" index="1" bw="8" slack="0"/>
</pin_list>
<bind>
<opcode="load(27) " fcode="load"/>
<opset="round_keys_128_loc_load/7 "/>
</bind>
</comp>

<comp id="1925" class="1004" name="round_keys_127_loc_load_load_fu_1925">
<pin_list>
<pin id="1926" dir="0" index="0" bw="8" slack="6"/>
<pin id="1927" dir="1" index="1" bw="8" slack="0"/>
</pin_list>
<bind>
<opcode="load(27) " fcode="load"/>
<opset="round_keys_127_loc_load/7 "/>
</bind>
</comp>

<comp id="1929" class="1004" name="round_keys_126_loc_load_load_fu_1929">
<pin_list>
<pin id="1930" dir="0" index="0" bw="8" slack="6"/>
<pin id="1931" dir="1" index="1" bw="8" slack="0"/>
</pin_list>
<bind>
<opcode="load(27) " fcode="load"/>
<opset="round_keys_126_loc_load/7 "/>
</bind>
</comp>

<comp id="1933" class="1004" name="round_keys_125_loc_load_load_fu_1933">
<pin_list>
<pin id="1934" dir="0" index="0" bw="8" slack="6"/>
<pin id="1935" dir="1" index="1" bw="8" slack="0"/>
</pin_list>
<bind>
<opcode="load(27) " fcode="load"/>
<opset="round_keys_125_loc_load/7 "/>
</bind>
</comp>

<comp id="1937" class="1004" name="round_keys_124_loc_load_load_fu_1937">
<pin_list>
<pin id="1938" dir="0" index="0" bw="8" slack="6"/>
<pin id="1939" dir="1" index="1" bw="8" slack="0"/>
</pin_list>
<bind>
<opcode="load(27) " fcode="load"/>
<opset="round_keys_124_loc_load/7 "/>
</bind>
</comp>

<comp id="1941" class="1004" name="round_keys_123_loc_load_load_fu_1941">
<pin_list>
<pin id="1942" dir="0" index="0" bw="8" slack="6"/>
<pin id="1943" dir="1" index="1" bw="8" slack="0"/>
</pin_list>
<bind>
<opcode="load(27) " fcode="load"/>
<opset="round_keys_123_loc_load/7 "/>
</bind>
</comp>

<comp id="1945" class="1004" name="round_keys_122_loc_load_load_fu_1945">
<pin_list>
<pin id="1946" dir="0" index="0" bw="8" slack="6"/>
<pin id="1947" dir="1" index="1" bw="8" slack="0"/>
</pin_list>
<bind>
<opcode="load(27) " fcode="load"/>
<opset="round_keys_122_loc_load/7 "/>
</bind>
</comp>

<comp id="1949" class="1004" name="round_keys_121_loc_load_load_fu_1949">
<pin_list>
<pin id="1950" dir="0" index="0" bw="8" slack="6"/>
<pin id="1951" dir="1" index="1" bw="8" slack="0"/>
</pin_list>
<bind>
<opcode="load(27) " fcode="load"/>
<opset="round_keys_121_loc_load/7 "/>
</bind>
</comp>

<comp id="1953" class="1004" name="round_keys_120_loc_load_load_fu_1953">
<pin_list>
<pin id="1954" dir="0" index="0" bw="8" slack="6"/>
<pin id="1955" dir="1" index="1" bw="8" slack="0"/>
</pin_list>
<bind>
<opcode="load(27) " fcode="load"/>
<opset="round_keys_120_loc_load/7 "/>
</bind>
</comp>

<comp id="1957" class="1004" name="round_keys_119_loc_load_load_fu_1957">
<pin_list>
<pin id="1958" dir="0" index="0" bw="8" slack="6"/>
<pin id="1959" dir="1" index="1" bw="8" slack="0"/>
</pin_list>
<bind>
<opcode="load(27) " fcode="load"/>
<opset="round_keys_119_loc_load/7 "/>
</bind>
</comp>

<comp id="1961" class="1004" name="round_keys_118_loc_load_load_fu_1961">
<pin_list>
<pin id="1962" dir="0" index="0" bw="8" slack="6"/>
<pin id="1963" dir="1" index="1" bw="8" slack="0"/>
</pin_list>
<bind>
<opcode="load(27) " fcode="load"/>
<opset="round_keys_118_loc_load/7 "/>
</bind>
</comp>

<comp id="1965" class="1004" name="round_keys_117_loc_load_load_fu_1965">
<pin_list>
<pin id="1966" dir="0" index="0" bw="8" slack="6"/>
<pin id="1967" dir="1" index="1" bw="8" slack="0"/>
</pin_list>
<bind>
<opcode="load(27) " fcode="load"/>
<opset="round_keys_117_loc_load/7 "/>
</bind>
</comp>

<comp id="1969" class="1004" name="round_keys_116_loc_load_load_fu_1969">
<pin_list>
<pin id="1970" dir="0" index="0" bw="8" slack="6"/>
<pin id="1971" dir="1" index="1" bw="8" slack="0"/>
</pin_list>
<bind>
<opcode="load(27) " fcode="load"/>
<opset="round_keys_116_loc_load/7 "/>
</bind>
</comp>

<comp id="1973" class="1004" name="round_keys_115_loc_load_load_fu_1973">
<pin_list>
<pin id="1974" dir="0" index="0" bw="8" slack="6"/>
<pin id="1975" dir="1" index="1" bw="8" slack="0"/>
</pin_list>
<bind>
<opcode="load(27) " fcode="load"/>
<opset="round_keys_115_loc_load/7 "/>
</bind>
</comp>

<comp id="1977" class="1004" name="round_keys_114_loc_load_load_fu_1977">
<pin_list>
<pin id="1978" dir="0" index="0" bw="8" slack="6"/>
<pin id="1979" dir="1" index="1" bw="8" slack="0"/>
</pin_list>
<bind>
<opcode="load(27) " fcode="load"/>
<opset="round_keys_114_loc_load/7 "/>
</bind>
</comp>

<comp id="1981" class="1004" name="round_keys_113_loc_load_load_fu_1981">
<pin_list>
<pin id="1982" dir="0" index="0" bw="8" slack="6"/>
<pin id="1983" dir="1" index="1" bw="8" slack="0"/>
</pin_list>
<bind>
<opcode="load(27) " fcode="load"/>
<opset="round_keys_113_loc_load/7 "/>
</bind>
</comp>

<comp id="1985" class="1004" name="round_keys_112_loc_load_load_fu_1985">
<pin_list>
<pin id="1986" dir="0" index="0" bw="8" slack="6"/>
<pin id="1987" dir="1" index="1" bw="8" slack="0"/>
</pin_list>
<bind>
<opcode="load(27) " fcode="load"/>
<opset="round_keys_112_loc_load/7 "/>
</bind>
</comp>

<comp id="1989" class="1004" name="round_keys_111_loc_load_load_fu_1989">
<pin_list>
<pin id="1990" dir="0" index="0" bw="8" slack="6"/>
<pin id="1991" dir="1" index="1" bw="8" slack="0"/>
</pin_list>
<bind>
<opcode="load(27) " fcode="load"/>
<opset="round_keys_111_loc_load/7 "/>
</bind>
</comp>

<comp id="1993" class="1004" name="round_keys_110_loc_load_load_fu_1993">
<pin_list>
<pin id="1994" dir="0" index="0" bw="8" slack="6"/>
<pin id="1995" dir="1" index="1" bw="8" slack="0"/>
</pin_list>
<bind>
<opcode="load(27) " fcode="load"/>
<opset="round_keys_110_loc_load/7 "/>
</bind>
</comp>

<comp id="1997" class="1004" name="round_keys_109_loc_load_load_fu_1997">
<pin_list>
<pin id="1998" dir="0" index="0" bw="8" slack="6"/>
<pin id="1999" dir="1" index="1" bw="8" slack="0"/>
</pin_list>
<bind>
<opcode="load(27) " fcode="load"/>
<opset="round_keys_109_loc_load/7 "/>
</bind>
</comp>

<comp id="2001" class="1004" name="round_keys_108_loc_load_load_fu_2001">
<pin_list>
<pin id="2002" dir="0" index="0" bw="8" slack="6"/>
<pin id="2003" dir="1" index="1" bw="8" slack="0"/>
</pin_list>
<bind>
<opcode="load(27) " fcode="load"/>
<opset="round_keys_108_loc_load/7 "/>
</bind>
</comp>

<comp id="2005" class="1004" name="round_keys_107_loc_load_load_fu_2005">
<pin_list>
<pin id="2006" dir="0" index="0" bw="8" slack="6"/>
<pin id="2007" dir="1" index="1" bw="8" slack="0"/>
</pin_list>
<bind>
<opcode="load(27) " fcode="load"/>
<opset="round_keys_107_loc_load/7 "/>
</bind>
</comp>

<comp id="2009" class="1004" name="round_keys_106_loc_load_load_fu_2009">
<pin_list>
<pin id="2010" dir="0" index="0" bw="8" slack="6"/>
<pin id="2011" dir="1" index="1" bw="8" slack="0"/>
</pin_list>
<bind>
<opcode="load(27) " fcode="load"/>
<opset="round_keys_106_loc_load/7 "/>
</bind>
</comp>

<comp id="2013" class="1004" name="round_keys_105_loc_load_load_fu_2013">
<pin_list>
<pin id="2014" dir="0" index="0" bw="8" slack="6"/>
<pin id="2015" dir="1" index="1" bw="8" slack="0"/>
</pin_list>
<bind>
<opcode="load(27) " fcode="load"/>
<opset="round_keys_105_loc_load/7 "/>
</bind>
</comp>

<comp id="2017" class="1004" name="round_keys_104_loc_load_load_fu_2017">
<pin_list>
<pin id="2018" dir="0" index="0" bw="8" slack="6"/>
<pin id="2019" dir="1" index="1" bw="8" slack="0"/>
</pin_list>
<bind>
<opcode="load(27) " fcode="load"/>
<opset="round_keys_104_loc_load/7 "/>
</bind>
</comp>

<comp id="2021" class="1004" name="round_keys_103_loc_load_load_fu_2021">
<pin_list>
<pin id="2022" dir="0" index="0" bw="8" slack="6"/>
<pin id="2023" dir="1" index="1" bw="8" slack="0"/>
</pin_list>
<bind>
<opcode="load(27) " fcode="load"/>
<opset="round_keys_103_loc_load/7 "/>
</bind>
</comp>

<comp id="2025" class="1004" name="round_keys_102_loc_load_load_fu_2025">
<pin_list>
<pin id="2026" dir="0" index="0" bw="8" slack="6"/>
<pin id="2027" dir="1" index="1" bw="8" slack="0"/>
</pin_list>
<bind>
<opcode="load(27) " fcode="load"/>
<opset="round_keys_102_loc_load/7 "/>
</bind>
</comp>

<comp id="2029" class="1004" name="round_keys_101_loc_load_load_fu_2029">
<pin_list>
<pin id="2030" dir="0" index="0" bw="8" slack="6"/>
<pin id="2031" dir="1" index="1" bw="8" slack="0"/>
</pin_list>
<bind>
<opcode="load(27) " fcode="load"/>
<opset="round_keys_101_loc_load/7 "/>
</bind>
</comp>

<comp id="2033" class="1004" name="round_keys_100_loc_load_load_fu_2033">
<pin_list>
<pin id="2034" dir="0" index="0" bw="8" slack="6"/>
<pin id="2035" dir="1" index="1" bw="8" slack="0"/>
</pin_list>
<bind>
<opcode="load(27) " fcode="load"/>
<opset="round_keys_100_loc_load/7 "/>
</bind>
</comp>

<comp id="2037" class="1004" name="round_keys_99_loc_load_load_fu_2037">
<pin_list>
<pin id="2038" dir="0" index="0" bw="8" slack="6"/>
<pin id="2039" dir="1" index="1" bw="8" slack="0"/>
</pin_list>
<bind>
<opcode="load(27) " fcode="load"/>
<opset="round_keys_99_loc_load/7 "/>
</bind>
</comp>

<comp id="2041" class="1004" name="round_keys_98_loc_load_load_fu_2041">
<pin_list>
<pin id="2042" dir="0" index="0" bw="8" slack="6"/>
<pin id="2043" dir="1" index="1" bw="8" slack="0"/>
</pin_list>
<bind>
<opcode="load(27) " fcode="load"/>
<opset="round_keys_98_loc_load/7 "/>
</bind>
</comp>

<comp id="2045" class="1004" name="round_keys_97_loc_load_load_fu_2045">
<pin_list>
<pin id="2046" dir="0" index="0" bw="8" slack="6"/>
<pin id="2047" dir="1" index="1" bw="8" slack="0"/>
</pin_list>
<bind>
<opcode="load(27) " fcode="load"/>
<opset="round_keys_97_loc_load/7 "/>
</bind>
</comp>

<comp id="2049" class="1004" name="round_keys_96_loc_load_load_fu_2049">
<pin_list>
<pin id="2050" dir="0" index="0" bw="8" slack="6"/>
<pin id="2051" dir="1" index="1" bw="8" slack="0"/>
</pin_list>
<bind>
<opcode="load(27) " fcode="load"/>
<opset="round_keys_96_loc_load/7 "/>
</bind>
</comp>

<comp id="2053" class="1004" name="round_keys_95_loc_load_load_fu_2053">
<pin_list>
<pin id="2054" dir="0" index="0" bw="8" slack="6"/>
<pin id="2055" dir="1" index="1" bw="8" slack="0"/>
</pin_list>
<bind>
<opcode="load(27) " fcode="load"/>
<opset="round_keys_95_loc_load/7 "/>
</bind>
</comp>

<comp id="2057" class="1004" name="round_keys_94_loc_load_load_fu_2057">
<pin_list>
<pin id="2058" dir="0" index="0" bw="8" slack="6"/>
<pin id="2059" dir="1" index="1" bw="8" slack="0"/>
</pin_list>
<bind>
<opcode="load(27) " fcode="load"/>
<opset="round_keys_94_loc_load/7 "/>
</bind>
</comp>

<comp id="2061" class="1004" name="round_keys_93_loc_load_load_fu_2061">
<pin_list>
<pin id="2062" dir="0" index="0" bw="8" slack="6"/>
<pin id="2063" dir="1" index="1" bw="8" slack="0"/>
</pin_list>
<bind>
<opcode="load(27) " fcode="load"/>
<opset="round_keys_93_loc_load/7 "/>
</bind>
</comp>

<comp id="2065" class="1004" name="round_keys_92_loc_load_load_fu_2065">
<pin_list>
<pin id="2066" dir="0" index="0" bw="8" slack="6"/>
<pin id="2067" dir="1" index="1" bw="8" slack="0"/>
</pin_list>
<bind>
<opcode="load(27) " fcode="load"/>
<opset="round_keys_92_loc_load/7 "/>
</bind>
</comp>

<comp id="2069" class="1004" name="round_keys_91_loc_load_load_fu_2069">
<pin_list>
<pin id="2070" dir="0" index="0" bw="8" slack="6"/>
<pin id="2071" dir="1" index="1" bw="8" slack="0"/>
</pin_list>
<bind>
<opcode="load(27) " fcode="load"/>
<opset="round_keys_91_loc_load/7 "/>
</bind>
</comp>

<comp id="2073" class="1004" name="round_keys_90_loc_load_load_fu_2073">
<pin_list>
<pin id="2074" dir="0" index="0" bw="8" slack="6"/>
<pin id="2075" dir="1" index="1" bw="8" slack="0"/>
</pin_list>
<bind>
<opcode="load(27) " fcode="load"/>
<opset="round_keys_90_loc_load/7 "/>
</bind>
</comp>

<comp id="2077" class="1004" name="round_keys_89_loc_load_load_fu_2077">
<pin_list>
<pin id="2078" dir="0" index="0" bw="8" slack="6"/>
<pin id="2079" dir="1" index="1" bw="8" slack="0"/>
</pin_list>
<bind>
<opcode="load(27) " fcode="load"/>
<opset="round_keys_89_loc_load/7 "/>
</bind>
</comp>

<comp id="2081" class="1004" name="round_keys_88_loc_load_load_fu_2081">
<pin_list>
<pin id="2082" dir="0" index="0" bw="8" slack="6"/>
<pin id="2083" dir="1" index="1" bw="8" slack="0"/>
</pin_list>
<bind>
<opcode="load(27) " fcode="load"/>
<opset="round_keys_88_loc_load/7 "/>
</bind>
</comp>

<comp id="2085" class="1004" name="round_keys_87_loc_load_load_fu_2085">
<pin_list>
<pin id="2086" dir="0" index="0" bw="8" slack="6"/>
<pin id="2087" dir="1" index="1" bw="8" slack="0"/>
</pin_list>
<bind>
<opcode="load(27) " fcode="load"/>
<opset="round_keys_87_loc_load/7 "/>
</bind>
</comp>

<comp id="2089" class="1004" name="round_keys_86_loc_load_load_fu_2089">
<pin_list>
<pin id="2090" dir="0" index="0" bw="8" slack="6"/>
<pin id="2091" dir="1" index="1" bw="8" slack="0"/>
</pin_list>
<bind>
<opcode="load(27) " fcode="load"/>
<opset="round_keys_86_loc_load/7 "/>
</bind>
</comp>

<comp id="2093" class="1004" name="round_keys_85_loc_load_load_fu_2093">
<pin_list>
<pin id="2094" dir="0" index="0" bw="8" slack="6"/>
<pin id="2095" dir="1" index="1" bw="8" slack="0"/>
</pin_list>
<bind>
<opcode="load(27) " fcode="load"/>
<opset="round_keys_85_loc_load/7 "/>
</bind>
</comp>

<comp id="2097" class="1004" name="round_keys_84_loc_load_load_fu_2097">
<pin_list>
<pin id="2098" dir="0" index="0" bw="8" slack="6"/>
<pin id="2099" dir="1" index="1" bw="8" slack="0"/>
</pin_list>
<bind>
<opcode="load(27) " fcode="load"/>
<opset="round_keys_84_loc_load/7 "/>
</bind>
</comp>

<comp id="2101" class="1004" name="round_keys_83_loc_load_load_fu_2101">
<pin_list>
<pin id="2102" dir="0" index="0" bw="8" slack="6"/>
<pin id="2103" dir="1" index="1" bw="8" slack="0"/>
</pin_list>
<bind>
<opcode="load(27) " fcode="load"/>
<opset="round_keys_83_loc_load/7 "/>
</bind>
</comp>

<comp id="2105" class="1004" name="round_keys_82_loc_load_load_fu_2105">
<pin_list>
<pin id="2106" dir="0" index="0" bw="8" slack="6"/>
<pin id="2107" dir="1" index="1" bw="8" slack="0"/>
</pin_list>
<bind>
<opcode="load(27) " fcode="load"/>
<opset="round_keys_82_loc_load/7 "/>
</bind>
</comp>

<comp id="2109" class="1004" name="round_keys_81_loc_load_load_fu_2109">
<pin_list>
<pin id="2110" dir="0" index="0" bw="8" slack="6"/>
<pin id="2111" dir="1" index="1" bw="8" slack="0"/>
</pin_list>
<bind>
<opcode="load(27) " fcode="load"/>
<opset="round_keys_81_loc_load/7 "/>
</bind>
</comp>

<comp id="2113" class="1004" name="round_keys_80_loc_load_load_fu_2113">
<pin_list>
<pin id="2114" dir="0" index="0" bw="8" slack="6"/>
<pin id="2115" dir="1" index="1" bw="8" slack="0"/>
</pin_list>
<bind>
<opcode="load(27) " fcode="load"/>
<opset="round_keys_80_loc_load/7 "/>
</bind>
</comp>

<comp id="2117" class="1004" name="round_keys_79_loc_load_load_fu_2117">
<pin_list>
<pin id="2118" dir="0" index="0" bw="8" slack="6"/>
<pin id="2119" dir="1" index="1" bw="8" slack="0"/>
</pin_list>
<bind>
<opcode="load(27) " fcode="load"/>
<opset="round_keys_79_loc_load/7 "/>
</bind>
</comp>

<comp id="2121" class="1004" name="round_keys_78_loc_load_load_fu_2121">
<pin_list>
<pin id="2122" dir="0" index="0" bw="8" slack="6"/>
<pin id="2123" dir="1" index="1" bw="8" slack="0"/>
</pin_list>
<bind>
<opcode="load(27) " fcode="load"/>
<opset="round_keys_78_loc_load/7 "/>
</bind>
</comp>

<comp id="2125" class="1004" name="round_keys_77_loc_load_load_fu_2125">
<pin_list>
<pin id="2126" dir="0" index="0" bw="8" slack="6"/>
<pin id="2127" dir="1" index="1" bw="8" slack="0"/>
</pin_list>
<bind>
<opcode="load(27) " fcode="load"/>
<opset="round_keys_77_loc_load/7 "/>
</bind>
</comp>

<comp id="2129" class="1004" name="round_keys_76_loc_load_load_fu_2129">
<pin_list>
<pin id="2130" dir="0" index="0" bw="8" slack="6"/>
<pin id="2131" dir="1" index="1" bw="8" slack="0"/>
</pin_list>
<bind>
<opcode="load(27) " fcode="load"/>
<opset="round_keys_76_loc_load/7 "/>
</bind>
</comp>

<comp id="2133" class="1004" name="round_keys_75_loc_load_load_fu_2133">
<pin_list>
<pin id="2134" dir="0" index="0" bw="8" slack="6"/>
<pin id="2135" dir="1" index="1" bw="8" slack="0"/>
</pin_list>
<bind>
<opcode="load(27) " fcode="load"/>
<opset="round_keys_75_loc_load/7 "/>
</bind>
</comp>

<comp id="2137" class="1004" name="round_keys_74_loc_load_load_fu_2137">
<pin_list>
<pin id="2138" dir="0" index="0" bw="8" slack="6"/>
<pin id="2139" dir="1" index="1" bw="8" slack="0"/>
</pin_list>
<bind>
<opcode="load(27) " fcode="load"/>
<opset="round_keys_74_loc_load/7 "/>
</bind>
</comp>

<comp id="2141" class="1004" name="round_keys_73_loc_load_load_fu_2141">
<pin_list>
<pin id="2142" dir="0" index="0" bw="8" slack="6"/>
<pin id="2143" dir="1" index="1" bw="8" slack="0"/>
</pin_list>
<bind>
<opcode="load(27) " fcode="load"/>
<opset="round_keys_73_loc_load/7 "/>
</bind>
</comp>

<comp id="2145" class="1004" name="round_keys_72_loc_load_load_fu_2145">
<pin_list>
<pin id="2146" dir="0" index="0" bw="8" slack="6"/>
<pin id="2147" dir="1" index="1" bw="8" slack="0"/>
</pin_list>
<bind>
<opcode="load(27) " fcode="load"/>
<opset="round_keys_72_loc_load/7 "/>
</bind>
</comp>

<comp id="2149" class="1004" name="round_keys_71_loc_load_load_fu_2149">
<pin_list>
<pin id="2150" dir="0" index="0" bw="8" slack="6"/>
<pin id="2151" dir="1" index="1" bw="8" slack="0"/>
</pin_list>
<bind>
<opcode="load(27) " fcode="load"/>
<opset="round_keys_71_loc_load/7 "/>
</bind>
</comp>

<comp id="2153" class="1004" name="round_keys_70_loc_load_load_fu_2153">
<pin_list>
<pin id="2154" dir="0" index="0" bw="8" slack="6"/>
<pin id="2155" dir="1" index="1" bw="8" slack="0"/>
</pin_list>
<bind>
<opcode="load(27) " fcode="load"/>
<opset="round_keys_70_loc_load/7 "/>
</bind>
</comp>

<comp id="2157" class="1004" name="round_keys_69_loc_load_load_fu_2157">
<pin_list>
<pin id="2158" dir="0" index="0" bw="8" slack="6"/>
<pin id="2159" dir="1" index="1" bw="8" slack="0"/>
</pin_list>
<bind>
<opcode="load(27) " fcode="load"/>
<opset="round_keys_69_loc_load/7 "/>
</bind>
</comp>

<comp id="2161" class="1004" name="round_keys_68_loc_load_load_fu_2161">
<pin_list>
<pin id="2162" dir="0" index="0" bw="8" slack="6"/>
<pin id="2163" dir="1" index="1" bw="8" slack="0"/>
</pin_list>
<bind>
<opcode="load(27) " fcode="load"/>
<opset="round_keys_68_loc_load/7 "/>
</bind>
</comp>

<comp id="2165" class="1004" name="round_keys_67_loc_load_load_fu_2165">
<pin_list>
<pin id="2166" dir="0" index="0" bw="8" slack="6"/>
<pin id="2167" dir="1" index="1" bw="8" slack="0"/>
</pin_list>
<bind>
<opcode="load(27) " fcode="load"/>
<opset="round_keys_67_loc_load/7 "/>
</bind>
</comp>

<comp id="2169" class="1004" name="round_keys_66_loc_load_load_fu_2169">
<pin_list>
<pin id="2170" dir="0" index="0" bw="8" slack="6"/>
<pin id="2171" dir="1" index="1" bw="8" slack="0"/>
</pin_list>
<bind>
<opcode="load(27) " fcode="load"/>
<opset="round_keys_66_loc_load/7 "/>
</bind>
</comp>

<comp id="2173" class="1004" name="round_keys_65_loc_load_load_fu_2173">
<pin_list>
<pin id="2174" dir="0" index="0" bw="8" slack="6"/>
<pin id="2175" dir="1" index="1" bw="8" slack="0"/>
</pin_list>
<bind>
<opcode="load(27) " fcode="load"/>
<opset="round_keys_65_loc_load/7 "/>
</bind>
</comp>

<comp id="2177" class="1004" name="round_keys_64_loc_load_load_fu_2177">
<pin_list>
<pin id="2178" dir="0" index="0" bw="8" slack="6"/>
<pin id="2179" dir="1" index="1" bw="8" slack="0"/>
</pin_list>
<bind>
<opcode="load(27) " fcode="load"/>
<opset="round_keys_64_loc_load/7 "/>
</bind>
</comp>

<comp id="2181" class="1004" name="round_keys_63_loc_load_load_fu_2181">
<pin_list>
<pin id="2182" dir="0" index="0" bw="8" slack="6"/>
<pin id="2183" dir="1" index="1" bw="8" slack="0"/>
</pin_list>
<bind>
<opcode="load(27) " fcode="load"/>
<opset="round_keys_63_loc_load/7 "/>
</bind>
</comp>

<comp id="2185" class="1004" name="round_keys_62_loc_load_load_fu_2185">
<pin_list>
<pin id="2186" dir="0" index="0" bw="8" slack="6"/>
<pin id="2187" dir="1" index="1" bw="8" slack="0"/>
</pin_list>
<bind>
<opcode="load(27) " fcode="load"/>
<opset="round_keys_62_loc_load/7 "/>
</bind>
</comp>

<comp id="2189" class="1004" name="round_keys_61_loc_load_load_fu_2189">
<pin_list>
<pin id="2190" dir="0" index="0" bw="8" slack="6"/>
<pin id="2191" dir="1" index="1" bw="8" slack="0"/>
</pin_list>
<bind>
<opcode="load(27) " fcode="load"/>
<opset="round_keys_61_loc_load/7 "/>
</bind>
</comp>

<comp id="2193" class="1004" name="round_keys_60_loc_load_load_fu_2193">
<pin_list>
<pin id="2194" dir="0" index="0" bw="8" slack="6"/>
<pin id="2195" dir="1" index="1" bw="8" slack="0"/>
</pin_list>
<bind>
<opcode="load(27) " fcode="load"/>
<opset="round_keys_60_loc_load/7 "/>
</bind>
</comp>

<comp id="2197" class="1004" name="round_keys_59_loc_load_load_fu_2197">
<pin_list>
<pin id="2198" dir="0" index="0" bw="8" slack="6"/>
<pin id="2199" dir="1" index="1" bw="8" slack="0"/>
</pin_list>
<bind>
<opcode="load(27) " fcode="load"/>
<opset="round_keys_59_loc_load/7 "/>
</bind>
</comp>

<comp id="2201" class="1004" name="round_keys_58_loc_load_load_fu_2201">
<pin_list>
<pin id="2202" dir="0" index="0" bw="8" slack="6"/>
<pin id="2203" dir="1" index="1" bw="8" slack="0"/>
</pin_list>
<bind>
<opcode="load(27) " fcode="load"/>
<opset="round_keys_58_loc_load/7 "/>
</bind>
</comp>

<comp id="2205" class="1004" name="round_keys_57_loc_load_load_fu_2205">
<pin_list>
<pin id="2206" dir="0" index="0" bw="8" slack="6"/>
<pin id="2207" dir="1" index="1" bw="8" slack="0"/>
</pin_list>
<bind>
<opcode="load(27) " fcode="load"/>
<opset="round_keys_57_loc_load/7 "/>
</bind>
</comp>

<comp id="2209" class="1004" name="round_keys_56_loc_load_load_fu_2209">
<pin_list>
<pin id="2210" dir="0" index="0" bw="8" slack="6"/>
<pin id="2211" dir="1" index="1" bw="8" slack="0"/>
</pin_list>
<bind>
<opcode="load(27) " fcode="load"/>
<opset="round_keys_56_loc_load/7 "/>
</bind>
</comp>

<comp id="2213" class="1004" name="round_keys_55_loc_load_load_fu_2213">
<pin_list>
<pin id="2214" dir="0" index="0" bw="8" slack="6"/>
<pin id="2215" dir="1" index="1" bw="8" slack="0"/>
</pin_list>
<bind>
<opcode="load(27) " fcode="load"/>
<opset="round_keys_55_loc_load/7 "/>
</bind>
</comp>

<comp id="2217" class="1004" name="round_keys_54_loc_load_load_fu_2217">
<pin_list>
<pin id="2218" dir="0" index="0" bw="8" slack="6"/>
<pin id="2219" dir="1" index="1" bw="8" slack="0"/>
</pin_list>
<bind>
<opcode="load(27) " fcode="load"/>
<opset="round_keys_54_loc_load/7 "/>
</bind>
</comp>

<comp id="2221" class="1004" name="round_keys_53_loc_load_load_fu_2221">
<pin_list>
<pin id="2222" dir="0" index="0" bw="8" slack="6"/>
<pin id="2223" dir="1" index="1" bw="8" slack="0"/>
</pin_list>
<bind>
<opcode="load(27) " fcode="load"/>
<opset="round_keys_53_loc_load/7 "/>
</bind>
</comp>

<comp id="2225" class="1004" name="round_keys_52_loc_load_load_fu_2225">
<pin_list>
<pin id="2226" dir="0" index="0" bw="8" slack="6"/>
<pin id="2227" dir="1" index="1" bw="8" slack="0"/>
</pin_list>
<bind>
<opcode="load(27) " fcode="load"/>
<opset="round_keys_52_loc_load/7 "/>
</bind>
</comp>

<comp id="2229" class="1004" name="round_keys_51_loc_load_load_fu_2229">
<pin_list>
<pin id="2230" dir="0" index="0" bw="8" slack="6"/>
<pin id="2231" dir="1" index="1" bw="8" slack="0"/>
</pin_list>
<bind>
<opcode="load(27) " fcode="load"/>
<opset="round_keys_51_loc_load/7 "/>
</bind>
</comp>

<comp id="2233" class="1004" name="round_keys_50_loc_load_load_fu_2233">
<pin_list>
<pin id="2234" dir="0" index="0" bw="8" slack="6"/>
<pin id="2235" dir="1" index="1" bw="8" slack="0"/>
</pin_list>
<bind>
<opcode="load(27) " fcode="load"/>
<opset="round_keys_50_loc_load/7 "/>
</bind>
</comp>

<comp id="2237" class="1004" name="round_keys_49_loc_load_load_fu_2237">
<pin_list>
<pin id="2238" dir="0" index="0" bw="8" slack="6"/>
<pin id="2239" dir="1" index="1" bw="8" slack="0"/>
</pin_list>
<bind>
<opcode="load(27) " fcode="load"/>
<opset="round_keys_49_loc_load/7 "/>
</bind>
</comp>

<comp id="2241" class="1004" name="round_keys_48_loc_load_load_fu_2241">
<pin_list>
<pin id="2242" dir="0" index="0" bw="8" slack="6"/>
<pin id="2243" dir="1" index="1" bw="8" slack="0"/>
</pin_list>
<bind>
<opcode="load(27) " fcode="load"/>
<opset="round_keys_48_loc_load/7 "/>
</bind>
</comp>

<comp id="2245" class="1004" name="round_keys_47_loc_load_load_fu_2245">
<pin_list>
<pin id="2246" dir="0" index="0" bw="8" slack="6"/>
<pin id="2247" dir="1" index="1" bw="8" slack="0"/>
</pin_list>
<bind>
<opcode="load(27) " fcode="load"/>
<opset="round_keys_47_loc_load/7 "/>
</bind>
</comp>

<comp id="2249" class="1004" name="round_keys_46_loc_load_load_fu_2249">
<pin_list>
<pin id="2250" dir="0" index="0" bw="8" slack="6"/>
<pin id="2251" dir="1" index="1" bw="8" slack="0"/>
</pin_list>
<bind>
<opcode="load(27) " fcode="load"/>
<opset="round_keys_46_loc_load/7 "/>
</bind>
</comp>

<comp id="2253" class="1004" name="round_keys_45_loc_load_load_fu_2253">
<pin_list>
<pin id="2254" dir="0" index="0" bw="8" slack="6"/>
<pin id="2255" dir="1" index="1" bw="8" slack="0"/>
</pin_list>
<bind>
<opcode="load(27) " fcode="load"/>
<opset="round_keys_45_loc_load/7 "/>
</bind>
</comp>

<comp id="2257" class="1004" name="round_keys_44_loc_load_load_fu_2257">
<pin_list>
<pin id="2258" dir="0" index="0" bw="8" slack="6"/>
<pin id="2259" dir="1" index="1" bw="8" slack="0"/>
</pin_list>
<bind>
<opcode="load(27) " fcode="load"/>
<opset="round_keys_44_loc_load/7 "/>
</bind>
</comp>

<comp id="2261" class="1004" name="round_keys_43_loc_load_load_fu_2261">
<pin_list>
<pin id="2262" dir="0" index="0" bw="8" slack="6"/>
<pin id="2263" dir="1" index="1" bw="8" slack="0"/>
</pin_list>
<bind>
<opcode="load(27) " fcode="load"/>
<opset="round_keys_43_loc_load/7 "/>
</bind>
</comp>

<comp id="2265" class="1004" name="round_keys_42_loc_load_load_fu_2265">
<pin_list>
<pin id="2266" dir="0" index="0" bw="8" slack="6"/>
<pin id="2267" dir="1" index="1" bw="8" slack="0"/>
</pin_list>
<bind>
<opcode="load(27) " fcode="load"/>
<opset="round_keys_42_loc_load/7 "/>
</bind>
</comp>

<comp id="2269" class="1004" name="round_keys_41_loc_load_load_fu_2269">
<pin_list>
<pin id="2270" dir="0" index="0" bw="8" slack="6"/>
<pin id="2271" dir="1" index="1" bw="8" slack="0"/>
</pin_list>
<bind>
<opcode="load(27) " fcode="load"/>
<opset="round_keys_41_loc_load/7 "/>
</bind>
</comp>

<comp id="2273" class="1004" name="round_keys_40_loc_load_load_fu_2273">
<pin_list>
<pin id="2274" dir="0" index="0" bw="8" slack="6"/>
<pin id="2275" dir="1" index="1" bw="8" slack="0"/>
</pin_list>
<bind>
<opcode="load(27) " fcode="load"/>
<opset="round_keys_40_loc_load/7 "/>
</bind>
</comp>

<comp id="2277" class="1004" name="round_keys_39_loc_load_load_fu_2277">
<pin_list>
<pin id="2278" dir="0" index="0" bw="8" slack="6"/>
<pin id="2279" dir="1" index="1" bw="8" slack="0"/>
</pin_list>
<bind>
<opcode="load(27) " fcode="load"/>
<opset="round_keys_39_loc_load/7 "/>
</bind>
</comp>

<comp id="2281" class="1004" name="round_keys_38_loc_load_load_fu_2281">
<pin_list>
<pin id="2282" dir="0" index="0" bw="8" slack="6"/>
<pin id="2283" dir="1" index="1" bw="8" slack="0"/>
</pin_list>
<bind>
<opcode="load(27) " fcode="load"/>
<opset="round_keys_38_loc_load/7 "/>
</bind>
</comp>

<comp id="2285" class="1004" name="round_keys_37_loc_load_load_fu_2285">
<pin_list>
<pin id="2286" dir="0" index="0" bw="8" slack="6"/>
<pin id="2287" dir="1" index="1" bw="8" slack="0"/>
</pin_list>
<bind>
<opcode="load(27) " fcode="load"/>
<opset="round_keys_37_loc_load/7 "/>
</bind>
</comp>

<comp id="2289" class="1004" name="round_keys_36_loc_load_load_fu_2289">
<pin_list>
<pin id="2290" dir="0" index="0" bw="8" slack="6"/>
<pin id="2291" dir="1" index="1" bw="8" slack="0"/>
</pin_list>
<bind>
<opcode="load(27) " fcode="load"/>
<opset="round_keys_36_loc_load/7 "/>
</bind>
</comp>

<comp id="2293" class="1004" name="round_keys_35_loc_load_load_fu_2293">
<pin_list>
<pin id="2294" dir="0" index="0" bw="8" slack="6"/>
<pin id="2295" dir="1" index="1" bw="8" slack="0"/>
</pin_list>
<bind>
<opcode="load(27) " fcode="load"/>
<opset="round_keys_35_loc_load/7 "/>
</bind>
</comp>

<comp id="2297" class="1004" name="round_keys_34_loc_load_load_fu_2297">
<pin_list>
<pin id="2298" dir="0" index="0" bw="8" slack="6"/>
<pin id="2299" dir="1" index="1" bw="8" slack="0"/>
</pin_list>
<bind>
<opcode="load(27) " fcode="load"/>
<opset="round_keys_34_loc_load/7 "/>
</bind>
</comp>

<comp id="2301" class="1004" name="round_keys_33_loc_load_load_fu_2301">
<pin_list>
<pin id="2302" dir="0" index="0" bw="8" slack="6"/>
<pin id="2303" dir="1" index="1" bw="8" slack="0"/>
</pin_list>
<bind>
<opcode="load(27) " fcode="load"/>
<opset="round_keys_33_loc_load/7 "/>
</bind>
</comp>

<comp id="2305" class="1004" name="round_keys_32_loc_load_load_fu_2305">
<pin_list>
<pin id="2306" dir="0" index="0" bw="8" slack="6"/>
<pin id="2307" dir="1" index="1" bw="8" slack="0"/>
</pin_list>
<bind>
<opcode="load(27) " fcode="load"/>
<opset="round_keys_32_loc_load/7 "/>
</bind>
</comp>

<comp id="2309" class="1004" name="round_keys_31_loc_load_load_fu_2309">
<pin_list>
<pin id="2310" dir="0" index="0" bw="8" slack="6"/>
<pin id="2311" dir="1" index="1" bw="8" slack="0"/>
</pin_list>
<bind>
<opcode="load(27) " fcode="load"/>
<opset="round_keys_31_loc_load/7 "/>
</bind>
</comp>

<comp id="2313" class="1004" name="round_keys_30_loc_load_load_fu_2313">
<pin_list>
<pin id="2314" dir="0" index="0" bw="8" slack="6"/>
<pin id="2315" dir="1" index="1" bw="8" slack="0"/>
</pin_list>
<bind>
<opcode="load(27) " fcode="load"/>
<opset="round_keys_30_loc_load/7 "/>
</bind>
</comp>

<comp id="2317" class="1004" name="round_keys_29_loc_load_load_fu_2317">
<pin_list>
<pin id="2318" dir="0" index="0" bw="8" slack="6"/>
<pin id="2319" dir="1" index="1" bw="8" slack="0"/>
</pin_list>
<bind>
<opcode="load(27) " fcode="load"/>
<opset="round_keys_29_loc_load/7 "/>
</bind>
</comp>

<comp id="2321" class="1004" name="round_keys_28_loc_load_load_fu_2321">
<pin_list>
<pin id="2322" dir="0" index="0" bw="8" slack="6"/>
<pin id="2323" dir="1" index="1" bw="8" slack="0"/>
</pin_list>
<bind>
<opcode="load(27) " fcode="load"/>
<opset="round_keys_28_loc_load/7 "/>
</bind>
</comp>

<comp id="2325" class="1004" name="round_keys_27_loc_load_load_fu_2325">
<pin_list>
<pin id="2326" dir="0" index="0" bw="8" slack="6"/>
<pin id="2327" dir="1" index="1" bw="8" slack="0"/>
</pin_list>
<bind>
<opcode="load(27) " fcode="load"/>
<opset="round_keys_27_loc_load/7 "/>
</bind>
</comp>

<comp id="2329" class="1004" name="round_keys_26_loc_load_load_fu_2329">
<pin_list>
<pin id="2330" dir="0" index="0" bw="8" slack="6"/>
<pin id="2331" dir="1" index="1" bw="8" slack="0"/>
</pin_list>
<bind>
<opcode="load(27) " fcode="load"/>
<opset="round_keys_26_loc_load/7 "/>
</bind>
</comp>

<comp id="2333" class="1004" name="round_keys_25_loc_load_load_fu_2333">
<pin_list>
<pin id="2334" dir="0" index="0" bw="8" slack="6"/>
<pin id="2335" dir="1" index="1" bw="8" slack="0"/>
</pin_list>
<bind>
<opcode="load(27) " fcode="load"/>
<opset="round_keys_25_loc_load/7 "/>
</bind>
</comp>

<comp id="2337" class="1004" name="round_keys_24_loc_load_load_fu_2337">
<pin_list>
<pin id="2338" dir="0" index="0" bw="8" slack="6"/>
<pin id="2339" dir="1" index="1" bw="8" slack="0"/>
</pin_list>
<bind>
<opcode="load(27) " fcode="load"/>
<opset="round_keys_24_loc_load/7 "/>
</bind>
</comp>

<comp id="2341" class="1004" name="round_keys_23_loc_load_load_fu_2341">
<pin_list>
<pin id="2342" dir="0" index="0" bw="8" slack="6"/>
<pin id="2343" dir="1" index="1" bw="8" slack="0"/>
</pin_list>
<bind>
<opcode="load(27) " fcode="load"/>
<opset="round_keys_23_loc_load/7 "/>
</bind>
</comp>

<comp id="2345" class="1004" name="round_keys_22_loc_load_load_fu_2345">
<pin_list>
<pin id="2346" dir="0" index="0" bw="8" slack="6"/>
<pin id="2347" dir="1" index="1" bw="8" slack="0"/>
</pin_list>
<bind>
<opcode="load(27) " fcode="load"/>
<opset="round_keys_22_loc_load/7 "/>
</bind>
</comp>

<comp id="2349" class="1004" name="round_keys_21_loc_load_load_fu_2349">
<pin_list>
<pin id="2350" dir="0" index="0" bw="8" slack="6"/>
<pin id="2351" dir="1" index="1" bw="8" slack="0"/>
</pin_list>
<bind>
<opcode="load(27) " fcode="load"/>
<opset="round_keys_21_loc_load/7 "/>
</bind>
</comp>

<comp id="2353" class="1004" name="round_keys_20_loc_load_load_fu_2353">
<pin_list>
<pin id="2354" dir="0" index="0" bw="8" slack="6"/>
<pin id="2355" dir="1" index="1" bw="8" slack="0"/>
</pin_list>
<bind>
<opcode="load(27) " fcode="load"/>
<opset="round_keys_20_loc_load/7 "/>
</bind>
</comp>

<comp id="2357" class="1004" name="round_keys_19_loc_load_load_fu_2357">
<pin_list>
<pin id="2358" dir="0" index="0" bw="8" slack="6"/>
<pin id="2359" dir="1" index="1" bw="8" slack="0"/>
</pin_list>
<bind>
<opcode="load(27) " fcode="load"/>
<opset="round_keys_19_loc_load/7 "/>
</bind>
</comp>

<comp id="2361" class="1004" name="round_keys_18_loc_load_load_fu_2361">
<pin_list>
<pin id="2362" dir="0" index="0" bw="8" slack="6"/>
<pin id="2363" dir="1" index="1" bw="8" slack="0"/>
</pin_list>
<bind>
<opcode="load(27) " fcode="load"/>
<opset="round_keys_18_loc_load/7 "/>
</bind>
</comp>

<comp id="2365" class="1004" name="round_keys_17_loc_load_load_fu_2365">
<pin_list>
<pin id="2366" dir="0" index="0" bw="8" slack="6"/>
<pin id="2367" dir="1" index="1" bw="8" slack="0"/>
</pin_list>
<bind>
<opcode="load(27) " fcode="load"/>
<opset="round_keys_17_loc_load/7 "/>
</bind>
</comp>

<comp id="2369" class="1004" name="round_keys_16_loc_load_load_fu_2369">
<pin_list>
<pin id="2370" dir="0" index="0" bw="8" slack="6"/>
<pin id="2371" dir="1" index="1" bw="8" slack="0"/>
</pin_list>
<bind>
<opcode="load(27) " fcode="load"/>
<opset="round_keys_16_loc_load/7 "/>
</bind>
</comp>

<comp id="2373" class="1004" name="state_20_fu_2373">
<pin_list>
<pin id="2374" dir="0" index="0" bw="8" slack="0"/>
<pin id="2375" dir="0" index="1" bw="8" slack="2"/>
<pin id="2376" dir="1" index="2" bw="8" slack="0"/>
</pin_list>
<bind>
<opcode="xor(25) " fcode="xor"/>
<opset="state_20/7 "/>
</bind>
</comp>

<comp id="2379" class="1004" name="state_21_fu_2379">
<pin_list>
<pin id="2380" dir="0" index="0" bw="8" slack="0"/>
<pin id="2381" dir="0" index="1" bw="8" slack="2"/>
<pin id="2382" dir="1" index="2" bw="8" slack="0"/>
</pin_list>
<bind>
<opcode="xor(25) " fcode="xor"/>
<opset="state_21/7 "/>
</bind>
</comp>

<comp id="2385" class="1004" name="state_22_fu_2385">
<pin_list>
<pin id="2386" dir="0" index="0" bw="8" slack="0"/>
<pin id="2387" dir="0" index="1" bw="8" slack="2"/>
<pin id="2388" dir="1" index="2" bw="8" slack="0"/>
</pin_list>
<bind>
<opcode="xor(25) " fcode="xor"/>
<opset="state_22/7 "/>
</bind>
</comp>

<comp id="2391" class="1004" name="state_23_fu_2391">
<pin_list>
<pin id="2392" dir="0" index="0" bw="8" slack="0"/>
<pin id="2393" dir="0" index="1" bw="8" slack="2"/>
<pin id="2394" dir="1" index="2" bw="8" slack="0"/>
</pin_list>
<bind>
<opcode="xor(25) " fcode="xor"/>
<opset="state_23/7 "/>
</bind>
</comp>

<comp id="2397" class="1004" name="p_loc_load_load_fu_2397">
<pin_list>
<pin id="2398" dir="0" index="0" bw="8" slack="8"/>
<pin id="2399" dir="1" index="1" bw="8" slack="0"/>
</pin_list>
<bind>
<opcode="load(27) " fcode="load"/>
<opset="p_loc_load/9 "/>
</bind>
</comp>

<comp id="2400" class="1004" name="p_loc21_load_load_fu_2400">
<pin_list>
<pin id="2401" dir="0" index="0" bw="8" slack="8"/>
<pin id="2402" dir="1" index="1" bw="8" slack="0"/>
</pin_list>
<bind>
<opcode="load(27) " fcode="load"/>
<opset="p_loc21_load/9 "/>
</bind>
</comp>

<comp id="2403" class="1004" name="p_loc26_load_load_fu_2403">
<pin_list>
<pin id="2404" dir="0" index="0" bw="8" slack="8"/>
<pin id="2405" dir="1" index="1" bw="8" slack="0"/>
</pin_list>
<bind>
<opcode="load(27) " fcode="load"/>
<opset="p_loc26_load/9 "/>
</bind>
</comp>

<comp id="2406" class="1004" name="p_loc31_load_load_fu_2406">
<pin_list>
<pin id="2407" dir="0" index="0" bw="8" slack="8"/>
<pin id="2408" dir="1" index="1" bw="8" slack="0"/>
</pin_list>
<bind>
<opcode="load(27) " fcode="load"/>
<opset="p_loc31_load/9 "/>
</bind>
</comp>

<comp id="2409" class="1004" name="zext_ln87_fu_2409">
<pin_list>
<pin id="2410" dir="0" index="0" bw="8" slack="0"/>
<pin id="2411" dir="1" index="1" bw="64" slack="0"/>
</pin_list>
<bind>
<opcode="zext(34) " fcode="zext"/>
<opset="zext_ln87/9 "/>
</bind>
</comp>

<comp id="2414" class="1004" name="zext_ln87_5_fu_2414">
<pin_list>
<pin id="2415" dir="0" index="0" bw="8" slack="0"/>
<pin id="2416" dir="1" index="1" bw="64" slack="0"/>
</pin_list>
<bind>
<opcode="zext(34) " fcode="zext"/>
<opset="zext_ln87_5/9 "/>
</bind>
</comp>

<comp id="2419" class="1004" name="zext_ln87_10_fu_2419">
<pin_list>
<pin id="2420" dir="0" index="0" bw="8" slack="0"/>
<pin id="2421" dir="1" index="1" bw="64" slack="0"/>
</pin_list>
<bind>
<opcode="zext(34) " fcode="zext"/>
<opset="zext_ln87_10/9 "/>
</bind>
</comp>

<comp id="2424" class="1004" name="zext_ln87_15_fu_2424">
<pin_list>
<pin id="2425" dir="0" index="0" bw="8" slack="0"/>
<pin id="2426" dir="1" index="1" bw="64" slack="0"/>
</pin_list>
<bind>
<opcode="zext(34) " fcode="zext"/>
<opset="zext_ln87_15/9 "/>
</bind>
</comp>

<comp id="2429" class="1004" name="round_keys_163_loc_load_load_fu_2429">
<pin_list>
<pin id="2430" dir="0" index="0" bw="8" slack="9"/>
<pin id="2431" dir="1" index="1" bw="8" slack="0"/>
</pin_list>
<bind>
<opcode="load(27) " fcode="load"/>
<opset="round_keys_163_loc_load/10 "/>
</bind>
</comp>

<comp id="2432" class="1004" name="round_keys_162_loc_load_load_fu_2432">
<pin_list>
<pin id="2433" dir="0" index="0" bw="8" slack="9"/>
<pin id="2434" dir="1" index="1" bw="8" slack="0"/>
</pin_list>
<bind>
<opcode="load(27) " fcode="load"/>
<opset="round_keys_162_loc_load/10 "/>
</bind>
</comp>

<comp id="2435" class="1004" name="round_keys_161_loc_load_load_fu_2435">
<pin_list>
<pin id="2436" dir="0" index="0" bw="8" slack="9"/>
<pin id="2437" dir="1" index="1" bw="8" slack="0"/>
</pin_list>
<bind>
<opcode="load(27) " fcode="load"/>
<opset="round_keys_161_loc_load/10 "/>
</bind>
</comp>

<comp id="2438" class="1004" name="round_keys_160_loc_load_load_fu_2438">
<pin_list>
<pin id="2439" dir="0" index="0" bw="8" slack="9"/>
<pin id="2440" dir="1" index="1" bw="8" slack="0"/>
</pin_list>
<bind>
<opcode="load(27) " fcode="load"/>
<opset="round_keys_160_loc_load/10 "/>
</bind>
</comp>

<comp id="2441" class="1004" name="p_loc17_load_load_fu_2441">
<pin_list>
<pin id="2442" dir="0" index="0" bw="8" slack="9"/>
<pin id="2443" dir="1" index="1" bw="8" slack="0"/>
</pin_list>
<bind>
<opcode="load(27) " fcode="load"/>
<opset="p_loc17_load/10 "/>
</bind>
</comp>

<comp id="2444" class="1004" name="p_loc22_load_load_fu_2444">
<pin_list>
<pin id="2445" dir="0" index="0" bw="8" slack="9"/>
<pin id="2446" dir="1" index="1" bw="8" slack="0"/>
</pin_list>
<bind>
<opcode="load(27) " fcode="load"/>
<opset="p_loc22_load/10 "/>
</bind>
</comp>

<comp id="2447" class="1004" name="p_loc27_load_load_fu_2447">
<pin_list>
<pin id="2448" dir="0" index="0" bw="8" slack="9"/>
<pin id="2449" dir="1" index="1" bw="8" slack="0"/>
</pin_list>
<bind>
<opcode="load(27) " fcode="load"/>
<opset="p_loc27_load/10 "/>
</bind>
</comp>

<comp id="2450" class="1004" name="p_loc28_load_load_fu_2450">
<pin_list>
<pin id="2451" dir="0" index="0" bw="8" slack="9"/>
<pin id="2452" dir="1" index="1" bw="8" slack="0"/>
</pin_list>
<bind>
<opcode="load(27) " fcode="load"/>
<opset="p_loc28_load/10 "/>
</bind>
</comp>

<comp id="2453" class="1004" name="zext_ln87_3_fu_2453">
<pin_list>
<pin id="2454" dir="0" index="0" bw="8" slack="0"/>
<pin id="2455" dir="1" index="1" bw="64" slack="0"/>
</pin_list>
<bind>
<opcode="zext(34) " fcode="zext"/>
<opset="zext_ln87_3/10 "/>
</bind>
</comp>

<comp id="2458" class="1004" name="zext_ln87_4_fu_2458">
<pin_list>
<pin id="2459" dir="0" index="0" bw="8" slack="0"/>
<pin id="2460" dir="1" index="1" bw="64" slack="0"/>
</pin_list>
<bind>
<opcode="zext(34) " fcode="zext"/>
<opset="zext_ln87_4/10 "/>
</bind>
</comp>

<comp id="2463" class="1004" name="zext_ln87_9_fu_2463">
<pin_list>
<pin id="2464" dir="0" index="0" bw="8" slack="0"/>
<pin id="2465" dir="1" index="1" bw="64" slack="0"/>
</pin_list>
<bind>
<opcode="zext(34) " fcode="zext"/>
<opset="zext_ln87_9/10 "/>
</bind>
</comp>

<comp id="2468" class="1004" name="zext_ln87_14_fu_2468">
<pin_list>
<pin id="2469" dir="0" index="0" bw="8" slack="0"/>
<pin id="2470" dir="1" index="1" bw="64" slack="0"/>
</pin_list>
<bind>
<opcode="zext(34) " fcode="zext"/>
<opset="zext_ln87_14/10 "/>
</bind>
</comp>

<comp id="2473" class="1004" name="state_28_fu_2473">
<pin_list>
<pin id="2474" dir="0" index="0" bw="8" slack="0"/>
<pin id="2475" dir="0" index="1" bw="8" slack="0"/>
<pin id="2476" dir="1" index="2" bw="8" slack="0"/>
</pin_list>
<bind>
<opcode="xor(25) " fcode="xor"/>
<opset="state_28/10 "/>
</bind>
</comp>

<comp id="2480" class="1004" name="state_29_fu_2480">
<pin_list>
<pin id="2481" dir="0" index="0" bw="8" slack="0"/>
<pin id="2482" dir="0" index="1" bw="8" slack="0"/>
<pin id="2483" dir="1" index="2" bw="8" slack="0"/>
</pin_list>
<bind>
<opcode="xor(25) " fcode="xor"/>
<opset="state_29/10 "/>
</bind>
</comp>

<comp id="2487" class="1004" name="state_30_fu_2487">
<pin_list>
<pin id="2488" dir="0" index="0" bw="8" slack="0"/>
<pin id="2489" dir="0" index="1" bw="8" slack="0"/>
<pin id="2490" dir="1" index="2" bw="8" slack="0"/>
</pin_list>
<bind>
<opcode="xor(25) " fcode="xor"/>
<opset="state_30/10 "/>
</bind>
</comp>

<comp id="2494" class="1004" name="state_31_fu_2494">
<pin_list>
<pin id="2495" dir="0" index="0" bw="8" slack="0"/>
<pin id="2496" dir="0" index="1" bw="8" slack="0"/>
<pin id="2497" dir="1" index="2" bw="8" slack="0"/>
</pin_list>
<bind>
<opcode="xor(25) " fcode="xor"/>
<opset="state_31/10 "/>
</bind>
</comp>

<comp id="2501" class="1004" name="round_keys_167_loc_load_load_fu_2501">
<pin_list>
<pin id="2502" dir="0" index="0" bw="8" slack="10"/>
<pin id="2503" dir="1" index="1" bw="8" slack="0"/>
</pin_list>
<bind>
<opcode="load(27) " fcode="load"/>
<opset="round_keys_167_loc_load/11 "/>
</bind>
</comp>

<comp id="2504" class="1004" name="round_keys_166_loc_load_load_fu_2504">
<pin_list>
<pin id="2505" dir="0" index="0" bw="8" slack="10"/>
<pin id="2506" dir="1" index="1" bw="8" slack="0"/>
</pin_list>
<bind>
<opcode="load(27) " fcode="load"/>
<opset="round_keys_166_loc_load/11 "/>
</bind>
</comp>

<comp id="2507" class="1004" name="round_keys_165_loc_load_load_fu_2507">
<pin_list>
<pin id="2508" dir="0" index="0" bw="8" slack="10"/>
<pin id="2509" dir="1" index="1" bw="8" slack="0"/>
</pin_list>
<bind>
<opcode="load(27) " fcode="load"/>
<opset="round_keys_165_loc_load/11 "/>
</bind>
</comp>

<comp id="2510" class="1004" name="round_keys_164_loc_load_load_fu_2510">
<pin_list>
<pin id="2511" dir="0" index="0" bw="8" slack="10"/>
<pin id="2512" dir="1" index="1" bw="8" slack="0"/>
</pin_list>
<bind>
<opcode="load(27) " fcode="load"/>
<opset="round_keys_164_loc_load/11 "/>
</bind>
</comp>

<comp id="2513" class="1004" name="p_loc18_load_load_fu_2513">
<pin_list>
<pin id="2514" dir="0" index="0" bw="8" slack="10"/>
<pin id="2515" dir="1" index="1" bw="8" slack="0"/>
</pin_list>
<bind>
<opcode="load(27) " fcode="load"/>
<opset="p_loc18_load/11 "/>
</bind>
</comp>

<comp id="2516" class="1004" name="p_loc23_load_load_fu_2516">
<pin_list>
<pin id="2517" dir="0" index="0" bw="8" slack="10"/>
<pin id="2518" dir="1" index="1" bw="8" slack="0"/>
</pin_list>
<bind>
<opcode="load(27) " fcode="load"/>
<opset="p_loc23_load/11 "/>
</bind>
</comp>

<comp id="2519" class="1004" name="p_loc24_load_load_fu_2519">
<pin_list>
<pin id="2520" dir="0" index="0" bw="8" slack="10"/>
<pin id="2521" dir="1" index="1" bw="8" slack="0"/>
</pin_list>
<bind>
<opcode="load(27) " fcode="load"/>
<opset="p_loc24_load/11 "/>
</bind>
</comp>

<comp id="2522" class="1004" name="p_loc29_load_load_fu_2522">
<pin_list>
<pin id="2523" dir="0" index="0" bw="8" slack="10"/>
<pin id="2524" dir="1" index="1" bw="8" slack="0"/>
</pin_list>
<bind>
<opcode="load(27) " fcode="load"/>
<opset="p_loc29_load/11 "/>
</bind>
</comp>

<comp id="2525" class="1004" name="zext_ln87_2_fu_2525">
<pin_list>
<pin id="2526" dir="0" index="0" bw="8" slack="0"/>
<pin id="2527" dir="1" index="1" bw="64" slack="0"/>
</pin_list>
<bind>
<opcode="zext(34) " fcode="zext"/>
<opset="zext_ln87_2/11 "/>
</bind>
</comp>

<comp id="2530" class="1004" name="zext_ln87_7_fu_2530">
<pin_list>
<pin id="2531" dir="0" index="0" bw="8" slack="0"/>
<pin id="2532" dir="1" index="1" bw="64" slack="0"/>
</pin_list>
<bind>
<opcode="zext(34) " fcode="zext"/>
<opset="zext_ln87_7/11 "/>
</bind>
</comp>

<comp id="2535" class="1004" name="zext_ln87_8_fu_2535">
<pin_list>
<pin id="2536" dir="0" index="0" bw="8" slack="0"/>
<pin id="2537" dir="1" index="1" bw="64" slack="0"/>
</pin_list>
<bind>
<opcode="zext(34) " fcode="zext"/>
<opset="zext_ln87_8/11 "/>
</bind>
</comp>

<comp id="2540" class="1004" name="zext_ln87_13_fu_2540">
<pin_list>
<pin id="2541" dir="0" index="0" bw="8" slack="0"/>
<pin id="2542" dir="1" index="1" bw="64" slack="0"/>
</pin_list>
<bind>
<opcode="zext(34) " fcode="zext"/>
<opset="zext_ln87_13/11 "/>
</bind>
</comp>

<comp id="2545" class="1004" name="state_32_fu_2545">
<pin_list>
<pin id="2546" dir="0" index="0" bw="8" slack="0"/>
<pin id="2547" dir="0" index="1" bw="8" slack="0"/>
<pin id="2548" dir="1" index="2" bw="8" slack="0"/>
</pin_list>
<bind>
<opcode="xor(25) " fcode="xor"/>
<opset="state_32/11 "/>
</bind>
</comp>

<comp id="2552" class="1004" name="state_33_fu_2552">
<pin_list>
<pin id="2553" dir="0" index="0" bw="8" slack="0"/>
<pin id="2554" dir="0" index="1" bw="8" slack="0"/>
<pin id="2555" dir="1" index="2" bw="8" slack="0"/>
</pin_list>
<bind>
<opcode="xor(25) " fcode="xor"/>
<opset="state_33/11 "/>
</bind>
</comp>

<comp id="2559" class="1004" name="state_34_fu_2559">
<pin_list>
<pin id="2560" dir="0" index="0" bw="8" slack="0"/>
<pin id="2561" dir="0" index="1" bw="8" slack="0"/>
<pin id="2562" dir="1" index="2" bw="8" slack="0"/>
</pin_list>
<bind>
<opcode="xor(25) " fcode="xor"/>
<opset="state_34/11 "/>
</bind>
</comp>

<comp id="2566" class="1004" name="state_35_fu_2566">
<pin_list>
<pin id="2567" dir="0" index="0" bw="8" slack="0"/>
<pin id="2568" dir="0" index="1" bw="8" slack="0"/>
<pin id="2569" dir="1" index="2" bw="8" slack="0"/>
</pin_list>
<bind>
<opcode="xor(25) " fcode="xor"/>
<opset="state_35/11 "/>
</bind>
</comp>

<comp id="2573" class="1004" name="round_keys_171_loc_load_load_fu_2573">
<pin_list>
<pin id="2574" dir="0" index="0" bw="8" slack="11"/>
<pin id="2575" dir="1" index="1" bw="8" slack="0"/>
</pin_list>
<bind>
<opcode="load(27) " fcode="load"/>
<opset="round_keys_171_loc_load/12 "/>
</bind>
</comp>

<comp id="2576" class="1004" name="round_keys_170_loc_load_load_fu_2576">
<pin_list>
<pin id="2577" dir="0" index="0" bw="8" slack="11"/>
<pin id="2578" dir="1" index="1" bw="8" slack="0"/>
</pin_list>
<bind>
<opcode="load(27) " fcode="load"/>
<opset="round_keys_170_loc_load/12 "/>
</bind>
</comp>

<comp id="2579" class="1004" name="round_keys_169_loc_load_load_fu_2579">
<pin_list>
<pin id="2580" dir="0" index="0" bw="8" slack="11"/>
<pin id="2581" dir="1" index="1" bw="8" slack="0"/>
</pin_list>
<bind>
<opcode="load(27) " fcode="load"/>
<opset="round_keys_169_loc_load/12 "/>
</bind>
</comp>

<comp id="2582" class="1004" name="round_keys_168_loc_load_load_fu_2582">
<pin_list>
<pin id="2583" dir="0" index="0" bw="8" slack="11"/>
<pin id="2584" dir="1" index="1" bw="8" slack="0"/>
</pin_list>
<bind>
<opcode="load(27) " fcode="load"/>
<opset="round_keys_168_loc_load/12 "/>
</bind>
</comp>

<comp id="2585" class="1004" name="p_loc19_load_load_fu_2585">
<pin_list>
<pin id="2586" dir="0" index="0" bw="8" slack="11"/>
<pin id="2587" dir="1" index="1" bw="8" slack="0"/>
</pin_list>
<bind>
<opcode="load(27) " fcode="load"/>
<opset="p_loc19_load/12 "/>
</bind>
</comp>

<comp id="2588" class="1004" name="p_loc20_load_load_fu_2588">
<pin_list>
<pin id="2589" dir="0" index="0" bw="8" slack="11"/>
<pin id="2590" dir="1" index="1" bw="8" slack="0"/>
</pin_list>
<bind>
<opcode="load(27) " fcode="load"/>
<opset="p_loc20_load/12 "/>
</bind>
</comp>

<comp id="2591" class="1004" name="p_loc25_load_load_fu_2591">
<pin_list>
<pin id="2592" dir="0" index="0" bw="8" slack="11"/>
<pin id="2593" dir="1" index="1" bw="8" slack="0"/>
</pin_list>
<bind>
<opcode="load(27) " fcode="load"/>
<opset="p_loc25_load/12 "/>
</bind>
</comp>

<comp id="2594" class="1004" name="p_loc30_load_load_fu_2594">
<pin_list>
<pin id="2595" dir="0" index="0" bw="8" slack="11"/>
<pin id="2596" dir="1" index="1" bw="8" slack="0"/>
</pin_list>
<bind>
<opcode="load(27) " fcode="load"/>
<opset="p_loc30_load/12 "/>
</bind>
</comp>

<comp id="2597" class="1004" name="zext_ln87_1_fu_2597">
<pin_list>
<pin id="2598" dir="0" index="0" bw="8" slack="0"/>
<pin id="2599" dir="1" index="1" bw="64" slack="0"/>
</pin_list>
<bind>
<opcode="zext(34) " fcode="zext"/>
<opset="zext_ln87_1/12 "/>
</bind>
</comp>

<comp id="2602" class="1004" name="zext_ln87_6_fu_2602">
<pin_list>
<pin id="2603" dir="0" index="0" bw="8" slack="0"/>
<pin id="2604" dir="1" index="1" bw="64" slack="0"/>
</pin_list>
<bind>
<opcode="zext(34) " fcode="zext"/>
<opset="zext_ln87_6/12 "/>
</bind>
</comp>

<comp id="2607" class="1004" name="zext_ln87_11_fu_2607">
<pin_list>
<pin id="2608" dir="0" index="0" bw="8" slack="0"/>
<pin id="2609" dir="1" index="1" bw="64" slack="0"/>
</pin_list>
<bind>
<opcode="zext(34) " fcode="zext"/>
<opset="zext_ln87_11/12 "/>
</bind>
</comp>

<comp id="2612" class="1004" name="zext_ln87_12_fu_2612">
<pin_list>
<pin id="2613" dir="0" index="0" bw="8" slack="0"/>
<pin id="2614" dir="1" index="1" bw="64" slack="0"/>
</pin_list>
<bind>
<opcode="zext(34) " fcode="zext"/>
<opset="zext_ln87_12/12 "/>
</bind>
</comp>

<comp id="2617" class="1004" name="state_36_fu_2617">
<pin_list>
<pin id="2618" dir="0" index="0" bw="8" slack="0"/>
<pin id="2619" dir="0" index="1" bw="8" slack="0"/>
<pin id="2620" dir="1" index="2" bw="8" slack="0"/>
</pin_list>
<bind>
<opcode="xor(25) " fcode="xor"/>
<opset="state_36/12 "/>
</bind>
</comp>

<comp id="2624" class="1004" name="state_37_fu_2624">
<pin_list>
<pin id="2625" dir="0" index="0" bw="8" slack="0"/>
<pin id="2626" dir="0" index="1" bw="8" slack="0"/>
<pin id="2627" dir="1" index="2" bw="8" slack="0"/>
</pin_list>
<bind>
<opcode="xor(25) " fcode="xor"/>
<opset="state_37/12 "/>
</bind>
</comp>

<comp id="2631" class="1004" name="state_38_fu_2631">
<pin_list>
<pin id="2632" dir="0" index="0" bw="8" slack="0"/>
<pin id="2633" dir="0" index="1" bw="8" slack="0"/>
<pin id="2634" dir="1" index="2" bw="8" slack="0"/>
</pin_list>
<bind>
<opcode="xor(25) " fcode="xor"/>
<opset="state_38/12 "/>
</bind>
</comp>

<comp id="2638" class="1004" name="state_39_fu_2638">
<pin_list>
<pin id="2639" dir="0" index="0" bw="8" slack="0"/>
<pin id="2640" dir="0" index="1" bw="8" slack="0"/>
<pin id="2641" dir="1" index="2" bw="8" slack="0"/>
</pin_list>
<bind>
<opcode="xor(25) " fcode="xor"/>
<opset="state_39/12 "/>
</bind>
</comp>

<comp id="2645" class="1004" name="round_keys_175_loc_load_load_fu_2645">
<pin_list>
<pin id="2646" dir="0" index="0" bw="8" slack="12"/>
<pin id="2647" dir="1" index="1" bw="8" slack="0"/>
</pin_list>
<bind>
<opcode="load(27) " fcode="load"/>
<opset="round_keys_175_loc_load/13 "/>
</bind>
</comp>

<comp id="2648" class="1004" name="round_keys_174_loc_load_load_fu_2648">
<pin_list>
<pin id="2649" dir="0" index="0" bw="8" slack="12"/>
<pin id="2650" dir="1" index="1" bw="8" slack="0"/>
</pin_list>
<bind>
<opcode="load(27) " fcode="load"/>
<opset="round_keys_174_loc_load/13 "/>
</bind>
</comp>

<comp id="2651" class="1004" name="round_keys_173_loc_load_load_fu_2651">
<pin_list>
<pin id="2652" dir="0" index="0" bw="8" slack="12"/>
<pin id="2653" dir="1" index="1" bw="8" slack="0"/>
</pin_list>
<bind>
<opcode="load(27) " fcode="load"/>
<opset="round_keys_173_loc_load/13 "/>
</bind>
</comp>

<comp id="2654" class="1004" name="round_keys_172_loc_load_load_fu_2654">
<pin_list>
<pin id="2655" dir="0" index="0" bw="8" slack="12"/>
<pin id="2656" dir="1" index="1" bw="8" slack="0"/>
</pin_list>
<bind>
<opcode="load(27) " fcode="load"/>
<opset="round_keys_172_loc_load/13 "/>
</bind>
</comp>

<comp id="2657" class="1004" name="state_40_fu_2657">
<pin_list>
<pin id="2658" dir="0" index="0" bw="8" slack="0"/>
<pin id="2659" dir="0" index="1" bw="8" slack="0"/>
<pin id="2660" dir="1" index="2" bw="8" slack="0"/>
</pin_list>
<bind>
<opcode="xor(25) " fcode="xor"/>
<opset="state_40/13 "/>
</bind>
</comp>

<comp id="2664" class="1004" name="state_41_fu_2664">
<pin_list>
<pin id="2665" dir="0" index="0" bw="8" slack="0"/>
<pin id="2666" dir="0" index="1" bw="8" slack="0"/>
<pin id="2667" dir="1" index="2" bw="8" slack="0"/>
</pin_list>
<bind>
<opcode="xor(25) " fcode="xor"/>
<opset="state_41/13 "/>
</bind>
</comp>

<comp id="2671" class="1004" name="state_42_fu_2671">
<pin_list>
<pin id="2672" dir="0" index="0" bw="8" slack="0"/>
<pin id="2673" dir="0" index="1" bw="8" slack="0"/>
<pin id="2674" dir="1" index="2" bw="8" slack="0"/>
</pin_list>
<bind>
<opcode="xor(25) " fcode="xor"/>
<opset="state_42/13 "/>
</bind>
</comp>

<comp id="2678" class="1004" name="state_43_fu_2678">
<pin_list>
<pin id="2679" dir="0" index="0" bw="8" slack="0"/>
<pin id="2680" dir="0" index="1" bw="8" slack="0"/>
<pin id="2681" dir="1" index="2" bw="8" slack="0"/>
</pin_list>
<bind>
<opcode="xor(25) " fcode="xor"/>
<opset="state_43/13 "/>
</bind>
</comp>

<comp id="2685" class="1005" name="p_loc31_reg_2685">
<pin_list>
<pin id="2686" dir="0" index="0" bw="8" slack="6"/>
<pin id="2687" dir="1" index="1" bw="8" slack="6"/>
</pin_list>
<bind>
<opset="p_loc31 "/>
</bind>
</comp>

<comp id="2691" class="1005" name="p_loc30_reg_2691">
<pin_list>
<pin id="2692" dir="0" index="0" bw="8" slack="6"/>
<pin id="2693" dir="1" index="1" bw="8" slack="6"/>
</pin_list>
<bind>
<opset="p_loc30 "/>
</bind>
</comp>

<comp id="2697" class="1005" name="p_loc29_reg_2697">
<pin_list>
<pin id="2698" dir="0" index="0" bw="8" slack="6"/>
<pin id="2699" dir="1" index="1" bw="8" slack="6"/>
</pin_list>
<bind>
<opset="p_loc29 "/>
</bind>
</comp>

<comp id="2703" class="1005" name="p_loc28_reg_2703">
<pin_list>
<pin id="2704" dir="0" index="0" bw="8" slack="6"/>
<pin id="2705" dir="1" index="1" bw="8" slack="6"/>
</pin_list>
<bind>
<opset="p_loc28 "/>
</bind>
</comp>

<comp id="2709" class="1005" name="p_loc27_reg_2709">
<pin_list>
<pin id="2710" dir="0" index="0" bw="8" slack="6"/>
<pin id="2711" dir="1" index="1" bw="8" slack="6"/>
</pin_list>
<bind>
<opset="p_loc27 "/>
</bind>
</comp>

<comp id="2715" class="1005" name="p_loc26_reg_2715">
<pin_list>
<pin id="2716" dir="0" index="0" bw="8" slack="6"/>
<pin id="2717" dir="1" index="1" bw="8" slack="6"/>
</pin_list>
<bind>
<opset="p_loc26 "/>
</bind>
</comp>

<comp id="2721" class="1005" name="p_loc25_reg_2721">
<pin_list>
<pin id="2722" dir="0" index="0" bw="8" slack="6"/>
<pin id="2723" dir="1" index="1" bw="8" slack="6"/>
</pin_list>
<bind>
<opset="p_loc25 "/>
</bind>
</comp>

<comp id="2727" class="1005" name="p_loc24_reg_2727">
<pin_list>
<pin id="2728" dir="0" index="0" bw="8" slack="6"/>
<pin id="2729" dir="1" index="1" bw="8" slack="6"/>
</pin_list>
<bind>
<opset="p_loc24 "/>
</bind>
</comp>

<comp id="2733" class="1005" name="p_loc23_reg_2733">
<pin_list>
<pin id="2734" dir="0" index="0" bw="8" slack="6"/>
<pin id="2735" dir="1" index="1" bw="8" slack="6"/>
</pin_list>
<bind>
<opset="p_loc23 "/>
</bind>
</comp>

<comp id="2739" class="1005" name="p_loc22_reg_2739">
<pin_list>
<pin id="2740" dir="0" index="0" bw="8" slack="6"/>
<pin id="2741" dir="1" index="1" bw="8" slack="6"/>
</pin_list>
<bind>
<opset="p_loc22 "/>
</bind>
</comp>

<comp id="2745" class="1005" name="p_loc21_reg_2745">
<pin_list>
<pin id="2746" dir="0" index="0" bw="8" slack="6"/>
<pin id="2747" dir="1" index="1" bw="8" slack="6"/>
</pin_list>
<bind>
<opset="p_loc21 "/>
</bind>
</comp>

<comp id="2751" class="1005" name="p_loc20_reg_2751">
<pin_list>
<pin id="2752" dir="0" index="0" bw="8" slack="6"/>
<pin id="2753" dir="1" index="1" bw="8" slack="6"/>
</pin_list>
<bind>
<opset="p_loc20 "/>
</bind>
</comp>

<comp id="2757" class="1005" name="p_loc19_reg_2757">
<pin_list>
<pin id="2758" dir="0" index="0" bw="8" slack="6"/>
<pin id="2759" dir="1" index="1" bw="8" slack="6"/>
</pin_list>
<bind>
<opset="p_loc19 "/>
</bind>
</comp>

<comp id="2763" class="1005" name="p_loc18_reg_2763">
<pin_list>
<pin id="2764" dir="0" index="0" bw="8" slack="6"/>
<pin id="2765" dir="1" index="1" bw="8" slack="6"/>
</pin_list>
<bind>
<opset="p_loc18 "/>
</bind>
</comp>

<comp id="2769" class="1005" name="p_loc17_reg_2769">
<pin_list>
<pin id="2770" dir="0" index="0" bw="8" slack="6"/>
<pin id="2771" dir="1" index="1" bw="8" slack="6"/>
</pin_list>
<bind>
<opset="p_loc17 "/>
</bind>
</comp>

<comp id="2775" class="1005" name="p_loc_reg_2775">
<pin_list>
<pin id="2776" dir="0" index="0" bw="8" slack="6"/>
<pin id="2777" dir="1" index="1" bw="8" slack="6"/>
</pin_list>
<bind>
<opset="p_loc "/>
</bind>
</comp>

<comp id="2781" class="1005" name="round_keys_16_loc_reg_2781">
<pin_list>
<pin id="2782" dir="0" index="0" bw="8" slack="4"/>
<pin id="2783" dir="1" index="1" bw="8" slack="4"/>
</pin_list>
<bind>
<opset="round_keys_16_loc "/>
</bind>
</comp>

<comp id="2787" class="1005" name="round_keys_17_loc_reg_2787">
<pin_list>
<pin id="2788" dir="0" index="0" bw="8" slack="4"/>
<pin id="2789" dir="1" index="1" bw="8" slack="4"/>
</pin_list>
<bind>
<opset="round_keys_17_loc "/>
</bind>
</comp>

<comp id="2793" class="1005" name="round_keys_18_loc_reg_2793">
<pin_list>
<pin id="2794" dir="0" index="0" bw="8" slack="4"/>
<pin id="2795" dir="1" index="1" bw="8" slack="4"/>
</pin_list>
<bind>
<opset="round_keys_18_loc "/>
</bind>
</comp>

<comp id="2799" class="1005" name="round_keys_19_loc_reg_2799">
<pin_list>
<pin id="2800" dir="0" index="0" bw="8" slack="4"/>
<pin id="2801" dir="1" index="1" bw="8" slack="4"/>
</pin_list>
<bind>
<opset="round_keys_19_loc "/>
</bind>
</comp>

<comp id="2805" class="1005" name="round_keys_20_loc_reg_2805">
<pin_list>
<pin id="2806" dir="0" index="0" bw="8" slack="4"/>
<pin id="2807" dir="1" index="1" bw="8" slack="4"/>
</pin_list>
<bind>
<opset="round_keys_20_loc "/>
</bind>
</comp>

<comp id="2811" class="1005" name="round_keys_21_loc_reg_2811">
<pin_list>
<pin id="2812" dir="0" index="0" bw="8" slack="4"/>
<pin id="2813" dir="1" index="1" bw="8" slack="4"/>
</pin_list>
<bind>
<opset="round_keys_21_loc "/>
</bind>
</comp>

<comp id="2817" class="1005" name="round_keys_22_loc_reg_2817">
<pin_list>
<pin id="2818" dir="0" index="0" bw="8" slack="4"/>
<pin id="2819" dir="1" index="1" bw="8" slack="4"/>
</pin_list>
<bind>
<opset="round_keys_22_loc "/>
</bind>
</comp>

<comp id="2823" class="1005" name="round_keys_23_loc_reg_2823">
<pin_list>
<pin id="2824" dir="0" index="0" bw="8" slack="4"/>
<pin id="2825" dir="1" index="1" bw="8" slack="4"/>
</pin_list>
<bind>
<opset="round_keys_23_loc "/>
</bind>
</comp>

<comp id="2829" class="1005" name="round_keys_24_loc_reg_2829">
<pin_list>
<pin id="2830" dir="0" index="0" bw="8" slack="4"/>
<pin id="2831" dir="1" index="1" bw="8" slack="4"/>
</pin_list>
<bind>
<opset="round_keys_24_loc "/>
</bind>
</comp>

<comp id="2835" class="1005" name="round_keys_25_loc_reg_2835">
<pin_list>
<pin id="2836" dir="0" index="0" bw="8" slack="4"/>
<pin id="2837" dir="1" index="1" bw="8" slack="4"/>
</pin_list>
<bind>
<opset="round_keys_25_loc "/>
</bind>
</comp>

<comp id="2841" class="1005" name="round_keys_26_loc_reg_2841">
<pin_list>
<pin id="2842" dir="0" index="0" bw="8" slack="4"/>
<pin id="2843" dir="1" index="1" bw="8" slack="4"/>
</pin_list>
<bind>
<opset="round_keys_26_loc "/>
</bind>
</comp>

<comp id="2847" class="1005" name="round_keys_27_loc_reg_2847">
<pin_list>
<pin id="2848" dir="0" index="0" bw="8" slack="4"/>
<pin id="2849" dir="1" index="1" bw="8" slack="4"/>
</pin_list>
<bind>
<opset="round_keys_27_loc "/>
</bind>
</comp>

<comp id="2853" class="1005" name="round_keys_28_loc_reg_2853">
<pin_list>
<pin id="2854" dir="0" index="0" bw="8" slack="4"/>
<pin id="2855" dir="1" index="1" bw="8" slack="4"/>
</pin_list>
<bind>
<opset="round_keys_28_loc "/>
</bind>
</comp>

<comp id="2859" class="1005" name="round_keys_29_loc_reg_2859">
<pin_list>
<pin id="2860" dir="0" index="0" bw="8" slack="4"/>
<pin id="2861" dir="1" index="1" bw="8" slack="4"/>
</pin_list>
<bind>
<opset="round_keys_29_loc "/>
</bind>
</comp>

<comp id="2865" class="1005" name="round_keys_30_loc_reg_2865">
<pin_list>
<pin id="2866" dir="0" index="0" bw="8" slack="4"/>
<pin id="2867" dir="1" index="1" bw="8" slack="4"/>
</pin_list>
<bind>
<opset="round_keys_30_loc "/>
</bind>
</comp>

<comp id="2871" class="1005" name="round_keys_31_loc_reg_2871">
<pin_list>
<pin id="2872" dir="0" index="0" bw="8" slack="4"/>
<pin id="2873" dir="1" index="1" bw="8" slack="4"/>
</pin_list>
<bind>
<opset="round_keys_31_loc "/>
</bind>
</comp>

<comp id="2877" class="1005" name="round_keys_32_loc_reg_2877">
<pin_list>
<pin id="2878" dir="0" index="0" bw="8" slack="4"/>
<pin id="2879" dir="1" index="1" bw="8" slack="4"/>
</pin_list>
<bind>
<opset="round_keys_32_loc "/>
</bind>
</comp>

<comp id="2883" class="1005" name="round_keys_33_loc_reg_2883">
<pin_list>
<pin id="2884" dir="0" index="0" bw="8" slack="4"/>
<pin id="2885" dir="1" index="1" bw="8" slack="4"/>
</pin_list>
<bind>
<opset="round_keys_33_loc "/>
</bind>
</comp>

<comp id="2889" class="1005" name="round_keys_34_loc_reg_2889">
<pin_list>
<pin id="2890" dir="0" index="0" bw="8" slack="4"/>
<pin id="2891" dir="1" index="1" bw="8" slack="4"/>
</pin_list>
<bind>
<opset="round_keys_34_loc "/>
</bind>
</comp>

<comp id="2895" class="1005" name="round_keys_35_loc_reg_2895">
<pin_list>
<pin id="2896" dir="0" index="0" bw="8" slack="4"/>
<pin id="2897" dir="1" index="1" bw="8" slack="4"/>
</pin_list>
<bind>
<opset="round_keys_35_loc "/>
</bind>
</comp>

<comp id="2901" class="1005" name="round_keys_36_loc_reg_2901">
<pin_list>
<pin id="2902" dir="0" index="0" bw="8" slack="4"/>
<pin id="2903" dir="1" index="1" bw="8" slack="4"/>
</pin_list>
<bind>
<opset="round_keys_36_loc "/>
</bind>
</comp>

<comp id="2907" class="1005" name="round_keys_37_loc_reg_2907">
<pin_list>
<pin id="2908" dir="0" index="0" bw="8" slack="4"/>
<pin id="2909" dir="1" index="1" bw="8" slack="4"/>
</pin_list>
<bind>
<opset="round_keys_37_loc "/>
</bind>
</comp>

<comp id="2913" class="1005" name="round_keys_38_loc_reg_2913">
<pin_list>
<pin id="2914" dir="0" index="0" bw="8" slack="4"/>
<pin id="2915" dir="1" index="1" bw="8" slack="4"/>
</pin_list>
<bind>
<opset="round_keys_38_loc "/>
</bind>
</comp>

<comp id="2919" class="1005" name="round_keys_39_loc_reg_2919">
<pin_list>
<pin id="2920" dir="0" index="0" bw="8" slack="4"/>
<pin id="2921" dir="1" index="1" bw="8" slack="4"/>
</pin_list>
<bind>
<opset="round_keys_39_loc "/>
</bind>
</comp>

<comp id="2925" class="1005" name="round_keys_40_loc_reg_2925">
<pin_list>
<pin id="2926" dir="0" index="0" bw="8" slack="4"/>
<pin id="2927" dir="1" index="1" bw="8" slack="4"/>
</pin_list>
<bind>
<opset="round_keys_40_loc "/>
</bind>
</comp>

<comp id="2931" class="1005" name="round_keys_41_loc_reg_2931">
<pin_list>
<pin id="2932" dir="0" index="0" bw="8" slack="4"/>
<pin id="2933" dir="1" index="1" bw="8" slack="4"/>
</pin_list>
<bind>
<opset="round_keys_41_loc "/>
</bind>
</comp>

<comp id="2937" class="1005" name="round_keys_42_loc_reg_2937">
<pin_list>
<pin id="2938" dir="0" index="0" bw="8" slack="4"/>
<pin id="2939" dir="1" index="1" bw="8" slack="4"/>
</pin_list>
<bind>
<opset="round_keys_42_loc "/>
</bind>
</comp>

<comp id="2943" class="1005" name="round_keys_43_loc_reg_2943">
<pin_list>
<pin id="2944" dir="0" index="0" bw="8" slack="4"/>
<pin id="2945" dir="1" index="1" bw="8" slack="4"/>
</pin_list>
<bind>
<opset="round_keys_43_loc "/>
</bind>
</comp>

<comp id="2949" class="1005" name="round_keys_44_loc_reg_2949">
<pin_list>
<pin id="2950" dir="0" index="0" bw="8" slack="4"/>
<pin id="2951" dir="1" index="1" bw="8" slack="4"/>
</pin_list>
<bind>
<opset="round_keys_44_loc "/>
</bind>
</comp>

<comp id="2955" class="1005" name="round_keys_45_loc_reg_2955">
<pin_list>
<pin id="2956" dir="0" index="0" bw="8" slack="4"/>
<pin id="2957" dir="1" index="1" bw="8" slack="4"/>
</pin_list>
<bind>
<opset="round_keys_45_loc "/>
</bind>
</comp>

<comp id="2961" class="1005" name="round_keys_46_loc_reg_2961">
<pin_list>
<pin id="2962" dir="0" index="0" bw="8" slack="4"/>
<pin id="2963" dir="1" index="1" bw="8" slack="4"/>
</pin_list>
<bind>
<opset="round_keys_46_loc "/>
</bind>
</comp>

<comp id="2967" class="1005" name="round_keys_47_loc_reg_2967">
<pin_list>
<pin id="2968" dir="0" index="0" bw="8" slack="4"/>
<pin id="2969" dir="1" index="1" bw="8" slack="4"/>
</pin_list>
<bind>
<opset="round_keys_47_loc "/>
</bind>
</comp>

<comp id="2973" class="1005" name="round_keys_48_loc_reg_2973">
<pin_list>
<pin id="2974" dir="0" index="0" bw="8" slack="4"/>
<pin id="2975" dir="1" index="1" bw="8" slack="4"/>
</pin_list>
<bind>
<opset="round_keys_48_loc "/>
</bind>
</comp>

<comp id="2979" class="1005" name="round_keys_49_loc_reg_2979">
<pin_list>
<pin id="2980" dir="0" index="0" bw="8" slack="4"/>
<pin id="2981" dir="1" index="1" bw="8" slack="4"/>
</pin_list>
<bind>
<opset="round_keys_49_loc "/>
</bind>
</comp>

<comp id="2985" class="1005" name="round_keys_50_loc_reg_2985">
<pin_list>
<pin id="2986" dir="0" index="0" bw="8" slack="4"/>
<pin id="2987" dir="1" index="1" bw="8" slack="4"/>
</pin_list>
<bind>
<opset="round_keys_50_loc "/>
</bind>
</comp>

<comp id="2991" class="1005" name="round_keys_51_loc_reg_2991">
<pin_list>
<pin id="2992" dir="0" index="0" bw="8" slack="4"/>
<pin id="2993" dir="1" index="1" bw="8" slack="4"/>
</pin_list>
<bind>
<opset="round_keys_51_loc "/>
</bind>
</comp>

<comp id="2997" class="1005" name="round_keys_52_loc_reg_2997">
<pin_list>
<pin id="2998" dir="0" index="0" bw="8" slack="4"/>
<pin id="2999" dir="1" index="1" bw="8" slack="4"/>
</pin_list>
<bind>
<opset="round_keys_52_loc "/>
</bind>
</comp>

<comp id="3003" class="1005" name="round_keys_53_loc_reg_3003">
<pin_list>
<pin id="3004" dir="0" index="0" bw="8" slack="4"/>
<pin id="3005" dir="1" index="1" bw="8" slack="4"/>
</pin_list>
<bind>
<opset="round_keys_53_loc "/>
</bind>
</comp>

<comp id="3009" class="1005" name="round_keys_54_loc_reg_3009">
<pin_list>
<pin id="3010" dir="0" index="0" bw="8" slack="4"/>
<pin id="3011" dir="1" index="1" bw="8" slack="4"/>
</pin_list>
<bind>
<opset="round_keys_54_loc "/>
</bind>
</comp>

<comp id="3015" class="1005" name="round_keys_55_loc_reg_3015">
<pin_list>
<pin id="3016" dir="0" index="0" bw="8" slack="4"/>
<pin id="3017" dir="1" index="1" bw="8" slack="4"/>
</pin_list>
<bind>
<opset="round_keys_55_loc "/>
</bind>
</comp>

<comp id="3021" class="1005" name="round_keys_56_loc_reg_3021">
<pin_list>
<pin id="3022" dir="0" index="0" bw="8" slack="4"/>
<pin id="3023" dir="1" index="1" bw="8" slack="4"/>
</pin_list>
<bind>
<opset="round_keys_56_loc "/>
</bind>
</comp>

<comp id="3027" class="1005" name="round_keys_57_loc_reg_3027">
<pin_list>
<pin id="3028" dir="0" index="0" bw="8" slack="4"/>
<pin id="3029" dir="1" index="1" bw="8" slack="4"/>
</pin_list>
<bind>
<opset="round_keys_57_loc "/>
</bind>
</comp>

<comp id="3033" class="1005" name="round_keys_58_loc_reg_3033">
<pin_list>
<pin id="3034" dir="0" index="0" bw="8" slack="4"/>
<pin id="3035" dir="1" index="1" bw="8" slack="4"/>
</pin_list>
<bind>
<opset="round_keys_58_loc "/>
</bind>
</comp>

<comp id="3039" class="1005" name="round_keys_59_loc_reg_3039">
<pin_list>
<pin id="3040" dir="0" index="0" bw="8" slack="4"/>
<pin id="3041" dir="1" index="1" bw="8" slack="4"/>
</pin_list>
<bind>
<opset="round_keys_59_loc "/>
</bind>
</comp>

<comp id="3045" class="1005" name="round_keys_60_loc_reg_3045">
<pin_list>
<pin id="3046" dir="0" index="0" bw="8" slack="4"/>
<pin id="3047" dir="1" index="1" bw="8" slack="4"/>
</pin_list>
<bind>
<opset="round_keys_60_loc "/>
</bind>
</comp>

<comp id="3051" class="1005" name="round_keys_61_loc_reg_3051">
<pin_list>
<pin id="3052" dir="0" index="0" bw="8" slack="4"/>
<pin id="3053" dir="1" index="1" bw="8" slack="4"/>
</pin_list>
<bind>
<opset="round_keys_61_loc "/>
</bind>
</comp>

<comp id="3057" class="1005" name="round_keys_62_loc_reg_3057">
<pin_list>
<pin id="3058" dir="0" index="0" bw="8" slack="4"/>
<pin id="3059" dir="1" index="1" bw="8" slack="4"/>
</pin_list>
<bind>
<opset="round_keys_62_loc "/>
</bind>
</comp>

<comp id="3063" class="1005" name="round_keys_63_loc_reg_3063">
<pin_list>
<pin id="3064" dir="0" index="0" bw="8" slack="4"/>
<pin id="3065" dir="1" index="1" bw="8" slack="4"/>
</pin_list>
<bind>
<opset="round_keys_63_loc "/>
</bind>
</comp>

<comp id="3069" class="1005" name="round_keys_64_loc_reg_3069">
<pin_list>
<pin id="3070" dir="0" index="0" bw="8" slack="4"/>
<pin id="3071" dir="1" index="1" bw="8" slack="4"/>
</pin_list>
<bind>
<opset="round_keys_64_loc "/>
</bind>
</comp>

<comp id="3075" class="1005" name="round_keys_65_loc_reg_3075">
<pin_list>
<pin id="3076" dir="0" index="0" bw="8" slack="4"/>
<pin id="3077" dir="1" index="1" bw="8" slack="4"/>
</pin_list>
<bind>
<opset="round_keys_65_loc "/>
</bind>
</comp>

<comp id="3081" class="1005" name="round_keys_66_loc_reg_3081">
<pin_list>
<pin id="3082" dir="0" index="0" bw="8" slack="4"/>
<pin id="3083" dir="1" index="1" bw="8" slack="4"/>
</pin_list>
<bind>
<opset="round_keys_66_loc "/>
</bind>
</comp>

<comp id="3087" class="1005" name="round_keys_67_loc_reg_3087">
<pin_list>
<pin id="3088" dir="0" index="0" bw="8" slack="4"/>
<pin id="3089" dir="1" index="1" bw="8" slack="4"/>
</pin_list>
<bind>
<opset="round_keys_67_loc "/>
</bind>
</comp>

<comp id="3093" class="1005" name="round_keys_68_loc_reg_3093">
<pin_list>
<pin id="3094" dir="0" index="0" bw="8" slack="4"/>
<pin id="3095" dir="1" index="1" bw="8" slack="4"/>
</pin_list>
<bind>
<opset="round_keys_68_loc "/>
</bind>
</comp>

<comp id="3099" class="1005" name="round_keys_69_loc_reg_3099">
<pin_list>
<pin id="3100" dir="0" index="0" bw="8" slack="4"/>
<pin id="3101" dir="1" index="1" bw="8" slack="4"/>
</pin_list>
<bind>
<opset="round_keys_69_loc "/>
</bind>
</comp>

<comp id="3105" class="1005" name="round_keys_70_loc_reg_3105">
<pin_list>
<pin id="3106" dir="0" index="0" bw="8" slack="4"/>
<pin id="3107" dir="1" index="1" bw="8" slack="4"/>
</pin_list>
<bind>
<opset="round_keys_70_loc "/>
</bind>
</comp>

<comp id="3111" class="1005" name="round_keys_71_loc_reg_3111">
<pin_list>
<pin id="3112" dir="0" index="0" bw="8" slack="4"/>
<pin id="3113" dir="1" index="1" bw="8" slack="4"/>
</pin_list>
<bind>
<opset="round_keys_71_loc "/>
</bind>
</comp>

<comp id="3117" class="1005" name="round_keys_72_loc_reg_3117">
<pin_list>
<pin id="3118" dir="0" index="0" bw="8" slack="4"/>
<pin id="3119" dir="1" index="1" bw="8" slack="4"/>
</pin_list>
<bind>
<opset="round_keys_72_loc "/>
</bind>
</comp>

<comp id="3123" class="1005" name="round_keys_73_loc_reg_3123">
<pin_list>
<pin id="3124" dir="0" index="0" bw="8" slack="4"/>
<pin id="3125" dir="1" index="1" bw="8" slack="4"/>
</pin_list>
<bind>
<opset="round_keys_73_loc "/>
</bind>
</comp>

<comp id="3129" class="1005" name="round_keys_74_loc_reg_3129">
<pin_list>
<pin id="3130" dir="0" index="0" bw="8" slack="4"/>
<pin id="3131" dir="1" index="1" bw="8" slack="4"/>
</pin_list>
<bind>
<opset="round_keys_74_loc "/>
</bind>
</comp>

<comp id="3135" class="1005" name="round_keys_75_loc_reg_3135">
<pin_list>
<pin id="3136" dir="0" index="0" bw="8" slack="4"/>
<pin id="3137" dir="1" index="1" bw="8" slack="4"/>
</pin_list>
<bind>
<opset="round_keys_75_loc "/>
</bind>
</comp>

<comp id="3141" class="1005" name="round_keys_76_loc_reg_3141">
<pin_list>
<pin id="3142" dir="0" index="0" bw="8" slack="4"/>
<pin id="3143" dir="1" index="1" bw="8" slack="4"/>
</pin_list>
<bind>
<opset="round_keys_76_loc "/>
</bind>
</comp>

<comp id="3147" class="1005" name="round_keys_77_loc_reg_3147">
<pin_list>
<pin id="3148" dir="0" index="0" bw="8" slack="4"/>
<pin id="3149" dir="1" index="1" bw="8" slack="4"/>
</pin_list>
<bind>
<opset="round_keys_77_loc "/>
</bind>
</comp>

<comp id="3153" class="1005" name="round_keys_78_loc_reg_3153">
<pin_list>
<pin id="3154" dir="0" index="0" bw="8" slack="4"/>
<pin id="3155" dir="1" index="1" bw="8" slack="4"/>
</pin_list>
<bind>
<opset="round_keys_78_loc "/>
</bind>
</comp>

<comp id="3159" class="1005" name="round_keys_79_loc_reg_3159">
<pin_list>
<pin id="3160" dir="0" index="0" bw="8" slack="4"/>
<pin id="3161" dir="1" index="1" bw="8" slack="4"/>
</pin_list>
<bind>
<opset="round_keys_79_loc "/>
</bind>
</comp>

<comp id="3165" class="1005" name="round_keys_80_loc_reg_3165">
<pin_list>
<pin id="3166" dir="0" index="0" bw="8" slack="4"/>
<pin id="3167" dir="1" index="1" bw="8" slack="4"/>
</pin_list>
<bind>
<opset="round_keys_80_loc "/>
</bind>
</comp>

<comp id="3171" class="1005" name="round_keys_81_loc_reg_3171">
<pin_list>
<pin id="3172" dir="0" index="0" bw="8" slack="4"/>
<pin id="3173" dir="1" index="1" bw="8" slack="4"/>
</pin_list>
<bind>
<opset="round_keys_81_loc "/>
</bind>
</comp>

<comp id="3177" class="1005" name="round_keys_82_loc_reg_3177">
<pin_list>
<pin id="3178" dir="0" index="0" bw="8" slack="4"/>
<pin id="3179" dir="1" index="1" bw="8" slack="4"/>
</pin_list>
<bind>
<opset="round_keys_82_loc "/>
</bind>
</comp>

<comp id="3183" class="1005" name="round_keys_83_loc_reg_3183">
<pin_list>
<pin id="3184" dir="0" index="0" bw="8" slack="4"/>
<pin id="3185" dir="1" index="1" bw="8" slack="4"/>
</pin_list>
<bind>
<opset="round_keys_83_loc "/>
</bind>
</comp>

<comp id="3189" class="1005" name="round_keys_84_loc_reg_3189">
<pin_list>
<pin id="3190" dir="0" index="0" bw="8" slack="4"/>
<pin id="3191" dir="1" index="1" bw="8" slack="4"/>
</pin_list>
<bind>
<opset="round_keys_84_loc "/>
</bind>
</comp>

<comp id="3195" class="1005" name="round_keys_85_loc_reg_3195">
<pin_list>
<pin id="3196" dir="0" index="0" bw="8" slack="4"/>
<pin id="3197" dir="1" index="1" bw="8" slack="4"/>
</pin_list>
<bind>
<opset="round_keys_85_loc "/>
</bind>
</comp>

<comp id="3201" class="1005" name="round_keys_86_loc_reg_3201">
<pin_list>
<pin id="3202" dir="0" index="0" bw="8" slack="4"/>
<pin id="3203" dir="1" index="1" bw="8" slack="4"/>
</pin_list>
<bind>
<opset="round_keys_86_loc "/>
</bind>
</comp>

<comp id="3207" class="1005" name="round_keys_87_loc_reg_3207">
<pin_list>
<pin id="3208" dir="0" index="0" bw="8" slack="4"/>
<pin id="3209" dir="1" index="1" bw="8" slack="4"/>
</pin_list>
<bind>
<opset="round_keys_87_loc "/>
</bind>
</comp>

<comp id="3213" class="1005" name="round_keys_88_loc_reg_3213">
<pin_list>
<pin id="3214" dir="0" index="0" bw="8" slack="4"/>
<pin id="3215" dir="1" index="1" bw="8" slack="4"/>
</pin_list>
<bind>
<opset="round_keys_88_loc "/>
</bind>
</comp>

<comp id="3219" class="1005" name="round_keys_89_loc_reg_3219">
<pin_list>
<pin id="3220" dir="0" index="0" bw="8" slack="4"/>
<pin id="3221" dir="1" index="1" bw="8" slack="4"/>
</pin_list>
<bind>
<opset="round_keys_89_loc "/>
</bind>
</comp>

<comp id="3225" class="1005" name="round_keys_90_loc_reg_3225">
<pin_list>
<pin id="3226" dir="0" index="0" bw="8" slack="4"/>
<pin id="3227" dir="1" index="1" bw="8" slack="4"/>
</pin_list>
<bind>
<opset="round_keys_90_loc "/>
</bind>
</comp>

<comp id="3231" class="1005" name="round_keys_91_loc_reg_3231">
<pin_list>
<pin id="3232" dir="0" index="0" bw="8" slack="4"/>
<pin id="3233" dir="1" index="1" bw="8" slack="4"/>
</pin_list>
<bind>
<opset="round_keys_91_loc "/>
</bind>
</comp>

<comp id="3237" class="1005" name="round_keys_92_loc_reg_3237">
<pin_list>
<pin id="3238" dir="0" index="0" bw="8" slack="4"/>
<pin id="3239" dir="1" index="1" bw="8" slack="4"/>
</pin_list>
<bind>
<opset="round_keys_92_loc "/>
</bind>
</comp>

<comp id="3243" class="1005" name="round_keys_93_loc_reg_3243">
<pin_list>
<pin id="3244" dir="0" index="0" bw="8" slack="4"/>
<pin id="3245" dir="1" index="1" bw="8" slack="4"/>
</pin_list>
<bind>
<opset="round_keys_93_loc "/>
</bind>
</comp>

<comp id="3249" class="1005" name="round_keys_94_loc_reg_3249">
<pin_list>
<pin id="3250" dir="0" index="0" bw="8" slack="4"/>
<pin id="3251" dir="1" index="1" bw="8" slack="4"/>
</pin_list>
<bind>
<opset="round_keys_94_loc "/>
</bind>
</comp>

<comp id="3255" class="1005" name="round_keys_95_loc_reg_3255">
<pin_list>
<pin id="3256" dir="0" index="0" bw="8" slack="4"/>
<pin id="3257" dir="1" index="1" bw="8" slack="4"/>
</pin_list>
<bind>
<opset="round_keys_95_loc "/>
</bind>
</comp>

<comp id="3261" class="1005" name="round_keys_96_loc_reg_3261">
<pin_list>
<pin id="3262" dir="0" index="0" bw="8" slack="4"/>
<pin id="3263" dir="1" index="1" bw="8" slack="4"/>
</pin_list>
<bind>
<opset="round_keys_96_loc "/>
</bind>
</comp>

<comp id="3267" class="1005" name="round_keys_97_loc_reg_3267">
<pin_list>
<pin id="3268" dir="0" index="0" bw="8" slack="4"/>
<pin id="3269" dir="1" index="1" bw="8" slack="4"/>
</pin_list>
<bind>
<opset="round_keys_97_loc "/>
</bind>
</comp>

<comp id="3273" class="1005" name="round_keys_98_loc_reg_3273">
<pin_list>
<pin id="3274" dir="0" index="0" bw="8" slack="4"/>
<pin id="3275" dir="1" index="1" bw="8" slack="4"/>
</pin_list>
<bind>
<opset="round_keys_98_loc "/>
</bind>
</comp>

<comp id="3279" class="1005" name="round_keys_99_loc_reg_3279">
<pin_list>
<pin id="3280" dir="0" index="0" bw="8" slack="4"/>
<pin id="3281" dir="1" index="1" bw="8" slack="4"/>
</pin_list>
<bind>
<opset="round_keys_99_loc "/>
</bind>
</comp>

<comp id="3285" class="1005" name="round_keys_100_loc_reg_3285">
<pin_list>
<pin id="3286" dir="0" index="0" bw="8" slack="4"/>
<pin id="3287" dir="1" index="1" bw="8" slack="4"/>
</pin_list>
<bind>
<opset="round_keys_100_loc "/>
</bind>
</comp>

<comp id="3291" class="1005" name="round_keys_101_loc_reg_3291">
<pin_list>
<pin id="3292" dir="0" index="0" bw="8" slack="4"/>
<pin id="3293" dir="1" index="1" bw="8" slack="4"/>
</pin_list>
<bind>
<opset="round_keys_101_loc "/>
</bind>
</comp>

<comp id="3297" class="1005" name="round_keys_102_loc_reg_3297">
<pin_list>
<pin id="3298" dir="0" index="0" bw="8" slack="4"/>
<pin id="3299" dir="1" index="1" bw="8" slack="4"/>
</pin_list>
<bind>
<opset="round_keys_102_loc "/>
</bind>
</comp>

<comp id="3303" class="1005" name="round_keys_103_loc_reg_3303">
<pin_list>
<pin id="3304" dir="0" index="0" bw="8" slack="4"/>
<pin id="3305" dir="1" index="1" bw="8" slack="4"/>
</pin_list>
<bind>
<opset="round_keys_103_loc "/>
</bind>
</comp>

<comp id="3309" class="1005" name="round_keys_104_loc_reg_3309">
<pin_list>
<pin id="3310" dir="0" index="0" bw="8" slack="4"/>
<pin id="3311" dir="1" index="1" bw="8" slack="4"/>
</pin_list>
<bind>
<opset="round_keys_104_loc "/>
</bind>
</comp>

<comp id="3315" class="1005" name="round_keys_105_loc_reg_3315">
<pin_list>
<pin id="3316" dir="0" index="0" bw="8" slack="4"/>
<pin id="3317" dir="1" index="1" bw="8" slack="4"/>
</pin_list>
<bind>
<opset="round_keys_105_loc "/>
</bind>
</comp>

<comp id="3321" class="1005" name="round_keys_106_loc_reg_3321">
<pin_list>
<pin id="3322" dir="0" index="0" bw="8" slack="4"/>
<pin id="3323" dir="1" index="1" bw="8" slack="4"/>
</pin_list>
<bind>
<opset="round_keys_106_loc "/>
</bind>
</comp>

<comp id="3327" class="1005" name="round_keys_107_loc_reg_3327">
<pin_list>
<pin id="3328" dir="0" index="0" bw="8" slack="4"/>
<pin id="3329" dir="1" index="1" bw="8" slack="4"/>
</pin_list>
<bind>
<opset="round_keys_107_loc "/>
</bind>
</comp>

<comp id="3333" class="1005" name="round_keys_108_loc_reg_3333">
<pin_list>
<pin id="3334" dir="0" index="0" bw="8" slack="4"/>
<pin id="3335" dir="1" index="1" bw="8" slack="4"/>
</pin_list>
<bind>
<opset="round_keys_108_loc "/>
</bind>
</comp>

<comp id="3339" class="1005" name="round_keys_109_loc_reg_3339">
<pin_list>
<pin id="3340" dir="0" index="0" bw="8" slack="4"/>
<pin id="3341" dir="1" index="1" bw="8" slack="4"/>
</pin_list>
<bind>
<opset="round_keys_109_loc "/>
</bind>
</comp>

<comp id="3345" class="1005" name="round_keys_110_loc_reg_3345">
<pin_list>
<pin id="3346" dir="0" index="0" bw="8" slack="4"/>
<pin id="3347" dir="1" index="1" bw="8" slack="4"/>
</pin_list>
<bind>
<opset="round_keys_110_loc "/>
</bind>
</comp>

<comp id="3351" class="1005" name="round_keys_111_loc_reg_3351">
<pin_list>
<pin id="3352" dir="0" index="0" bw="8" slack="4"/>
<pin id="3353" dir="1" index="1" bw="8" slack="4"/>
</pin_list>
<bind>
<opset="round_keys_111_loc "/>
</bind>
</comp>

<comp id="3357" class="1005" name="round_keys_112_loc_reg_3357">
<pin_list>
<pin id="3358" dir="0" index="0" bw="8" slack="4"/>
<pin id="3359" dir="1" index="1" bw="8" slack="4"/>
</pin_list>
<bind>
<opset="round_keys_112_loc "/>
</bind>
</comp>

<comp id="3363" class="1005" name="round_keys_113_loc_reg_3363">
<pin_list>
<pin id="3364" dir="0" index="0" bw="8" slack="4"/>
<pin id="3365" dir="1" index="1" bw="8" slack="4"/>
</pin_list>
<bind>
<opset="round_keys_113_loc "/>
</bind>
</comp>

<comp id="3369" class="1005" name="round_keys_114_loc_reg_3369">
<pin_list>
<pin id="3370" dir="0" index="0" bw="8" slack="4"/>
<pin id="3371" dir="1" index="1" bw="8" slack="4"/>
</pin_list>
<bind>
<opset="round_keys_114_loc "/>
</bind>
</comp>

<comp id="3375" class="1005" name="round_keys_115_loc_reg_3375">
<pin_list>
<pin id="3376" dir="0" index="0" bw="8" slack="4"/>
<pin id="3377" dir="1" index="1" bw="8" slack="4"/>
</pin_list>
<bind>
<opset="round_keys_115_loc "/>
</bind>
</comp>

<comp id="3381" class="1005" name="round_keys_116_loc_reg_3381">
<pin_list>
<pin id="3382" dir="0" index="0" bw="8" slack="4"/>
<pin id="3383" dir="1" index="1" bw="8" slack="4"/>
</pin_list>
<bind>
<opset="round_keys_116_loc "/>
</bind>
</comp>

<comp id="3387" class="1005" name="round_keys_117_loc_reg_3387">
<pin_list>
<pin id="3388" dir="0" index="0" bw="8" slack="4"/>
<pin id="3389" dir="1" index="1" bw="8" slack="4"/>
</pin_list>
<bind>
<opset="round_keys_117_loc "/>
</bind>
</comp>

<comp id="3393" class="1005" name="round_keys_118_loc_reg_3393">
<pin_list>
<pin id="3394" dir="0" index="0" bw="8" slack="4"/>
<pin id="3395" dir="1" index="1" bw="8" slack="4"/>
</pin_list>
<bind>
<opset="round_keys_118_loc "/>
</bind>
</comp>

<comp id="3399" class="1005" name="round_keys_119_loc_reg_3399">
<pin_list>
<pin id="3400" dir="0" index="0" bw="8" slack="4"/>
<pin id="3401" dir="1" index="1" bw="8" slack="4"/>
</pin_list>
<bind>
<opset="round_keys_119_loc "/>
</bind>
</comp>

<comp id="3405" class="1005" name="round_keys_120_loc_reg_3405">
<pin_list>
<pin id="3406" dir="0" index="0" bw="8" slack="4"/>
<pin id="3407" dir="1" index="1" bw="8" slack="4"/>
</pin_list>
<bind>
<opset="round_keys_120_loc "/>
</bind>
</comp>

<comp id="3411" class="1005" name="round_keys_121_loc_reg_3411">
<pin_list>
<pin id="3412" dir="0" index="0" bw="8" slack="4"/>
<pin id="3413" dir="1" index="1" bw="8" slack="4"/>
</pin_list>
<bind>
<opset="round_keys_121_loc "/>
</bind>
</comp>

<comp id="3417" class="1005" name="round_keys_122_loc_reg_3417">
<pin_list>
<pin id="3418" dir="0" index="0" bw="8" slack="4"/>
<pin id="3419" dir="1" index="1" bw="8" slack="4"/>
</pin_list>
<bind>
<opset="round_keys_122_loc "/>
</bind>
</comp>

<comp id="3423" class="1005" name="round_keys_123_loc_reg_3423">
<pin_list>
<pin id="3424" dir="0" index="0" bw="8" slack="4"/>
<pin id="3425" dir="1" index="1" bw="8" slack="4"/>
</pin_list>
<bind>
<opset="round_keys_123_loc "/>
</bind>
</comp>

<comp id="3429" class="1005" name="round_keys_124_loc_reg_3429">
<pin_list>
<pin id="3430" dir="0" index="0" bw="8" slack="4"/>
<pin id="3431" dir="1" index="1" bw="8" slack="4"/>
</pin_list>
<bind>
<opset="round_keys_124_loc "/>
</bind>
</comp>

<comp id="3435" class="1005" name="round_keys_125_loc_reg_3435">
<pin_list>
<pin id="3436" dir="0" index="0" bw="8" slack="4"/>
<pin id="3437" dir="1" index="1" bw="8" slack="4"/>
</pin_list>
<bind>
<opset="round_keys_125_loc "/>
</bind>
</comp>

<comp id="3441" class="1005" name="round_keys_126_loc_reg_3441">
<pin_list>
<pin id="3442" dir="0" index="0" bw="8" slack="4"/>
<pin id="3443" dir="1" index="1" bw="8" slack="4"/>
</pin_list>
<bind>
<opset="round_keys_126_loc "/>
</bind>
</comp>

<comp id="3447" class="1005" name="round_keys_127_loc_reg_3447">
<pin_list>
<pin id="3448" dir="0" index="0" bw="8" slack="4"/>
<pin id="3449" dir="1" index="1" bw="8" slack="4"/>
</pin_list>
<bind>
<opset="round_keys_127_loc "/>
</bind>
</comp>

<comp id="3453" class="1005" name="round_keys_128_loc_reg_3453">
<pin_list>
<pin id="3454" dir="0" index="0" bw="8" slack="4"/>
<pin id="3455" dir="1" index="1" bw="8" slack="4"/>
</pin_list>
<bind>
<opset="round_keys_128_loc "/>
</bind>
</comp>

<comp id="3459" class="1005" name="round_keys_129_loc_reg_3459">
<pin_list>
<pin id="3460" dir="0" index="0" bw="8" slack="4"/>
<pin id="3461" dir="1" index="1" bw="8" slack="4"/>
</pin_list>
<bind>
<opset="round_keys_129_loc "/>
</bind>
</comp>

<comp id="3465" class="1005" name="round_keys_130_loc_reg_3465">
<pin_list>
<pin id="3466" dir="0" index="0" bw="8" slack="4"/>
<pin id="3467" dir="1" index="1" bw="8" slack="4"/>
</pin_list>
<bind>
<opset="round_keys_130_loc "/>
</bind>
</comp>

<comp id="3471" class="1005" name="round_keys_131_loc_reg_3471">
<pin_list>
<pin id="3472" dir="0" index="0" bw="8" slack="4"/>
<pin id="3473" dir="1" index="1" bw="8" slack="4"/>
</pin_list>
<bind>
<opset="round_keys_131_loc "/>
</bind>
</comp>

<comp id="3477" class="1005" name="round_keys_132_loc_reg_3477">
<pin_list>
<pin id="3478" dir="0" index="0" bw="8" slack="4"/>
<pin id="3479" dir="1" index="1" bw="8" slack="4"/>
</pin_list>
<bind>
<opset="round_keys_132_loc "/>
</bind>
</comp>

<comp id="3483" class="1005" name="round_keys_133_loc_reg_3483">
<pin_list>
<pin id="3484" dir="0" index="0" bw="8" slack="4"/>
<pin id="3485" dir="1" index="1" bw="8" slack="4"/>
</pin_list>
<bind>
<opset="round_keys_133_loc "/>
</bind>
</comp>

<comp id="3489" class="1005" name="round_keys_134_loc_reg_3489">
<pin_list>
<pin id="3490" dir="0" index="0" bw="8" slack="4"/>
<pin id="3491" dir="1" index="1" bw="8" slack="4"/>
</pin_list>
<bind>
<opset="round_keys_134_loc "/>
</bind>
</comp>

<comp id="3495" class="1005" name="round_keys_135_loc_reg_3495">
<pin_list>
<pin id="3496" dir="0" index="0" bw="8" slack="4"/>
<pin id="3497" dir="1" index="1" bw="8" slack="4"/>
</pin_list>
<bind>
<opset="round_keys_135_loc "/>
</bind>
</comp>

<comp id="3501" class="1005" name="round_keys_136_loc_reg_3501">
<pin_list>
<pin id="3502" dir="0" index="0" bw="8" slack="4"/>
<pin id="3503" dir="1" index="1" bw="8" slack="4"/>
</pin_list>
<bind>
<opset="round_keys_136_loc "/>
</bind>
</comp>

<comp id="3507" class="1005" name="round_keys_137_loc_reg_3507">
<pin_list>
<pin id="3508" dir="0" index="0" bw="8" slack="4"/>
<pin id="3509" dir="1" index="1" bw="8" slack="4"/>
</pin_list>
<bind>
<opset="round_keys_137_loc "/>
</bind>
</comp>

<comp id="3513" class="1005" name="round_keys_138_loc_reg_3513">
<pin_list>
<pin id="3514" dir="0" index="0" bw="8" slack="4"/>
<pin id="3515" dir="1" index="1" bw="8" slack="4"/>
</pin_list>
<bind>
<opset="round_keys_138_loc "/>
</bind>
</comp>

<comp id="3519" class="1005" name="round_keys_139_loc_reg_3519">
<pin_list>
<pin id="3520" dir="0" index="0" bw="8" slack="4"/>
<pin id="3521" dir="1" index="1" bw="8" slack="4"/>
</pin_list>
<bind>
<opset="round_keys_139_loc "/>
</bind>
</comp>

<comp id="3525" class="1005" name="round_keys_140_loc_reg_3525">
<pin_list>
<pin id="3526" dir="0" index="0" bw="8" slack="4"/>
<pin id="3527" dir="1" index="1" bw="8" slack="4"/>
</pin_list>
<bind>
<opset="round_keys_140_loc "/>
</bind>
</comp>

<comp id="3531" class="1005" name="round_keys_141_loc_reg_3531">
<pin_list>
<pin id="3532" dir="0" index="0" bw="8" slack="4"/>
<pin id="3533" dir="1" index="1" bw="8" slack="4"/>
</pin_list>
<bind>
<opset="round_keys_141_loc "/>
</bind>
</comp>

<comp id="3537" class="1005" name="round_keys_142_loc_reg_3537">
<pin_list>
<pin id="3538" dir="0" index="0" bw="8" slack="4"/>
<pin id="3539" dir="1" index="1" bw="8" slack="4"/>
</pin_list>
<bind>
<opset="round_keys_142_loc "/>
</bind>
</comp>

<comp id="3543" class="1005" name="round_keys_143_loc_reg_3543">
<pin_list>
<pin id="3544" dir="0" index="0" bw="8" slack="4"/>
<pin id="3545" dir="1" index="1" bw="8" slack="4"/>
</pin_list>
<bind>
<opset="round_keys_143_loc "/>
</bind>
</comp>

<comp id="3549" class="1005" name="round_keys_144_loc_reg_3549">
<pin_list>
<pin id="3550" dir="0" index="0" bw="8" slack="4"/>
<pin id="3551" dir="1" index="1" bw="8" slack="4"/>
</pin_list>
<bind>
<opset="round_keys_144_loc "/>
</bind>
</comp>

<comp id="3555" class="1005" name="round_keys_145_loc_reg_3555">
<pin_list>
<pin id="3556" dir="0" index="0" bw="8" slack="4"/>
<pin id="3557" dir="1" index="1" bw="8" slack="4"/>
</pin_list>
<bind>
<opset="round_keys_145_loc "/>
</bind>
</comp>

<comp id="3561" class="1005" name="round_keys_146_loc_reg_3561">
<pin_list>
<pin id="3562" dir="0" index="0" bw="8" slack="4"/>
<pin id="3563" dir="1" index="1" bw="8" slack="4"/>
</pin_list>
<bind>
<opset="round_keys_146_loc "/>
</bind>
</comp>

<comp id="3567" class="1005" name="round_keys_147_loc_reg_3567">
<pin_list>
<pin id="3568" dir="0" index="0" bw="8" slack="4"/>
<pin id="3569" dir="1" index="1" bw="8" slack="4"/>
</pin_list>
<bind>
<opset="round_keys_147_loc "/>
</bind>
</comp>

<comp id="3573" class="1005" name="round_keys_148_loc_reg_3573">
<pin_list>
<pin id="3574" dir="0" index="0" bw="8" slack="4"/>
<pin id="3575" dir="1" index="1" bw="8" slack="4"/>
</pin_list>
<bind>
<opset="round_keys_148_loc "/>
</bind>
</comp>

<comp id="3579" class="1005" name="round_keys_149_loc_reg_3579">
<pin_list>
<pin id="3580" dir="0" index="0" bw="8" slack="4"/>
<pin id="3581" dir="1" index="1" bw="8" slack="4"/>
</pin_list>
<bind>
<opset="round_keys_149_loc "/>
</bind>
</comp>

<comp id="3585" class="1005" name="round_keys_150_loc_reg_3585">
<pin_list>
<pin id="3586" dir="0" index="0" bw="8" slack="4"/>
<pin id="3587" dir="1" index="1" bw="8" slack="4"/>
</pin_list>
<bind>
<opset="round_keys_150_loc "/>
</bind>
</comp>

<comp id="3591" class="1005" name="round_keys_151_loc_reg_3591">
<pin_list>
<pin id="3592" dir="0" index="0" bw="8" slack="4"/>
<pin id="3593" dir="1" index="1" bw="8" slack="4"/>
</pin_list>
<bind>
<opset="round_keys_151_loc "/>
</bind>
</comp>

<comp id="3597" class="1005" name="round_keys_152_loc_reg_3597">
<pin_list>
<pin id="3598" dir="0" index="0" bw="8" slack="4"/>
<pin id="3599" dir="1" index="1" bw="8" slack="4"/>
</pin_list>
<bind>
<opset="round_keys_152_loc "/>
</bind>
</comp>

<comp id="3603" class="1005" name="round_keys_153_loc_reg_3603">
<pin_list>
<pin id="3604" dir="0" index="0" bw="8" slack="4"/>
<pin id="3605" dir="1" index="1" bw="8" slack="4"/>
</pin_list>
<bind>
<opset="round_keys_153_loc "/>
</bind>
</comp>

<comp id="3609" class="1005" name="round_keys_154_loc_reg_3609">
<pin_list>
<pin id="3610" dir="0" index="0" bw="8" slack="4"/>
<pin id="3611" dir="1" index="1" bw="8" slack="4"/>
</pin_list>
<bind>
<opset="round_keys_154_loc "/>
</bind>
</comp>

<comp id="3615" class="1005" name="round_keys_155_loc_reg_3615">
<pin_list>
<pin id="3616" dir="0" index="0" bw="8" slack="4"/>
<pin id="3617" dir="1" index="1" bw="8" slack="4"/>
</pin_list>
<bind>
<opset="round_keys_155_loc "/>
</bind>
</comp>

<comp id="3621" class="1005" name="round_keys_156_loc_reg_3621">
<pin_list>
<pin id="3622" dir="0" index="0" bw="8" slack="4"/>
<pin id="3623" dir="1" index="1" bw="8" slack="4"/>
</pin_list>
<bind>
<opset="round_keys_156_loc "/>
</bind>
</comp>

<comp id="3627" class="1005" name="round_keys_157_loc_reg_3627">
<pin_list>
<pin id="3628" dir="0" index="0" bw="8" slack="4"/>
<pin id="3629" dir="1" index="1" bw="8" slack="4"/>
</pin_list>
<bind>
<opset="round_keys_157_loc "/>
</bind>
</comp>

<comp id="3633" class="1005" name="round_keys_158_loc_reg_3633">
<pin_list>
<pin id="3634" dir="0" index="0" bw="8" slack="4"/>
<pin id="3635" dir="1" index="1" bw="8" slack="4"/>
</pin_list>
<bind>
<opset="round_keys_158_loc "/>
</bind>
</comp>

<comp id="3639" class="1005" name="round_keys_159_loc_reg_3639">
<pin_list>
<pin id="3640" dir="0" index="0" bw="8" slack="4"/>
<pin id="3641" dir="1" index="1" bw="8" slack="4"/>
</pin_list>
<bind>
<opset="round_keys_159_loc "/>
</bind>
</comp>

<comp id="3645" class="1005" name="round_keys_160_loc_reg_3645">
<pin_list>
<pin id="3646" dir="0" index="0" bw="8" slack="4"/>
<pin id="3647" dir="1" index="1" bw="8" slack="4"/>
</pin_list>
<bind>
<opset="round_keys_160_loc "/>
</bind>
</comp>

<comp id="3651" class="1005" name="round_keys_161_loc_reg_3651">
<pin_list>
<pin id="3652" dir="0" index="0" bw="8" slack="4"/>
<pin id="3653" dir="1" index="1" bw="8" slack="4"/>
</pin_list>
<bind>
<opset="round_keys_161_loc "/>
</bind>
</comp>

<comp id="3657" class="1005" name="round_keys_162_loc_reg_3657">
<pin_list>
<pin id="3658" dir="0" index="0" bw="8" slack="4"/>
<pin id="3659" dir="1" index="1" bw="8" slack="4"/>
</pin_list>
<bind>
<opset="round_keys_162_loc "/>
</bind>
</comp>

<comp id="3663" class="1005" name="round_keys_163_loc_reg_3663">
<pin_list>
<pin id="3664" dir="0" index="0" bw="8" slack="4"/>
<pin id="3665" dir="1" index="1" bw="8" slack="4"/>
</pin_list>
<bind>
<opset="round_keys_163_loc "/>
</bind>
</comp>

<comp id="3669" class="1005" name="round_keys_164_loc_reg_3669">
<pin_list>
<pin id="3670" dir="0" index="0" bw="8" slack="4"/>
<pin id="3671" dir="1" index="1" bw="8" slack="4"/>
</pin_list>
<bind>
<opset="round_keys_164_loc "/>
</bind>
</comp>

<comp id="3675" class="1005" name="round_keys_165_loc_reg_3675">
<pin_list>
<pin id="3676" dir="0" index="0" bw="8" slack="4"/>
<pin id="3677" dir="1" index="1" bw="8" slack="4"/>
</pin_list>
<bind>
<opset="round_keys_165_loc "/>
</bind>
</comp>

<comp id="3681" class="1005" name="round_keys_166_loc_reg_3681">
<pin_list>
<pin id="3682" dir="0" index="0" bw="8" slack="4"/>
<pin id="3683" dir="1" index="1" bw="8" slack="4"/>
</pin_list>
<bind>
<opset="round_keys_166_loc "/>
</bind>
</comp>

<comp id="3687" class="1005" name="round_keys_167_loc_reg_3687">
<pin_list>
<pin id="3688" dir="0" index="0" bw="8" slack="4"/>
<pin id="3689" dir="1" index="1" bw="8" slack="4"/>
</pin_list>
<bind>
<opset="round_keys_167_loc "/>
</bind>
</comp>

<comp id="3693" class="1005" name="round_keys_168_loc_reg_3693">
<pin_list>
<pin id="3694" dir="0" index="0" bw="8" slack="4"/>
<pin id="3695" dir="1" index="1" bw="8" slack="4"/>
</pin_list>
<bind>
<opset="round_keys_168_loc "/>
</bind>
</comp>

<comp id="3699" class="1005" name="round_keys_169_loc_reg_3699">
<pin_list>
<pin id="3700" dir="0" index="0" bw="8" slack="4"/>
<pin id="3701" dir="1" index="1" bw="8" slack="4"/>
</pin_list>
<bind>
<opset="round_keys_169_loc "/>
</bind>
</comp>

<comp id="3705" class="1005" name="round_keys_170_loc_reg_3705">
<pin_list>
<pin id="3706" dir="0" index="0" bw="8" slack="4"/>
<pin id="3707" dir="1" index="1" bw="8" slack="4"/>
</pin_list>
<bind>
<opset="round_keys_170_loc "/>
</bind>
</comp>

<comp id="3711" class="1005" name="round_keys_171_loc_reg_3711">
<pin_list>
<pin id="3712" dir="0" index="0" bw="8" slack="4"/>
<pin id="3713" dir="1" index="1" bw="8" slack="4"/>
</pin_list>
<bind>
<opset="round_keys_171_loc "/>
</bind>
</comp>

<comp id="3717" class="1005" name="round_keys_172_loc_reg_3717">
<pin_list>
<pin id="3718" dir="0" index="0" bw="8" slack="4"/>
<pin id="3719" dir="1" index="1" bw="8" slack="4"/>
</pin_list>
<bind>
<opset="round_keys_172_loc "/>
</bind>
</comp>

<comp id="3723" class="1005" name="round_keys_173_loc_reg_3723">
<pin_list>
<pin id="3724" dir="0" index="0" bw="8" slack="4"/>
<pin id="3725" dir="1" index="1" bw="8" slack="4"/>
</pin_list>
<bind>
<opset="round_keys_173_loc "/>
</bind>
</comp>

<comp id="3729" class="1005" name="round_keys_174_loc_reg_3729">
<pin_list>
<pin id="3730" dir="0" index="0" bw="8" slack="4"/>
<pin id="3731" dir="1" index="1" bw="8" slack="4"/>
</pin_list>
<bind>
<opset="round_keys_174_loc "/>
</bind>
</comp>

<comp id="3735" class="1005" name="round_keys_175_loc_reg_3735">
<pin_list>
<pin id="3736" dir="0" index="0" bw="8" slack="4"/>
<pin id="3737" dir="1" index="1" bw="8" slack="4"/>
</pin_list>
<bind>
<opset="round_keys_175_loc "/>
</bind>
</comp>

<comp id="3741" class="1005" name="key_0_addr_reg_3741">
<pin_list>
<pin id="3742" dir="0" index="0" bw="3" slack="1"/>
<pin id="3743" dir="1" index="1" bw="3" slack="1"/>
</pin_list>
<bind>
<opset="key_0_addr "/>
</bind>
</comp>

<comp id="3746" class="1005" name="key_1_addr_reg_3746">
<pin_list>
<pin id="3747" dir="0" index="0" bw="3" slack="1"/>
<pin id="3748" dir="1" index="1" bw="3" slack="1"/>
</pin_list>
<bind>
<opset="key_1_addr "/>
</bind>
</comp>

<comp id="3751" class="1005" name="key_0_addr_1_reg_3751">
<pin_list>
<pin id="3752" dir="0" index="0" bw="3" slack="1"/>
<pin id="3753" dir="1" index="1" bw="3" slack="1"/>
</pin_list>
<bind>
<opset="key_0_addr_1 "/>
</bind>
</comp>

<comp id="3756" class="1005" name="key_1_addr_1_reg_3756">
<pin_list>
<pin id="3757" dir="0" index="0" bw="3" slack="1"/>
<pin id="3758" dir="1" index="1" bw="3" slack="1"/>
</pin_list>
<bind>
<opset="key_1_addr_1 "/>
</bind>
</comp>

<comp id="3761" class="1005" name="round_keys_reg_3761">
<pin_list>
<pin id="3762" dir="0" index="0" bw="8" slack="3"/>
<pin id="3763" dir="1" index="1" bw="8" slack="3"/>
</pin_list>
<bind>
<opset="round_keys "/>
</bind>
</comp>

<comp id="3767" class="1005" name="round_keys_180_reg_3767">
<pin_list>
<pin id="3768" dir="0" index="0" bw="8" slack="3"/>
<pin id="3769" dir="1" index="1" bw="8" slack="3"/>
</pin_list>
<bind>
<opset="round_keys_180 "/>
</bind>
</comp>

<comp id="3773" class="1005" name="round_keys_181_reg_3773">
<pin_list>
<pin id="3774" dir="0" index="0" bw="8" slack="3"/>
<pin id="3775" dir="1" index="1" bw="8" slack="3"/>
</pin_list>
<bind>
<opset="round_keys_181 "/>
</bind>
</comp>

<comp id="3779" class="1005" name="round_keys_182_reg_3779">
<pin_list>
<pin id="3780" dir="0" index="0" bw="8" slack="3"/>
<pin id="3781" dir="1" index="1" bw="8" slack="3"/>
</pin_list>
<bind>
<opset="round_keys_182 "/>
</bind>
</comp>

<comp id="3785" class="1005" name="key_0_addr_2_reg_3785">
<pin_list>
<pin id="3786" dir="0" index="0" bw="3" slack="1"/>
<pin id="3787" dir="1" index="1" bw="3" slack="1"/>
</pin_list>
<bind>
<opset="key_0_addr_2 "/>
</bind>
</comp>

<comp id="3790" class="1005" name="key_1_addr_2_reg_3790">
<pin_list>
<pin id="3791" dir="0" index="0" bw="3" slack="1"/>
<pin id="3792" dir="1" index="1" bw="3" slack="1"/>
</pin_list>
<bind>
<opset="key_1_addr_2 "/>
</bind>
</comp>

<comp id="3795" class="1005" name="key_0_addr_3_reg_3795">
<pin_list>
<pin id="3796" dir="0" index="0" bw="3" slack="1"/>
<pin id="3797" dir="1" index="1" bw="3" slack="1"/>
</pin_list>
<bind>
<opset="key_0_addr_3 "/>
</bind>
</comp>

<comp id="3800" class="1005" name="key_1_addr_3_reg_3800">
<pin_list>
<pin id="3801" dir="0" index="0" bw="3" slack="1"/>
<pin id="3802" dir="1" index="1" bw="3" slack="1"/>
</pin_list>
<bind>
<opset="key_1_addr_3 "/>
</bind>
</comp>

<comp id="3805" class="1005" name="round_keys_183_reg_3805">
<pin_list>
<pin id="3806" dir="0" index="0" bw="8" slack="2"/>
<pin id="3807" dir="1" index="1" bw="8" slack="2"/>
</pin_list>
<bind>
<opset="round_keys_183 "/>
</bind>
</comp>

<comp id="3811" class="1005" name="round_keys_184_reg_3811">
<pin_list>
<pin id="3812" dir="0" index="0" bw="8" slack="2"/>
<pin id="3813" dir="1" index="1" bw="8" slack="2"/>
</pin_list>
<bind>
<opset="round_keys_184 "/>
</bind>
</comp>

<comp id="3817" class="1005" name="round_keys_185_reg_3817">
<pin_list>
<pin id="3818" dir="0" index="0" bw="8" slack="2"/>
<pin id="3819" dir="1" index="1" bw="8" slack="2"/>
</pin_list>
<bind>
<opset="round_keys_185 "/>
</bind>
</comp>

<comp id="3823" class="1005" name="round_keys_186_reg_3823">
<pin_list>
<pin id="3824" dir="0" index="0" bw="8" slack="2"/>
<pin id="3825" dir="1" index="1" bw="8" slack="2"/>
</pin_list>
<bind>
<opset="round_keys_186 "/>
</bind>
</comp>

<comp id="3829" class="1005" name="key_0_addr_4_reg_3829">
<pin_list>
<pin id="3830" dir="0" index="0" bw="3" slack="1"/>
<pin id="3831" dir="1" index="1" bw="3" slack="1"/>
</pin_list>
<bind>
<opset="key_0_addr_4 "/>
</bind>
</comp>

<comp id="3834" class="1005" name="key_1_addr_4_reg_3834">
<pin_list>
<pin id="3835" dir="0" index="0" bw="3" slack="1"/>
<pin id="3836" dir="1" index="1" bw="3" slack="1"/>
</pin_list>
<bind>
<opset="key_1_addr_4 "/>
</bind>
</comp>

<comp id="3839" class="1005" name="key_0_addr_5_reg_3839">
<pin_list>
<pin id="3840" dir="0" index="0" bw="3" slack="1"/>
<pin id="3841" dir="1" index="1" bw="3" slack="1"/>
</pin_list>
<bind>
<opset="key_0_addr_5 "/>
</bind>
</comp>

<comp id="3844" class="1005" name="key_1_addr_5_reg_3844">
<pin_list>
<pin id="3845" dir="0" index="0" bw="3" slack="1"/>
<pin id="3846" dir="1" index="1" bw="3" slack="1"/>
</pin_list>
<bind>
<opset="key_1_addr_5 "/>
</bind>
</comp>

<comp id="3849" class="1005" name="plaintext_0_addr_reg_3849">
<pin_list>
<pin id="3850" dir="0" index="0" bw="3" slack="1"/>
<pin id="3851" dir="1" index="1" bw="3" slack="1"/>
</pin_list>
<bind>
<opset="plaintext_0_addr "/>
</bind>
</comp>

<comp id="3854" class="1005" name="plaintext_1_addr_reg_3854">
<pin_list>
<pin id="3855" dir="0" index="0" bw="3" slack="1"/>
<pin id="3856" dir="1" index="1" bw="3" slack="1"/>
</pin_list>
<bind>
<opset="plaintext_1_addr "/>
</bind>
</comp>

<comp id="3859" class="1005" name="plaintext_0_addr_1_reg_3859">
<pin_list>
<pin id="3860" dir="0" index="0" bw="3" slack="1"/>
<pin id="3861" dir="1" index="1" bw="3" slack="1"/>
</pin_list>
<bind>
<opset="plaintext_0_addr_1 "/>
</bind>
</comp>

<comp id="3864" class="1005" name="plaintext_1_addr_1_reg_3864">
<pin_list>
<pin id="3865" dir="0" index="0" bw="3" slack="1"/>
<pin id="3866" dir="1" index="1" bw="3" slack="1"/>
</pin_list>
<bind>
<opset="plaintext_1_addr_1 "/>
</bind>
</comp>

<comp id="3869" class="1005" name="round_keys_187_reg_3869">
<pin_list>
<pin id="3870" dir="0" index="0" bw="8" slack="1"/>
<pin id="3871" dir="1" index="1" bw="8" slack="1"/>
</pin_list>
<bind>
<opset="round_keys_187 "/>
</bind>
</comp>

<comp id="3875" class="1005" name="round_keys_188_reg_3875">
<pin_list>
<pin id="3876" dir="0" index="0" bw="8" slack="1"/>
<pin id="3877" dir="1" index="1" bw="8" slack="1"/>
</pin_list>
<bind>
<opset="round_keys_188 "/>
</bind>
</comp>

<comp id="3881" class="1005" name="round_keys_189_reg_3881">
<pin_list>
<pin id="3882" dir="0" index="0" bw="8" slack="1"/>
<pin id="3883" dir="1" index="1" bw="8" slack="1"/>
</pin_list>
<bind>
<opset="round_keys_189 "/>
</bind>
</comp>

<comp id="3887" class="1005" name="round_keys_190_reg_3887">
<pin_list>
<pin id="3888" dir="0" index="0" bw="8" slack="1"/>
<pin id="3889" dir="1" index="1" bw="8" slack="1"/>
</pin_list>
<bind>
<opset="round_keys_190 "/>
</bind>
</comp>

<comp id="3893" class="1005" name="key_0_addr_6_reg_3893">
<pin_list>
<pin id="3894" dir="0" index="0" bw="3" slack="1"/>
<pin id="3895" dir="1" index="1" bw="3" slack="1"/>
</pin_list>
<bind>
<opset="key_0_addr_6 "/>
</bind>
</comp>

<comp id="3898" class="1005" name="key_1_addr_6_reg_3898">
<pin_list>
<pin id="3899" dir="0" index="0" bw="3" slack="1"/>
<pin id="3900" dir="1" index="1" bw="3" slack="1"/>
</pin_list>
<bind>
<opset="key_1_addr_6 "/>
</bind>
</comp>

<comp id="3903" class="1005" name="key_0_addr_7_reg_3903">
<pin_list>
<pin id="3904" dir="0" index="0" bw="3" slack="1"/>
<pin id="3905" dir="1" index="1" bw="3" slack="1"/>
</pin_list>
<bind>
<opset="key_0_addr_7 "/>
</bind>
</comp>

<comp id="3908" class="1005" name="key_1_addr_7_reg_3908">
<pin_list>
<pin id="3909" dir="0" index="0" bw="3" slack="1"/>
<pin id="3910" dir="1" index="1" bw="3" slack="1"/>
</pin_list>
<bind>
<opset="key_1_addr_7 "/>
</bind>
</comp>

<comp id="3913" class="1005" name="plaintext_0_load_reg_3913">
<pin_list>
<pin id="3914" dir="0" index="0" bw="8" slack="1"/>
<pin id="3915" dir="1" index="1" bw="8" slack="1"/>
</pin_list>
<bind>
<opset="plaintext_0_load "/>
</bind>
</comp>

<comp id="3918" class="1005" name="plaintext_1_load_reg_3918">
<pin_list>
<pin id="3919" dir="0" index="0" bw="8" slack="1"/>
<pin id="3920" dir="1" index="1" bw="8" slack="1"/>
</pin_list>
<bind>
<opset="plaintext_1_load "/>
</bind>
</comp>

<comp id="3923" class="1005" name="plaintext_0_load_1_reg_3923">
<pin_list>
<pin id="3924" dir="0" index="0" bw="8" slack="1"/>
<pin id="3925" dir="1" index="1" bw="8" slack="1"/>
</pin_list>
<bind>
<opset="plaintext_0_load_1 "/>
</bind>
</comp>

<comp id="3928" class="1005" name="plaintext_1_load_1_reg_3928">
<pin_list>
<pin id="3929" dir="0" index="0" bw="8" slack="1"/>
<pin id="3930" dir="1" index="1" bw="8" slack="1"/>
</pin_list>
<bind>
<opset="plaintext_1_load_1 "/>
</bind>
</comp>

<comp id="3933" class="1005" name="plaintext_0_addr_2_reg_3933">
<pin_list>
<pin id="3934" dir="0" index="0" bw="3" slack="1"/>
<pin id="3935" dir="1" index="1" bw="3" slack="1"/>
</pin_list>
<bind>
<opset="plaintext_0_addr_2 "/>
</bind>
</comp>

<comp id="3938" class="1005" name="plaintext_1_addr_2_reg_3938">
<pin_list>
<pin id="3939" dir="0" index="0" bw="3" slack="1"/>
<pin id="3940" dir="1" index="1" bw="3" slack="1"/>
</pin_list>
<bind>
<opset="plaintext_1_addr_2 "/>
</bind>
</comp>

<comp id="3943" class="1005" name="plaintext_0_addr_3_reg_3943">
<pin_list>
<pin id="3944" dir="0" index="0" bw="3" slack="1"/>
<pin id="3945" dir="1" index="1" bw="3" slack="1"/>
</pin_list>
<bind>
<opset="plaintext_0_addr_3 "/>
</bind>
</comp>

<comp id="3948" class="1005" name="plaintext_1_addr_3_reg_3948">
<pin_list>
<pin id="3949" dir="0" index="0" bw="3" slack="1"/>
<pin id="3950" dir="1" index="1" bw="3" slack="1"/>
</pin_list>
<bind>
<opset="plaintext_1_addr_3 "/>
</bind>
</comp>

<comp id="3953" class="1005" name="round_keys_191_reg_3953">
<pin_list>
<pin id="3954" dir="0" index="0" bw="8" slack="1"/>
<pin id="3955" dir="1" index="1" bw="8" slack="1"/>
</pin_list>
<bind>
<opset="round_keys_191 "/>
</bind>
</comp>

<comp id="3959" class="1005" name="round_keys_192_reg_3959">
<pin_list>
<pin id="3960" dir="0" index="0" bw="8" slack="1"/>
<pin id="3961" dir="1" index="1" bw="8" slack="1"/>
</pin_list>
<bind>
<opset="round_keys_192 "/>
</bind>
</comp>

<comp id="3965" class="1005" name="round_keys_193_reg_3965">
<pin_list>
<pin id="3966" dir="0" index="0" bw="8" slack="1"/>
<pin id="3967" dir="1" index="1" bw="8" slack="1"/>
</pin_list>
<bind>
<opset="round_keys_193 "/>
</bind>
</comp>

<comp id="3971" class="1005" name="round_keys_194_reg_3971">
<pin_list>
<pin id="3972" dir="0" index="0" bw="8" slack="1"/>
<pin id="3973" dir="1" index="1" bw="8" slack="1"/>
</pin_list>
<bind>
<opset="round_keys_194 "/>
</bind>
</comp>

<comp id="3977" class="1005" name="plaintext_0_addr_4_reg_3977">
<pin_list>
<pin id="3978" dir="0" index="0" bw="3" slack="1"/>
<pin id="3979" dir="1" index="1" bw="3" slack="1"/>
</pin_list>
<bind>
<opset="plaintext_0_addr_4 "/>
</bind>
</comp>

<comp id="3982" class="1005" name="plaintext_1_addr_4_reg_3982">
<pin_list>
<pin id="3983" dir="0" index="0" bw="3" slack="1"/>
<pin id="3984" dir="1" index="1" bw="3" slack="1"/>
</pin_list>
<bind>
<opset="plaintext_1_addr_4 "/>
</bind>
</comp>

<comp id="3987" class="1005" name="plaintext_0_addr_5_reg_3987">
<pin_list>
<pin id="3988" dir="0" index="0" bw="3" slack="1"/>
<pin id="3989" dir="1" index="1" bw="3" slack="1"/>
</pin_list>
<bind>
<opset="plaintext_0_addr_5 "/>
</bind>
</comp>

<comp id="3992" class="1005" name="plaintext_1_addr_5_reg_3992">
<pin_list>
<pin id="3993" dir="0" index="0" bw="3" slack="1"/>
<pin id="3994" dir="1" index="1" bw="3" slack="1"/>
</pin_list>
<bind>
<opset="plaintext_1_addr_5 "/>
</bind>
</comp>

<comp id="3997" class="1005" name="state_8_reg_3997">
<pin_list>
<pin id="3998" dir="0" index="0" bw="8" slack="2"/>
<pin id="3999" dir="1" index="1" bw="8" slack="2"/>
</pin_list>
<bind>
<opset="state_8 "/>
</bind>
</comp>

<comp id="4002" class="1005" name="state_9_reg_4002">
<pin_list>
<pin id="4003" dir="0" index="0" bw="8" slack="2"/>
<pin id="4004" dir="1" index="1" bw="8" slack="2"/>
</pin_list>
<bind>
<opset="state_9 "/>
</bind>
</comp>

<comp id="4007" class="1005" name="state_10_reg_4007">
<pin_list>
<pin id="4008" dir="0" index="0" bw="8" slack="2"/>
<pin id="4009" dir="1" index="1" bw="8" slack="2"/>
</pin_list>
<bind>
<opset="state_10 "/>
</bind>
</comp>

<comp id="4012" class="1005" name="state_11_reg_4012">
<pin_list>
<pin id="4013" dir="0" index="0" bw="8" slack="2"/>
<pin id="4014" dir="1" index="1" bw="8" slack="2"/>
</pin_list>
<bind>
<opset="state_11 "/>
</bind>
</comp>

<comp id="4017" class="1005" name="state_12_reg_4017">
<pin_list>
<pin id="4018" dir="0" index="0" bw="8" slack="2"/>
<pin id="4019" dir="1" index="1" bw="8" slack="2"/>
</pin_list>
<bind>
<opset="state_12 "/>
</bind>
</comp>

<comp id="4022" class="1005" name="state_13_reg_4022">
<pin_list>
<pin id="4023" dir="0" index="0" bw="8" slack="2"/>
<pin id="4024" dir="1" index="1" bw="8" slack="2"/>
</pin_list>
<bind>
<opset="state_13 "/>
</bind>
</comp>

<comp id="4027" class="1005" name="state_14_reg_4027">
<pin_list>
<pin id="4028" dir="0" index="0" bw="8" slack="2"/>
<pin id="4029" dir="1" index="1" bw="8" slack="2"/>
</pin_list>
<bind>
<opset="state_14 "/>
</bind>
</comp>

<comp id="4032" class="1005" name="state_15_reg_4032">
<pin_list>
<pin id="4033" dir="0" index="0" bw="8" slack="2"/>
<pin id="4034" dir="1" index="1" bw="8" slack="2"/>
</pin_list>
<bind>
<opset="state_15 "/>
</bind>
</comp>

<comp id="4037" class="1005" name="plaintext_0_addr_6_reg_4037">
<pin_list>
<pin id="4038" dir="0" index="0" bw="3" slack="1"/>
<pin id="4039" dir="1" index="1" bw="3" slack="1"/>
</pin_list>
<bind>
<opset="plaintext_0_addr_6 "/>
</bind>
</comp>

<comp id="4042" class="1005" name="plaintext_1_addr_6_reg_4042">
<pin_list>
<pin id="4043" dir="0" index="0" bw="3" slack="1"/>
<pin id="4044" dir="1" index="1" bw="3" slack="1"/>
</pin_list>
<bind>
<opset="plaintext_1_addr_6 "/>
</bind>
</comp>

<comp id="4047" class="1005" name="plaintext_0_addr_7_reg_4047">
<pin_list>
<pin id="4048" dir="0" index="0" bw="3" slack="1"/>
<pin id="4049" dir="1" index="1" bw="3" slack="1"/>
</pin_list>
<bind>
<opset="plaintext_0_addr_7 "/>
</bind>
</comp>

<comp id="4052" class="1005" name="plaintext_1_addr_7_reg_4052">
<pin_list>
<pin id="4053" dir="0" index="0" bw="3" slack="1"/>
<pin id="4054" dir="1" index="1" bw="3" slack="1"/>
</pin_list>
<bind>
<opset="plaintext_1_addr_7 "/>
</bind>
</comp>

<comp id="4057" class="1005" name="state_16_reg_4057">
<pin_list>
<pin id="4058" dir="0" index="0" bw="8" slack="1"/>
<pin id="4059" dir="1" index="1" bw="8" slack="1"/>
</pin_list>
<bind>
<opset="state_16 "/>
</bind>
</comp>

<comp id="4062" class="1005" name="state_17_reg_4062">
<pin_list>
<pin id="4063" dir="0" index="0" bw="8" slack="1"/>
<pin id="4064" dir="1" index="1" bw="8" slack="1"/>
</pin_list>
<bind>
<opset="state_17 "/>
</bind>
</comp>

<comp id="4067" class="1005" name="state_18_reg_4067">
<pin_list>
<pin id="4068" dir="0" index="0" bw="8" slack="1"/>
<pin id="4069" dir="1" index="1" bw="8" slack="1"/>
</pin_list>
<bind>
<opset="state_18 "/>
</bind>
</comp>

<comp id="4072" class="1005" name="state_19_reg_4072">
<pin_list>
<pin id="4073" dir="0" index="0" bw="8" slack="1"/>
<pin id="4074" dir="1" index="1" bw="8" slack="1"/>
</pin_list>
<bind>
<opset="state_19 "/>
</bind>
</comp>

<comp id="4509" class="1005" name="state_20_reg_4509">
<pin_list>
<pin id="4510" dir="0" index="0" bw="8" slack="1"/>
<pin id="4511" dir="1" index="1" bw="8" slack="1"/>
</pin_list>
<bind>
<opset="state_20 "/>
</bind>
</comp>

<comp id="4514" class="1005" name="state_21_reg_4514">
<pin_list>
<pin id="4515" dir="0" index="0" bw="8" slack="1"/>
<pin id="4516" dir="1" index="1" bw="8" slack="1"/>
</pin_list>
<bind>
<opset="state_21 "/>
</bind>
</comp>

<comp id="4519" class="1005" name="state_22_reg_4519">
<pin_list>
<pin id="4520" dir="0" index="0" bw="8" slack="1"/>
<pin id="4521" dir="1" index="1" bw="8" slack="1"/>
</pin_list>
<bind>
<opset="state_22 "/>
</bind>
</comp>

<comp id="4524" class="1005" name="state_23_reg_4524">
<pin_list>
<pin id="4525" dir="0" index="0" bw="8" slack="1"/>
<pin id="4526" dir="1" index="1" bw="8" slack="1"/>
</pin_list>
<bind>
<opset="state_23 "/>
</bind>
</comp>

<comp id="4529" class="1005" name="SBOX_addr_4_reg_4529">
<pin_list>
<pin id="4530" dir="0" index="0" bw="8" slack="1"/>
<pin id="4531" dir="1" index="1" bw="8" slack="1"/>
</pin_list>
<bind>
<opset="SBOX_addr_4 "/>
</bind>
</comp>

<comp id="4534" class="1005" name="SBOX_addr_9_reg_4534">
<pin_list>
<pin id="4535" dir="0" index="0" bw="8" slack="1"/>
<pin id="4536" dir="1" index="1" bw="8" slack="1"/>
</pin_list>
<bind>
<opset="SBOX_addr_9 "/>
</bind>
</comp>

<comp id="4539" class="1005" name="SBOX_addr_14_reg_4539">
<pin_list>
<pin id="4540" dir="0" index="0" bw="8" slack="1"/>
<pin id="4541" dir="1" index="1" bw="8" slack="1"/>
</pin_list>
<bind>
<opset="SBOX_addr_14 "/>
</bind>
</comp>

<comp id="4544" class="1005" name="SBOX_addr_reg_4544">
<pin_list>
<pin id="4545" dir="0" index="0" bw="8" slack="1"/>
<pin id="4546" dir="1" index="1" bw="8" slack="1"/>
</pin_list>
<bind>
<opset="SBOX_addr "/>
</bind>
</comp>

<comp id="4549" class="1005" name="SBOX_addr_7_reg_4549">
<pin_list>
<pin id="4550" dir="0" index="0" bw="8" slack="1"/>
<pin id="4551" dir="1" index="1" bw="8" slack="1"/>
</pin_list>
<bind>
<opset="SBOX_addr_7 "/>
</bind>
</comp>

<comp id="4554" class="1005" name="SBOX_addr_8_reg_4554">
<pin_list>
<pin id="4555" dir="0" index="0" bw="8" slack="1"/>
<pin id="4556" dir="1" index="1" bw="8" slack="1"/>
</pin_list>
<bind>
<opset="SBOX_addr_8 "/>
</bind>
</comp>

<comp id="4559" class="1005" name="SBOX_addr_13_reg_4559">
<pin_list>
<pin id="4560" dir="0" index="0" bw="8" slack="1"/>
<pin id="4561" dir="1" index="1" bw="8" slack="1"/>
</pin_list>
<bind>
<opset="SBOX_addr_13 "/>
</bind>
</comp>

<comp id="4564" class="1005" name="SBOX_addr_18_reg_4564">
<pin_list>
<pin id="4565" dir="0" index="0" bw="8" slack="1"/>
<pin id="4566" dir="1" index="1" bw="8" slack="1"/>
</pin_list>
<bind>
<opset="SBOX_addr_18 "/>
</bind>
</comp>

<comp id="4569" class="1005" name="SBOX_addr_6_reg_4569">
<pin_list>
<pin id="4570" dir="0" index="0" bw="8" slack="1"/>
<pin id="4571" dir="1" index="1" bw="8" slack="1"/>
</pin_list>
<bind>
<opset="SBOX_addr_6 "/>
</bind>
</comp>

<comp id="4574" class="1005" name="SBOX_addr_11_reg_4574">
<pin_list>
<pin id="4575" dir="0" index="0" bw="8" slack="1"/>
<pin id="4576" dir="1" index="1" bw="8" slack="1"/>
</pin_list>
<bind>
<opset="SBOX_addr_11 "/>
</bind>
</comp>

<comp id="4579" class="1005" name="SBOX_addr_12_reg_4579">
<pin_list>
<pin id="4580" dir="0" index="0" bw="8" slack="1"/>
<pin id="4581" dir="1" index="1" bw="8" slack="1"/>
</pin_list>
<bind>
<opset="SBOX_addr_12 "/>
</bind>
</comp>

<comp id="4584" class="1005" name="SBOX_addr_17_reg_4584">
<pin_list>
<pin id="4585" dir="0" index="0" bw="8" slack="1"/>
<pin id="4586" dir="1" index="1" bw="8" slack="1"/>
</pin_list>
<bind>
<opset="SBOX_addr_17 "/>
</bind>
</comp>

<comp id="4589" class="1005" name="SBOX_addr_5_reg_4589">
<pin_list>
<pin id="4590" dir="0" index="0" bw="8" slack="1"/>
<pin id="4591" dir="1" index="1" bw="8" slack="1"/>
</pin_list>
<bind>
<opset="SBOX_addr_5 "/>
</bind>
</comp>

<comp id="4594" class="1005" name="SBOX_addr_10_reg_4594">
<pin_list>
<pin id="4595" dir="0" index="0" bw="8" slack="1"/>
<pin id="4596" dir="1" index="1" bw="8" slack="1"/>
</pin_list>
<bind>
<opset="SBOX_addr_10 "/>
</bind>
</comp>

<comp id="4599" class="1005" name="SBOX_addr_15_reg_4599">
<pin_list>
<pin id="4600" dir="0" index="0" bw="8" slack="1"/>
<pin id="4601" dir="1" index="1" bw="8" slack="1"/>
</pin_list>
<bind>
<opset="SBOX_addr_15 "/>
</bind>
</comp>

<comp id="4604" class="1005" name="SBOX_addr_16_reg_4604">
<pin_list>
<pin id="4605" dir="0" index="0" bw="8" slack="1"/>
<pin id="4606" dir="1" index="1" bw="8" slack="1"/>
</pin_list>
<bind>
<opset="SBOX_addr_16 "/>
</bind>
</comp>

</comp_list>

<net_list>
<net id="39"><net_src comp="16" pin="0"/><net_sink comp="36" pin=0"/></net>

<net id="43"><net_src comp="16" pin="0"/><net_sink comp="40" pin=0"/></net>

<net id="47"><net_src comp="16" pin="0"/><net_sink comp="44" pin=0"/></net>

<net id="51"><net_src comp="16" pin="0"/><net_sink comp="48" pin=0"/></net>

<net id="55"><net_src comp="16" pin="0"/><net_sink comp="52" pin=0"/></net>

<net id="59"><net_src comp="16" pin="0"/><net_sink comp="56" pin=0"/></net>

<net id="63"><net_src comp="16" pin="0"/><net_sink comp="60" pin=0"/></net>

<net id="67"><net_src comp="16" pin="0"/><net_sink comp="64" pin=0"/></net>

<net id="71"><net_src comp="16" pin="0"/><net_sink comp="68" pin=0"/></net>

<net id="75"><net_src comp="16" pin="0"/><net_sink comp="72" pin=0"/></net>

<net id="79"><net_src comp="16" pin="0"/><net_sink comp="76" pin=0"/></net>

<net id="83"><net_src comp="16" pin="0"/><net_sink comp="80" pin=0"/></net>

<net id="87"><net_src comp="16" pin="0"/><net_sink comp="84" pin=0"/></net>

<net id="91"><net_src comp="16" pin="0"/><net_sink comp="88" pin=0"/></net>

<net id="95"><net_src comp="16" pin="0"/><net_sink comp="92" pin=0"/></net>

<net id="99"><net_src comp="16" pin="0"/><net_sink comp="96" pin=0"/></net>

<net id="103"><net_src comp="16" pin="0"/><net_sink comp="100" pin=0"/></net>

<net id="107"><net_src comp="16" pin="0"/><net_sink comp="104" pin=0"/></net>

<net id="111"><net_src comp="16" pin="0"/><net_sink comp="108" pin=0"/></net>

<net id="115"><net_src comp="16" pin="0"/><net_sink comp="112" pin=0"/></net>

<net id="119"><net_src comp="16" pin="0"/><net_sink comp="116" pin=0"/></net>

<net id="123"><net_src comp="16" pin="0"/><net_sink comp="120" pin=0"/></net>

<net id="127"><net_src comp="16" pin="0"/><net_sink comp="124" pin=0"/></net>

<net id="131"><net_src comp="16" pin="0"/><net_sink comp="128" pin=0"/></net>

<net id="135"><net_src comp="16" pin="0"/><net_sink comp="132" pin=0"/></net>

<net id="139"><net_src comp="16" pin="0"/><net_sink comp="136" pin=0"/></net>

<net id="143"><net_src comp="16" pin="0"/><net_sink comp="140" pin=0"/></net>

<net id="147"><net_src comp="16" pin="0"/><net_sink comp="144" pin=0"/></net>

<net id="151"><net_src comp="16" pin="0"/><net_sink comp="148" pin=0"/></net>

<net id="155"><net_src comp="16" pin="0"/><net_sink comp="152" pin=0"/></net>

<net id="159"><net_src comp="16" pin="0"/><net_sink comp="156" pin=0"/></net>

<net id="163"><net_src comp="16" pin="0"/><net_sink comp="160" pin=0"/></net>

<net id="167"><net_src comp="16" pin="0"/><net_sink comp="164" pin=0"/></net>

<net id="171"><net_src comp="16" pin="0"/><net_sink comp="168" pin=0"/></net>

<net id="175"><net_src comp="16" pin="0"/><net_sink comp="172" pin=0"/></net>

<net id="179"><net_src comp="16" pin="0"/><net_sink comp="176" pin=0"/></net>

<net id="183"><net_src comp="16" pin="0"/><net_sink comp="180" pin=0"/></net>

<net id="187"><net_src comp="16" pin="0"/><net_sink comp="184" pin=0"/></net>

<net id="191"><net_src comp="16" pin="0"/><net_sink comp="188" pin=0"/></net>

<net id="195"><net_src comp="16" pin="0"/><net_sink comp="192" pin=0"/></net>

<net id="199"><net_src comp="16" pin="0"/><net_sink comp="196" pin=0"/></net>

<net id="203"><net_src comp="16" pin="0"/><net_sink comp="200" pin=0"/></net>

<net id="207"><net_src comp="16" pin="0"/><net_sink comp="204" pin=0"/></net>

<net id="211"><net_src comp="16" pin="0"/><net_sink comp="208" pin=0"/></net>

<net id="215"><net_src comp="16" pin="0"/><net_sink comp="212" pin=0"/></net>

<net id="219"><net_src comp="16" pin="0"/><net_sink comp="216" pin=0"/></net>

<net id="223"><net_src comp="16" pin="0"/><net_sink comp="220" pin=0"/></net>

<net id="227"><net_src comp="16" pin="0"/><net_sink comp="224" pin=0"/></net>

<net id="231"><net_src comp="16" pin="0"/><net_sink comp="228" pin=0"/></net>

<net id="235"><net_src comp="16" pin="0"/><net_sink comp="232" pin=0"/></net>

<net id="239"><net_src comp="16" pin="0"/><net_sink comp="236" pin=0"/></net>

<net id="243"><net_src comp="16" pin="0"/><net_sink comp="240" pin=0"/></net>

<net id="247"><net_src comp="16" pin="0"/><net_sink comp="244" pin=0"/></net>

<net id="251"><net_src comp="16" pin="0"/><net_sink comp="248" pin=0"/></net>

<net id="255"><net_src comp="16" pin="0"/><net_sink comp="252" pin=0"/></net>

<net id="259"><net_src comp="16" pin="0"/><net_sink comp="256" pin=0"/></net>

<net id="263"><net_src comp="16" pin="0"/><net_sink comp="260" pin=0"/></net>

<net id="267"><net_src comp="16" pin="0"/><net_sink comp="264" pin=0"/></net>

<net id="271"><net_src comp="16" pin="0"/><net_sink comp="268" pin=0"/></net>

<net id="275"><net_src comp="16" pin="0"/><net_sink comp="272" pin=0"/></net>

<net id="279"><net_src comp="16" pin="0"/><net_sink comp="276" pin=0"/></net>

<net id="283"><net_src comp="16" pin="0"/><net_sink comp="280" pin=0"/></net>

<net id="287"><net_src comp="16" pin="0"/><net_sink comp="284" pin=0"/></net>

<net id="291"><net_src comp="16" pin="0"/><net_sink comp="288" pin=0"/></net>

<net id="295"><net_src comp="16" pin="0"/><net_sink comp="292" pin=0"/></net>

<net id="299"><net_src comp="16" pin="0"/><net_sink comp="296" pin=0"/></net>

<net id="303"><net_src comp="16" pin="0"/><net_sink comp="300" pin=0"/></net>

<net id="307"><net_src comp="16" pin="0"/><net_sink comp="304" pin=0"/></net>

<net id="311"><net_src comp="16" pin="0"/><net_sink comp="308" pin=0"/></net>

<net id="315"><net_src comp="16" pin="0"/><net_sink comp="312" pin=0"/></net>

<net id="319"><net_src comp="16" pin="0"/><net_sink comp="316" pin=0"/></net>

<net id="323"><net_src comp="16" pin="0"/><net_sink comp="320" pin=0"/></net>

<net id="327"><net_src comp="16" pin="0"/><net_sink comp="324" pin=0"/></net>

<net id="331"><net_src comp="16" pin="0"/><net_sink comp="328" pin=0"/></net>

<net id="335"><net_src comp="16" pin="0"/><net_sink comp="332" pin=0"/></net>

<net id="339"><net_src comp="16" pin="0"/><net_sink comp="336" pin=0"/></net>

<net id="343"><net_src comp="16" pin="0"/><net_sink comp="340" pin=0"/></net>

<net id="347"><net_src comp="16" pin="0"/><net_sink comp="344" pin=0"/></net>

<net id="351"><net_src comp="16" pin="0"/><net_sink comp="348" pin=0"/></net>

<net id="355"><net_src comp="16" pin="0"/><net_sink comp="352" pin=0"/></net>

<net id="359"><net_src comp="16" pin="0"/><net_sink comp="356" pin=0"/></net>

<net id="363"><net_src comp="16" pin="0"/><net_sink comp="360" pin=0"/></net>

<net id="367"><net_src comp="16" pin="0"/><net_sink comp="364" pin=0"/></net>

<net id="371"><net_src comp="16" pin="0"/><net_sink comp="368" pin=0"/></net>

<net id="375"><net_src comp="16" pin="0"/><net_sink comp="372" pin=0"/></net>

<net id="379"><net_src comp="16" pin="0"/><net_sink comp="376" pin=0"/></net>

<net id="383"><net_src comp="16" pin="0"/><net_sink comp="380" pin=0"/></net>

<net id="387"><net_src comp="16" pin="0"/><net_sink comp="384" pin=0"/></net>

<net id="391"><net_src comp="16" pin="0"/><net_sink comp="388" pin=0"/></net>

<net id="395"><net_src comp="16" pin="0"/><net_sink comp="392" pin=0"/></net>

<net id="399"><net_src comp="16" pin="0"/><net_sink comp="396" pin=0"/></net>

<net id="403"><net_src comp="16" pin="0"/><net_sink comp="400" pin=0"/></net>

<net id="407"><net_src comp="16" pin="0"/><net_sink comp="404" pin=0"/></net>

<net id="411"><net_src comp="16" pin="0"/><net_sink comp="408" pin=0"/></net>

<net id="415"><net_src comp="16" pin="0"/><net_sink comp="412" pin=0"/></net>

<net id="419"><net_src comp="16" pin="0"/><net_sink comp="416" pin=0"/></net>

<net id="423"><net_src comp="16" pin="0"/><net_sink comp="420" pin=0"/></net>

<net id="427"><net_src comp="16" pin="0"/><net_sink comp="424" pin=0"/></net>

<net id="431"><net_src comp="16" pin="0"/><net_sink comp="428" pin=0"/></net>

<net id="435"><net_src comp="16" pin="0"/><net_sink comp="432" pin=0"/></net>

<net id="439"><net_src comp="16" pin="0"/><net_sink comp="436" pin=0"/></net>

<net id="443"><net_src comp="16" pin="0"/><net_sink comp="440" pin=0"/></net>

<net id="447"><net_src comp="16" pin="0"/><net_sink comp="444" pin=0"/></net>

<net id="451"><net_src comp="16" pin="0"/><net_sink comp="448" pin=0"/></net>

<net id="455"><net_src comp="16" pin="0"/><net_sink comp="452" pin=0"/></net>

<net id="459"><net_src comp="16" pin="0"/><net_sink comp="456" pin=0"/></net>

<net id="463"><net_src comp="16" pin="0"/><net_sink comp="460" pin=0"/></net>

<net id="467"><net_src comp="16" pin="0"/><net_sink comp="464" pin=0"/></net>

<net id="471"><net_src comp="16" pin="0"/><net_sink comp="468" pin=0"/></net>

<net id="475"><net_src comp="16" pin="0"/><net_sink comp="472" pin=0"/></net>

<net id="479"><net_src comp="16" pin="0"/><net_sink comp="476" pin=0"/></net>

<net id="483"><net_src comp="16" pin="0"/><net_sink comp="480" pin=0"/></net>

<net id="487"><net_src comp="16" pin="0"/><net_sink comp="484" pin=0"/></net>

<net id="491"><net_src comp="16" pin="0"/><net_sink comp="488" pin=0"/></net>

<net id="495"><net_src comp="16" pin="0"/><net_sink comp="492" pin=0"/></net>

<net id="499"><net_src comp="16" pin="0"/><net_sink comp="496" pin=0"/></net>

<net id="503"><net_src comp="16" pin="0"/><net_sink comp="500" pin=0"/></net>

<net id="507"><net_src comp="16" pin="0"/><net_sink comp="504" pin=0"/></net>

<net id="511"><net_src comp="16" pin="0"/><net_sink comp="508" pin=0"/></net>

<net id="515"><net_src comp="16" pin="0"/><net_sink comp="512" pin=0"/></net>

<net id="519"><net_src comp="16" pin="0"/><net_sink comp="516" pin=0"/></net>

<net id="523"><net_src comp="16" pin="0"/><net_sink comp="520" pin=0"/></net>

<net id="527"><net_src comp="16" pin="0"/><net_sink comp="524" pin=0"/></net>

<net id="531"><net_src comp="16" pin="0"/><net_sink comp="528" pin=0"/></net>

<net id="535"><net_src comp="16" pin="0"/><net_sink comp="532" pin=0"/></net>

<net id="539"><net_src comp="16" pin="0"/><net_sink comp="536" pin=0"/></net>

<net id="543"><net_src comp="16" pin="0"/><net_sink comp="540" pin=0"/></net>

<net id="547"><net_src comp="16" pin="0"/><net_sink comp="544" pin=0"/></net>

<net id="551"><net_src comp="16" pin="0"/><net_sink comp="548" pin=0"/></net>

<net id="555"><net_src comp="16" pin="0"/><net_sink comp="552" pin=0"/></net>

<net id="559"><net_src comp="16" pin="0"/><net_sink comp="556" pin=0"/></net>

<net id="563"><net_src comp="16" pin="0"/><net_sink comp="560" pin=0"/></net>

<net id="567"><net_src comp="16" pin="0"/><net_sink comp="564" pin=0"/></net>

<net id="571"><net_src comp="16" pin="0"/><net_sink comp="568" pin=0"/></net>

<net id="575"><net_src comp="16" pin="0"/><net_sink comp="572" pin=0"/></net>

<net id="579"><net_src comp="16" pin="0"/><net_sink comp="576" pin=0"/></net>

<net id="583"><net_src comp="16" pin="0"/><net_sink comp="580" pin=0"/></net>

<net id="587"><net_src comp="16" pin="0"/><net_sink comp="584" pin=0"/></net>

<net id="591"><net_src comp="16" pin="0"/><net_sink comp="588" pin=0"/></net>

<net id="595"><net_src comp="16" pin="0"/><net_sink comp="592" pin=0"/></net>

<net id="599"><net_src comp="16" pin="0"/><net_sink comp="596" pin=0"/></net>

<net id="603"><net_src comp="16" pin="0"/><net_sink comp="600" pin=0"/></net>

<net id="607"><net_src comp="16" pin="0"/><net_sink comp="604" pin=0"/></net>

<net id="611"><net_src comp="16" pin="0"/><net_sink comp="608" pin=0"/></net>

<net id="615"><net_src comp="16" pin="0"/><net_sink comp="612" pin=0"/></net>

<net id="619"><net_src comp="16" pin="0"/><net_sink comp="616" pin=0"/></net>

<net id="623"><net_src comp="16" pin="0"/><net_sink comp="620" pin=0"/></net>

<net id="627"><net_src comp="16" pin="0"/><net_sink comp="624" pin=0"/></net>

<net id="631"><net_src comp="16" pin="0"/><net_sink comp="628" pin=0"/></net>

<net id="635"><net_src comp="16" pin="0"/><net_sink comp="632" pin=0"/></net>

<net id="639"><net_src comp="16" pin="0"/><net_sink comp="636" pin=0"/></net>

<net id="643"><net_src comp="16" pin="0"/><net_sink comp="640" pin=0"/></net>

<net id="647"><net_src comp="16" pin="0"/><net_sink comp="644" pin=0"/></net>

<net id="651"><net_src comp="16" pin="0"/><net_sink comp="648" pin=0"/></net>

<net id="655"><net_src comp="16" pin="0"/><net_sink comp="652" pin=0"/></net>

<net id="659"><net_src comp="16" pin="0"/><net_sink comp="656" pin=0"/></net>

<net id="663"><net_src comp="16" pin="0"/><net_sink comp="660" pin=0"/></net>

<net id="667"><net_src comp="16" pin="0"/><net_sink comp="664" pin=0"/></net>

<net id="671"><net_src comp="16" pin="0"/><net_sink comp="668" pin=0"/></net>

<net id="675"><net_src comp="16" pin="0"/><net_sink comp="672" pin=0"/></net>

<net id="679"><net_src comp="16" pin="0"/><net_sink comp="676" pin=0"/></net>

<net id="683"><net_src comp="16" pin="0"/><net_sink comp="680" pin=0"/></net>

<net id="687"><net_src comp="16" pin="0"/><net_sink comp="684" pin=0"/></net>

<net id="691"><net_src comp="16" pin="0"/><net_sink comp="688" pin=0"/></net>

<net id="695"><net_src comp="16" pin="0"/><net_sink comp="692" pin=0"/></net>

<net id="699"><net_src comp="16" pin="0"/><net_sink comp="696" pin=0"/></net>

<net id="703"><net_src comp="16" pin="0"/><net_sink comp="700" pin=0"/></net>

<net id="707"><net_src comp="16" pin="0"/><net_sink comp="704" pin=0"/></net>

<net id="711"><net_src comp="16" pin="0"/><net_sink comp="708" pin=0"/></net>

<net id="715"><net_src comp="16" pin="0"/><net_sink comp="712" pin=0"/></net>

<net id="719"><net_src comp="16" pin="0"/><net_sink comp="716" pin=0"/></net>

<net id="723"><net_src comp="16" pin="0"/><net_sink comp="720" pin=0"/></net>

<net id="727"><net_src comp="16" pin="0"/><net_sink comp="724" pin=0"/></net>

<net id="731"><net_src comp="16" pin="0"/><net_sink comp="728" pin=0"/></net>

<net id="735"><net_src comp="16" pin="0"/><net_sink comp="732" pin=0"/></net>

<net id="739"><net_src comp="16" pin="0"/><net_sink comp="736" pin=0"/></net>

<net id="745"><net_src comp="4" pin="0"/><net_sink comp="740" pin=0"/></net>

<net id="746"><net_src comp="18" pin="0"/><net_sink comp="740" pin=1"/></net>

<net id="747"><net_src comp="18" pin="0"/><net_sink comp="740" pin=2"/></net>

<net id="757"><net_src comp="740" pin="3"/><net_sink comp="748" pin=2"/></net>

<net id="763"><net_src comp="6" pin="0"/><net_sink comp="758" pin=0"/></net>

<net id="764"><net_src comp="18" pin="0"/><net_sink comp="758" pin=1"/></net>

<net id="765"><net_src comp="18" pin="0"/><net_sink comp="758" pin=2"/></net>

<net id="775"><net_src comp="758" pin="3"/><net_sink comp="766" pin=2"/></net>

<net id="781"><net_src comp="4" pin="0"/><net_sink comp="776" pin=0"/></net>

<net id="782"><net_src comp="18" pin="0"/><net_sink comp="776" pin=1"/></net>

<net id="783"><net_src comp="16" pin="0"/><net_sink comp="776" pin=2"/></net>

<net id="784"><net_src comp="776" pin="3"/><net_sink comp="748" pin=0"/></net>

<net id="790"><net_src comp="6" pin="0"/><net_sink comp="785" pin=0"/></net>

<net id="791"><net_src comp="18" pin="0"/><net_sink comp="785" pin=1"/></net>

<net id="792"><net_src comp="16" pin="0"/><net_sink comp="785" pin=2"/></net>

<net id="793"><net_src comp="785" pin="3"/><net_sink comp="766" pin=0"/></net>

<net id="799"><net_src comp="4" pin="0"/><net_sink comp="794" pin=0"/></net>

<net id="800"><net_src comp="18" pin="0"/><net_sink comp="794" pin=1"/></net>

<net id="801"><net_src comp="20" pin="0"/><net_sink comp="794" pin=2"/></net>

<net id="802"><net_src comp="794" pin="3"/><net_sink comp="748" pin=2"/></net>

<net id="808"><net_src comp="6" pin="0"/><net_sink comp="803" pin=0"/></net>

<net id="809"><net_src comp="18" pin="0"/><net_sink comp="803" pin=1"/></net>

<net id="810"><net_src comp="20" pin="0"/><net_sink comp="803" pin=2"/></net>

<net id="811"><net_src comp="803" pin="3"/><net_sink comp="766" pin=2"/></net>

<net id="817"><net_src comp="4" pin="0"/><net_sink comp="812" pin=0"/></net>

<net id="818"><net_src comp="18" pin="0"/><net_sink comp="812" pin=1"/></net>

<net id="819"><net_src comp="22" pin="0"/><net_sink comp="812" pin=2"/></net>

<net id="820"><net_src comp="812" pin="3"/><net_sink comp="748" pin=0"/></net>

<net id="826"><net_src comp="6" pin="0"/><net_sink comp="821" pin=0"/></net>

<net id="827"><net_src comp="18" pin="0"/><net_sink comp="821" pin=1"/></net>

<net id="828"><net_src comp="22" pin="0"/><net_sink comp="821" pin=2"/></net>

<net id="829"><net_src comp="821" pin="3"/><net_sink comp="766" pin=0"/></net>

<net id="835"><net_src comp="4" pin="0"/><net_sink comp="830" pin=0"/></net>

<net id="836"><net_src comp="18" pin="0"/><net_sink comp="830" pin=1"/></net>

<net id="837"><net_src comp="24" pin="0"/><net_sink comp="830" pin=2"/></net>

<net id="838"><net_src comp="830" pin="3"/><net_sink comp="748" pin=2"/></net>

<net id="844"><net_src comp="6" pin="0"/><net_sink comp="839" pin=0"/></net>

<net id="845"><net_src comp="18" pin="0"/><net_sink comp="839" pin=1"/></net>

<net id="846"><net_src comp="24" pin="0"/><net_sink comp="839" pin=2"/></net>

<net id="847"><net_src comp="839" pin="3"/><net_sink comp="766" pin=2"/></net>

<net id="853"><net_src comp="4" pin="0"/><net_sink comp="848" pin=0"/></net>

<net id="854"><net_src comp="18" pin="0"/><net_sink comp="848" pin=1"/></net>

<net id="855"><net_src comp="26" pin="0"/><net_sink comp="848" pin=2"/></net>

<net id="856"><net_src comp="848" pin="3"/><net_sink comp="748" pin=0"/></net>

<net id="862"><net_src comp="6" pin="0"/><net_sink comp="857" pin=0"/></net>

<net id="863"><net_src comp="18" pin="0"/><net_sink comp="857" pin=1"/></net>

<net id="864"><net_src comp="26" pin="0"/><net_sink comp="857" pin=2"/></net>

<net id="865"><net_src comp="857" pin="3"/><net_sink comp="766" pin=0"/></net>

<net id="871"><net_src comp="0" pin="0"/><net_sink comp="866" pin=0"/></net>

<net id="872"><net_src comp="18" pin="0"/><net_sink comp="866" pin=1"/></net>

<net id="873"><net_src comp="18" pin="0"/><net_sink comp="866" pin=2"/></net>

<net id="883"><net_src comp="866" pin="3"/><net_sink comp="874" pin=2"/></net>

<net id="889"><net_src comp="2" pin="0"/><net_sink comp="884" pin=0"/></net>

<net id="890"><net_src comp="18" pin="0"/><net_sink comp="884" pin=1"/></net>

<net id="891"><net_src comp="18" pin="0"/><net_sink comp="884" pin=2"/></net>

<net id="901"><net_src comp="884" pin="3"/><net_sink comp="892" pin=2"/></net>

<net id="907"><net_src comp="0" pin="0"/><net_sink comp="902" pin=0"/></net>

<net id="908"><net_src comp="18" pin="0"/><net_sink comp="902" pin=1"/></net>

<net id="909"><net_src comp="16" pin="0"/><net_sink comp="902" pin=2"/></net>

<net id="910"><net_src comp="902" pin="3"/><net_sink comp="874" pin=0"/></net>

<net id="916"><net_src comp="2" pin="0"/><net_sink comp="911" pin=0"/></net>

<net id="917"><net_src comp="18" pin="0"/><net_sink comp="911" pin=1"/></net>

<net id="918"><net_src comp="16" pin="0"/><net_sink comp="911" pin=2"/></net>

<net id="919"><net_src comp="911" pin="3"/><net_sink comp="892" pin=0"/></net>

<net id="925"><net_src comp="4" pin="0"/><net_sink comp="920" pin=0"/></net>

<net id="926"><net_src comp="18" pin="0"/><net_sink comp="920" pin=1"/></net>

<net id="927"><net_src comp="28" pin="0"/><net_sink comp="920" pin=2"/></net>

<net id="928"><net_src comp="920" pin="3"/><net_sink comp="748" pin=2"/></net>

<net id="934"><net_src comp="6" pin="0"/><net_sink comp="929" pin=0"/></net>

<net id="935"><net_src comp="18" pin="0"/><net_sink comp="929" pin=1"/></net>

<net id="936"><net_src comp="28" pin="0"/><net_sink comp="929" pin=2"/></net>

<net id="937"><net_src comp="929" pin="3"/><net_sink comp="766" pin=2"/></net>

<net id="943"><net_src comp="4" pin="0"/><net_sink comp="938" pin=0"/></net>

<net id="944"><net_src comp="18" pin="0"/><net_sink comp="938" pin=1"/></net>

<net id="945"><net_src comp="30" pin="0"/><net_sink comp="938" pin=2"/></net>

<net id="946"><net_src comp="938" pin="3"/><net_sink comp="748" pin=0"/></net>

<net id="952"><net_src comp="6" pin="0"/><net_sink comp="947" pin=0"/></net>

<net id="953"><net_src comp="18" pin="0"/><net_sink comp="947" pin=1"/></net>

<net id="954"><net_src comp="30" pin="0"/><net_sink comp="947" pin=2"/></net>

<net id="955"><net_src comp="947" pin="3"/><net_sink comp="766" pin=0"/></net>

<net id="961"><net_src comp="0" pin="0"/><net_sink comp="956" pin=0"/></net>

<net id="962"><net_src comp="18" pin="0"/><net_sink comp="956" pin=1"/></net>

<net id="963"><net_src comp="20" pin="0"/><net_sink comp="956" pin=2"/></net>

<net id="964"><net_src comp="956" pin="3"/><net_sink comp="874" pin=2"/></net>

<net id="970"><net_src comp="2" pin="0"/><net_sink comp="965" pin=0"/></net>

<net id="971"><net_src comp="18" pin="0"/><net_sink comp="965" pin=1"/></net>

<net id="972"><net_src comp="20" pin="0"/><net_sink comp="965" pin=2"/></net>

<net id="973"><net_src comp="965" pin="3"/><net_sink comp="892" pin=2"/></net>

<net id="979"><net_src comp="0" pin="0"/><net_sink comp="974" pin=0"/></net>

<net id="980"><net_src comp="18" pin="0"/><net_sink comp="974" pin=1"/></net>

<net id="981"><net_src comp="22" pin="0"/><net_sink comp="974" pin=2"/></net>

<net id="982"><net_src comp="974" pin="3"/><net_sink comp="874" pin=0"/></net>

<net id="988"><net_src comp="2" pin="0"/><net_sink comp="983" pin=0"/></net>

<net id="989"><net_src comp="18" pin="0"/><net_sink comp="983" pin=1"/></net>

<net id="990"><net_src comp="22" pin="0"/><net_sink comp="983" pin=2"/></net>

<net id="991"><net_src comp="983" pin="3"/><net_sink comp="892" pin=0"/></net>

<net id="997"><net_src comp="0" pin="0"/><net_sink comp="992" pin=0"/></net>

<net id="998"><net_src comp="18" pin="0"/><net_sink comp="992" pin=1"/></net>

<net id="999"><net_src comp="24" pin="0"/><net_sink comp="992" pin=2"/></net>

<net id="1000"><net_src comp="992" pin="3"/><net_sink comp="874" pin=2"/></net>

<net id="1006"><net_src comp="2" pin="0"/><net_sink comp="1001" pin=0"/></net>

<net id="1007"><net_src comp="18" pin="0"/><net_sink comp="1001" pin=1"/></net>

<net id="1008"><net_src comp="24" pin="0"/><net_sink comp="1001" pin=2"/></net>

<net id="1009"><net_src comp="1001" pin="3"/><net_sink comp="892" pin=2"/></net>

<net id="1015"><net_src comp="0" pin="0"/><net_sink comp="1010" pin=0"/></net>

<net id="1016"><net_src comp="18" pin="0"/><net_sink comp="1010" pin=1"/></net>

<net id="1017"><net_src comp="26" pin="0"/><net_sink comp="1010" pin=2"/></net>

<net id="1018"><net_src comp="1010" pin="3"/><net_sink comp="874" pin=0"/></net>

<net id="1024"><net_src comp="2" pin="0"/><net_sink comp="1019" pin=0"/></net>

<net id="1025"><net_src comp="18" pin="0"/><net_sink comp="1019" pin=1"/></net>

<net id="1026"><net_src comp="26" pin="0"/><net_sink comp="1019" pin=2"/></net>

<net id="1027"><net_src comp="1019" pin="3"/><net_sink comp="892" pin=0"/></net>

<net id="1033"><net_src comp="0" pin="0"/><net_sink comp="1028" pin=0"/></net>

<net id="1034"><net_src comp="18" pin="0"/><net_sink comp="1028" pin=1"/></net>

<net id="1035"><net_src comp="28" pin="0"/><net_sink comp="1028" pin=2"/></net>

<net id="1036"><net_src comp="1028" pin="3"/><net_sink comp="874" pin=2"/></net>

<net id="1042"><net_src comp="2" pin="0"/><net_sink comp="1037" pin=0"/></net>

<net id="1043"><net_src comp="18" pin="0"/><net_sink comp="1037" pin=1"/></net>

<net id="1044"><net_src comp="28" pin="0"/><net_sink comp="1037" pin=2"/></net>

<net id="1045"><net_src comp="1037" pin="3"/><net_sink comp="892" pin=2"/></net>

<net id="1051"><net_src comp="0" pin="0"/><net_sink comp="1046" pin=0"/></net>

<net id="1052"><net_src comp="18" pin="0"/><net_sink comp="1046" pin=1"/></net>

<net id="1053"><net_src comp="30" pin="0"/><net_sink comp="1046" pin=2"/></net>

<net id="1054"><net_src comp="1046" pin="3"/><net_sink comp="874" pin=0"/></net>

<net id="1060"><net_src comp="2" pin="0"/><net_sink comp="1055" pin=0"/></net>

<net id="1061"><net_src comp="18" pin="0"/><net_sink comp="1055" pin=1"/></net>

<net id="1062"><net_src comp="30" pin="0"/><net_sink comp="1055" pin=2"/></net>

<net id="1063"><net_src comp="1055" pin="3"/><net_sink comp="892" pin=0"/></net>

<net id="1069"><net_src comp="12" pin="0"/><net_sink comp="1064" pin=0"/></net>

<net id="1070"><net_src comp="18" pin="0"/><net_sink comp="1064" pin=1"/></net>

<net id="1088"><net_src comp="1064" pin="3"/><net_sink comp="1071" pin=8"/></net>

<net id="1094"><net_src comp="12" pin="0"/><net_sink comp="1089" pin=0"/></net>

<net id="1095"><net_src comp="18" pin="0"/><net_sink comp="1089" pin=1"/></net>

<net id="1096"><net_src comp="1089" pin="3"/><net_sink comp="1071" pin=5"/></net>

<net id="1102"><net_src comp="12" pin="0"/><net_sink comp="1097" pin=0"/></net>

<net id="1103"><net_src comp="18" pin="0"/><net_sink comp="1097" pin=1"/></net>

<net id="1104"><net_src comp="1097" pin="3"/><net_sink comp="1071" pin=2"/></net>

<net id="1110"><net_src comp="12" pin="0"/><net_sink comp="1105" pin=0"/></net>

<net id="1111"><net_src comp="18" pin="0"/><net_sink comp="1105" pin=1"/></net>

<net id="1112"><net_src comp="1105" pin="3"/><net_sink comp="1071" pin=0"/></net>

<net id="1118"><net_src comp="8" pin="0"/><net_sink comp="1113" pin=0"/></net>

<net id="1119"><net_src comp="18" pin="0"/><net_sink comp="1113" pin=1"/></net>

<net id="1120"><net_src comp="18" pin="0"/><net_sink comp="1113" pin=2"/></net>

<net id="1126"><net_src comp="12" pin="0"/><net_sink comp="1121" pin=0"/></net>

<net id="1127"><net_src comp="18" pin="0"/><net_sink comp="1121" pin=1"/></net>

<net id="1128"><net_src comp="1121" pin="3"/><net_sink comp="1071" pin=8"/></net>

<net id="1134"><net_src comp="12" pin="0"/><net_sink comp="1129" pin=0"/></net>

<net id="1135"><net_src comp="18" pin="0"/><net_sink comp="1129" pin=1"/></net>

<net id="1136"><net_src comp="1129" pin="3"/><net_sink comp="1071" pin=5"/></net>

<net id="1142"><net_src comp="12" pin="0"/><net_sink comp="1137" pin=0"/></net>

<net id="1143"><net_src comp="18" pin="0"/><net_sink comp="1137" pin=1"/></net>

<net id="1144"><net_src comp="1137" pin="3"/><net_sink comp="1071" pin=2"/></net>

<net id="1150"><net_src comp="12" pin="0"/><net_sink comp="1145" pin=0"/></net>

<net id="1151"><net_src comp="18" pin="0"/><net_sink comp="1145" pin=1"/></net>

<net id="1152"><net_src comp="1145" pin="3"/><net_sink comp="1071" pin=0"/></net>

<net id="1162"><net_src comp="1113" pin="3"/><net_sink comp="1153" pin=2"/></net>

<net id="1168"><net_src comp="10" pin="0"/><net_sink comp="1163" pin=0"/></net>

<net id="1169"><net_src comp="18" pin="0"/><net_sink comp="1163" pin=1"/></net>

<net id="1170"><net_src comp="18" pin="0"/><net_sink comp="1163" pin=2"/></net>

<net id="1180"><net_src comp="1163" pin="3"/><net_sink comp="1171" pin=2"/></net>

<net id="1186"><net_src comp="8" pin="0"/><net_sink comp="1181" pin=0"/></net>

<net id="1187"><net_src comp="18" pin="0"/><net_sink comp="1181" pin=1"/></net>

<net id="1188"><net_src comp="16" pin="0"/><net_sink comp="1181" pin=2"/></net>

<net id="1189"><net_src comp="1181" pin="3"/><net_sink comp="1153" pin=0"/></net>

<net id="1195"><net_src comp="10" pin="0"/><net_sink comp="1190" pin=0"/></net>

<net id="1196"><net_src comp="18" pin="0"/><net_sink comp="1190" pin=1"/></net>

<net id="1197"><net_src comp="16" pin="0"/><net_sink comp="1190" pin=2"/></net>

<net id="1198"><net_src comp="1190" pin="3"/><net_sink comp="1171" pin=0"/></net>

<net id="1204"><net_src comp="12" pin="0"/><net_sink comp="1199" pin=0"/></net>

<net id="1205"><net_src comp="18" pin="0"/><net_sink comp="1199" pin=1"/></net>

<net id="1206"><net_src comp="1199" pin="3"/><net_sink comp="1071" pin=8"/></net>

<net id="1212"><net_src comp="12" pin="0"/><net_sink comp="1207" pin=0"/></net>

<net id="1213"><net_src comp="18" pin="0"/><net_sink comp="1207" pin=1"/></net>

<net id="1214"><net_src comp="1207" pin="3"/><net_sink comp="1071" pin=5"/></net>

<net id="1220"><net_src comp="12" pin="0"/><net_sink comp="1215" pin=0"/></net>

<net id="1221"><net_src comp="18" pin="0"/><net_sink comp="1215" pin=1"/></net>

<net id="1222"><net_src comp="1215" pin="3"/><net_sink comp="1071" pin=2"/></net>

<net id="1228"><net_src comp="12" pin="0"/><net_sink comp="1223" pin=0"/></net>

<net id="1229"><net_src comp="18" pin="0"/><net_sink comp="1223" pin=1"/></net>

<net id="1230"><net_src comp="1223" pin="3"/><net_sink comp="1071" pin=0"/></net>

<net id="1236"><net_src comp="8" pin="0"/><net_sink comp="1231" pin=0"/></net>

<net id="1237"><net_src comp="18" pin="0"/><net_sink comp="1231" pin=1"/></net>

<net id="1238"><net_src comp="20" pin="0"/><net_sink comp="1231" pin=2"/></net>

<net id="1239"><net_src comp="1231" pin="3"/><net_sink comp="1153" pin=2"/></net>

<net id="1245"><net_src comp="10" pin="0"/><net_sink comp="1240" pin=0"/></net>

<net id="1246"><net_src comp="18" pin="0"/><net_sink comp="1240" pin=1"/></net>

<net id="1247"><net_src comp="20" pin="0"/><net_sink comp="1240" pin=2"/></net>

<net id="1248"><net_src comp="1240" pin="3"/><net_sink comp="1171" pin=2"/></net>

<net id="1254"><net_src comp="8" pin="0"/><net_sink comp="1249" pin=0"/></net>

<net id="1255"><net_src comp="18" pin="0"/><net_sink comp="1249" pin=1"/></net>

<net id="1256"><net_src comp="22" pin="0"/><net_sink comp="1249" pin=2"/></net>

<net id="1257"><net_src comp="1249" pin="3"/><net_sink comp="1153" pin=0"/></net>

<net id="1263"><net_src comp="10" pin="0"/><net_sink comp="1258" pin=0"/></net>

<net id="1264"><net_src comp="18" pin="0"/><net_sink comp="1258" pin=1"/></net>

<net id="1265"><net_src comp="22" pin="0"/><net_sink comp="1258" pin=2"/></net>

<net id="1266"><net_src comp="1258" pin="3"/><net_sink comp="1171" pin=0"/></net>

<net id="1272"><net_src comp="12" pin="0"/><net_sink comp="1267" pin=0"/></net>

<net id="1273"><net_src comp="18" pin="0"/><net_sink comp="1267" pin=1"/></net>

<net id="1274"><net_src comp="1267" pin="3"/><net_sink comp="1071" pin=8"/></net>

<net id="1280"><net_src comp="12" pin="0"/><net_sink comp="1275" pin=0"/></net>

<net id="1281"><net_src comp="18" pin="0"/><net_sink comp="1275" pin=1"/></net>

<net id="1282"><net_src comp="1275" pin="3"/><net_sink comp="1071" pin=5"/></net>

<net id="1288"><net_src comp="12" pin="0"/><net_sink comp="1283" pin=0"/></net>

<net id="1289"><net_src comp="18" pin="0"/><net_sink comp="1283" pin=1"/></net>

<net id="1290"><net_src comp="1283" pin="3"/><net_sink comp="1071" pin=2"/></net>

<net id="1296"><net_src comp="12" pin="0"/><net_sink comp="1291" pin=0"/></net>

<net id="1297"><net_src comp="18" pin="0"/><net_sink comp="1291" pin=1"/></net>

<net id="1298"><net_src comp="1291" pin="3"/><net_sink comp="1071" pin=0"/></net>

<net id="1304"><net_src comp="8" pin="0"/><net_sink comp="1299" pin=0"/></net>

<net id="1305"><net_src comp="18" pin="0"/><net_sink comp="1299" pin=1"/></net>

<net id="1306"><net_src comp="24" pin="0"/><net_sink comp="1299" pin=2"/></net>

<net id="1307"><net_src comp="1299" pin="3"/><net_sink comp="1153" pin=2"/></net>

<net id="1313"><net_src comp="10" pin="0"/><net_sink comp="1308" pin=0"/></net>

<net id="1314"><net_src comp="18" pin="0"/><net_sink comp="1308" pin=1"/></net>

<net id="1315"><net_src comp="24" pin="0"/><net_sink comp="1308" pin=2"/></net>

<net id="1316"><net_src comp="1308" pin="3"/><net_sink comp="1171" pin=2"/></net>

<net id="1322"><net_src comp="8" pin="0"/><net_sink comp="1317" pin=0"/></net>

<net id="1323"><net_src comp="18" pin="0"/><net_sink comp="1317" pin=1"/></net>

<net id="1324"><net_src comp="26" pin="0"/><net_sink comp="1317" pin=2"/></net>

<net id="1325"><net_src comp="1317" pin="3"/><net_sink comp="1153" pin=0"/></net>

<net id="1331"><net_src comp="10" pin="0"/><net_sink comp="1326" pin=0"/></net>

<net id="1332"><net_src comp="18" pin="0"/><net_sink comp="1326" pin=1"/></net>

<net id="1333"><net_src comp="26" pin="0"/><net_sink comp="1326" pin=2"/></net>

<net id="1334"><net_src comp="1326" pin="3"/><net_sink comp="1171" pin=0"/></net>

<net id="1340"><net_src comp="8" pin="0"/><net_sink comp="1335" pin=0"/></net>

<net id="1341"><net_src comp="18" pin="0"/><net_sink comp="1335" pin=1"/></net>

<net id="1342"><net_src comp="28" pin="0"/><net_sink comp="1335" pin=2"/></net>

<net id="1343"><net_src comp="1335" pin="3"/><net_sink comp="1153" pin=2"/></net>

<net id="1349"><net_src comp="10" pin="0"/><net_sink comp="1344" pin=0"/></net>

<net id="1350"><net_src comp="18" pin="0"/><net_sink comp="1344" pin=1"/></net>

<net id="1351"><net_src comp="28" pin="0"/><net_sink comp="1344" pin=2"/></net>

<net id="1352"><net_src comp="1344" pin="3"/><net_sink comp="1171" pin=2"/></net>

<net id="1358"><net_src comp="8" pin="0"/><net_sink comp="1353" pin=0"/></net>

<net id="1359"><net_src comp="18" pin="0"/><net_sink comp="1353" pin=1"/></net>

<net id="1360"><net_src comp="30" pin="0"/><net_sink comp="1353" pin=2"/></net>

<net id="1361"><net_src comp="1353" pin="3"/><net_sink comp="1153" pin=0"/></net>

<net id="1367"><net_src comp="10" pin="0"/><net_sink comp="1362" pin=0"/></net>

<net id="1368"><net_src comp="18" pin="0"/><net_sink comp="1362" pin=1"/></net>

<net id="1369"><net_src comp="30" pin="0"/><net_sink comp="1362" pin=2"/></net>

<net id="1370"><net_src comp="1362" pin="3"/><net_sink comp="1171" pin=0"/></net>

<net id="1552"><net_src comp="32" pin="0"/><net_sink comp="1371" pin=0"/></net>

<net id="1553"><net_src comp="766" pin="3"/><net_sink comp="1371" pin=4"/></net>

<net id="1554"><net_src comp="748" pin="3"/><net_sink comp="1371" pin=8"/></net>

<net id="1555"><net_src comp="766" pin="7"/><net_sink comp="1371" pin=12"/></net>

<net id="1556"><net_src comp="748" pin="7"/><net_sink comp="1371" pin=13"/></net>

<net id="1557"><net_src comp="12" pin="0"/><net_sink comp="1371" pin=177"/></net>

<net id="1558"><net_src comp="14" pin="0"/><net_sink comp="1371" pin=178"/></net>

<net id="1739"><net_src comp="34" pin="0"/><net_sink comp="1559" pin=0"/></net>

<net id="1740"><net_src comp="12" pin="0"/><net_sink comp="1559" pin=177"/></net>

<net id="1761"><net_src comp="874" pin="7"/><net_sink comp="1757" pin=0"/></net>

<net id="1766"><net_src comp="892" pin="7"/><net_sink comp="1762" pin=0"/></net>

<net id="1771"><net_src comp="874" pin="3"/><net_sink comp="1767" pin=0"/></net>

<net id="1776"><net_src comp="892" pin="3"/><net_sink comp="1772" pin=0"/></net>

<net id="1781"><net_src comp="874" pin="7"/><net_sink comp="1777" pin=0"/></net>

<net id="1786"><net_src comp="892" pin="7"/><net_sink comp="1782" pin=0"/></net>

<net id="1791"><net_src comp="874" pin="3"/><net_sink comp="1787" pin=0"/></net>

<net id="1796"><net_src comp="892" pin="3"/><net_sink comp="1792" pin=0"/></net>

<net id="1800"><net_src comp="1797" pin="1"/><net_sink comp="1559" pin=160"/></net>

<net id="1804"><net_src comp="1801" pin="1"/><net_sink comp="1559" pin=151"/></net>

<net id="1808"><net_src comp="1805" pin="1"/><net_sink comp="1559" pin=142"/></net>

<net id="1812"><net_src comp="1809" pin="1"/><net_sink comp="1559" pin=133"/></net>

<net id="1816"><net_src comp="1813" pin="1"/><net_sink comp="1559" pin=124"/></net>

<net id="1820"><net_src comp="1817" pin="1"/><net_sink comp="1559" pin=115"/></net>

<net id="1824"><net_src comp="1821" pin="1"/><net_sink comp="1559" pin=106"/></net>

<net id="1828"><net_src comp="1825" pin="1"/><net_sink comp="1559" pin=97"/></net>

<net id="1832"><net_src comp="1829" pin="1"/><net_sink comp="1559" pin=88"/></net>

<net id="1836"><net_src comp="1833" pin="1"/><net_sink comp="1559" pin=79"/></net>

<net id="1840"><net_src comp="1837" pin="1"/><net_sink comp="1559" pin=70"/></net>

<net id="1844"><net_src comp="1841" pin="1"/><net_sink comp="1559" pin=61"/></net>

<net id="1848"><net_src comp="1845" pin="1"/><net_sink comp="1559" pin=52"/></net>

<net id="1852"><net_src comp="1849" pin="1"/><net_sink comp="1559" pin=43"/></net>

<net id="1856"><net_src comp="1853" pin="1"/><net_sink comp="1559" pin=34"/></net>

<net id="1860"><net_src comp="1857" pin="1"/><net_sink comp="1559" pin=25"/></net>

<net id="1864"><net_src comp="1861" pin="1"/><net_sink comp="1559" pin=159"/></net>

<net id="1868"><net_src comp="1865" pin="1"/><net_sink comp="1559" pin=150"/></net>

<net id="1872"><net_src comp="1869" pin="1"/><net_sink comp="1559" pin=141"/></net>

<net id="1876"><net_src comp="1873" pin="1"/><net_sink comp="1559" pin=132"/></net>

<net id="1880"><net_src comp="1877" pin="1"/><net_sink comp="1559" pin=123"/></net>

<net id="1884"><net_src comp="1881" pin="1"/><net_sink comp="1559" pin=114"/></net>

<net id="1888"><net_src comp="1885" pin="1"/><net_sink comp="1559" pin=105"/></net>

<net id="1892"><net_src comp="1889" pin="1"/><net_sink comp="1559" pin=96"/></net>

<net id="1896"><net_src comp="1893" pin="1"/><net_sink comp="1559" pin=87"/></net>

<net id="1900"><net_src comp="1897" pin="1"/><net_sink comp="1559" pin=78"/></net>

<net id="1904"><net_src comp="1901" pin="1"/><net_sink comp="1559" pin=69"/></net>

<net id="1908"><net_src comp="1905" pin="1"/><net_sink comp="1559" pin=60"/></net>

<net id="1912"><net_src comp="1909" pin="1"/><net_sink comp="1559" pin=51"/></net>

<net id="1916"><net_src comp="1913" pin="1"/><net_sink comp="1559" pin=42"/></net>

<net id="1920"><net_src comp="1917" pin="1"/><net_sink comp="1559" pin=33"/></net>

<net id="1924"><net_src comp="1921" pin="1"/><net_sink comp="1559" pin=24"/></net>

<net id="1928"><net_src comp="1925" pin="1"/><net_sink comp="1559" pin=158"/></net>

<net id="1932"><net_src comp="1929" pin="1"/><net_sink comp="1559" pin=149"/></net>

<net id="1936"><net_src comp="1933" pin="1"/><net_sink comp="1559" pin=140"/></net>

<net id="1940"><net_src comp="1937" pin="1"/><net_sink comp="1559" pin=131"/></net>

<net id="1944"><net_src comp="1941" pin="1"/><net_sink comp="1559" pin=122"/></net>

<net id="1948"><net_src comp="1945" pin="1"/><net_sink comp="1559" pin=113"/></net>

<net id="1952"><net_src comp="1949" pin="1"/><net_sink comp="1559" pin=104"/></net>

<net id="1956"><net_src comp="1953" pin="1"/><net_sink comp="1559" pin=95"/></net>

<net id="1960"><net_src comp="1957" pin="1"/><net_sink comp="1559" pin=86"/></net>

<net id="1964"><net_src comp="1961" pin="1"/><net_sink comp="1559" pin=77"/></net>

<net id="1968"><net_src comp="1965" pin="1"/><net_sink comp="1559" pin=68"/></net>

<net id="1972"><net_src comp="1969" pin="1"/><net_sink comp="1559" pin=59"/></net>

<net id="1976"><net_src comp="1973" pin="1"/><net_sink comp="1559" pin=50"/></net>

<net id="1980"><net_src comp="1977" pin="1"/><net_sink comp="1559" pin=41"/></net>

<net id="1984"><net_src comp="1981" pin="1"/><net_sink comp="1559" pin=32"/></net>

<net id="1988"><net_src comp="1985" pin="1"/><net_sink comp="1559" pin=23"/></net>

<net id="1992"><net_src comp="1989" pin="1"/><net_sink comp="1559" pin=157"/></net>

<net id="1996"><net_src comp="1993" pin="1"/><net_sink comp="1559" pin=148"/></net>

<net id="2000"><net_src comp="1997" pin="1"/><net_sink comp="1559" pin=139"/></net>

<net id="2004"><net_src comp="2001" pin="1"/><net_sink comp="1559" pin=130"/></net>

<net id="2008"><net_src comp="2005" pin="1"/><net_sink comp="1559" pin=121"/></net>

<net id="2012"><net_src comp="2009" pin="1"/><net_sink comp="1559" pin=112"/></net>

<net id="2016"><net_src comp="2013" pin="1"/><net_sink comp="1559" pin=103"/></net>

<net id="2020"><net_src comp="2017" pin="1"/><net_sink comp="1559" pin=94"/></net>

<net id="2024"><net_src comp="2021" pin="1"/><net_sink comp="1559" pin=85"/></net>

<net id="2028"><net_src comp="2025" pin="1"/><net_sink comp="1559" pin=76"/></net>

<net id="2032"><net_src comp="2029" pin="1"/><net_sink comp="1559" pin=67"/></net>

<net id="2036"><net_src comp="2033" pin="1"/><net_sink comp="1559" pin=58"/></net>

<net id="2040"><net_src comp="2037" pin="1"/><net_sink comp="1559" pin=49"/></net>

<net id="2044"><net_src comp="2041" pin="1"/><net_sink comp="1559" pin=40"/></net>

<net id="2048"><net_src comp="2045" pin="1"/><net_sink comp="1559" pin=31"/></net>

<net id="2052"><net_src comp="2049" pin="1"/><net_sink comp="1559" pin=22"/></net>

<net id="2056"><net_src comp="2053" pin="1"/><net_sink comp="1559" pin=156"/></net>

<net id="2060"><net_src comp="2057" pin="1"/><net_sink comp="1559" pin=147"/></net>

<net id="2064"><net_src comp="2061" pin="1"/><net_sink comp="1559" pin=138"/></net>

<net id="2068"><net_src comp="2065" pin="1"/><net_sink comp="1559" pin=129"/></net>

<net id="2072"><net_src comp="2069" pin="1"/><net_sink comp="1559" pin=120"/></net>

<net id="2076"><net_src comp="2073" pin="1"/><net_sink comp="1559" pin=111"/></net>

<net id="2080"><net_src comp="2077" pin="1"/><net_sink comp="1559" pin=102"/></net>

<net id="2084"><net_src comp="2081" pin="1"/><net_sink comp="1559" pin=93"/></net>

<net id="2088"><net_src comp="2085" pin="1"/><net_sink comp="1559" pin=84"/></net>

<net id="2092"><net_src comp="2089" pin="1"/><net_sink comp="1559" pin=75"/></net>

<net id="2096"><net_src comp="2093" pin="1"/><net_sink comp="1559" pin=66"/></net>

<net id="2100"><net_src comp="2097" pin="1"/><net_sink comp="1559" pin=57"/></net>

<net id="2104"><net_src comp="2101" pin="1"/><net_sink comp="1559" pin=48"/></net>

<net id="2108"><net_src comp="2105" pin="1"/><net_sink comp="1559" pin=39"/></net>

<net id="2112"><net_src comp="2109" pin="1"/><net_sink comp="1559" pin=30"/></net>

<net id="2116"><net_src comp="2113" pin="1"/><net_sink comp="1559" pin=21"/></net>

<net id="2120"><net_src comp="2117" pin="1"/><net_sink comp="1559" pin=155"/></net>

<net id="2124"><net_src comp="2121" pin="1"/><net_sink comp="1559" pin=146"/></net>

<net id="2128"><net_src comp="2125" pin="1"/><net_sink comp="1559" pin=137"/></net>

<net id="2132"><net_src comp="2129" pin="1"/><net_sink comp="1559" pin=128"/></net>

<net id="2136"><net_src comp="2133" pin="1"/><net_sink comp="1559" pin=119"/></net>

<net id="2140"><net_src comp="2137" pin="1"/><net_sink comp="1559" pin=110"/></net>

<net id="2144"><net_src comp="2141" pin="1"/><net_sink comp="1559" pin=101"/></net>

<net id="2148"><net_src comp="2145" pin="1"/><net_sink comp="1559" pin=92"/></net>

<net id="2152"><net_src comp="2149" pin="1"/><net_sink comp="1559" pin=83"/></net>

<net id="2156"><net_src comp="2153" pin="1"/><net_sink comp="1559" pin=74"/></net>

<net id="2160"><net_src comp="2157" pin="1"/><net_sink comp="1559" pin=65"/></net>

<net id="2164"><net_src comp="2161" pin="1"/><net_sink comp="1559" pin=56"/></net>

<net id="2168"><net_src comp="2165" pin="1"/><net_sink comp="1559" pin=47"/></net>

<net id="2172"><net_src comp="2169" pin="1"/><net_sink comp="1559" pin=38"/></net>

<net id="2176"><net_src comp="2173" pin="1"/><net_sink comp="1559" pin=29"/></net>

<net id="2180"><net_src comp="2177" pin="1"/><net_sink comp="1559" pin=20"/></net>

<net id="2184"><net_src comp="2181" pin="1"/><net_sink comp="1559" pin=154"/></net>

<net id="2188"><net_src comp="2185" pin="1"/><net_sink comp="1559" pin=145"/></net>

<net id="2192"><net_src comp="2189" pin="1"/><net_sink comp="1559" pin=136"/></net>

<net id="2196"><net_src comp="2193" pin="1"/><net_sink comp="1559" pin=127"/></net>

<net id="2200"><net_src comp="2197" pin="1"/><net_sink comp="1559" pin=118"/></net>

<net id="2204"><net_src comp="2201" pin="1"/><net_sink comp="1559" pin=109"/></net>

<net id="2208"><net_src comp="2205" pin="1"/><net_sink comp="1559" pin=100"/></net>

<net id="2212"><net_src comp="2209" pin="1"/><net_sink comp="1559" pin=91"/></net>

<net id="2216"><net_src comp="2213" pin="1"/><net_sink comp="1559" pin=82"/></net>

<net id="2220"><net_src comp="2217" pin="1"/><net_sink comp="1559" pin=73"/></net>

<net id="2224"><net_src comp="2221" pin="1"/><net_sink comp="1559" pin=64"/></net>

<net id="2228"><net_src comp="2225" pin="1"/><net_sink comp="1559" pin=55"/></net>

<net id="2232"><net_src comp="2229" pin="1"/><net_sink comp="1559" pin=46"/></net>

<net id="2236"><net_src comp="2233" pin="1"/><net_sink comp="1559" pin=37"/></net>

<net id="2240"><net_src comp="2237" pin="1"/><net_sink comp="1559" pin=28"/></net>

<net id="2244"><net_src comp="2241" pin="1"/><net_sink comp="1559" pin=19"/></net>

<net id="2248"><net_src comp="2245" pin="1"/><net_sink comp="1559" pin=153"/></net>

<net id="2252"><net_src comp="2249" pin="1"/><net_sink comp="1559" pin=144"/></net>

<net id="2256"><net_src comp="2253" pin="1"/><net_sink comp="1559" pin=135"/></net>

<net id="2260"><net_src comp="2257" pin="1"/><net_sink comp="1559" pin=126"/></net>

<net id="2264"><net_src comp="2261" pin="1"/><net_sink comp="1559" pin=117"/></net>

<net id="2268"><net_src comp="2265" pin="1"/><net_sink comp="1559" pin=108"/></net>

<net id="2272"><net_src comp="2269" pin="1"/><net_sink comp="1559" pin=99"/></net>

<net id="2276"><net_src comp="2273" pin="1"/><net_sink comp="1559" pin=90"/></net>

<net id="2280"><net_src comp="2277" pin="1"/><net_sink comp="1559" pin=81"/></net>

<net id="2284"><net_src comp="2281" pin="1"/><net_sink comp="1559" pin=72"/></net>

<net id="2288"><net_src comp="2285" pin="1"/><net_sink comp="1559" pin=63"/></net>

<net id="2292"><net_src comp="2289" pin="1"/><net_sink comp="1559" pin=54"/></net>

<net id="2296"><net_src comp="2293" pin="1"/><net_sink comp="1559" pin=45"/></net>

<net id="2300"><net_src comp="2297" pin="1"/><net_sink comp="1559" pin=36"/></net>

<net id="2304"><net_src comp="2301" pin="1"/><net_sink comp="1559" pin=27"/></net>

<net id="2308"><net_src comp="2305" pin="1"/><net_sink comp="1559" pin=18"/></net>

<net id="2312"><net_src comp="2309" pin="1"/><net_sink comp="1559" pin=152"/></net>

<net id="2316"><net_src comp="2313" pin="1"/><net_sink comp="1559" pin=143"/></net>

<net id="2320"><net_src comp="2317" pin="1"/><net_sink comp="1559" pin=134"/></net>

<net id="2324"><net_src comp="2321" pin="1"/><net_sink comp="1559" pin=125"/></net>

<net id="2328"><net_src comp="2325" pin="1"/><net_sink comp="1559" pin=116"/></net>

<net id="2332"><net_src comp="2329" pin="1"/><net_sink comp="1559" pin=107"/></net>

<net id="2336"><net_src comp="2333" pin="1"/><net_sink comp="1559" pin=98"/></net>

<net id="2340"><net_src comp="2337" pin="1"/><net_sink comp="1559" pin=89"/></net>

<net id="2344"><net_src comp="2341" pin="1"/><net_sink comp="1559" pin=80"/></net>

<net id="2348"><net_src comp="2345" pin="1"/><net_sink comp="1559" pin=71"/></net>

<net id="2352"><net_src comp="2349" pin="1"/><net_sink comp="1559" pin=62"/></net>

<net id="2356"><net_src comp="2353" pin="1"/><net_sink comp="1559" pin=53"/></net>

<net id="2360"><net_src comp="2357" pin="1"/><net_sink comp="1559" pin=44"/></net>

<net id="2364"><net_src comp="2361" pin="1"/><net_sink comp="1559" pin=35"/></net>

<net id="2368"><net_src comp="2365" pin="1"/><net_sink comp="1559" pin=26"/></net>

<net id="2372"><net_src comp="2369" pin="1"/><net_sink comp="1559" pin=17"/></net>

<net id="2377"><net_src comp="874" pin="7"/><net_sink comp="2373" pin=0"/></net>

<net id="2378"><net_src comp="2373" pin="2"/><net_sink comp="1559" pin=4"/></net>

<net id="2383"><net_src comp="892" pin="7"/><net_sink comp="2379" pin=0"/></net>

<net id="2384"><net_src comp="2379" pin="2"/><net_sink comp="1559" pin=3"/></net>

<net id="2389"><net_src comp="874" pin="3"/><net_sink comp="2385" pin=0"/></net>

<net id="2390"><net_src comp="2385" pin="2"/><net_sink comp="1559" pin=2"/></net>

<net id="2395"><net_src comp="892" pin="3"/><net_sink comp="2391" pin=0"/></net>

<net id="2396"><net_src comp="2391" pin="2"/><net_sink comp="1559" pin=1"/></net>

<net id="2412"><net_src comp="2406" pin="1"/><net_sink comp="2409" pin=0"/></net>

<net id="2413"><net_src comp="2409" pin="1"/><net_sink comp="1064" pin=2"/></net>

<net id="2417"><net_src comp="2403" pin="1"/><net_sink comp="2414" pin=0"/></net>

<net id="2418"><net_src comp="2414" pin="1"/><net_sink comp="1089" pin=2"/></net>

<net id="2422"><net_src comp="2400" pin="1"/><net_sink comp="2419" pin=0"/></net>

<net id="2423"><net_src comp="2419" pin="1"/><net_sink comp="1097" pin=2"/></net>

<net id="2427"><net_src comp="2397" pin="1"/><net_sink comp="2424" pin=0"/></net>

<net id="2428"><net_src comp="2424" pin="1"/><net_sink comp="1105" pin=2"/></net>

<net id="2456"><net_src comp="2450" pin="1"/><net_sink comp="2453" pin=0"/></net>

<net id="2457"><net_src comp="2453" pin="1"/><net_sink comp="1121" pin=2"/></net>

<net id="2461"><net_src comp="2447" pin="1"/><net_sink comp="2458" pin=0"/></net>

<net id="2462"><net_src comp="2458" pin="1"/><net_sink comp="1129" pin=2"/></net>

<net id="2466"><net_src comp="2444" pin="1"/><net_sink comp="2463" pin=0"/></net>

<net id="2467"><net_src comp="2463" pin="1"/><net_sink comp="1137" pin=2"/></net>

<net id="2471"><net_src comp="2441" pin="1"/><net_sink comp="2468" pin=0"/></net>

<net id="2472"><net_src comp="2468" pin="1"/><net_sink comp="1145" pin=2"/></net>

<net id="2477"><net_src comp="1071" pin="15"/><net_sink comp="2473" pin=0"/></net>

<net id="2478"><net_src comp="2438" pin="1"/><net_sink comp="2473" pin=1"/></net>

<net id="2479"><net_src comp="2473" pin="2"/><net_sink comp="1153" pin=4"/></net>

<net id="2484"><net_src comp="1071" pin="11"/><net_sink comp="2480" pin=0"/></net>

<net id="2485"><net_src comp="2435" pin="1"/><net_sink comp="2480" pin=1"/></net>

<net id="2486"><net_src comp="2480" pin="2"/><net_sink comp="1171" pin=4"/></net>

<net id="2491"><net_src comp="1071" pin="7"/><net_sink comp="2487" pin=0"/></net>

<net id="2492"><net_src comp="2432" pin="1"/><net_sink comp="2487" pin=1"/></net>

<net id="2493"><net_src comp="2487" pin="2"/><net_sink comp="1153" pin=1"/></net>

<net id="2498"><net_src comp="1071" pin="3"/><net_sink comp="2494" pin=0"/></net>

<net id="2499"><net_src comp="2429" pin="1"/><net_sink comp="2494" pin=1"/></net>

<net id="2500"><net_src comp="2494" pin="2"/><net_sink comp="1171" pin=1"/></net>

<net id="2528"><net_src comp="2522" pin="1"/><net_sink comp="2525" pin=0"/></net>

<net id="2529"><net_src comp="2525" pin="1"/><net_sink comp="1199" pin=2"/></net>

<net id="2533"><net_src comp="2519" pin="1"/><net_sink comp="2530" pin=0"/></net>

<net id="2534"><net_src comp="2530" pin="1"/><net_sink comp="1207" pin=2"/></net>

<net id="2538"><net_src comp="2516" pin="1"/><net_sink comp="2535" pin=0"/></net>

<net id="2539"><net_src comp="2535" pin="1"/><net_sink comp="1215" pin=2"/></net>

<net id="2543"><net_src comp="2513" pin="1"/><net_sink comp="2540" pin=0"/></net>

<net id="2544"><net_src comp="2540" pin="1"/><net_sink comp="1223" pin=2"/></net>

<net id="2549"><net_src comp="1071" pin="11"/><net_sink comp="2545" pin=0"/></net>

<net id="2550"><net_src comp="2510" pin="1"/><net_sink comp="2545" pin=1"/></net>

<net id="2551"><net_src comp="2545" pin="2"/><net_sink comp="1153" pin=4"/></net>

<net id="2556"><net_src comp="1071" pin="7"/><net_sink comp="2552" pin=0"/></net>

<net id="2557"><net_src comp="2507" pin="1"/><net_sink comp="2552" pin=1"/></net>

<net id="2558"><net_src comp="2552" pin="2"/><net_sink comp="1171" pin=4"/></net>

<net id="2563"><net_src comp="1071" pin="3"/><net_sink comp="2559" pin=0"/></net>

<net id="2564"><net_src comp="2504" pin="1"/><net_sink comp="2559" pin=1"/></net>

<net id="2565"><net_src comp="2559" pin="2"/><net_sink comp="1153" pin=1"/></net>

<net id="2570"><net_src comp="1071" pin="15"/><net_sink comp="2566" pin=0"/></net>

<net id="2571"><net_src comp="2501" pin="1"/><net_sink comp="2566" pin=1"/></net>

<net id="2572"><net_src comp="2566" pin="2"/><net_sink comp="1171" pin=1"/></net>

<net id="2600"><net_src comp="2594" pin="1"/><net_sink comp="2597" pin=0"/></net>

<net id="2601"><net_src comp="2597" pin="1"/><net_sink comp="1267" pin=2"/></net>

<net id="2605"><net_src comp="2591" pin="1"/><net_sink comp="2602" pin=0"/></net>

<net id="2606"><net_src comp="2602" pin="1"/><net_sink comp="1275" pin=2"/></net>

<net id="2610"><net_src comp="2588" pin="1"/><net_sink comp="2607" pin=0"/></net>

<net id="2611"><net_src comp="2607" pin="1"/><net_sink comp="1283" pin=2"/></net>

<net id="2615"><net_src comp="2585" pin="1"/><net_sink comp="2612" pin=0"/></net>

<net id="2616"><net_src comp="2612" pin="1"/><net_sink comp="1291" pin=2"/></net>

<net id="2621"><net_src comp="1071" pin="7"/><net_sink comp="2617" pin=0"/></net>

<net id="2622"><net_src comp="2582" pin="1"/><net_sink comp="2617" pin=1"/></net>

<net id="2623"><net_src comp="2617" pin="2"/><net_sink comp="1153" pin=4"/></net>

<net id="2628"><net_src comp="1071" pin="3"/><net_sink comp="2624" pin=0"/></net>

<net id="2629"><net_src comp="2579" pin="1"/><net_sink comp="2624" pin=1"/></net>

<net id="2630"><net_src comp="2624" pin="2"/><net_sink comp="1171" pin=4"/></net>

<net id="2635"><net_src comp="1071" pin="15"/><net_sink comp="2631" pin=0"/></net>

<net id="2636"><net_src comp="2576" pin="1"/><net_sink comp="2631" pin=1"/></net>

<net id="2637"><net_src comp="2631" pin="2"/><net_sink comp="1153" pin=1"/></net>

<net id="2642"><net_src comp="1071" pin="11"/><net_sink comp="2638" pin=0"/></net>

<net id="2643"><net_src comp="2573" pin="1"/><net_sink comp="2638" pin=1"/></net>

<net id="2644"><net_src comp="2638" pin="2"/><net_sink comp="1171" pin=1"/></net>

<net id="2661"><net_src comp="1071" pin="3"/><net_sink comp="2657" pin=0"/></net>

<net id="2662"><net_src comp="2654" pin="1"/><net_sink comp="2657" pin=1"/></net>

<net id="2663"><net_src comp="2657" pin="2"/><net_sink comp="1153" pin=4"/></net>

<net id="2668"><net_src comp="1071" pin="15"/><net_sink comp="2664" pin=0"/></net>

<net id="2669"><net_src comp="2651" pin="1"/><net_sink comp="2664" pin=1"/></net>

<net id="2670"><net_src comp="2664" pin="2"/><net_sink comp="1171" pin=4"/></net>

<net id="2675"><net_src comp="1071" pin="11"/><net_sink comp="2671" pin=0"/></net>

<net id="2676"><net_src comp="2648" pin="1"/><net_sink comp="2671" pin=1"/></net>

<net id="2677"><net_src comp="2671" pin="2"/><net_sink comp="1153" pin=1"/></net>

<net id="2682"><net_src comp="1071" pin="7"/><net_sink comp="2678" pin=0"/></net>

<net id="2683"><net_src comp="2645" pin="1"/><net_sink comp="2678" pin=1"/></net>

<net id="2684"><net_src comp="2678" pin="2"/><net_sink comp="1171" pin=1"/></net>

<net id="2688"><net_src comp="36" pin="1"/><net_sink comp="2685" pin=0"/></net>

<net id="2689"><net_src comp="2685" pin="1"/><net_sink comp="1559" pin=176"/></net>

<net id="2690"><net_src comp="2685" pin="1"/><net_sink comp="2406" pin=0"/></net>

<net id="2694"><net_src comp="40" pin="1"/><net_sink comp="2691" pin=0"/></net>

<net id="2695"><net_src comp="2691" pin="1"/><net_sink comp="1559" pin=175"/></net>

<net id="2696"><net_src comp="2691" pin="1"/><net_sink comp="2594" pin=0"/></net>

<net id="2700"><net_src comp="44" pin="1"/><net_sink comp="2697" pin=0"/></net>

<net id="2701"><net_src comp="2697" pin="1"/><net_sink comp="1559" pin=174"/></net>

<net id="2702"><net_src comp="2697" pin="1"/><net_sink comp="2522" pin=0"/></net>

<net id="2706"><net_src comp="48" pin="1"/><net_sink comp="2703" pin=0"/></net>

<net id="2707"><net_src comp="2703" pin="1"/><net_sink comp="1559" pin=173"/></net>

<net id="2708"><net_src comp="2703" pin="1"/><net_sink comp="2450" pin=0"/></net>

<net id="2712"><net_src comp="52" pin="1"/><net_sink comp="2709" pin=0"/></net>

<net id="2713"><net_src comp="2709" pin="1"/><net_sink comp="1559" pin=172"/></net>

<net id="2714"><net_src comp="2709" pin="1"/><net_sink comp="2447" pin=0"/></net>

<net id="2718"><net_src comp="56" pin="1"/><net_sink comp="2715" pin=0"/></net>

<net id="2719"><net_src comp="2715" pin="1"/><net_sink comp="1559" pin=171"/></net>

<net id="2720"><net_src comp="2715" pin="1"/><net_sink comp="2403" pin=0"/></net>

<net id="2724"><net_src comp="60" pin="1"/><net_sink comp="2721" pin=0"/></net>

<net id="2725"><net_src comp="2721" pin="1"/><net_sink comp="1559" pin=170"/></net>

<net id="2726"><net_src comp="2721" pin="1"/><net_sink comp="2591" pin=0"/></net>

<net id="2730"><net_src comp="64" pin="1"/><net_sink comp="2727" pin=0"/></net>

<net id="2731"><net_src comp="2727" pin="1"/><net_sink comp="1559" pin=169"/></net>

<net id="2732"><net_src comp="2727" pin="1"/><net_sink comp="2519" pin=0"/></net>

<net id="2736"><net_src comp="68" pin="1"/><net_sink comp="2733" pin=0"/></net>

<net id="2737"><net_src comp="2733" pin="1"/><net_sink comp="1559" pin=168"/></net>

<net id="2738"><net_src comp="2733" pin="1"/><net_sink comp="2516" pin=0"/></net>

<net id="2742"><net_src comp="72" pin="1"/><net_sink comp="2739" pin=0"/></net>

<net id="2743"><net_src comp="2739" pin="1"/><net_sink comp="1559" pin=167"/></net>

<net id="2744"><net_src comp="2739" pin="1"/><net_sink comp="2444" pin=0"/></net>

<net id="2748"><net_src comp="76" pin="1"/><net_sink comp="2745" pin=0"/></net>

<net id="2749"><net_src comp="2745" pin="1"/><net_sink comp="1559" pin=166"/></net>

<net id="2750"><net_src comp="2745" pin="1"/><net_sink comp="2400" pin=0"/></net>

<net id="2754"><net_src comp="80" pin="1"/><net_sink comp="2751" pin=0"/></net>

<net id="2755"><net_src comp="2751" pin="1"/><net_sink comp="1559" pin=165"/></net>

<net id="2756"><net_src comp="2751" pin="1"/><net_sink comp="2588" pin=0"/></net>

<net id="2760"><net_src comp="84" pin="1"/><net_sink comp="2757" pin=0"/></net>

<net id="2761"><net_src comp="2757" pin="1"/><net_sink comp="1559" pin=164"/></net>

<net id="2762"><net_src comp="2757" pin="1"/><net_sink comp="2585" pin=0"/></net>

<net id="2766"><net_src comp="88" pin="1"/><net_sink comp="2763" pin=0"/></net>

<net id="2767"><net_src comp="2763" pin="1"/><net_sink comp="1559" pin=163"/></net>

<net id="2768"><net_src comp="2763" pin="1"/><net_sink comp="2513" pin=0"/></net>

<net id="2772"><net_src comp="92" pin="1"/><net_sink comp="2769" pin=0"/></net>

<net id="2773"><net_src comp="2769" pin="1"/><net_sink comp="1559" pin=162"/></net>

<net id="2774"><net_src comp="2769" pin="1"/><net_sink comp="2441" pin=0"/></net>

<net id="2778"><net_src comp="96" pin="1"/><net_sink comp="2775" pin=0"/></net>

<net id="2779"><net_src comp="2775" pin="1"/><net_sink comp="1559" pin=161"/></net>

<net id="2780"><net_src comp="2775" pin="1"/><net_sink comp="2397" pin=0"/></net>

<net id="2784"><net_src comp="100" pin="1"/><net_sink comp="2781" pin=0"/></net>

<net id="2785"><net_src comp="2781" pin="1"/><net_sink comp="1371" pin=176"/></net>

<net id="2786"><net_src comp="2781" pin="1"/><net_sink comp="2369" pin=0"/></net>

<net id="2790"><net_src comp="104" pin="1"/><net_sink comp="2787" pin=0"/></net>

<net id="2791"><net_src comp="2787" pin="1"/><net_sink comp="1371" pin=175"/></net>

<net id="2792"><net_src comp="2787" pin="1"/><net_sink comp="2365" pin=0"/></net>

<net id="2796"><net_src comp="108" pin="1"/><net_sink comp="2793" pin=0"/></net>

<net id="2797"><net_src comp="2793" pin="1"/><net_sink comp="1371" pin=174"/></net>

<net id="2798"><net_src comp="2793" pin="1"/><net_sink comp="2361" pin=0"/></net>

<net id="2802"><net_src comp="112" pin="1"/><net_sink comp="2799" pin=0"/></net>

<net id="2803"><net_src comp="2799" pin="1"/><net_sink comp="1371" pin=173"/></net>

<net id="2804"><net_src comp="2799" pin="1"/><net_sink comp="2357" pin=0"/></net>

<net id="2808"><net_src comp="116" pin="1"/><net_sink comp="2805" pin=0"/></net>

<net id="2809"><net_src comp="2805" pin="1"/><net_sink comp="1371" pin=172"/></net>

<net id="2810"><net_src comp="2805" pin="1"/><net_sink comp="2353" pin=0"/></net>

<net id="2814"><net_src comp="120" pin="1"/><net_sink comp="2811" pin=0"/></net>

<net id="2815"><net_src comp="2811" pin="1"/><net_sink comp="1371" pin=171"/></net>

<net id="2816"><net_src comp="2811" pin="1"/><net_sink comp="2349" pin=0"/></net>

<net id="2820"><net_src comp="124" pin="1"/><net_sink comp="2817" pin=0"/></net>

<net id="2821"><net_src comp="2817" pin="1"/><net_sink comp="1371" pin=170"/></net>

<net id="2822"><net_src comp="2817" pin="1"/><net_sink comp="2345" pin=0"/></net>

<net id="2826"><net_src comp="128" pin="1"/><net_sink comp="2823" pin=0"/></net>

<net id="2827"><net_src comp="2823" pin="1"/><net_sink comp="1371" pin=169"/></net>

<net id="2828"><net_src comp="2823" pin="1"/><net_sink comp="2341" pin=0"/></net>

<net id="2832"><net_src comp="132" pin="1"/><net_sink comp="2829" pin=0"/></net>

<net id="2833"><net_src comp="2829" pin="1"/><net_sink comp="1371" pin=168"/></net>

<net id="2834"><net_src comp="2829" pin="1"/><net_sink comp="2337" pin=0"/></net>

<net id="2838"><net_src comp="136" pin="1"/><net_sink comp="2835" pin=0"/></net>

<net id="2839"><net_src comp="2835" pin="1"/><net_sink comp="1371" pin=167"/></net>

<net id="2840"><net_src comp="2835" pin="1"/><net_sink comp="2333" pin=0"/></net>

<net id="2844"><net_src comp="140" pin="1"/><net_sink comp="2841" pin=0"/></net>

<net id="2845"><net_src comp="2841" pin="1"/><net_sink comp="1371" pin=166"/></net>

<net id="2846"><net_src comp="2841" pin="1"/><net_sink comp="2329" pin=0"/></net>

<net id="2850"><net_src comp="144" pin="1"/><net_sink comp="2847" pin=0"/></net>

<net id="2851"><net_src comp="2847" pin="1"/><net_sink comp="1371" pin=165"/></net>

<net id="2852"><net_src comp="2847" pin="1"/><net_sink comp="2325" pin=0"/></net>

<net id="2856"><net_src comp="148" pin="1"/><net_sink comp="2853" pin=0"/></net>

<net id="2857"><net_src comp="2853" pin="1"/><net_sink comp="1371" pin=164"/></net>

<net id="2858"><net_src comp="2853" pin="1"/><net_sink comp="2321" pin=0"/></net>

<net id="2862"><net_src comp="152" pin="1"/><net_sink comp="2859" pin=0"/></net>

<net id="2863"><net_src comp="2859" pin="1"/><net_sink comp="1371" pin=163"/></net>

<net id="2864"><net_src comp="2859" pin="1"/><net_sink comp="2317" pin=0"/></net>

<net id="2868"><net_src comp="156" pin="1"/><net_sink comp="2865" pin=0"/></net>

<net id="2869"><net_src comp="2865" pin="1"/><net_sink comp="1371" pin=162"/></net>

<net id="2870"><net_src comp="2865" pin="1"/><net_sink comp="2313" pin=0"/></net>

<net id="2874"><net_src comp="160" pin="1"/><net_sink comp="2871" pin=0"/></net>

<net id="2875"><net_src comp="2871" pin="1"/><net_sink comp="1371" pin=161"/></net>

<net id="2876"><net_src comp="2871" pin="1"/><net_sink comp="2309" pin=0"/></net>

<net id="2880"><net_src comp="164" pin="1"/><net_sink comp="2877" pin=0"/></net>

<net id="2881"><net_src comp="2877" pin="1"/><net_sink comp="1371" pin=160"/></net>

<net id="2882"><net_src comp="2877" pin="1"/><net_sink comp="2305" pin=0"/></net>

<net id="2886"><net_src comp="168" pin="1"/><net_sink comp="2883" pin=0"/></net>

<net id="2887"><net_src comp="2883" pin="1"/><net_sink comp="1371" pin=159"/></net>

<net id="2888"><net_src comp="2883" pin="1"/><net_sink comp="2301" pin=0"/></net>

<net id="2892"><net_src comp="172" pin="1"/><net_sink comp="2889" pin=0"/></net>

<net id="2893"><net_src comp="2889" pin="1"/><net_sink comp="1371" pin=158"/></net>

<net id="2894"><net_src comp="2889" pin="1"/><net_sink comp="2297" pin=0"/></net>

<net id="2898"><net_src comp="176" pin="1"/><net_sink comp="2895" pin=0"/></net>

<net id="2899"><net_src comp="2895" pin="1"/><net_sink comp="1371" pin=157"/></net>

<net id="2900"><net_src comp="2895" pin="1"/><net_sink comp="2293" pin=0"/></net>

<net id="2904"><net_src comp="180" pin="1"/><net_sink comp="2901" pin=0"/></net>

<net id="2905"><net_src comp="2901" pin="1"/><net_sink comp="1371" pin=156"/></net>

<net id="2906"><net_src comp="2901" pin="1"/><net_sink comp="2289" pin=0"/></net>

<net id="2910"><net_src comp="184" pin="1"/><net_sink comp="2907" pin=0"/></net>

<net id="2911"><net_src comp="2907" pin="1"/><net_sink comp="1371" pin=155"/></net>

<net id="2912"><net_src comp="2907" pin="1"/><net_sink comp="2285" pin=0"/></net>

<net id="2916"><net_src comp="188" pin="1"/><net_sink comp="2913" pin=0"/></net>

<net id="2917"><net_src comp="2913" pin="1"/><net_sink comp="1371" pin=154"/></net>

<net id="2918"><net_src comp="2913" pin="1"/><net_sink comp="2281" pin=0"/></net>

<net id="2922"><net_src comp="192" pin="1"/><net_sink comp="2919" pin=0"/></net>

<net id="2923"><net_src comp="2919" pin="1"/><net_sink comp="1371" pin=153"/></net>

<net id="2924"><net_src comp="2919" pin="1"/><net_sink comp="2277" pin=0"/></net>

<net id="2928"><net_src comp="196" pin="1"/><net_sink comp="2925" pin=0"/></net>

<net id="2929"><net_src comp="2925" pin="1"/><net_sink comp="1371" pin=152"/></net>

<net id="2930"><net_src comp="2925" pin="1"/><net_sink comp="2273" pin=0"/></net>

<net id="2934"><net_src comp="200" pin="1"/><net_sink comp="2931" pin=0"/></net>

<net id="2935"><net_src comp="2931" pin="1"/><net_sink comp="1371" pin=151"/></net>

<net id="2936"><net_src comp="2931" pin="1"/><net_sink comp="2269" pin=0"/></net>

<net id="2940"><net_src comp="204" pin="1"/><net_sink comp="2937" pin=0"/></net>

<net id="2941"><net_src comp="2937" pin="1"/><net_sink comp="1371" pin=150"/></net>

<net id="2942"><net_src comp="2937" pin="1"/><net_sink comp="2265" pin=0"/></net>

<net id="2946"><net_src comp="208" pin="1"/><net_sink comp="2943" pin=0"/></net>

<net id="2947"><net_src comp="2943" pin="1"/><net_sink comp="1371" pin=149"/></net>

<net id="2948"><net_src comp="2943" pin="1"/><net_sink comp="2261" pin=0"/></net>

<net id="2952"><net_src comp="212" pin="1"/><net_sink comp="2949" pin=0"/></net>

<net id="2953"><net_src comp="2949" pin="1"/><net_sink comp="1371" pin=148"/></net>

<net id="2954"><net_src comp="2949" pin="1"/><net_sink comp="2257" pin=0"/></net>

<net id="2958"><net_src comp="216" pin="1"/><net_sink comp="2955" pin=0"/></net>

<net id="2959"><net_src comp="2955" pin="1"/><net_sink comp="1371" pin=147"/></net>

<net id="2960"><net_src comp="2955" pin="1"/><net_sink comp="2253" pin=0"/></net>

<net id="2964"><net_src comp="220" pin="1"/><net_sink comp="2961" pin=0"/></net>

<net id="2965"><net_src comp="2961" pin="1"/><net_sink comp="1371" pin=146"/></net>

<net id="2966"><net_src comp="2961" pin="1"/><net_sink comp="2249" pin=0"/></net>

<net id="2970"><net_src comp="224" pin="1"/><net_sink comp="2967" pin=0"/></net>

<net id="2971"><net_src comp="2967" pin="1"/><net_sink comp="1371" pin=145"/></net>

<net id="2972"><net_src comp="2967" pin="1"/><net_sink comp="2245" pin=0"/></net>

<net id="2976"><net_src comp="228" pin="1"/><net_sink comp="2973" pin=0"/></net>

<net id="2977"><net_src comp="2973" pin="1"/><net_sink comp="1371" pin=144"/></net>

<net id="2978"><net_src comp="2973" pin="1"/><net_sink comp="2241" pin=0"/></net>

<net id="2982"><net_src comp="232" pin="1"/><net_sink comp="2979" pin=0"/></net>

<net id="2983"><net_src comp="2979" pin="1"/><net_sink comp="1371" pin=143"/></net>

<net id="2984"><net_src comp="2979" pin="1"/><net_sink comp="2237" pin=0"/></net>

<net id="2988"><net_src comp="236" pin="1"/><net_sink comp="2985" pin=0"/></net>

<net id="2989"><net_src comp="2985" pin="1"/><net_sink comp="1371" pin=142"/></net>

<net id="2990"><net_src comp="2985" pin="1"/><net_sink comp="2233" pin=0"/></net>

<net id="2994"><net_src comp="240" pin="1"/><net_sink comp="2991" pin=0"/></net>

<net id="2995"><net_src comp="2991" pin="1"/><net_sink comp="1371" pin=141"/></net>

<net id="2996"><net_src comp="2991" pin="1"/><net_sink comp="2229" pin=0"/></net>

<net id="3000"><net_src comp="244" pin="1"/><net_sink comp="2997" pin=0"/></net>

<net id="3001"><net_src comp="2997" pin="1"/><net_sink comp="1371" pin=140"/></net>

<net id="3002"><net_src comp="2997" pin="1"/><net_sink comp="2225" pin=0"/></net>

<net id="3006"><net_src comp="248" pin="1"/><net_sink comp="3003" pin=0"/></net>

<net id="3007"><net_src comp="3003" pin="1"/><net_sink comp="1371" pin=139"/></net>

<net id="3008"><net_src comp="3003" pin="1"/><net_sink comp="2221" pin=0"/></net>

<net id="3012"><net_src comp="252" pin="1"/><net_sink comp="3009" pin=0"/></net>

<net id="3013"><net_src comp="3009" pin="1"/><net_sink comp="1371" pin=138"/></net>

<net id="3014"><net_src comp="3009" pin="1"/><net_sink comp="2217" pin=0"/></net>

<net id="3018"><net_src comp="256" pin="1"/><net_sink comp="3015" pin=0"/></net>

<net id="3019"><net_src comp="3015" pin="1"/><net_sink comp="1371" pin=137"/></net>

<net id="3020"><net_src comp="3015" pin="1"/><net_sink comp="2213" pin=0"/></net>

<net id="3024"><net_src comp="260" pin="1"/><net_sink comp="3021" pin=0"/></net>

<net id="3025"><net_src comp="3021" pin="1"/><net_sink comp="1371" pin=136"/></net>

<net id="3026"><net_src comp="3021" pin="1"/><net_sink comp="2209" pin=0"/></net>

<net id="3030"><net_src comp="264" pin="1"/><net_sink comp="3027" pin=0"/></net>

<net id="3031"><net_src comp="3027" pin="1"/><net_sink comp="1371" pin=135"/></net>

<net id="3032"><net_src comp="3027" pin="1"/><net_sink comp="2205" pin=0"/></net>

<net id="3036"><net_src comp="268" pin="1"/><net_sink comp="3033" pin=0"/></net>

<net id="3037"><net_src comp="3033" pin="1"/><net_sink comp="1371" pin=134"/></net>

<net id="3038"><net_src comp="3033" pin="1"/><net_sink comp="2201" pin=0"/></net>

<net id="3042"><net_src comp="272" pin="1"/><net_sink comp="3039" pin=0"/></net>

<net id="3043"><net_src comp="3039" pin="1"/><net_sink comp="1371" pin=133"/></net>

<net id="3044"><net_src comp="3039" pin="1"/><net_sink comp="2197" pin=0"/></net>

<net id="3048"><net_src comp="276" pin="1"/><net_sink comp="3045" pin=0"/></net>

<net id="3049"><net_src comp="3045" pin="1"/><net_sink comp="1371" pin=132"/></net>

<net id="3050"><net_src comp="3045" pin="1"/><net_sink comp="2193" pin=0"/></net>

<net id="3054"><net_src comp="280" pin="1"/><net_sink comp="3051" pin=0"/></net>

<net id="3055"><net_src comp="3051" pin="1"/><net_sink comp="1371" pin=131"/></net>

<net id="3056"><net_src comp="3051" pin="1"/><net_sink comp="2189" pin=0"/></net>

<net id="3060"><net_src comp="284" pin="1"/><net_sink comp="3057" pin=0"/></net>

<net id="3061"><net_src comp="3057" pin="1"/><net_sink comp="1371" pin=130"/></net>

<net id="3062"><net_src comp="3057" pin="1"/><net_sink comp="2185" pin=0"/></net>

<net id="3066"><net_src comp="288" pin="1"/><net_sink comp="3063" pin=0"/></net>

<net id="3067"><net_src comp="3063" pin="1"/><net_sink comp="1371" pin=129"/></net>

<net id="3068"><net_src comp="3063" pin="1"/><net_sink comp="2181" pin=0"/></net>

<net id="3072"><net_src comp="292" pin="1"/><net_sink comp="3069" pin=0"/></net>

<net id="3073"><net_src comp="3069" pin="1"/><net_sink comp="1371" pin=128"/></net>

<net id="3074"><net_src comp="3069" pin="1"/><net_sink comp="2177" pin=0"/></net>

<net id="3078"><net_src comp="296" pin="1"/><net_sink comp="3075" pin=0"/></net>

<net id="3079"><net_src comp="3075" pin="1"/><net_sink comp="1371" pin=127"/></net>

<net id="3080"><net_src comp="3075" pin="1"/><net_sink comp="2173" pin=0"/></net>

<net id="3084"><net_src comp="300" pin="1"/><net_sink comp="3081" pin=0"/></net>

<net id="3085"><net_src comp="3081" pin="1"/><net_sink comp="1371" pin=126"/></net>

<net id="3086"><net_src comp="3081" pin="1"/><net_sink comp="2169" pin=0"/></net>

<net id="3090"><net_src comp="304" pin="1"/><net_sink comp="3087" pin=0"/></net>

<net id="3091"><net_src comp="3087" pin="1"/><net_sink comp="1371" pin=125"/></net>

<net id="3092"><net_src comp="3087" pin="1"/><net_sink comp="2165" pin=0"/></net>

<net id="3096"><net_src comp="308" pin="1"/><net_sink comp="3093" pin=0"/></net>

<net id="3097"><net_src comp="3093" pin="1"/><net_sink comp="1371" pin=124"/></net>

<net id="3098"><net_src comp="3093" pin="1"/><net_sink comp="2161" pin=0"/></net>

<net id="3102"><net_src comp="312" pin="1"/><net_sink comp="3099" pin=0"/></net>

<net id="3103"><net_src comp="3099" pin="1"/><net_sink comp="1371" pin=123"/></net>

<net id="3104"><net_src comp="3099" pin="1"/><net_sink comp="2157" pin=0"/></net>

<net id="3108"><net_src comp="316" pin="1"/><net_sink comp="3105" pin=0"/></net>

<net id="3109"><net_src comp="3105" pin="1"/><net_sink comp="1371" pin=122"/></net>

<net id="3110"><net_src comp="3105" pin="1"/><net_sink comp="2153" pin=0"/></net>

<net id="3114"><net_src comp="320" pin="1"/><net_sink comp="3111" pin=0"/></net>

<net id="3115"><net_src comp="3111" pin="1"/><net_sink comp="1371" pin=121"/></net>

<net id="3116"><net_src comp="3111" pin="1"/><net_sink comp="2149" pin=0"/></net>

<net id="3120"><net_src comp="324" pin="1"/><net_sink comp="3117" pin=0"/></net>

<net id="3121"><net_src comp="3117" pin="1"/><net_sink comp="1371" pin=120"/></net>

<net id="3122"><net_src comp="3117" pin="1"/><net_sink comp="2145" pin=0"/></net>

<net id="3126"><net_src comp="328" pin="1"/><net_sink comp="3123" pin=0"/></net>

<net id="3127"><net_src comp="3123" pin="1"/><net_sink comp="1371" pin=119"/></net>

<net id="3128"><net_src comp="3123" pin="1"/><net_sink comp="2141" pin=0"/></net>

<net id="3132"><net_src comp="332" pin="1"/><net_sink comp="3129" pin=0"/></net>

<net id="3133"><net_src comp="3129" pin="1"/><net_sink comp="1371" pin=118"/></net>

<net id="3134"><net_src comp="3129" pin="1"/><net_sink comp="2137" pin=0"/></net>

<net id="3138"><net_src comp="336" pin="1"/><net_sink comp="3135" pin=0"/></net>

<net id="3139"><net_src comp="3135" pin="1"/><net_sink comp="1371" pin=117"/></net>

<net id="3140"><net_src comp="3135" pin="1"/><net_sink comp="2133" pin=0"/></net>

<net id="3144"><net_src comp="340" pin="1"/><net_sink comp="3141" pin=0"/></net>

<net id="3145"><net_src comp="3141" pin="1"/><net_sink comp="1371" pin=116"/></net>

<net id="3146"><net_src comp="3141" pin="1"/><net_sink comp="2129" pin=0"/></net>

<net id="3150"><net_src comp="344" pin="1"/><net_sink comp="3147" pin=0"/></net>

<net id="3151"><net_src comp="3147" pin="1"/><net_sink comp="1371" pin=115"/></net>

<net id="3152"><net_src comp="3147" pin="1"/><net_sink comp="2125" pin=0"/></net>

<net id="3156"><net_src comp="348" pin="1"/><net_sink comp="3153" pin=0"/></net>

<net id="3157"><net_src comp="3153" pin="1"/><net_sink comp="1371" pin=114"/></net>

<net id="3158"><net_src comp="3153" pin="1"/><net_sink comp="2121" pin=0"/></net>

<net id="3162"><net_src comp="352" pin="1"/><net_sink comp="3159" pin=0"/></net>

<net id="3163"><net_src comp="3159" pin="1"/><net_sink comp="1371" pin=113"/></net>

<net id="3164"><net_src comp="3159" pin="1"/><net_sink comp="2117" pin=0"/></net>

<net id="3168"><net_src comp="356" pin="1"/><net_sink comp="3165" pin=0"/></net>

<net id="3169"><net_src comp="3165" pin="1"/><net_sink comp="1371" pin=112"/></net>

<net id="3170"><net_src comp="3165" pin="1"/><net_sink comp="2113" pin=0"/></net>

<net id="3174"><net_src comp="360" pin="1"/><net_sink comp="3171" pin=0"/></net>

<net id="3175"><net_src comp="3171" pin="1"/><net_sink comp="1371" pin=111"/></net>

<net id="3176"><net_src comp="3171" pin="1"/><net_sink comp="2109" pin=0"/></net>

<net id="3180"><net_src comp="364" pin="1"/><net_sink comp="3177" pin=0"/></net>

<net id="3181"><net_src comp="3177" pin="1"/><net_sink comp="1371" pin=110"/></net>

<net id="3182"><net_src comp="3177" pin="1"/><net_sink comp="2105" pin=0"/></net>

<net id="3186"><net_src comp="368" pin="1"/><net_sink comp="3183" pin=0"/></net>

<net id="3187"><net_src comp="3183" pin="1"/><net_sink comp="1371" pin=109"/></net>

<net id="3188"><net_src comp="3183" pin="1"/><net_sink comp="2101" pin=0"/></net>

<net id="3192"><net_src comp="372" pin="1"/><net_sink comp="3189" pin=0"/></net>

<net id="3193"><net_src comp="3189" pin="1"/><net_sink comp="1371" pin=108"/></net>

<net id="3194"><net_src comp="3189" pin="1"/><net_sink comp="2097" pin=0"/></net>

<net id="3198"><net_src comp="376" pin="1"/><net_sink comp="3195" pin=0"/></net>

<net id="3199"><net_src comp="3195" pin="1"/><net_sink comp="1371" pin=107"/></net>

<net id="3200"><net_src comp="3195" pin="1"/><net_sink comp="2093" pin=0"/></net>

<net id="3204"><net_src comp="380" pin="1"/><net_sink comp="3201" pin=0"/></net>

<net id="3205"><net_src comp="3201" pin="1"/><net_sink comp="1371" pin=106"/></net>

<net id="3206"><net_src comp="3201" pin="1"/><net_sink comp="2089" pin=0"/></net>

<net id="3210"><net_src comp="384" pin="1"/><net_sink comp="3207" pin=0"/></net>

<net id="3211"><net_src comp="3207" pin="1"/><net_sink comp="1371" pin=105"/></net>

<net id="3212"><net_src comp="3207" pin="1"/><net_sink comp="2085" pin=0"/></net>

<net id="3216"><net_src comp="388" pin="1"/><net_sink comp="3213" pin=0"/></net>

<net id="3217"><net_src comp="3213" pin="1"/><net_sink comp="1371" pin=104"/></net>

<net id="3218"><net_src comp="3213" pin="1"/><net_sink comp="2081" pin=0"/></net>

<net id="3222"><net_src comp="392" pin="1"/><net_sink comp="3219" pin=0"/></net>

<net id="3223"><net_src comp="3219" pin="1"/><net_sink comp="1371" pin=103"/></net>

<net id="3224"><net_src comp="3219" pin="1"/><net_sink comp="2077" pin=0"/></net>

<net id="3228"><net_src comp="396" pin="1"/><net_sink comp="3225" pin=0"/></net>

<net id="3229"><net_src comp="3225" pin="1"/><net_sink comp="1371" pin=102"/></net>

<net id="3230"><net_src comp="3225" pin="1"/><net_sink comp="2073" pin=0"/></net>

<net id="3234"><net_src comp="400" pin="1"/><net_sink comp="3231" pin=0"/></net>

<net id="3235"><net_src comp="3231" pin="1"/><net_sink comp="1371" pin=101"/></net>

<net id="3236"><net_src comp="3231" pin="1"/><net_sink comp="2069" pin=0"/></net>

<net id="3240"><net_src comp="404" pin="1"/><net_sink comp="3237" pin=0"/></net>

<net id="3241"><net_src comp="3237" pin="1"/><net_sink comp="1371" pin=100"/></net>

<net id="3242"><net_src comp="3237" pin="1"/><net_sink comp="2065" pin=0"/></net>

<net id="3246"><net_src comp="408" pin="1"/><net_sink comp="3243" pin=0"/></net>

<net id="3247"><net_src comp="3243" pin="1"/><net_sink comp="1371" pin=99"/></net>

<net id="3248"><net_src comp="3243" pin="1"/><net_sink comp="2061" pin=0"/></net>

<net id="3252"><net_src comp="412" pin="1"/><net_sink comp="3249" pin=0"/></net>

<net id="3253"><net_src comp="3249" pin="1"/><net_sink comp="1371" pin=98"/></net>

<net id="3254"><net_src comp="3249" pin="1"/><net_sink comp="2057" pin=0"/></net>

<net id="3258"><net_src comp="416" pin="1"/><net_sink comp="3255" pin=0"/></net>

<net id="3259"><net_src comp="3255" pin="1"/><net_sink comp="1371" pin=97"/></net>

<net id="3260"><net_src comp="3255" pin="1"/><net_sink comp="2053" pin=0"/></net>

<net id="3264"><net_src comp="420" pin="1"/><net_sink comp="3261" pin=0"/></net>

<net id="3265"><net_src comp="3261" pin="1"/><net_sink comp="1371" pin=96"/></net>

<net id="3266"><net_src comp="3261" pin="1"/><net_sink comp="2049" pin=0"/></net>

<net id="3270"><net_src comp="424" pin="1"/><net_sink comp="3267" pin=0"/></net>

<net id="3271"><net_src comp="3267" pin="1"/><net_sink comp="1371" pin=95"/></net>

<net id="3272"><net_src comp="3267" pin="1"/><net_sink comp="2045" pin=0"/></net>

<net id="3276"><net_src comp="428" pin="1"/><net_sink comp="3273" pin=0"/></net>

<net id="3277"><net_src comp="3273" pin="1"/><net_sink comp="1371" pin=94"/></net>

<net id="3278"><net_src comp="3273" pin="1"/><net_sink comp="2041" pin=0"/></net>

<net id="3282"><net_src comp="432" pin="1"/><net_sink comp="3279" pin=0"/></net>

<net id="3283"><net_src comp="3279" pin="1"/><net_sink comp="1371" pin=93"/></net>

<net id="3284"><net_src comp="3279" pin="1"/><net_sink comp="2037" pin=0"/></net>

<net id="3288"><net_src comp="436" pin="1"/><net_sink comp="3285" pin=0"/></net>

<net id="3289"><net_src comp="3285" pin="1"/><net_sink comp="1371" pin=92"/></net>

<net id="3290"><net_src comp="3285" pin="1"/><net_sink comp="2033" pin=0"/></net>

<net id="3294"><net_src comp="440" pin="1"/><net_sink comp="3291" pin=0"/></net>

<net id="3295"><net_src comp="3291" pin="1"/><net_sink comp="1371" pin=91"/></net>

<net id="3296"><net_src comp="3291" pin="1"/><net_sink comp="2029" pin=0"/></net>

<net id="3300"><net_src comp="444" pin="1"/><net_sink comp="3297" pin=0"/></net>

<net id="3301"><net_src comp="3297" pin="1"/><net_sink comp="1371" pin=90"/></net>

<net id="3302"><net_src comp="3297" pin="1"/><net_sink comp="2025" pin=0"/></net>

<net id="3306"><net_src comp="448" pin="1"/><net_sink comp="3303" pin=0"/></net>

<net id="3307"><net_src comp="3303" pin="1"/><net_sink comp="1371" pin=89"/></net>

<net id="3308"><net_src comp="3303" pin="1"/><net_sink comp="2021" pin=0"/></net>

<net id="3312"><net_src comp="452" pin="1"/><net_sink comp="3309" pin=0"/></net>

<net id="3313"><net_src comp="3309" pin="1"/><net_sink comp="1371" pin=88"/></net>

<net id="3314"><net_src comp="3309" pin="1"/><net_sink comp="2017" pin=0"/></net>

<net id="3318"><net_src comp="456" pin="1"/><net_sink comp="3315" pin=0"/></net>

<net id="3319"><net_src comp="3315" pin="1"/><net_sink comp="1371" pin=87"/></net>

<net id="3320"><net_src comp="3315" pin="1"/><net_sink comp="2013" pin=0"/></net>

<net id="3324"><net_src comp="460" pin="1"/><net_sink comp="3321" pin=0"/></net>

<net id="3325"><net_src comp="3321" pin="1"/><net_sink comp="1371" pin=86"/></net>

<net id="3326"><net_src comp="3321" pin="1"/><net_sink comp="2009" pin=0"/></net>

<net id="3330"><net_src comp="464" pin="1"/><net_sink comp="3327" pin=0"/></net>

<net id="3331"><net_src comp="3327" pin="1"/><net_sink comp="1371" pin=85"/></net>

<net id="3332"><net_src comp="3327" pin="1"/><net_sink comp="2005" pin=0"/></net>

<net id="3336"><net_src comp="468" pin="1"/><net_sink comp="3333" pin=0"/></net>

<net id="3337"><net_src comp="3333" pin="1"/><net_sink comp="1371" pin=84"/></net>

<net id="3338"><net_src comp="3333" pin="1"/><net_sink comp="2001" pin=0"/></net>

<net id="3342"><net_src comp="472" pin="1"/><net_sink comp="3339" pin=0"/></net>

<net id="3343"><net_src comp="3339" pin="1"/><net_sink comp="1371" pin=83"/></net>

<net id="3344"><net_src comp="3339" pin="1"/><net_sink comp="1997" pin=0"/></net>

<net id="3348"><net_src comp="476" pin="1"/><net_sink comp="3345" pin=0"/></net>

<net id="3349"><net_src comp="3345" pin="1"/><net_sink comp="1371" pin=82"/></net>

<net id="3350"><net_src comp="3345" pin="1"/><net_sink comp="1993" pin=0"/></net>

<net id="3354"><net_src comp="480" pin="1"/><net_sink comp="3351" pin=0"/></net>

<net id="3355"><net_src comp="3351" pin="1"/><net_sink comp="1371" pin=81"/></net>

<net id="3356"><net_src comp="3351" pin="1"/><net_sink comp="1989" pin=0"/></net>

<net id="3360"><net_src comp="484" pin="1"/><net_sink comp="3357" pin=0"/></net>

<net id="3361"><net_src comp="3357" pin="1"/><net_sink comp="1371" pin=80"/></net>

<net id="3362"><net_src comp="3357" pin="1"/><net_sink comp="1985" pin=0"/></net>

<net id="3366"><net_src comp="488" pin="1"/><net_sink comp="3363" pin=0"/></net>

<net id="3367"><net_src comp="3363" pin="1"/><net_sink comp="1371" pin=79"/></net>

<net id="3368"><net_src comp="3363" pin="1"/><net_sink comp="1981" pin=0"/></net>

<net id="3372"><net_src comp="492" pin="1"/><net_sink comp="3369" pin=0"/></net>

<net id="3373"><net_src comp="3369" pin="1"/><net_sink comp="1371" pin=78"/></net>

<net id="3374"><net_src comp="3369" pin="1"/><net_sink comp="1977" pin=0"/></net>

<net id="3378"><net_src comp="496" pin="1"/><net_sink comp="3375" pin=0"/></net>

<net id="3379"><net_src comp="3375" pin="1"/><net_sink comp="1371" pin=77"/></net>

<net id="3380"><net_src comp="3375" pin="1"/><net_sink comp="1973" pin=0"/></net>

<net id="3384"><net_src comp="500" pin="1"/><net_sink comp="3381" pin=0"/></net>

<net id="3385"><net_src comp="3381" pin="1"/><net_sink comp="1371" pin=76"/></net>

<net id="3386"><net_src comp="3381" pin="1"/><net_sink comp="1969" pin=0"/></net>

<net id="3390"><net_src comp="504" pin="1"/><net_sink comp="3387" pin=0"/></net>

<net id="3391"><net_src comp="3387" pin="1"/><net_sink comp="1371" pin=75"/></net>

<net id="3392"><net_src comp="3387" pin="1"/><net_sink comp="1965" pin=0"/></net>

<net id="3396"><net_src comp="508" pin="1"/><net_sink comp="3393" pin=0"/></net>

<net id="3397"><net_src comp="3393" pin="1"/><net_sink comp="1371" pin=74"/></net>

<net id="3398"><net_src comp="3393" pin="1"/><net_sink comp="1961" pin=0"/></net>

<net id="3402"><net_src comp="512" pin="1"/><net_sink comp="3399" pin=0"/></net>

<net id="3403"><net_src comp="3399" pin="1"/><net_sink comp="1371" pin=73"/></net>

<net id="3404"><net_src comp="3399" pin="1"/><net_sink comp="1957" pin=0"/></net>

<net id="3408"><net_src comp="516" pin="1"/><net_sink comp="3405" pin=0"/></net>

<net id="3409"><net_src comp="3405" pin="1"/><net_sink comp="1371" pin=72"/></net>

<net id="3410"><net_src comp="3405" pin="1"/><net_sink comp="1953" pin=0"/></net>

<net id="3414"><net_src comp="520" pin="1"/><net_sink comp="3411" pin=0"/></net>

<net id="3415"><net_src comp="3411" pin="1"/><net_sink comp="1371" pin=71"/></net>

<net id="3416"><net_src comp="3411" pin="1"/><net_sink comp="1949" pin=0"/></net>

<net id="3420"><net_src comp="524" pin="1"/><net_sink comp="3417" pin=0"/></net>

<net id="3421"><net_src comp="3417" pin="1"/><net_sink comp="1371" pin=70"/></net>

<net id="3422"><net_src comp="3417" pin="1"/><net_sink comp="1945" pin=0"/></net>

<net id="3426"><net_src comp="528" pin="1"/><net_sink comp="3423" pin=0"/></net>

<net id="3427"><net_src comp="3423" pin="1"/><net_sink comp="1371" pin=69"/></net>

<net id="3428"><net_src comp="3423" pin="1"/><net_sink comp="1941" pin=0"/></net>

<net id="3432"><net_src comp="532" pin="1"/><net_sink comp="3429" pin=0"/></net>

<net id="3433"><net_src comp="3429" pin="1"/><net_sink comp="1371" pin=68"/></net>

<net id="3434"><net_src comp="3429" pin="1"/><net_sink comp="1937" pin=0"/></net>

<net id="3438"><net_src comp="536" pin="1"/><net_sink comp="3435" pin=0"/></net>

<net id="3439"><net_src comp="3435" pin="1"/><net_sink comp="1371" pin=67"/></net>

<net id="3440"><net_src comp="3435" pin="1"/><net_sink comp="1933" pin=0"/></net>

<net id="3444"><net_src comp="540" pin="1"/><net_sink comp="3441" pin=0"/></net>

<net id="3445"><net_src comp="3441" pin="1"/><net_sink comp="1371" pin=66"/></net>

<net id="3446"><net_src comp="3441" pin="1"/><net_sink comp="1929" pin=0"/></net>

<net id="3450"><net_src comp="544" pin="1"/><net_sink comp="3447" pin=0"/></net>

<net id="3451"><net_src comp="3447" pin="1"/><net_sink comp="1371" pin=65"/></net>

<net id="3452"><net_src comp="3447" pin="1"/><net_sink comp="1925" pin=0"/></net>

<net id="3456"><net_src comp="548" pin="1"/><net_sink comp="3453" pin=0"/></net>

<net id="3457"><net_src comp="3453" pin="1"/><net_sink comp="1371" pin=64"/></net>

<net id="3458"><net_src comp="3453" pin="1"/><net_sink comp="1921" pin=0"/></net>

<net id="3462"><net_src comp="552" pin="1"/><net_sink comp="3459" pin=0"/></net>

<net id="3463"><net_src comp="3459" pin="1"/><net_sink comp="1371" pin=63"/></net>

<net id="3464"><net_src comp="3459" pin="1"/><net_sink comp="1917" pin=0"/></net>

<net id="3468"><net_src comp="556" pin="1"/><net_sink comp="3465" pin=0"/></net>

<net id="3469"><net_src comp="3465" pin="1"/><net_sink comp="1371" pin=62"/></net>

<net id="3470"><net_src comp="3465" pin="1"/><net_sink comp="1913" pin=0"/></net>

<net id="3474"><net_src comp="560" pin="1"/><net_sink comp="3471" pin=0"/></net>

<net id="3475"><net_src comp="3471" pin="1"/><net_sink comp="1371" pin=61"/></net>

<net id="3476"><net_src comp="3471" pin="1"/><net_sink comp="1909" pin=0"/></net>

<net id="3480"><net_src comp="564" pin="1"/><net_sink comp="3477" pin=0"/></net>

<net id="3481"><net_src comp="3477" pin="1"/><net_sink comp="1371" pin=60"/></net>

<net id="3482"><net_src comp="3477" pin="1"/><net_sink comp="1905" pin=0"/></net>

<net id="3486"><net_src comp="568" pin="1"/><net_sink comp="3483" pin=0"/></net>

<net id="3487"><net_src comp="3483" pin="1"/><net_sink comp="1371" pin=59"/></net>

<net id="3488"><net_src comp="3483" pin="1"/><net_sink comp="1901" pin=0"/></net>

<net id="3492"><net_src comp="572" pin="1"/><net_sink comp="3489" pin=0"/></net>

<net id="3493"><net_src comp="3489" pin="1"/><net_sink comp="1371" pin=58"/></net>

<net id="3494"><net_src comp="3489" pin="1"/><net_sink comp="1897" pin=0"/></net>

<net id="3498"><net_src comp="576" pin="1"/><net_sink comp="3495" pin=0"/></net>

<net id="3499"><net_src comp="3495" pin="1"/><net_sink comp="1371" pin=57"/></net>

<net id="3500"><net_src comp="3495" pin="1"/><net_sink comp="1893" pin=0"/></net>

<net id="3504"><net_src comp="580" pin="1"/><net_sink comp="3501" pin=0"/></net>

<net id="3505"><net_src comp="3501" pin="1"/><net_sink comp="1371" pin=56"/></net>

<net id="3506"><net_src comp="3501" pin="1"/><net_sink comp="1889" pin=0"/></net>

<net id="3510"><net_src comp="584" pin="1"/><net_sink comp="3507" pin=0"/></net>

<net id="3511"><net_src comp="3507" pin="1"/><net_sink comp="1371" pin=55"/></net>

<net id="3512"><net_src comp="3507" pin="1"/><net_sink comp="1885" pin=0"/></net>

<net id="3516"><net_src comp="588" pin="1"/><net_sink comp="3513" pin=0"/></net>

<net id="3517"><net_src comp="3513" pin="1"/><net_sink comp="1371" pin=54"/></net>

<net id="3518"><net_src comp="3513" pin="1"/><net_sink comp="1881" pin=0"/></net>

<net id="3522"><net_src comp="592" pin="1"/><net_sink comp="3519" pin=0"/></net>

<net id="3523"><net_src comp="3519" pin="1"/><net_sink comp="1371" pin=53"/></net>

<net id="3524"><net_src comp="3519" pin="1"/><net_sink comp="1877" pin=0"/></net>

<net id="3528"><net_src comp="596" pin="1"/><net_sink comp="3525" pin=0"/></net>

<net id="3529"><net_src comp="3525" pin="1"/><net_sink comp="1371" pin=52"/></net>

<net id="3530"><net_src comp="3525" pin="1"/><net_sink comp="1873" pin=0"/></net>

<net id="3534"><net_src comp="600" pin="1"/><net_sink comp="3531" pin=0"/></net>

<net id="3535"><net_src comp="3531" pin="1"/><net_sink comp="1371" pin=51"/></net>

<net id="3536"><net_src comp="3531" pin="1"/><net_sink comp="1869" pin=0"/></net>

<net id="3540"><net_src comp="604" pin="1"/><net_sink comp="3537" pin=0"/></net>

<net id="3541"><net_src comp="3537" pin="1"/><net_sink comp="1371" pin=50"/></net>

<net id="3542"><net_src comp="3537" pin="1"/><net_sink comp="1865" pin=0"/></net>

<net id="3546"><net_src comp="608" pin="1"/><net_sink comp="3543" pin=0"/></net>

<net id="3547"><net_src comp="3543" pin="1"/><net_sink comp="1371" pin=49"/></net>

<net id="3548"><net_src comp="3543" pin="1"/><net_sink comp="1861" pin=0"/></net>

<net id="3552"><net_src comp="612" pin="1"/><net_sink comp="3549" pin=0"/></net>

<net id="3553"><net_src comp="3549" pin="1"/><net_sink comp="1371" pin=48"/></net>

<net id="3554"><net_src comp="3549" pin="1"/><net_sink comp="1857" pin=0"/></net>

<net id="3558"><net_src comp="616" pin="1"/><net_sink comp="3555" pin=0"/></net>

<net id="3559"><net_src comp="3555" pin="1"/><net_sink comp="1371" pin=47"/></net>

<net id="3560"><net_src comp="3555" pin="1"/><net_sink comp="1853" pin=0"/></net>

<net id="3564"><net_src comp="620" pin="1"/><net_sink comp="3561" pin=0"/></net>

<net id="3565"><net_src comp="3561" pin="1"/><net_sink comp="1371" pin=46"/></net>

<net id="3566"><net_src comp="3561" pin="1"/><net_sink comp="1849" pin=0"/></net>

<net id="3570"><net_src comp="624" pin="1"/><net_sink comp="3567" pin=0"/></net>

<net id="3571"><net_src comp="3567" pin="1"/><net_sink comp="1371" pin=45"/></net>

<net id="3572"><net_src comp="3567" pin="1"/><net_sink comp="1845" pin=0"/></net>

<net id="3576"><net_src comp="628" pin="1"/><net_sink comp="3573" pin=0"/></net>

<net id="3577"><net_src comp="3573" pin="1"/><net_sink comp="1371" pin=44"/></net>

<net id="3578"><net_src comp="3573" pin="1"/><net_sink comp="1841" pin=0"/></net>

<net id="3582"><net_src comp="632" pin="1"/><net_sink comp="3579" pin=0"/></net>

<net id="3583"><net_src comp="3579" pin="1"/><net_sink comp="1371" pin=43"/></net>

<net id="3584"><net_src comp="3579" pin="1"/><net_sink comp="1837" pin=0"/></net>

<net id="3588"><net_src comp="636" pin="1"/><net_sink comp="3585" pin=0"/></net>

<net id="3589"><net_src comp="3585" pin="1"/><net_sink comp="1371" pin=42"/></net>

<net id="3590"><net_src comp="3585" pin="1"/><net_sink comp="1833" pin=0"/></net>

<net id="3594"><net_src comp="640" pin="1"/><net_sink comp="3591" pin=0"/></net>

<net id="3595"><net_src comp="3591" pin="1"/><net_sink comp="1371" pin=41"/></net>

<net id="3596"><net_src comp="3591" pin="1"/><net_sink comp="1829" pin=0"/></net>

<net id="3600"><net_src comp="644" pin="1"/><net_sink comp="3597" pin=0"/></net>

<net id="3601"><net_src comp="3597" pin="1"/><net_sink comp="1371" pin=40"/></net>

<net id="3602"><net_src comp="3597" pin="1"/><net_sink comp="1825" pin=0"/></net>

<net id="3606"><net_src comp="648" pin="1"/><net_sink comp="3603" pin=0"/></net>

<net id="3607"><net_src comp="3603" pin="1"/><net_sink comp="1371" pin=39"/></net>

<net id="3608"><net_src comp="3603" pin="1"/><net_sink comp="1821" pin=0"/></net>

<net id="3612"><net_src comp="652" pin="1"/><net_sink comp="3609" pin=0"/></net>

<net id="3613"><net_src comp="3609" pin="1"/><net_sink comp="1371" pin=38"/></net>

<net id="3614"><net_src comp="3609" pin="1"/><net_sink comp="1817" pin=0"/></net>

<net id="3618"><net_src comp="656" pin="1"/><net_sink comp="3615" pin=0"/></net>

<net id="3619"><net_src comp="3615" pin="1"/><net_sink comp="1371" pin=37"/></net>

<net id="3620"><net_src comp="3615" pin="1"/><net_sink comp="1813" pin=0"/></net>

<net id="3624"><net_src comp="660" pin="1"/><net_sink comp="3621" pin=0"/></net>

<net id="3625"><net_src comp="3621" pin="1"/><net_sink comp="1371" pin=36"/></net>

<net id="3626"><net_src comp="3621" pin="1"/><net_sink comp="1809" pin=0"/></net>

<net id="3630"><net_src comp="664" pin="1"/><net_sink comp="3627" pin=0"/></net>

<net id="3631"><net_src comp="3627" pin="1"/><net_sink comp="1371" pin=35"/></net>

<net id="3632"><net_src comp="3627" pin="1"/><net_sink comp="1805" pin=0"/></net>

<net id="3636"><net_src comp="668" pin="1"/><net_sink comp="3633" pin=0"/></net>

<net id="3637"><net_src comp="3633" pin="1"/><net_sink comp="1371" pin=34"/></net>

<net id="3638"><net_src comp="3633" pin="1"/><net_sink comp="1801" pin=0"/></net>

<net id="3642"><net_src comp="672" pin="1"/><net_sink comp="3639" pin=0"/></net>

<net id="3643"><net_src comp="3639" pin="1"/><net_sink comp="1371" pin=33"/></net>

<net id="3644"><net_src comp="3639" pin="1"/><net_sink comp="1797" pin=0"/></net>

<net id="3648"><net_src comp="676" pin="1"/><net_sink comp="3645" pin=0"/></net>

<net id="3649"><net_src comp="3645" pin="1"/><net_sink comp="1371" pin=32"/></net>

<net id="3650"><net_src comp="3645" pin="1"/><net_sink comp="2438" pin=0"/></net>

<net id="3654"><net_src comp="680" pin="1"/><net_sink comp="3651" pin=0"/></net>

<net id="3655"><net_src comp="3651" pin="1"/><net_sink comp="1371" pin=31"/></net>

<net id="3656"><net_src comp="3651" pin="1"/><net_sink comp="2435" pin=0"/></net>

<net id="3660"><net_src comp="684" pin="1"/><net_sink comp="3657" pin=0"/></net>

<net id="3661"><net_src comp="3657" pin="1"/><net_sink comp="1371" pin=30"/></net>

<net id="3662"><net_src comp="3657" pin="1"/><net_sink comp="2432" pin=0"/></net>

<net id="3666"><net_src comp="688" pin="1"/><net_sink comp="3663" pin=0"/></net>

<net id="3667"><net_src comp="3663" pin="1"/><net_sink comp="1371" pin=29"/></net>

<net id="3668"><net_src comp="3663" pin="1"/><net_sink comp="2429" pin=0"/></net>

<net id="3672"><net_src comp="692" pin="1"/><net_sink comp="3669" pin=0"/></net>

<net id="3673"><net_src comp="3669" pin="1"/><net_sink comp="1371" pin=28"/></net>

<net id="3674"><net_src comp="3669" pin="1"/><net_sink comp="2510" pin=0"/></net>

<net id="3678"><net_src comp="696" pin="1"/><net_sink comp="3675" pin=0"/></net>

<net id="3679"><net_src comp="3675" pin="1"/><net_sink comp="1371" pin=27"/></net>

<net id="3680"><net_src comp="3675" pin="1"/><net_sink comp="2507" pin=0"/></net>

<net id="3684"><net_src comp="700" pin="1"/><net_sink comp="3681" pin=0"/></net>

<net id="3685"><net_src comp="3681" pin="1"/><net_sink comp="1371" pin=26"/></net>

<net id="3686"><net_src comp="3681" pin="1"/><net_sink comp="2504" pin=0"/></net>

<net id="3690"><net_src comp="704" pin="1"/><net_sink comp="3687" pin=0"/></net>

<net id="3691"><net_src comp="3687" pin="1"/><net_sink comp="1371" pin=25"/></net>

<net id="3692"><net_src comp="3687" pin="1"/><net_sink comp="2501" pin=0"/></net>

<net id="3696"><net_src comp="708" pin="1"/><net_sink comp="3693" pin=0"/></net>

<net id="3697"><net_src comp="3693" pin="1"/><net_sink comp="1371" pin=24"/></net>

<net id="3698"><net_src comp="3693" pin="1"/><net_sink comp="2582" pin=0"/></net>

<net id="3702"><net_src comp="712" pin="1"/><net_sink comp="3699" pin=0"/></net>

<net id="3703"><net_src comp="3699" pin="1"/><net_sink comp="1371" pin=23"/></net>

<net id="3704"><net_src comp="3699" pin="1"/><net_sink comp="2579" pin=0"/></net>

<net id="3708"><net_src comp="716" pin="1"/><net_sink comp="3705" pin=0"/></net>

<net id="3709"><net_src comp="3705" pin="1"/><net_sink comp="1371" pin=22"/></net>

<net id="3710"><net_src comp="3705" pin="1"/><net_sink comp="2576" pin=0"/></net>

<net id="3714"><net_src comp="720" pin="1"/><net_sink comp="3711" pin=0"/></net>

<net id="3715"><net_src comp="3711" pin="1"/><net_sink comp="1371" pin=21"/></net>

<net id="3716"><net_src comp="3711" pin="1"/><net_sink comp="2573" pin=0"/></net>

<net id="3720"><net_src comp="724" pin="1"/><net_sink comp="3717" pin=0"/></net>

<net id="3721"><net_src comp="3717" pin="1"/><net_sink comp="1371" pin=20"/></net>

<net id="3722"><net_src comp="3717" pin="1"/><net_sink comp="2654" pin=0"/></net>

<net id="3726"><net_src comp="728" pin="1"/><net_sink comp="3723" pin=0"/></net>

<net id="3727"><net_src comp="3723" pin="1"/><net_sink comp="1371" pin=19"/></net>

<net id="3728"><net_src comp="3723" pin="1"/><net_sink comp="2651" pin=0"/></net>

<net id="3732"><net_src comp="732" pin="1"/><net_sink comp="3729" pin=0"/></net>

<net id="3733"><net_src comp="3729" pin="1"/><net_sink comp="1371" pin=18"/></net>

<net id="3734"><net_src comp="3729" pin="1"/><net_sink comp="2648" pin=0"/></net>

<net id="3738"><net_src comp="736" pin="1"/><net_sink comp="3735" pin=0"/></net>

<net id="3739"><net_src comp="3735" pin="1"/><net_sink comp="1371" pin=17"/></net>

<net id="3740"><net_src comp="3735" pin="1"/><net_sink comp="2645" pin=0"/></net>

<net id="3744"><net_src comp="740" pin="3"/><net_sink comp="3741" pin=0"/></net>

<net id="3745"><net_src comp="3741" pin="1"/><net_sink comp="748" pin=2"/></net>

<net id="3749"><net_src comp="758" pin="3"/><net_sink comp="3746" pin=0"/></net>

<net id="3750"><net_src comp="3746" pin="1"/><net_sink comp="766" pin=2"/></net>

<net id="3754"><net_src comp="776" pin="3"/><net_sink comp="3751" pin=0"/></net>

<net id="3755"><net_src comp="3751" pin="1"/><net_sink comp="748" pin=0"/></net>

<net id="3759"><net_src comp="785" pin="3"/><net_sink comp="3756" pin=0"/></net>

<net id="3760"><net_src comp="3756" pin="1"/><net_sink comp="766" pin=0"/></net>

<net id="3764"><net_src comp="748" pin="7"/><net_sink comp="3761" pin=0"/></net>

<net id="3765"><net_src comp="3761" pin="1"/><net_sink comp="1371" pin=14"/></net>

<net id="3766"><net_src comp="3761" pin="1"/><net_sink comp="1741" pin=1"/></net>

<net id="3770"><net_src comp="766" pin="7"/><net_sink comp="3767" pin=0"/></net>

<net id="3771"><net_src comp="3767" pin="1"/><net_sink comp="1371" pin=9"/></net>

<net id="3772"><net_src comp="3767" pin="1"/><net_sink comp="1745" pin=1"/></net>

<net id="3776"><net_src comp="748" pin="3"/><net_sink comp="3773" pin=0"/></net>

<net id="3777"><net_src comp="3773" pin="1"/><net_sink comp="1371" pin=5"/></net>

<net id="3778"><net_src comp="3773" pin="1"/><net_sink comp="1749" pin=1"/></net>

<net id="3782"><net_src comp="766" pin="3"/><net_sink comp="3779" pin=0"/></net>

<net id="3783"><net_src comp="3779" pin="1"/><net_sink comp="1371" pin=1"/></net>

<net id="3784"><net_src comp="3779" pin="1"/><net_sink comp="1753" pin=1"/></net>

<net id="3788"><net_src comp="794" pin="3"/><net_sink comp="3785" pin=0"/></net>

<net id="3789"><net_src comp="3785" pin="1"/><net_sink comp="748" pin=2"/></net>

<net id="3793"><net_src comp="803" pin="3"/><net_sink comp="3790" pin=0"/></net>

<net id="3794"><net_src comp="3790" pin="1"/><net_sink comp="766" pin=2"/></net>

<net id="3798"><net_src comp="812" pin="3"/><net_sink comp="3795" pin=0"/></net>

<net id="3799"><net_src comp="3795" pin="1"/><net_sink comp="748" pin=0"/></net>

<net id="3803"><net_src comp="821" pin="3"/><net_sink comp="3800" pin=0"/></net>

<net id="3804"><net_src comp="3800" pin="1"/><net_sink comp="766" pin=0"/></net>

<net id="3808"><net_src comp="748" pin="7"/><net_sink comp="3805" pin=0"/></net>

<net id="3809"><net_src comp="3805" pin="1"/><net_sink comp="1371" pin=15"/></net>

<net id="3810"><net_src comp="3805" pin="1"/><net_sink comp="1757" pin=1"/></net>

<net id="3814"><net_src comp="766" pin="7"/><net_sink comp="3811" pin=0"/></net>

<net id="3815"><net_src comp="3811" pin="1"/><net_sink comp="1371" pin=10"/></net>

<net id="3816"><net_src comp="3811" pin="1"/><net_sink comp="1762" pin=1"/></net>

<net id="3820"><net_src comp="748" pin="3"/><net_sink comp="3817" pin=0"/></net>

<net id="3821"><net_src comp="3817" pin="1"/><net_sink comp="1371" pin=6"/></net>

<net id="3822"><net_src comp="3817" pin="1"/><net_sink comp="1767" pin=1"/></net>

<net id="3826"><net_src comp="766" pin="3"/><net_sink comp="3823" pin=0"/></net>

<net id="3827"><net_src comp="3823" pin="1"/><net_sink comp="1371" pin=2"/></net>

<net id="3828"><net_src comp="3823" pin="1"/><net_sink comp="1772" pin=1"/></net>

<net id="3832"><net_src comp="830" pin="3"/><net_sink comp="3829" pin=0"/></net>

<net id="3833"><net_src comp="3829" pin="1"/><net_sink comp="748" pin=2"/></net>

<net id="3837"><net_src comp="839" pin="3"/><net_sink comp="3834" pin=0"/></net>

<net id="3838"><net_src comp="3834" pin="1"/><net_sink comp="766" pin=2"/></net>

<net id="3842"><net_src comp="848" pin="3"/><net_sink comp="3839" pin=0"/></net>

<net id="3843"><net_src comp="3839" pin="1"/><net_sink comp="748" pin=0"/></net>

<net id="3847"><net_src comp="857" pin="3"/><net_sink comp="3844" pin=0"/></net>

<net id="3848"><net_src comp="3844" pin="1"/><net_sink comp="766" pin=0"/></net>

<net id="3852"><net_src comp="866" pin="3"/><net_sink comp="3849" pin=0"/></net>

<net id="3853"><net_src comp="3849" pin="1"/><net_sink comp="874" pin=2"/></net>

<net id="3857"><net_src comp="884" pin="3"/><net_sink comp="3854" pin=0"/></net>

<net id="3858"><net_src comp="3854" pin="1"/><net_sink comp="892" pin=2"/></net>

<net id="3862"><net_src comp="902" pin="3"/><net_sink comp="3859" pin=0"/></net>

<net id="3863"><net_src comp="3859" pin="1"/><net_sink comp="874" pin=0"/></net>

<net id="3867"><net_src comp="911" pin="3"/><net_sink comp="3864" pin=0"/></net>

<net id="3868"><net_src comp="3864" pin="1"/><net_sink comp="892" pin=0"/></net>

<net id="3872"><net_src comp="748" pin="7"/><net_sink comp="3869" pin=0"/></net>

<net id="3873"><net_src comp="3869" pin="1"/><net_sink comp="1371" pin=16"/></net>

<net id="3874"><net_src comp="3869" pin="1"/><net_sink comp="1777" pin=1"/></net>

<net id="3878"><net_src comp="766" pin="7"/><net_sink comp="3875" pin=0"/></net>

<net id="3879"><net_src comp="3875" pin="1"/><net_sink comp="1371" pin=11"/></net>

<net id="3880"><net_src comp="3875" pin="1"/><net_sink comp="1782" pin=1"/></net>

<net id="3884"><net_src comp="748" pin="3"/><net_sink comp="3881" pin=0"/></net>

<net id="3885"><net_src comp="3881" pin="1"/><net_sink comp="1371" pin=7"/></net>

<net id="3886"><net_src comp="3881" pin="1"/><net_sink comp="1787" pin=1"/></net>

<net id="3890"><net_src comp="766" pin="3"/><net_sink comp="3887" pin=0"/></net>

<net id="3891"><net_src comp="3887" pin="1"/><net_sink comp="1371" pin=3"/></net>

<net id="3892"><net_src comp="3887" pin="1"/><net_sink comp="1792" pin=1"/></net>

<net id="3896"><net_src comp="920" pin="3"/><net_sink comp="3893" pin=0"/></net>

<net id="3897"><net_src comp="3893" pin="1"/><net_sink comp="748" pin=2"/></net>

<net id="3901"><net_src comp="929" pin="3"/><net_sink comp="3898" pin=0"/></net>

<net id="3902"><net_src comp="3898" pin="1"/><net_sink comp="766" pin=2"/></net>

<net id="3906"><net_src comp="938" pin="3"/><net_sink comp="3903" pin=0"/></net>

<net id="3907"><net_src comp="3903" pin="1"/><net_sink comp="748" pin=0"/></net>

<net id="3911"><net_src comp="947" pin="3"/><net_sink comp="3908" pin=0"/></net>

<net id="3912"><net_src comp="3908" pin="1"/><net_sink comp="766" pin=0"/></net>

<net id="3916"><net_src comp="874" pin="7"/><net_sink comp="3913" pin=0"/></net>

<net id="3917"><net_src comp="3913" pin="1"/><net_sink comp="1741" pin=0"/></net>

<net id="3921"><net_src comp="892" pin="7"/><net_sink comp="3918" pin=0"/></net>

<net id="3922"><net_src comp="3918" pin="1"/><net_sink comp="1745" pin=0"/></net>

<net id="3926"><net_src comp="874" pin="3"/><net_sink comp="3923" pin=0"/></net>

<net id="3927"><net_src comp="3923" pin="1"/><net_sink comp="1749" pin=0"/></net>

<net id="3931"><net_src comp="892" pin="3"/><net_sink comp="3928" pin=0"/></net>

<net id="3932"><net_src comp="3928" pin="1"/><net_sink comp="1753" pin=0"/></net>

<net id="3936"><net_src comp="956" pin="3"/><net_sink comp="3933" pin=0"/></net>

<net id="3937"><net_src comp="3933" pin="1"/><net_sink comp="874" pin=2"/></net>

<net id="3941"><net_src comp="965" pin="3"/><net_sink comp="3938" pin=0"/></net>

<net id="3942"><net_src comp="3938" pin="1"/><net_sink comp="892" pin=2"/></net>

<net id="3946"><net_src comp="974" pin="3"/><net_sink comp="3943" pin=0"/></net>

<net id="3947"><net_src comp="3943" pin="1"/><net_sink comp="874" pin=0"/></net>

<net id="3951"><net_src comp="983" pin="3"/><net_sink comp="3948" pin=0"/></net>

<net id="3952"><net_src comp="3948" pin="1"/><net_sink comp="892" pin=0"/></net>

<net id="3956"><net_src comp="748" pin="7"/><net_sink comp="3953" pin=0"/></net>

<net id="3957"><net_src comp="3953" pin="1"/><net_sink comp="1371" pin=13"/></net>

<net id="3958"><net_src comp="3953" pin="1"/><net_sink comp="2373" pin=1"/></net>

<net id="3962"><net_src comp="766" pin="7"/><net_sink comp="3959" pin=0"/></net>

<net id="3963"><net_src comp="3959" pin="1"/><net_sink comp="1371" pin=12"/></net>

<net id="3964"><net_src comp="3959" pin="1"/><net_sink comp="2379" pin=1"/></net>

<net id="3968"><net_src comp="748" pin="3"/><net_sink comp="3965" pin=0"/></net>

<net id="3969"><net_src comp="3965" pin="1"/><net_sink comp="1371" pin=8"/></net>

<net id="3970"><net_src comp="3965" pin="1"/><net_sink comp="2385" pin=1"/></net>

<net id="3974"><net_src comp="766" pin="3"/><net_sink comp="3971" pin=0"/></net>

<net id="3975"><net_src comp="3971" pin="1"/><net_sink comp="1371" pin=4"/></net>

<net id="3976"><net_src comp="3971" pin="1"/><net_sink comp="2391" pin=1"/></net>

<net id="3980"><net_src comp="992" pin="3"/><net_sink comp="3977" pin=0"/></net>

<net id="3981"><net_src comp="3977" pin="1"/><net_sink comp="874" pin=2"/></net>

<net id="3985"><net_src comp="1001" pin="3"/><net_sink comp="3982" pin=0"/></net>

<net id="3986"><net_src comp="3982" pin="1"/><net_sink comp="892" pin=2"/></net>

<net id="3990"><net_src comp="1010" pin="3"/><net_sink comp="3987" pin=0"/></net>

<net id="3991"><net_src comp="3987" pin="1"/><net_sink comp="874" pin=0"/></net>

<net id="3995"><net_src comp="1019" pin="3"/><net_sink comp="3992" pin=0"/></net>

<net id="3996"><net_src comp="3992" pin="1"/><net_sink comp="892" pin=0"/></net>

<net id="4000"><net_src comp="1741" pin="2"/><net_sink comp="3997" pin=0"/></net>

<net id="4001"><net_src comp="3997" pin="1"/><net_sink comp="1559" pin=16"/></net>

<net id="4005"><net_src comp="1745" pin="2"/><net_sink comp="4002" pin=0"/></net>

<net id="4006"><net_src comp="4002" pin="1"/><net_sink comp="1559" pin=15"/></net>

<net id="4010"><net_src comp="1749" pin="2"/><net_sink comp="4007" pin=0"/></net>

<net id="4011"><net_src comp="4007" pin="1"/><net_sink comp="1559" pin=14"/></net>

<net id="4015"><net_src comp="1753" pin="2"/><net_sink comp="4012" pin=0"/></net>

<net id="4016"><net_src comp="4012" pin="1"/><net_sink comp="1559" pin=13"/></net>

<net id="4020"><net_src comp="1757" pin="2"/><net_sink comp="4017" pin=0"/></net>

<net id="4021"><net_src comp="4017" pin="1"/><net_sink comp="1559" pin=12"/></net>

<net id="4025"><net_src comp="1762" pin="2"/><net_sink comp="4022" pin=0"/></net>

<net id="4026"><net_src comp="4022" pin="1"/><net_sink comp="1559" pin=11"/></net>

<net id="4030"><net_src comp="1767" pin="2"/><net_sink comp="4027" pin=0"/></net>

<net id="4031"><net_src comp="4027" pin="1"/><net_sink comp="1559" pin=10"/></net>

<net id="4035"><net_src comp="1772" pin="2"/><net_sink comp="4032" pin=0"/></net>

<net id="4036"><net_src comp="4032" pin="1"/><net_sink comp="1559" pin=9"/></net>

<net id="4040"><net_src comp="1028" pin="3"/><net_sink comp="4037" pin=0"/></net>

<net id="4041"><net_src comp="4037" pin="1"/><net_sink comp="874" pin=2"/></net>

<net id="4045"><net_src comp="1037" pin="3"/><net_sink comp="4042" pin=0"/></net>

<net id="4046"><net_src comp="4042" pin="1"/><net_sink comp="892" pin=2"/></net>

<net id="4050"><net_src comp="1046" pin="3"/><net_sink comp="4047" pin=0"/></net>

<net id="4051"><net_src comp="4047" pin="1"/><net_sink comp="874" pin=0"/></net>

<net id="4055"><net_src comp="1055" pin="3"/><net_sink comp="4052" pin=0"/></net>

<net id="4056"><net_src comp="4052" pin="1"/><net_sink comp="892" pin=0"/></net>

<net id="4060"><net_src comp="1777" pin="2"/><net_sink comp="4057" pin=0"/></net>

<net id="4061"><net_src comp="4057" pin="1"/><net_sink comp="1559" pin=8"/></net>

<net id="4065"><net_src comp="1782" pin="2"/><net_sink comp="4062" pin=0"/></net>

<net id="4066"><net_src comp="4062" pin="1"/><net_sink comp="1559" pin=7"/></net>

<net id="4070"><net_src comp="1787" pin="2"/><net_sink comp="4067" pin=0"/></net>

<net id="4071"><net_src comp="4067" pin="1"/><net_sink comp="1559" pin=6"/></net>

<net id="4075"><net_src comp="1792" pin="2"/><net_sink comp="4072" pin=0"/></net>

<net id="4076"><net_src comp="4072" pin="1"/><net_sink comp="1559" pin=5"/></net>

<net id="4512"><net_src comp="2373" pin="2"/><net_sink comp="4509" pin=0"/></net>

<net id="4513"><net_src comp="4509" pin="1"/><net_sink comp="1559" pin=4"/></net>

<net id="4517"><net_src comp="2379" pin="2"/><net_sink comp="4514" pin=0"/></net>

<net id="4518"><net_src comp="4514" pin="1"/><net_sink comp="1559" pin=3"/></net>

<net id="4522"><net_src comp="2385" pin="2"/><net_sink comp="4519" pin=0"/></net>

<net id="4523"><net_src comp="4519" pin="1"/><net_sink comp="1559" pin=2"/></net>

<net id="4527"><net_src comp="2391" pin="2"/><net_sink comp="4524" pin=0"/></net>

<net id="4528"><net_src comp="4524" pin="1"/><net_sink comp="1559" pin=1"/></net>

<net id="4532"><net_src comp="1064" pin="3"/><net_sink comp="4529" pin=0"/></net>

<net id="4533"><net_src comp="4529" pin="1"/><net_sink comp="1071" pin=8"/></net>

<net id="4537"><net_src comp="1089" pin="3"/><net_sink comp="4534" pin=0"/></net>

<net id="4538"><net_src comp="4534" pin="1"/><net_sink comp="1071" pin=5"/></net>

<net id="4542"><net_src comp="1097" pin="3"/><net_sink comp="4539" pin=0"/></net>

<net id="4543"><net_src comp="4539" pin="1"/><net_sink comp="1071" pin=2"/></net>

<net id="4547"><net_src comp="1105" pin="3"/><net_sink comp="4544" pin=0"/></net>

<net id="4548"><net_src comp="4544" pin="1"/><net_sink comp="1071" pin=0"/></net>

<net id="4552"><net_src comp="1121" pin="3"/><net_sink comp="4549" pin=0"/></net>

<net id="4553"><net_src comp="4549" pin="1"/><net_sink comp="1071" pin=8"/></net>

<net id="4557"><net_src comp="1129" pin="3"/><net_sink comp="4554" pin=0"/></net>

<net id="4558"><net_src comp="4554" pin="1"/><net_sink comp="1071" pin=5"/></net>

<net id="4562"><net_src comp="1137" pin="3"/><net_sink comp="4559" pin=0"/></net>

<net id="4563"><net_src comp="4559" pin="1"/><net_sink comp="1071" pin=2"/></net>

<net id="4567"><net_src comp="1145" pin="3"/><net_sink comp="4564" pin=0"/></net>

<net id="4568"><net_src comp="4564" pin="1"/><net_sink comp="1071" pin=0"/></net>

<net id="4572"><net_src comp="1199" pin="3"/><net_sink comp="4569" pin=0"/></net>

<net id="4573"><net_src comp="4569" pin="1"/><net_sink comp="1071" pin=8"/></net>

<net id="4577"><net_src comp="1207" pin="3"/><net_sink comp="4574" pin=0"/></net>

<net id="4578"><net_src comp="4574" pin="1"/><net_sink comp="1071" pin=5"/></net>

<net id="4582"><net_src comp="1215" pin="3"/><net_sink comp="4579" pin=0"/></net>

<net id="4583"><net_src comp="4579" pin="1"/><net_sink comp="1071" pin=2"/></net>

<net id="4587"><net_src comp="1223" pin="3"/><net_sink comp="4584" pin=0"/></net>

<net id="4588"><net_src comp="4584" pin="1"/><net_sink comp="1071" pin=0"/></net>

<net id="4592"><net_src comp="1267" pin="3"/><net_sink comp="4589" pin=0"/></net>

<net id="4593"><net_src comp="4589" pin="1"/><net_sink comp="1071" pin=8"/></net>

<net id="4597"><net_src comp="1275" pin="3"/><net_sink comp="4594" pin=0"/></net>

<net id="4598"><net_src comp="4594" pin="1"/><net_sink comp="1071" pin=5"/></net>

<net id="4602"><net_src comp="1283" pin="3"/><net_sink comp="4599" pin=0"/></net>

<net id="4603"><net_src comp="4599" pin="1"/><net_sink comp="1071" pin=2"/></net>

<net id="4607"><net_src comp="1291" pin="3"/><net_sink comp="4604" pin=0"/></net>

<net id="4608"><net_src comp="4604" pin="1"/><net_sink comp="1071" pin=0"/></net>

</net_list>

</model> 
---------------- Datapath Model END ------------------

* FSMD analyzer results:
  - Output states:
	Port: ciphertext_0 | {10 11 12 13 }
	Port: ciphertext_1 | {10 11 12 13 }
 - Input state : 
	Port: aes128_encrypt : plaintext_0 | {3 4 5 6 7 }
	Port: aes128_encrypt : plaintext_1 | {3 4 5 6 7 }
	Port: aes128_encrypt : key_0 | {1 2 3 4 5 }
	Port: aes128_encrypt : key_1 | {1 2 3 4 5 }
	Port: aes128_encrypt : SBOX | {5 6 7 8 9 10 11 12 13 }
	Port: aes128_encrypt : RCON | {5 6 }
  - Chain level:
	State 1
		round_keys : 1
		round_keys_180 : 1
		round_keys_181 : 1
		round_keys_182 : 1
	State 2
		round_keys_183 : 1
		round_keys_184 : 1
		round_keys_185 : 1
		round_keys_186 : 1
	State 3
		round_keys_187 : 1
		round_keys_188 : 1
		round_keys_189 : 1
		round_keys_190 : 1
		plaintext_0_load : 1
		plaintext_1_load : 1
		plaintext_0_load_1 : 1
		plaintext_1_load_1 : 1
	State 4
		round_keys_191 : 1
		round_keys_192 : 1
		round_keys_193 : 1
		round_keys_194 : 1
		plaintext_0_load_2 : 1
		plaintext_1_load_2 : 1
		plaintext_0_load_3 : 1
		plaintext_1_load_3 : 1
	State 5
		call_ln34 : 1
		state : 1
		state_1 : 1
		state_2 : 1
		state_3 : 1
		state_12 : 1
		state_13 : 1
		state_14 : 1
		state_15 : 1
	State 6
		state_4 : 1
		state_5 : 1
		state_6 : 1
		state_7 : 1
		state_16 : 1
		state_17 : 1
		state_18 : 1
		state_19 : 1
	State 7
		state_20 : 1
		state_21 : 1
		state_22 : 1
		state_23 : 1
		call_ln76 : 1
	State 8
	State 9
		zext_ln87 : 1
		SBOX_addr_4 : 2
		SBOX_load : 3
		zext_ln87_5 : 1
		SBOX_addr_9 : 2
		SBOX_load_5 : 3
		zext_ln87_10 : 1
		SBOX_addr_14 : 2
		SBOX_load_10 : 3
		zext_ln87_15 : 1
		SBOX_addr : 2
		SBOX_load_15 : 3
	State 10
		zext_ln87_3 : 1
		SBOX_addr_7 : 2
		SBOX_load_3 : 3
		zext_ln87_4 : 1
		SBOX_addr_8 : 2
		SBOX_load_4 : 3
		zext_ln87_9 : 1
		SBOX_addr_13 : 2
		SBOX_load_9 : 3
		zext_ln87_14 : 1
		SBOX_addr_18 : 2
		SBOX_load_14 : 3
		state_28 : 1
		state_29 : 1
		state_30 : 1
		state_31 : 1
		store_ln181 : 1
		store_ln181 : 1
		store_ln181 : 1
		store_ln181 : 1
	State 11
		zext_ln87_2 : 1
		SBOX_addr_6 : 2
		SBOX_load_2 : 3
		zext_ln87_7 : 1
		SBOX_addr_11 : 2
		SBOX_load_7 : 3
		zext_ln87_8 : 1
		SBOX_addr_12 : 2
		SBOX_load_8 : 3
		zext_ln87_13 : 1
		SBOX_addr_17 : 2
		SBOX_load_13 : 3
		state_32 : 1
		state_33 : 1
		state_34 : 1
		state_35 : 1
		store_ln181 : 1
		store_ln181 : 1
		store_ln181 : 1
		store_ln181 : 1
	State 12
		zext_ln87_1 : 1
		SBOX_addr_5 : 2
		state_25 : 3
		zext_ln87_6 : 1
		SBOX_addr_10 : 2
		state_26 : 3
		zext_ln87_11 : 1
		SBOX_addr_15 : 2
		state_27 : 3
		zext_ln87_12 : 1
		SBOX_addr_16 : 2
		state_24 : 3
		state_36 : 1
		state_37 : 1
		state_38 : 1
		state_39 : 1
		store_ln181 : 1
		store_ln181 : 1
		store_ln181 : 1
		store_ln181 : 1
	State 13
		state_40 : 1
		state_41 : 1
		state_42 : 1
		state_43 : 1
		store_ln181 : 1
		store_ln181 : 1
		store_ln181 : 1
		store_ln181 : 1


============================================================
+ Verbose Summary: Datapath Resource usage 
============================================================

* Functional unit list:
|----------|-----------------------------------------------------|---------|---------|---------|
| Operation|                   Functional Unit                   |  Delay  |    FF   |   LUT   |
|----------|-----------------------------------------------------|---------|---------|---------|
|   call   | grp_aes128_encrypt_Pipeline_VITIS_LOOP_38_2_fu_1371 |   7.94  |   1530  |   7154  |
|          | grp_aes128_encrypt_Pipeline_AES_ROUNDS_LOOP_fu_1559 |  25.408 |   1540  |  13374  |
|----------|-----------------------------------------------------|---------|---------|---------|
|          |                   state_8_fu_1741                   |    0    |    0    |    8    |
|          |                   state_9_fu_1745                   |    0    |    0    |    8    |
|          |                   state_10_fu_1749                  |    0    |    0    |    8    |
|          |                   state_11_fu_1753                  |    0    |    0    |    8    |
|          |                   state_12_fu_1757                  |    0    |    0    |    8    |
|          |                   state_13_fu_1762                  |    0    |    0    |    8    |
|          |                   state_14_fu_1767                  |    0    |    0    |    8    |
|          |                   state_15_fu_1772                  |    0    |    0    |    8    |
|          |                   state_16_fu_1777                  |    0    |    0    |    8    |
|          |                   state_17_fu_1782                  |    0    |    0    |    8    |
|          |                   state_18_fu_1787                  |    0    |    0    |    8    |
|          |                   state_19_fu_1792                  |    0    |    0    |    8    |
|          |                   state_20_fu_2373                  |    0    |    0    |    8    |
|          |                   state_21_fu_2379                  |    0    |    0    |    8    |
|          |                   state_22_fu_2385                  |    0    |    0    |    8    |
|    xor   |                   state_23_fu_2391                  |    0    |    0    |    8    |
|          |                   state_28_fu_2473                  |    0    |    0    |    8    |
|          |                   state_29_fu_2480                  |    0    |    0    |    8    |
|          |                   state_30_fu_2487                  |    0    |    0    |    8    |
|          |                   state_31_fu_2494                  |    0    |    0    |    8    |
|          |                   state_32_fu_2545                  |    0    |    0    |    8    |
|          |                   state_33_fu_2552                  |    0    |    0    |    8    |
|          |                   state_34_fu_2559                  |    0    |    0    |    8    |
|          |                   state_35_fu_2566                  |    0    |    0    |    8    |
|          |                   state_36_fu_2617                  |    0    |    0    |    8    |
|          |                   state_37_fu_2624                  |    0    |    0    |    8    |
|          |                   state_38_fu_2631                  |    0    |    0    |    8    |
|          |                   state_39_fu_2638                  |    0    |    0    |    8    |
|          |                   state_40_fu_2657                  |    0    |    0    |    8    |
|          |                   state_41_fu_2664                  |    0    |    0    |    8    |
|          |                   state_42_fu_2671                  |    0    |    0    |    8    |
|          |                   state_43_fu_2678                  |    0    |    0    |    8    |
|----------|-----------------------------------------------------|---------|---------|---------|
|          |                  zext_ln87_fu_2409                  |    0    |    0    |    0    |
|          |                 zext_ln87_5_fu_2414                 |    0    |    0    |    0    |
|          |                 zext_ln87_10_fu_2419                |    0    |    0    |    0    |
|          |                 zext_ln87_15_fu_2424                |    0    |    0    |    0    |
|          |                 zext_ln87_3_fu_2453                 |    0    |    0    |    0    |
|          |                 zext_ln87_4_fu_2458                 |    0    |    0    |    0    |
|          |                 zext_ln87_9_fu_2463                 |    0    |    0    |    0    |
|   zext   |                 zext_ln87_14_fu_2468                |    0    |    0    |    0    |
|          |                 zext_ln87_2_fu_2525                 |    0    |    0    |    0    |
|          |                 zext_ln87_7_fu_2530                 |    0    |    0    |    0    |
|          |                 zext_ln87_8_fu_2535                 |    0    |    0    |    0    |
|          |                 zext_ln87_13_fu_2540                |    0    |    0    |    0    |
|          |                 zext_ln87_1_fu_2597                 |    0    |    0    |    0    |
|          |                 zext_ln87_6_fu_2602                 |    0    |    0    |    0    |
|          |                 zext_ln87_11_fu_2607                |    0    |    0    |    0    |
|          |                 zext_ln87_12_fu_2612                |    0    |    0    |    0    |
|----------|-----------------------------------------------------|---------|---------|---------|
|   Total  |                                                     |  33.348 |   3070  |  20784  |
|----------|-----------------------------------------------------|---------|---------|---------|

Memories:
N/A

* Register list:
+---------------------------+--------+
|                           |   FF   |
+---------------------------+--------+
|   SBOX_addr_10_reg_4594   |    8   |
|   SBOX_addr_11_reg_4574   |    8   |
|   SBOX_addr_12_reg_4579   |    8   |
|   SBOX_addr_13_reg_4559   |    8   |
|   SBOX_addr_14_reg_4539   |    8   |
|   SBOX_addr_15_reg_4599   |    8   |
|   SBOX_addr_16_reg_4604   |    8   |
|   SBOX_addr_17_reg_4584   |    8   |
|   SBOX_addr_18_reg_4564   |    8   |
|    SBOX_addr_4_reg_4529   |    8   |
|    SBOX_addr_5_reg_4589   |    8   |
|    SBOX_addr_6_reg_4569   |    8   |
|    SBOX_addr_7_reg_4549   |    8   |
|    SBOX_addr_8_reg_4554   |    8   |
|    SBOX_addr_9_reg_4534   |    8   |
|     SBOX_addr_reg_4544    |    8   |
|   key_0_addr_1_reg_3751   |    3   |
|   key_0_addr_2_reg_3785   |    3   |
|   key_0_addr_3_reg_3795   |    3   |
|   key_0_addr_4_reg_3829   |    3   |
|   key_0_addr_5_reg_3839   |    3   |
|   key_0_addr_6_reg_3893   |    3   |
|   key_0_addr_7_reg_3903   |    3   |
|    key_0_addr_reg_3741    |    3   |
|   key_1_addr_1_reg_3756   |    3   |
|   key_1_addr_2_reg_3790   |    3   |
|   key_1_addr_3_reg_3800   |    3   |
|   key_1_addr_4_reg_3834   |    3   |
|   key_1_addr_5_reg_3844   |    3   |
|   key_1_addr_6_reg_3898   |    3   |
|   key_1_addr_7_reg_3908   |    3   |
|    key_1_addr_reg_3746    |    3   |
|      p_loc17_reg_2769     |    8   |
|      p_loc18_reg_2763     |    8   |
|      p_loc19_reg_2757     |    8   |
|      p_loc20_reg_2751     |    8   |
|      p_loc21_reg_2745     |    8   |
|      p_loc22_reg_2739     |    8   |
|      p_loc23_reg_2733     |    8   |
|      p_loc24_reg_2727     |    8   |
|      p_loc25_reg_2721     |    8   |
|      p_loc26_reg_2715     |    8   |
|      p_loc27_reg_2709     |    8   |
|      p_loc28_reg_2703     |    8   |
|      p_loc29_reg_2697     |    8   |
|      p_loc30_reg_2691     |    8   |
|      p_loc31_reg_2685     |    8   |
|       p_loc_reg_2775      |    8   |
|plaintext_0_addr_1_reg_3859|    3   |
|plaintext_0_addr_2_reg_3933|    3   |
|plaintext_0_addr_3_reg_3943|    3   |
|plaintext_0_addr_4_reg_3977|    3   |
|plaintext_0_addr_5_reg_3987|    3   |
|plaintext_0_addr_6_reg_4037|    3   |
|plaintext_0_addr_7_reg_4047|    3   |
| plaintext_0_addr_reg_3849 |    3   |
|plaintext_0_load_1_reg_3923|    8   |
| plaintext_0_load_reg_3913 |    8   |
|plaintext_1_addr_1_reg_3864|    3   |
|plaintext_1_addr_2_reg_3938|    3   |
|plaintext_1_addr_3_reg_3948|    3   |
|plaintext_1_addr_4_reg_3982|    3   |
|plaintext_1_addr_5_reg_3992|    3   |
|plaintext_1_addr_6_reg_4042|    3   |
|plaintext_1_addr_7_reg_4052|    3   |
| plaintext_1_addr_reg_3854 |    3   |
|plaintext_1_load_1_reg_3928|    8   |
| plaintext_1_load_reg_3918 |    8   |
|round_keys_100_loc_reg_3285|    8   |
|round_keys_101_loc_reg_3291|    8   |
|round_keys_102_loc_reg_3297|    8   |
|round_keys_103_loc_reg_3303|    8   |
|round_keys_104_loc_reg_3309|    8   |
|round_keys_105_loc_reg_3315|    8   |
|round_keys_106_loc_reg_3321|    8   |
|round_keys_107_loc_reg_3327|    8   |
|round_keys_108_loc_reg_3333|    8   |
|round_keys_109_loc_reg_3339|    8   |
|round_keys_110_loc_reg_3345|    8   |
|round_keys_111_loc_reg_3351|    8   |
|round_keys_112_loc_reg_3357|    8   |
|round_keys_113_loc_reg_3363|    8   |
|round_keys_114_loc_reg_3369|    8   |
|round_keys_115_loc_reg_3375|    8   |
|round_keys_116_loc_reg_3381|    8   |
|round_keys_117_loc_reg_3387|    8   |
|round_keys_118_loc_reg_3393|    8   |
|round_keys_119_loc_reg_3399|    8   |
|round_keys_120_loc_reg_3405|    8   |
|round_keys_121_loc_reg_3411|    8   |
|round_keys_122_loc_reg_3417|    8   |
|round_keys_123_loc_reg_3423|    8   |
|round_keys_124_loc_reg_3429|    8   |
|round_keys_125_loc_reg_3435|    8   |
|round_keys_126_loc_reg_3441|    8   |
|round_keys_127_loc_reg_3447|    8   |
|round_keys_128_loc_reg_3453|    8   |
|round_keys_129_loc_reg_3459|    8   |
|round_keys_130_loc_reg_3465|    8   |
|round_keys_131_loc_reg_3471|    8   |
|round_keys_132_loc_reg_3477|    8   |
|round_keys_133_loc_reg_3483|    8   |
|round_keys_134_loc_reg_3489|    8   |
|round_keys_135_loc_reg_3495|    8   |
|round_keys_136_loc_reg_3501|    8   |
|round_keys_137_loc_reg_3507|    8   |
|round_keys_138_loc_reg_3513|    8   |
|round_keys_139_loc_reg_3519|    8   |
|round_keys_140_loc_reg_3525|    8   |
|round_keys_141_loc_reg_3531|    8   |
|round_keys_142_loc_reg_3537|    8   |
|round_keys_143_loc_reg_3543|    8   |
|round_keys_144_loc_reg_3549|    8   |
|round_keys_145_loc_reg_3555|    8   |
|round_keys_146_loc_reg_3561|    8   |
|round_keys_147_loc_reg_3567|    8   |
|round_keys_148_loc_reg_3573|    8   |
|round_keys_149_loc_reg_3579|    8   |
|round_keys_150_loc_reg_3585|    8   |
|round_keys_151_loc_reg_3591|    8   |
|round_keys_152_loc_reg_3597|    8   |
|round_keys_153_loc_reg_3603|    8   |
|round_keys_154_loc_reg_3609|    8   |
|round_keys_155_loc_reg_3615|    8   |
|round_keys_156_loc_reg_3621|    8   |
|round_keys_157_loc_reg_3627|    8   |
|round_keys_158_loc_reg_3633|    8   |
|round_keys_159_loc_reg_3639|    8   |
|round_keys_160_loc_reg_3645|    8   |
|round_keys_161_loc_reg_3651|    8   |
|round_keys_162_loc_reg_3657|    8   |
|round_keys_163_loc_reg_3663|    8   |
|round_keys_164_loc_reg_3669|    8   |
|round_keys_165_loc_reg_3675|    8   |
|round_keys_166_loc_reg_3681|    8   |
|round_keys_167_loc_reg_3687|    8   |
|round_keys_168_loc_reg_3693|    8   |
|round_keys_169_loc_reg_3699|    8   |
| round_keys_16_loc_reg_2781|    8   |
|round_keys_170_loc_reg_3705|    8   |
|round_keys_171_loc_reg_3711|    8   |
|round_keys_172_loc_reg_3717|    8   |
|round_keys_173_loc_reg_3723|    8   |
|round_keys_174_loc_reg_3729|    8   |
|round_keys_175_loc_reg_3735|    8   |
| round_keys_17_loc_reg_2787|    8   |
|  round_keys_180_reg_3767  |    8   |
|  round_keys_181_reg_3773  |    8   |
|  round_keys_182_reg_3779  |    8   |
|  round_keys_183_reg_3805  |    8   |
|  round_keys_184_reg_3811  |    8   |
|  round_keys_185_reg_3817  |    8   |
|  round_keys_186_reg_3823  |    8   |
|  round_keys_187_reg_3869  |    8   |
|  round_keys_188_reg_3875  |    8   |
|  round_keys_189_reg_3881  |    8   |
| round_keys_18_loc_reg_2793|    8   |
|  round_keys_190_reg_3887  |    8   |
|  round_keys_191_reg_3953  |    8   |
|  round_keys_192_reg_3959  |    8   |
|  round_keys_193_reg_3965  |    8   |
|  round_keys_194_reg_3971  |    8   |
| round_keys_19_loc_reg_2799|    8   |
| round_keys_20_loc_reg_2805|    8   |
| round_keys_21_loc_reg_2811|    8   |
| round_keys_22_loc_reg_2817|    8   |
| round_keys_23_loc_reg_2823|    8   |
| round_keys_24_loc_reg_2829|    8   |
| round_keys_25_loc_reg_2835|    8   |
| round_keys_26_loc_reg_2841|    8   |
| round_keys_27_loc_reg_2847|    8   |
| round_keys_28_loc_reg_2853|    8   |
| round_keys_29_loc_reg_2859|    8   |
| round_keys_30_loc_reg_2865|    8   |
| round_keys_31_loc_reg_2871|    8   |
| round_keys_32_loc_reg_2877|    8   |
| round_keys_33_loc_reg_2883|    8   |
| round_keys_34_loc_reg_2889|    8   |
| round_keys_35_loc_reg_2895|    8   |
| round_keys_36_loc_reg_2901|    8   |
| round_keys_37_loc_reg_2907|    8   |
| round_keys_38_loc_reg_2913|    8   |
| round_keys_39_loc_reg_2919|    8   |
| round_keys_40_loc_reg_2925|    8   |
| round_keys_41_loc_reg_2931|    8   |
| round_keys_42_loc_reg_2937|    8   |
| round_keys_43_loc_reg_2943|    8   |
| round_keys_44_loc_reg_2949|    8   |
| round_keys_45_loc_reg_2955|    8   |
| round_keys_46_loc_reg_2961|    8   |
| round_keys_47_loc_reg_2967|    8   |
| round_keys_48_loc_reg_2973|    8   |
| round_keys_49_loc_reg_2979|    8   |
| round_keys_50_loc_reg_2985|    8   |
| round_keys_51_loc_reg_2991|    8   |
| round_keys_52_loc_reg_2997|    8   |
| round_keys_53_loc_reg_3003|    8   |
| round_keys_54_loc_reg_3009|    8   |
| round_keys_55_loc_reg_3015|    8   |
| round_keys_56_loc_reg_3021|    8   |
| round_keys_57_loc_reg_3027|    8   |
| round_keys_58_loc_reg_3033|    8   |
| round_keys_59_loc_reg_3039|    8   |
| round_keys_60_loc_reg_3045|    8   |
| round_keys_61_loc_reg_3051|    8   |
| round_keys_62_loc_reg_3057|    8   |
| round_keys_63_loc_reg_3063|    8   |
| round_keys_64_loc_reg_3069|    8   |
| round_keys_65_loc_reg_3075|    8   |
| round_keys_66_loc_reg_3081|    8   |
| round_keys_67_loc_reg_3087|    8   |
| round_keys_68_loc_reg_3093|    8   |
| round_keys_69_loc_reg_3099|    8   |
| round_keys_70_loc_reg_3105|    8   |
| round_keys_71_loc_reg_3111|    8   |
| round_keys_72_loc_reg_3117|    8   |
| round_keys_73_loc_reg_3123|    8   |
| round_keys_74_loc_reg_3129|    8   |
| round_keys_75_loc_reg_3135|    8   |
| round_keys_76_loc_reg_3141|    8   |
| round_keys_77_loc_reg_3147|    8   |
| round_keys_78_loc_reg_3153|    8   |
| round_keys_79_loc_reg_3159|    8   |
| round_keys_80_loc_reg_3165|    8   |
| round_keys_81_loc_reg_3171|    8   |
| round_keys_82_loc_reg_3177|    8   |
| round_keys_83_loc_reg_3183|    8   |
| round_keys_84_loc_reg_3189|    8   |
| round_keys_85_loc_reg_3195|    8   |
| round_keys_86_loc_reg_3201|    8   |
| round_keys_87_loc_reg_3207|    8   |
| round_keys_88_loc_reg_3213|    8   |
| round_keys_89_loc_reg_3219|    8   |
| round_keys_90_loc_reg_3225|    8   |
| round_keys_91_loc_reg_3231|    8   |
| round_keys_92_loc_reg_3237|    8   |
| round_keys_93_loc_reg_3243|    8   |
| round_keys_94_loc_reg_3249|    8   |
| round_keys_95_loc_reg_3255|    8   |
| round_keys_96_loc_reg_3261|    8   |
| round_keys_97_loc_reg_3267|    8   |
| round_keys_98_loc_reg_3273|    8   |
| round_keys_99_loc_reg_3279|    8   |
|    round_keys_reg_3761    |    8   |
|     state_10_reg_4007     |    8   |
|     state_11_reg_4012     |    8   |
|     state_12_reg_4017     |    8   |
|     state_13_reg_4022     |    8   |
|     state_14_reg_4027     |    8   |
|     state_15_reg_4032     |    8   |
|     state_16_reg_4057     |    8   |
|     state_17_reg_4062     |    8   |
|     state_18_reg_4067     |    8   |
|     state_19_reg_4072     |    8   |
|     state_20_reg_4509     |    8   |
|     state_21_reg_4514     |    8   |
|     state_22_reg_4519     |    8   |
|     state_23_reg_4524     |    8   |
|      state_8_reg_3997     |    8   |
|      state_9_reg_4002     |    8   |
+---------------------------+--------+
|           Total           |  1920  |
+---------------------------+--------+

* Multiplexer (MUX) list: 
|-----------------------------------------------------|------|------|------|--------||---------||---------|
|                         Comp                        |  Pin | Size |  BW  | S x BW ||  Delay  ||   LUT   |
|-----------------------------------------------------|------|------|------|--------||---------||---------|
|                  grp_access_fu_748                  |  p0  |   8  |   3  |   24   ||    42   |
|                  grp_access_fu_748                  |  p2  |   8  |   0  |    0   ||    42   |
|                  grp_access_fu_766                  |  p0  |   8  |   3  |   24   ||    42   |
|                  grp_access_fu_766                  |  p2  |   8  |   0  |    0   ||    42   |
|                  grp_access_fu_874                  |  p0  |   8  |   3  |   24   ||    42   |
|                  grp_access_fu_874                  |  p2  |   8  |   0  |    0   ||    42   |
|                  grp_access_fu_892                  |  p0  |   8  |   3  |   24   ||    42   |
|                  grp_access_fu_892                  |  p2  |   8  |   0  |    0   ||    42   |
|                  grp_access_fu_1071                 |  p0  |   8  |   8  |   64   ||    42   |
|                  grp_access_fu_1071                 |  p2  |   8  |   0  |    0   ||    42   |
|                  grp_access_fu_1071                 |  p5  |   8  |   8  |   64   ||    42   |
|                  grp_access_fu_1071                 |  p8  |   8  |   8  |   64   ||    42   |
|                  grp_access_fu_1153                 |  p0  |   4  |   3  |   12   ||    20   |
|                  grp_access_fu_1153                 |  p1  |   4  |   8  |   32   ||    20   |
|                  grp_access_fu_1153                 |  p2  |   4  |   0  |    0   ||    20   |
|                  grp_access_fu_1153                 |  p4  |   4  |   3  |   12   ||    20   |
|                  grp_access_fu_1171                 |  p0  |   4  |   3  |   12   ||    20   |
|                  grp_access_fu_1171                 |  p1  |   4  |   8  |   32   ||    20   |
|                  grp_access_fu_1171                 |  p2  |   4  |   0  |    0   ||    20   |
|                  grp_access_fu_1171                 |  p4  |   4  |   3  |   12   ||    20   |
| grp_aes128_encrypt_Pipeline_VITIS_LOOP_38_2_fu_1371 |  p4  |   2  |   8  |   16   ||    9    |
| grp_aes128_encrypt_Pipeline_VITIS_LOOP_38_2_fu_1371 |  p8  |   2  |   8  |   16   ||    9    |
| grp_aes128_encrypt_Pipeline_VITIS_LOOP_38_2_fu_1371 |  p12 |   2  |   8  |   16   ||    9    |
| grp_aes128_encrypt_Pipeline_VITIS_LOOP_38_2_fu_1371 |  p13 |   2  |   8  |   16   ||    9    |
| grp_aes128_encrypt_Pipeline_AES_ROUNDS_LOOP_fu_1559 |  p1  |   2  |   8  |   16   ||    9    |
| grp_aes128_encrypt_Pipeline_AES_ROUNDS_LOOP_fu_1559 |  p2  |   2  |   8  |   16   ||    9    |
| grp_aes128_encrypt_Pipeline_AES_ROUNDS_LOOP_fu_1559 |  p3  |   2  |   8  |   16   ||    9    |
| grp_aes128_encrypt_Pipeline_AES_ROUNDS_LOOP_fu_1559 |  p4  |   2  |   8  |   16   ||    9    |
|-----------------------------------------------------|------|------|------|--------||---------||---------|
|                        Total                        |      |      |      |   528  || 54.9624 ||   736   |
|-----------------------------------------------------|------|------|------|--------||---------||---------|



* Summary:
+-----------+--------+--------+--------+
|           |  Delay |   FF   |   LUT  |
+-----------+--------+--------+--------+
|  Function |   33   |  3070  |  20784 |
|   Memory  |    -   |    -   |    -   |
|Multiplexer|   54   |    -   |   736  |
|  Register |    -   |  1920  |    -   |
+-----------+--------+--------+--------+
|   Total   |   88   |  4990  |  21520 |
+-----------+--------+--------+--------+
