

================================================================
== Vitis HLS Report for 'aes128_encrypt_Pipeline_AES_ROUNDS_LOOP'
================================================================
* Date:           Sun Aug 23 13:00:51 2026

* Version:        2022.1 (Build 3526262 on Mon Apr 18 15:48:16 MDT 2022)
* Project:        aes128
* Solution:       solution1 (Vivado IP Flow Target)
* Product family: zynq
* Target device:  xc7z020-clg484-1


================================================================
== Performance Estimates
================================================================
+ Timing: 
    * Summary: 
    +--------+----------+----------+------------+
    |  Clock |  Target  | Estimated| Uncertainty|
    +--------+----------+----------+------------+
    |ap_clk  |  10.00 ns|  7.020 ns|     1.25 ns|
    +--------+----------+----------+------------+

+ Latency: 
    * Summary: 
    +---------+---------+----------+----------+-----+-----+---------+
    |  Latency (cycles) |  Latency (absolute) |  Interval | Pipeline|
    |   min   |   max   |    min   |    max   | min | max |   Type  |
    +---------+---------+----------+----------+-----+-----+---------+
    |       11|       11|  0.110 us|  0.110 us|   11|   11|       no|
    +---------+---------+----------+----------+-----+-----+---------+

    + Detail: 
        * Instance: 
        N/A

        * Loop: 
        +-------------------+---------+---------+----------+-----------+-----------+------+----------+
        |                   |  Latency (cycles) | Iteration|  Initiation Interval  | Trip |          |
        |     Loop Name     |   min   |   max   |  Latency |  achieved |   target  | Count| Pipelined|
        +-------------------+---------+---------+----------+-----------+-----------+------+----------+
        |- AES_ROUNDS_LOOP  |        9|        9|         2|          1|          1|     9|       yes|
        +-------------------+---------+---------+----------+-----------+-----------+------+----------+

============================================================
+ Verbose Summary: Synthesis Manager
============================================================
InlineROM: 1
ExposeGlobal: 0
============================================================
+ Verbose Summary: CDFG Model
============================================================
IsTopModel: 0
ResetActiveHigh: 1
IsCombinational: 0
IsDatapathOnly: 0
HasWiredReturn: 1
HasMFsm: 2
HasVarLatency: 1
IsPipeline: 0
IsRtlPipelined: 0
IsInstanceOverlapped: 0
IsDontTouch: 0
HasImplIP: 0
IsGatedGlobalClock: 0

+ Individual pipeline summary: 
  * Pipeline-0: initiation interval (II) = 1, depth = 3


============================================================
+ Verbose Summary: Schedule
============================================================
* Number of FSM states : 3
* Pipeline : 1
  Pipeline-0 : II = 1, D = 3, States = { 1 2 3 }
* Dataflow Pipeline: 0

* FSM state transitions: 
1 --> 2 
2 --> 3 
3 --> 

* FSM state operations: 

State 1 <SV = 0> <Delay = 1.58>
ST_1 : Operation 5 [1/1] (0.00ns)   --->   "%empty = alloca i32 1"   --->   Operation 5 'alloca' 'empty' <Predicate = true> <Delay = 0.00>
ST_1 : Operation 6 [1/1] (0.00ns)   --->   "%empty_34 = alloca i32 1"   --->   Operation 6 'alloca' 'empty_34' <Predicate = true> <Delay = 0.00>
ST_1 : Operation 7 [1/1] (0.00ns)   --->   "%empty_35 = alloca i32 1"   --->   Operation 7 'alloca' 'empty_35' <Predicate = true> <Delay = 0.00>
ST_1 : Operation 8 [1/1] (0.00ns)   --->   "%empty_36 = alloca i32 1"   --->   Operation 8 'alloca' 'empty_36' <Predicate = true> <Delay = 0.00>
ST_1 : Operation 9 [1/1] (0.00ns)   --->   "%empty_37 = alloca i32 1"   --->   Operation 9 'alloca' 'empty_37' <Predicate = true> <Delay = 0.00>
ST_1 : Operation 10 [1/1] (0.00ns)   --->   "%empty_38 = alloca i32 1"   --->   Operation 10 'alloca' 'empty_38' <Predicate = true> <Delay = 0.00>
ST_1 : Operation 11 [1/1] (0.00ns)   --->   "%empty_39 = alloca i32 1"   --->   Operation 11 'alloca' 'empty_39' <Predicate = true> <Delay = 0.00>
ST_1 : Operation 12 [1/1] (0.00ns)   --->   "%empty_40 = alloca i32 1"   --->   Operation 12 'alloca' 'empty_40' <Predicate = true> <Delay = 0.00>
ST_1 : Operation 13 [1/1] (0.00ns)   --->   "%empty_41 = alloca i32 1"   --->   Operation 13 'alloca' 'empty_41' <Predicate = true> <Delay = 0.00>
ST_1 : Operation 14 [1/1] (0.00ns)   --->   "%empty_42 = alloca i32 1"   --->   Operation 14 'alloca' 'empty_42' <Predicate = true> <Delay = 0.00>
ST_1 : Operation 15 [1/1] (0.00ns)   --->   "%empty_43 = alloca i32 1"   --->   Operation 15 'alloca' 'empty_43' <Predicate = true> <Delay = 0.00>
ST_1 : Operation 16 [1/1] (0.00ns)   --->   "%empty_44 = alloca i32 1"   --->   Operation 16 'alloca' 'empty_44' <Predicate = true> <Delay = 0.00>
ST_1 : Operation 17 [1/1] (0.00ns)   --->   "%empty_45 = alloca i32 1"   --->   Operation 17 'alloca' 'empty_45' <Predicate = true> <Delay = 0.00>
ST_1 : Operation 18 [1/1] (0.00ns)   --->   "%empty_46 = alloca i32 1"   --->   Operation 18 'alloca' 'empty_46' <Predicate = true> <Delay = 0.00>
ST_1 : Operation 19 [1/1] (0.00ns)   --->   "%empty_47 = alloca i32 1"   --->   Operation 19 'alloca' 'empty_47' <Predicate = true> <Delay = 0.00>
ST_1 : Operation 20 [1/1] (0.00ns)   --->   "%empty_48 = alloca i32 1"   --->   Operation 20 'alloca' 'empty_48' <Predicate = true> <Delay = 0.00>
ST_1 : Operation 21 [1/1] (0.00ns)   --->   "%round = alloca i32 1"   --->   Operation 21 'alloca' 'round' <Predicate = true> <Delay = 0.00>
ST_1 : Operation 22 [1/1] (0.00ns)   --->   "%round_keys_159_reload_read = read i8 @_ssdm_op_Read.ap_auto.i8, i8 %round_keys_159_reload"   --->   Operation 22 'read' 'round_keys_159_reload_read' <Predicate = true> <Delay = 0.00>
ST_1 : Operation 23 [1/1] (0.00ns)   --->   "%round_keys_143_reload_read = read i8 @_ssdm_op_Read.ap_auto.i8, i8 %round_keys_143_reload"   --->   Operation 23 'read' 'round_keys_143_reload_read' <Predicate = true> <Delay = 0.00>
ST_1 : Operation 24 [1/1] (0.00ns)   --->   "%round_keys_127_reload_read = read i8 @_ssdm_op_Read.ap_auto.i8, i8 %round_keys_127_reload"   --->   Operation 24 'read' 'round_keys_127_reload_read' <Predicate = true> <Delay = 0.00>
ST_1 : Operation 25 [1/1] (0.00ns)   --->   "%round_keys_111_reload_read = read i8 @_ssdm_op_Read.ap_auto.i8, i8 %round_keys_111_reload"   --->   Operation 25 'read' 'round_keys_111_reload_read' <Predicate = true> <Delay = 0.00>
ST_1 : Operation 26 [1/1] (0.00ns)   --->   "%round_keys_95_reload_read = read i8 @_ssdm_op_Read.ap_auto.i8, i8 %round_keys_95_reload"   --->   Operation 26 'read' 'round_keys_95_reload_read' <Predicate = true> <Delay = 0.00>
ST_1 : Operation 27 [1/1] (0.00ns)   --->   "%round_keys_79_reload_read = read i8 @_ssdm_op_Read.ap_auto.i8, i8 %round_keys_79_reload"   --->   Operation 27 'read' 'round_keys_79_reload_read' <Predicate = true> <Delay = 0.00>
ST_1 : Operation 28 [1/1] (0.00ns)   --->   "%round_keys_63_reload_read = read i8 @_ssdm_op_Read.ap_auto.i8, i8 %round_keys_63_reload"   --->   Operation 28 'read' 'round_keys_63_reload_read' <Predicate = true> <Delay = 0.00>
ST_1 : Operation 29 [1/1] (0.00ns)   --->   "%round_keys_47_reload_read = read i8 @_ssdm_op_Read.ap_auto.i8, i8 %round_keys_47_reload"   --->   Operation 29 'read' 'round_keys_47_reload_read' <Predicate = true> <Delay = 0.00>
ST_1 : Operation 30 [1/1] (0.00ns)   --->   "%round_keys_31_reload_read = read i8 @_ssdm_op_Read.ap_auto.i8, i8 %round_keys_31_reload"   --->   Operation 30 'read' 'round_keys_31_reload_read' <Predicate = true> <Delay = 0.00>
ST_1 : Operation 31 [1/1] (0.00ns)   --->   "%round_keys_158_reload_read = read i8 @_ssdm_op_Read.ap_auto.i8, i8 %round_keys_158_reload"   --->   Operation 31 'read' 'round_keys_158_reload_read' <Predicate = true> <Delay = 0.00>
ST_1 : Operation 32 [1/1] (0.00ns)   --->   "%round_keys_142_reload_read = read i8 @_ssdm_op_Read.ap_auto.i8, i8 %round_keys_142_reload"   --->   Operation 32 'read' 'round_keys_142_reload_read' <Predicate = true> <Delay = 0.00>
ST_1 : Operation 33 [1/1] (0.00ns)   --->   "%round_keys_126_reload_read = read i8 @_ssdm_op_Read.ap_auto.i8, i8 %round_keys_126_reload"   --->   Operation 33 'read' 'round_keys_126_reload_read' <Predicate = true> <Delay = 0.00>
ST_1 : Operation 34 [1/1] (0.00ns)   --->   "%round_keys_110_reload_read = read i8 @_ssdm_op_Read.ap_auto.i8, i8 %round_keys_110_reload"   --->   Operation 34 'read' 'round_keys_110_reload_read' <Predicate = true> <Delay = 0.00>
ST_1 : Operation 35 [1/1] (0.00ns)   --->   "%round_keys_94_reload_read = read i8 @_ssdm_op_Read.ap_auto.i8, i8 %round_keys_94_reload"   --->   Operation 35 'read' 'round_keys_94_reload_read' <Predicate = true> <Delay = 0.00>
ST_1 : Operation 36 [1/1] (0.00ns)   --->   "%round_keys_78_reload_read = read i8 @_ssdm_op_Read.ap_auto.i8, i8 %round_keys_78_reload"   --->   Operation 36 'read' 'round_keys_78_reload_read' <Predicate = true> <Delay = 0.00>
ST_1 : Operation 37 [1/1] (0.00ns)   --->   "%round_keys_62_reload_read = read i8 @_ssdm_op_Read.ap_auto.i8, i8 %round_keys_62_reload"   --->   Operation 37 'read' 'round_keys_62_reload_read' <Predicate = true> <Delay = 0.00>
ST_1 : Operation 38 [1/1] (0.00ns)   --->   "%round_keys_46_reload_read = read i8 @_ssdm_op_Read.ap_auto.i8, i8 %round_keys_46_reload"   --->   Operation 38 'read' 'round_keys_46_reload_read' <Predicate = true> <Delay = 0.00>
ST_1 : Operation 39 [1/1] (0.00ns)   --->   "%round_keys_30_reload_read = read i8 @_ssdm_op_Read.ap_auto.i8, i8 %round_keys_30_reload"   --->   Operation 39 'read' 'round_keys_30_reload_read' <Predicate = true> <Delay = 0.00>
ST_1 : Operation 40 [1/1] (0.00ns)   --->   "%round_keys_157_reload_read = read i8 @_ssdm_op_Read.ap_auto.i8, i8 %round_keys_157_reload"   --->   Operation 40 'read' 'round_keys_157_reload_read' <Predicate = true> <Delay = 0.00>
ST_1 : Operation 41 [1/1] (0.00ns)   --->   "%round_keys_141_reload_read = read i8 @_ssdm_op_Read.ap_auto.i8, i8 %round_keys_141_reload"   --->   Operation 41 'read' 'round_keys_141_reload_read' <Predicate = true> <Delay = 0.00>
ST_1 : Operation 42 [1/1] (0.00ns)   --->   "%round_keys_125_reload_read = read i8 @_ssdm_op_Read.ap_auto.i8, i8 %round_keys_125_reload"   --->   Operation 42 'read' 'round_keys_125_reload_read' <Predicate = true> <Delay = 0.00>
ST_1 : Operation 43 [1/1] (0.00ns)   --->   "%round_keys_109_reload_read = read i8 @_ssdm_op_Read.ap_auto.i8, i8 %round_keys_109_reload"   --->   Operation 43 'read' 'round_keys_109_reload_read' <Predicate = true> <Delay = 0.00>
ST_1 : Operation 44 [1/1] (0.00ns)   --->   "%round_keys_93_reload_read = read i8 @_ssdm_op_Read.ap_auto.i8, i8 %round_keys_93_reload"   --->   Operation 44 'read' 'round_keys_93_reload_read' <Predicate = true> <Delay = 0.00>
ST_1 : Operation 45 [1/1] (0.00ns)   --->   "%round_keys_77_reload_read = read i8 @_ssdm_op_Read.ap_auto.i8, i8 %round_keys_77_reload"   --->   Operation 45 'read' 'round_keys_77_reload_read' <Predicate = true> <Delay = 0.00>
ST_1 : Operation 46 [1/1] (0.00ns)   --->   "%round_keys_61_reload_read = read i8 @_ssdm_op_Read.ap_auto.i8, i8 %round_keys_61_reload"   --->   Operation 46 'read' 'round_keys_61_reload_read' <Predicate = true> <Delay = 0.00>
ST_1 : Operation 47 [1/1] (0.00ns)   --->   "%round_keys_45_reload_read = read i8 @_ssdm_op_Read.ap_auto.i8, i8 %round_keys_45_reload"   --->   Operation 47 'read' 'round_keys_45_reload_read' <Predicate = true> <Delay = 0.00>
ST_1 : Operation 48 [1/1] (0.00ns)   --->   "%round_keys_29_reload_read = read i8 @_ssdm_op_Read.ap_auto.i8, i8 %round_keys_29_reload"   --->   Operation 48 'read' 'round_keys_29_reload_read' <Predicate = true> <Delay = 0.00>
ST_1 : Operation 49 [1/1] (0.00ns)   --->   "%round_keys_156_reload_read = read i8 @_ssdm_op_Read.ap_auto.i8, i8 %round_keys_156_reload"   --->   Operation 49 'read' 'round_keys_156_reload_read' <Predicate = true> <Delay = 0.00>
ST_1 : Operation 50 [1/1] (0.00ns)   --->   "%round_keys_140_reload_read = read i8 @_ssdm_op_Read.ap_auto.i8, i8 %round_keys_140_reload"   --->   Operation 50 'read' 'round_keys_140_reload_read' <Predicate = true> <Delay = 0.00>
ST_1 : Operation 51 [1/1] (0.00ns)   --->   "%round_keys_124_reload_read = read i8 @_ssdm_op_Read.ap_auto.i8, i8 %round_keys_124_reload"   --->   Operation 51 'read' 'round_keys_124_reload_read' <Predicate = true> <Delay = 0.00>
ST_1 : Operation 52 [1/1] (0.00ns)   --->   "%round_keys_108_reload_read = read i8 @_ssdm_op_Read.ap_auto.i8, i8 %round_keys_108_reload"   --->   Operation 52 'read' 'round_keys_108_reload_read' <Predicate = true> <Delay = 0.00>
ST_1 : Operation 53 [1/1] (0.00ns)   --->   "%round_keys_92_reload_read = read i8 @_ssdm_op_Read.ap_auto.i8, i8 %round_keys_92_reload"   --->   Operation 53 'read' 'round_keys_92_reload_read' <Predicate = true> <Delay = 0.00>
ST_1 : Operation 54 [1/1] (0.00ns)   --->   "%round_keys_76_reload_read = read i8 @_ssdm_op_Read.ap_auto.i8, i8 %round_keys_76_reload"   --->   Operation 54 'read' 'round_keys_76_reload_read' <Predicate = true> <Delay = 0.00>
ST_1 : Operation 55 [1/1] (0.00ns)   --->   "%round_keys_60_reload_read = read i8 @_ssdm_op_Read.ap_auto.i8, i8 %round_keys_60_reload"   --->   Operation 55 'read' 'round_keys_60_reload_read' <Predicate = true> <Delay = 0.00>
ST_1 : Operation 56 [1/1] (0.00ns)   --->   "%round_keys_44_reload_read = read i8 @_ssdm_op_Read.ap_auto.i8, i8 %round_keys_44_reload"   --->   Operation 56 'read' 'round_keys_44_reload_read' <Predicate = true> <Delay = 0.00>
ST_1 : Operation 57 [1/1] (0.00ns)   --->   "%round_keys_28_reload_read = read i8 @_ssdm_op_Read.ap_auto.i8, i8 %round_keys_28_reload"   --->   Operation 57 'read' 'round_keys_28_reload_read' <Predicate = true> <Delay = 0.00>
ST_1 : Operation 58 [1/1] (0.00ns)   --->   "%round_keys_155_reload_read = read i8 @_ssdm_op_Read.ap_auto.i8, i8 %round_keys_155_reload"   --->   Operation 58 'read' 'round_keys_155_reload_read' <Predicate = true> <Delay = 0.00>
ST_1 : Operation 59 [1/1] (0.00ns)   --->   "%round_keys_139_reload_read = read i8 @_ssdm_op_Read.ap_auto.i8, i8 %round_keys_139_reload"   --->   Operation 59 'read' 'round_keys_139_reload_read' <Predicate = true> <Delay = 0.00>
ST_1 : Operation 60 [1/1] (0.00ns)   --->   "%round_keys_123_reload_read = read i8 @_ssdm_op_Read.ap_auto.i8, i8 %round_keys_123_reload"   --->   Operation 60 'read' 'round_keys_123_reload_read' <Predicate = true> <Delay = 0.00>
ST_1 : Operation 61 [1/1] (0.00ns)   --->   "%round_keys_107_reload_read = read i8 @_ssdm_op_Read.ap_auto.i8, i8 %round_keys_107_reload"   --->   Operation 61 'read' 'round_keys_107_reload_read' <Predicate = true> <Delay = 0.00>
ST_1 : Operation 62 [1/1] (0.00ns)   --->   "%round_keys_91_reload_read = read i8 @_ssdm_op_Read.ap_auto.i8, i8 %round_keys_91_reload"   --->   Operation 62 'read' 'round_keys_91_reload_read' <Predicate = true> <Delay = 0.00>
ST_1 : Operation 63 [1/1] (0.00ns)   --->   "%round_keys_75_reload_read = read i8 @_ssdm_op_Read.ap_auto.i8, i8 %round_keys_75_reload"   --->   Operation 63 'read' 'round_keys_75_reload_read' <Predicate = true> <Delay = 0.00>
ST_1 : Operation 64 [1/1] (0.00ns)   --->   "%round_keys_59_reload_read = read i8 @_ssdm_op_Read.ap_auto.i8, i8 %round_keys_59_reload"   --->   Operation 64 'read' 'round_keys_59_reload_read' <Predicate = true> <Delay = 0.00>
ST_1 : Operation 65 [1/1] (0.00ns)   --->   "%round_keys_43_reload_read = read i8 @_ssdm_op_Read.ap_auto.i8, i8 %round_keys_43_reload"   --->   Operation 65 'read' 'round_keys_43_reload_read' <Predicate = true> <Delay = 0.00>
ST_1 : Operation 66 [1/1] (0.00ns)   --->   "%round_keys_27_reload_read = read i8 @_ssdm_op_Read.ap_auto.i8, i8 %round_keys_27_reload"   --->   Operation 66 'read' 'round_keys_27_reload_read' <Predicate = true> <Delay = 0.00>
ST_1 : Operation 67 [1/1] (0.00ns)   --->   "%round_keys_154_reload_read = read i8 @_ssdm_op_Read.ap_auto.i8, i8 %round_keys_154_reload"   --->   Operation 67 'read' 'round_keys_154_reload_read' <Predicate = true> <Delay = 0.00>
ST_1 : Operation 68 [1/1] (0.00ns)   --->   "%round_keys_138_reload_read = read i8 @_ssdm_op_Read.ap_auto.i8, i8 %round_keys_138_reload"   --->   Operation 68 'read' 'round_keys_138_reload_read' <Predicate = true> <Delay = 0.00>
ST_1 : Operation 69 [1/1] (0.00ns)   --->   "%round_keys_122_reload_read = read i8 @_ssdm_op_Read.ap_auto.i8, i8 %round_keys_122_reload"   --->   Operation 69 'read' 'round_keys_122_reload_read' <Predicate = true> <Delay = 0.00>
ST_1 : Operation 70 [1/1] (0.00ns)   --->   "%round_keys_106_reload_read = read i8 @_ssdm_op_Read.ap_auto.i8, i8 %round_keys_106_reload"   --->   Operation 70 'read' 'round_keys_106_reload_read' <Predicate = true> <Delay = 0.00>
ST_1 : Operation 71 [1/1] (0.00ns)   --->   "%round_keys_90_reload_read = read i8 @_ssdm_op_Read.ap_auto.i8, i8 %round_keys_90_reload"   --->   Operation 71 'read' 'round_keys_90_reload_read' <Predicate = true> <Delay = 0.00>
ST_1 : Operation 72 [1/1] (0.00ns)   --->   "%round_keys_74_reload_read = read i8 @_ssdm_op_Read.ap_auto.i8, i8 %round_keys_74_reload"   --->   Operation 72 'read' 'round_keys_74_reload_read' <Predicate = true> <Delay = 0.00>
ST_1 : Operation 73 [1/1] (0.00ns)   --->   "%round_keys_58_reload_read = read i8 @_ssdm_op_Read.ap_auto.i8, i8 %round_keys_58_reload"   --->   Operation 73 'read' 'round_keys_58_reload_read' <Predicate = true> <Delay = 0.00>
ST_1 : Operation 74 [1/1] (0.00ns)   --->   "%round_keys_42_reload_read = read i8 @_ssdm_op_Read.ap_auto.i8, i8 %round_keys_42_reload"   --->   Operation 74 'read' 'round_keys_42_reload_read' <Predicate = true> <Delay = 0.00>
ST_1 : Operation 75 [1/1] (0.00ns)   --->   "%round_keys_26_reload_read = read i8 @_ssdm_op_Read.ap_auto.i8, i8 %round_keys_26_reload"   --->   Operation 75 'read' 'round_keys_26_reload_read' <Predicate = true> <Delay = 0.00>
ST_1 : Operation 76 [1/1] (0.00ns)   --->   "%round_keys_153_reload_read = read i8 @_ssdm_op_Read.ap_auto.i8, i8 %round_keys_153_reload"   --->   Operation 76 'read' 'round_keys_153_reload_read' <Predicate = true> <Delay = 0.00>
ST_1 : Operation 77 [1/1] (0.00ns)   --->   "%round_keys_137_reload_read = read i8 @_ssdm_op_Read.ap_auto.i8, i8 %round_keys_137_reload"   --->   Operation 77 'read' 'round_keys_137_reload_read' <Predicate = true> <Delay = 0.00>
ST_1 : Operation 78 [1/1] (0.00ns)   --->   "%round_keys_121_reload_read = read i8 @_ssdm_op_Read.ap_auto.i8, i8 %round_keys_121_reload"   --->   Operation 78 'read' 'round_keys_121_reload_read' <Predicate = true> <Delay = 0.00>
ST_1 : Operation 79 [1/1] (0.00ns)   --->   "%round_keys_105_reload_read = read i8 @_ssdm_op_Read.ap_auto.i8, i8 %round_keys_105_reload"   --->   Operation 79 'read' 'round_keys_105_reload_read' <Predicate = true> <Delay = 0.00>
ST_1 : Operation 80 [1/1] (0.00ns)   --->   "%round_keys_89_reload_read = read i8 @_ssdm_op_Read.ap_auto.i8, i8 %round_keys_89_reload"   --->   Operation 80 'read' 'round_keys_89_reload_read' <Predicate = true> <Delay = 0.00>
ST_1 : Operation 81 [1/1] (0.00ns)   --->   "%round_keys_73_reload_read = read i8 @_ssdm_op_Read.ap_auto.i8, i8 %round_keys_73_reload"   --->   Operation 81 'read' 'round_keys_73_reload_read' <Predicate = true> <Delay = 0.00>
ST_1 : Operation 82 [1/1] (0.00ns)   --->   "%round_keys_57_reload_read = read i8 @_ssdm_op_Read.ap_auto.i8, i8 %round_keys_57_reload"   --->   Operation 82 'read' 'round_keys_57_reload_read' <Predicate = true> <Delay = 0.00>
ST_1 : Operation 83 [1/1] (0.00ns)   --->   "%round_keys_41_reload_read = read i8 @_ssdm_op_Read.ap_auto.i8, i8 %round_keys_41_reload"   --->   Operation 83 'read' 'round_keys_41_reload_read' <Predicate = true> <Delay = 0.00>
ST_1 : Operation 84 [1/1] (0.00ns)   --->   "%round_keys_25_reload_read = read i8 @_ssdm_op_Read.ap_auto.i8, i8 %round_keys_25_reload"   --->   Operation 84 'read' 'round_keys_25_reload_read' <Predicate = true> <Delay = 0.00>
ST_1 : Operation 85 [1/1] (0.00ns)   --->   "%round_keys_152_reload_read = read i8 @_ssdm_op_Read.ap_auto.i8, i8 %round_keys_152_reload"   --->   Operation 85 'read' 'round_keys_152_reload_read' <Predicate = true> <Delay = 0.00>
ST_1 : Operation 86 [1/1] (0.00ns)   --->   "%round_keys_136_reload_read = read i8 @_ssdm_op_Read.ap_auto.i8, i8 %round_keys_136_reload"   --->   Operation 86 'read' 'round_keys_136_reload_read' <Predicate = true> <Delay = 0.00>
ST_1 : Operation 87 [1/1] (0.00ns)   --->   "%round_keys_120_reload_read = read i8 @_ssdm_op_Read.ap_auto.i8, i8 %round_keys_120_reload"   --->   Operation 87 'read' 'round_keys_120_reload_read' <Predicate = true> <Delay = 0.00>
ST_1 : Operation 88 [1/1] (0.00ns)   --->   "%round_keys_104_reload_read = read i8 @_ssdm_op_Read.ap_auto.i8, i8 %round_keys_104_reload"   --->   Operation 88 'read' 'round_keys_104_reload_read' <Predicate = true> <Delay = 0.00>
ST_1 : Operation 89 [1/1] (0.00ns)   --->   "%round_keys_88_reload_read = read i8 @_ssdm_op_Read.ap_auto.i8, i8 %round_keys_88_reload"   --->   Operation 89 'read' 'round_keys_88_reload_read' <Predicate = true> <Delay = 0.00>
ST_1 : Operation 90 [1/1] (0.00ns)   --->   "%round_keys_72_reload_read = read i8 @_ssdm_op_Read.ap_auto.i8, i8 %round_keys_72_reload"   --->   Operation 90 'read' 'round_keys_72_reload_read' <Predicate = true> <Delay = 0.00>
ST_1 : Operation 91 [1/1] (0.00ns)   --->   "%round_keys_56_reload_read = read i8 @_ssdm_op_Read.ap_auto.i8, i8 %round_keys_56_reload"   --->   Operation 91 'read' 'round_keys_56_reload_read' <Predicate = true> <Delay = 0.00>
ST_1 : Operation 92 [1/1] (0.00ns)   --->   "%round_keys_40_reload_read = read i8 @_ssdm_op_Read.ap_auto.i8, i8 %round_keys_40_reload"   --->   Operation 92 'read' 'round_keys_40_reload_read' <Predicate = true> <Delay = 0.00>
ST_1 : Operation 93 [1/1] (0.00ns)   --->   "%round_keys_24_reload_read = read i8 @_ssdm_op_Read.ap_auto.i8, i8 %round_keys_24_reload"   --->   Operation 93 'read' 'round_keys_24_reload_read' <Predicate = true> <Delay = 0.00>
ST_1 : Operation 94 [1/1] (0.00ns)   --->   "%round_keys_151_reload_read = read i8 @_ssdm_op_Read.ap_auto.i8, i8 %round_keys_151_reload"   --->   Operation 94 'read' 'round_keys_151_reload_read' <Predicate = true> <Delay = 0.00>
ST_1 : Operation 95 [1/1] (0.00ns)   --->   "%round_keys_135_reload_read = read i8 @_ssdm_op_Read.ap_auto.i8, i8 %round_keys_135_reload"   --->   Operation 95 'read' 'round_keys_135_reload_read' <Predicate = true> <Delay = 0.00>
ST_1 : Operation 96 [1/1] (0.00ns)   --->   "%round_keys_119_reload_read = read i8 @_ssdm_op_Read.ap_auto.i8, i8 %round_keys_119_reload"   --->   Operation 96 'read' 'round_keys_119_reload_read' <Predicate = true> <Delay = 0.00>
ST_1 : Operation 97 [1/1] (0.00ns)   --->   "%round_keys_103_reload_read = read i8 @_ssdm_op_Read.ap_auto.i8, i8 %round_keys_103_reload"   --->   Operation 97 'read' 'round_keys_103_reload_read' <Predicate = true> <Delay = 0.00>
ST_1 : Operation 98 [1/1] (0.00ns)   --->   "%round_keys_87_reload_read = read i8 @_ssdm_op_Read.ap_auto.i8, i8 %round_keys_87_reload"   --->   Operation 98 'read' 'round_keys_87_reload_read' <Predicate = true> <Delay = 0.00>
ST_1 : Operation 99 [1/1] (0.00ns)   --->   "%round_keys_71_reload_read = read i8 @_ssdm_op_Read.ap_auto.i8, i8 %round_keys_71_reload"   --->   Operation 99 'read' 'round_keys_71_reload_read' <Predicate = true> <Delay = 0.00>
ST_1 : Operation 100 [1/1] (0.00ns)   --->   "%round_keys_55_reload_read = read i8 @_ssdm_op_Read.ap_auto.i8, i8 %round_keys_55_reload"   --->   Operation 100 'read' 'round_keys_55_reload_read' <Predicate = true> <Delay = 0.00>
ST_1 : Operation 101 [1/1] (0.00ns)   --->   "%round_keys_39_reload_read = read i8 @_ssdm_op_Read.ap_auto.i8, i8 %round_keys_39_reload"   --->   Operation 101 'read' 'round_keys_39_reload_read' <Predicate = true> <Delay = 0.00>
ST_1 : Operation 102 [1/1] (0.00ns)   --->   "%round_keys_23_reload_read = read i8 @_ssdm_op_Read.ap_auto.i8, i8 %round_keys_23_reload"   --->   Operation 102 'read' 'round_keys_23_reload_read' <Predicate = true> <Delay = 0.00>
ST_1 : Operation 103 [1/1] (0.00ns)   --->   "%round_keys_150_reload_read = read i8 @_ssdm_op_Read.ap_auto.i8, i8 %round_keys_150_reload"   --->   Operation 103 'read' 'round_keys_150_reload_read' <Predicate = true> <Delay = 0.00>
ST_1 : Operation 104 [1/1] (0.00ns)   --->   "%round_keys_134_reload_read = read i8 @_ssdm_op_Read.ap_auto.i8, i8 %round_keys_134_reload"   --->   Operation 104 'read' 'round_keys_134_reload_read' <Predicate = true> <Delay = 0.00>
ST_1 : Operation 105 [1/1] (0.00ns)   --->   "%round_keys_118_reload_read = read i8 @_ssdm_op_Read.ap_auto.i8, i8 %round_keys_118_reload"   --->   Operation 105 'read' 'round_keys_118_reload_read' <Predicate = true> <Delay = 0.00>
ST_1 : Operation 106 [1/1] (0.00ns)   --->   "%round_keys_102_reload_read = read i8 @_ssdm_op_Read.ap_auto.i8, i8 %round_keys_102_reload"   --->   Operation 106 'read' 'round_keys_102_reload_read' <Predicate = true> <Delay = 0.00>
ST_1 : Operation 107 [1/1] (0.00ns)   --->   "%round_keys_86_reload_read = read i8 @_ssdm_op_Read.ap_auto.i8, i8 %round_keys_86_reload"   --->   Operation 107 'read' 'round_keys_86_reload_read' <Predicate = true> <Delay = 0.00>
ST_1 : Operation 108 [1/1] (0.00ns)   --->   "%round_keys_70_reload_read = read i8 @_ssdm_op_Read.ap_auto.i8, i8 %round_keys_70_reload"   --->   Operation 108 'read' 'round_keys_70_reload_read' <Predicate = true> <Delay = 0.00>
ST_1 : Operation 109 [1/1] (0.00ns)   --->   "%round_keys_54_reload_read = read i8 @_ssdm_op_Read.ap_auto.i8, i8 %round_keys_54_reload"   --->   Operation 109 'read' 'round_keys_54_reload_read' <Predicate = true> <Delay = 0.00>
ST_1 : Operation 110 [1/1] (0.00ns)   --->   "%round_keys_38_reload_read = read i8 @_ssdm_op_Read.ap_auto.i8, i8 %round_keys_38_reload"   --->   Operation 110 'read' 'round_keys_38_reload_read' <Predicate = true> <Delay = 0.00>
ST_1 : Operation 111 [1/1] (0.00ns)   --->   "%round_keys_22_reload_read = read i8 @_ssdm_op_Read.ap_auto.i8, i8 %round_keys_22_reload"   --->   Operation 111 'read' 'round_keys_22_reload_read' <Predicate = true> <Delay = 0.00>
ST_1 : Operation 112 [1/1] (0.00ns)   --->   "%round_keys_149_reload_read = read i8 @_ssdm_op_Read.ap_auto.i8, i8 %round_keys_149_reload"   --->   Operation 112 'read' 'round_keys_149_reload_read' <Predicate = true> <Delay = 0.00>
ST_1 : Operation 113 [1/1] (0.00ns)   --->   "%round_keys_133_reload_read = read i8 @_ssdm_op_Read.ap_auto.i8, i8 %round_keys_133_reload"   --->   Operation 113 'read' 'round_keys_133_reload_read' <Predicate = true> <Delay = 0.00>
ST_1 : Operation 114 [1/1] (0.00ns)   --->   "%round_keys_117_reload_read = read i8 @_ssdm_op_Read.ap_auto.i8, i8 %round_keys_117_reload"   --->   Operation 114 'read' 'round_keys_117_reload_read' <Predicate = true> <Delay = 0.00>
ST_1 : Operation 115 [1/1] (0.00ns)   --->   "%round_keys_101_reload_read = read i8 @_ssdm_op_Read.ap_auto.i8, i8 %round_keys_101_reload"   --->   Operation 115 'read' 'round_keys_101_reload_read' <Predicate = true> <Delay = 0.00>
ST_1 : Operation 116 [1/1] (0.00ns)   --->   "%round_keys_85_reload_read = read i8 @_ssdm_op_Read.ap_auto.i8, i8 %round_keys_85_reload"   --->   Operation 116 'read' 'round_keys_85_reload_read' <Predicate = true> <Delay = 0.00>
ST_1 : Operation 117 [1/1] (0.00ns)   --->   "%round_keys_69_reload_read = read i8 @_ssdm_op_Read.ap_auto.i8, i8 %round_keys_69_reload"   --->   Operation 117 'read' 'round_keys_69_reload_read' <Predicate = true> <Delay = 0.00>
ST_1 : Operation 118 [1/1] (0.00ns)   --->   "%round_keys_53_reload_read = read i8 @_ssdm_op_Read.ap_auto.i8, i8 %round_keys_53_reload"   --->   Operation 118 'read' 'round_keys_53_reload_read' <Predicate = true> <Delay = 0.00>
ST_1 : Operation 119 [1/1] (0.00ns)   --->   "%round_keys_37_reload_read = read i8 @_ssdm_op_Read.ap_auto.i8, i8 %round_keys_37_reload"   --->   Operation 119 'read' 'round_keys_37_reload_read' <Predicate = true> <Delay = 0.00>
ST_1 : Operation 120 [1/1] (0.00ns)   --->   "%round_keys_21_reload_read = read i8 @_ssdm_op_Read.ap_auto.i8, i8 %round_keys_21_reload"   --->   Operation 120 'read' 'round_keys_21_reload_read' <Predicate = true> <Delay = 0.00>
ST_1 : Operation 121 [1/1] (0.00ns)   --->   "%round_keys_148_reload_read = read i8 @_ssdm_op_Read.ap_auto.i8, i8 %round_keys_148_reload"   --->   Operation 121 'read' 'round_keys_148_reload_read' <Predicate = true> <Delay = 0.00>
ST_1 : Operation 122 [1/1] (0.00ns)   --->   "%round_keys_132_reload_read = read i8 @_ssdm_op_Read.ap_auto.i8, i8 %round_keys_132_reload"   --->   Operation 122 'read' 'round_keys_132_reload_read' <Predicate = true> <Delay = 0.00>
ST_1 : Operation 123 [1/1] (0.00ns)   --->   "%round_keys_116_reload_read = read i8 @_ssdm_op_Read.ap_auto.i8, i8 %round_keys_116_reload"   --->   Operation 123 'read' 'round_keys_116_reload_read' <Predicate = true> <Delay = 0.00>
ST_1 : Operation 124 [1/1] (0.00ns)   --->   "%round_keys_100_reload_read = read i8 @_ssdm_op_Read.ap_auto.i8, i8 %round_keys_100_reload"   --->   Operation 124 'read' 'round_keys_100_reload_read' <Predicate = true> <Delay = 0.00>
ST_1 : Operation 125 [1/1] (0.00ns)   --->   "%round_keys_84_reload_read = read i8 @_ssdm_op_Read.ap_auto.i8, i8 %round_keys_84_reload"   --->   Operation 125 'read' 'round_keys_84_reload_read' <Predicate = true> <Delay = 0.00>
ST_1 : Operation 126 [1/1] (0.00ns)   --->   "%round_keys_68_reload_read = read i8 @_ssdm_op_Read.ap_auto.i8, i8 %round_keys_68_reload"   --->   Operation 126 'read' 'round_keys_68_reload_read' <Predicate = true> <Delay = 0.00>
ST_1 : Operation 127 [1/1] (0.00ns)   --->   "%round_keys_52_reload_read = read i8 @_ssdm_op_Read.ap_auto.i8, i8 %round_keys_52_reload"   --->   Operation 127 'read' 'round_keys_52_reload_read' <Predicate = true> <Delay = 0.00>
ST_1 : Operation 128 [1/1] (0.00ns)   --->   "%round_keys_36_reload_read = read i8 @_ssdm_op_Read.ap_auto.i8, i8 %round_keys_36_reload"   --->   Operation 128 'read' 'round_keys_36_reload_read' <Predicate = true> <Delay = 0.00>
ST_1 : Operation 129 [1/1] (0.00ns)   --->   "%round_keys_20_reload_read = read i8 @_ssdm_op_Read.ap_auto.i8, i8 %round_keys_20_reload"   --->   Operation 129 'read' 'round_keys_20_reload_read' <Predicate = true> <Delay = 0.00>
ST_1 : Operation 130 [1/1] (0.00ns)   --->   "%round_keys_147_reload_read = read i8 @_ssdm_op_Read.ap_auto.i8, i8 %round_keys_147_reload"   --->   Operation 130 'read' 'round_keys_147_reload_read' <Predicate = true> <Delay = 0.00>
ST_1 : Operation 131 [1/1] (0.00ns)   --->   "%round_keys_131_reload_read = read i8 @_ssdm_op_Read.ap_auto.i8, i8 %round_keys_131_reload"   --->   Operation 131 'read' 'round_keys_131_reload_read' <Predicate = true> <Delay = 0.00>
ST_1 : Operation 132 [1/1] (0.00ns)   --->   "%round_keys_115_reload_read = read i8 @_ssdm_op_Read.ap_auto.i8, i8 %round_keys_115_reload"   --->   Operation 132 'read' 'round_keys_115_reload_read' <Predicate = true> <Delay = 0.00>
ST_1 : Operation 133 [1/1] (0.00ns)   --->   "%round_keys_99_reload_read = read i8 @_ssdm_op_Read.ap_auto.i8, i8 %round_keys_99_reload"   --->   Operation 133 'read' 'round_keys_99_reload_read' <Predicate = true> <Delay = 0.00>
ST_1 : Operation 134 [1/1] (0.00ns)   --->   "%round_keys_83_reload_read = read i8 @_ssdm_op_Read.ap_auto.i8, i8 %round_keys_83_reload"   --->   Operation 134 'read' 'round_keys_83_reload_read' <Predicate = true> <Delay = 0.00>
ST_1 : Operation 135 [1/1] (0.00ns)   --->   "%round_keys_67_reload_read = read i8 @_ssdm_op_Read.ap_auto.i8, i8 %round_keys_67_reload"   --->   Operation 135 'read' 'round_keys_67_reload_read' <Predicate = true> <Delay = 0.00>
ST_1 : Operation 136 [1/1] (0.00ns)   --->   "%round_keys_51_reload_read = read i8 @_ssdm_op_Read.ap_auto.i8, i8 %round_keys_51_reload"   --->   Operation 136 'read' 'round_keys_51_reload_read' <Predicate = true> <Delay = 0.00>
ST_1 : Operation 137 [1/1] (0.00ns)   --->   "%round_keys_35_reload_read = read i8 @_ssdm_op_Read.ap_auto.i8, i8 %round_keys_35_reload"   --->   Operation 137 'read' 'round_keys_35_reload_read' <Predicate = true> <Delay = 0.00>
ST_1 : Operation 138 [1/1] (0.00ns)   --->   "%round_keys_19_reload_read = read i8 @_ssdm_op_Read.ap_auto.i8, i8 %round_keys_19_reload"   --->   Operation 138 'read' 'round_keys_19_reload_read' <Predicate = true> <Delay = 0.00>
ST_1 : Operation 139 [1/1] (0.00ns)   --->   "%round_keys_146_reload_read = read i8 @_ssdm_op_Read.ap_auto.i8, i8 %round_keys_146_reload"   --->   Operation 139 'read' 'round_keys_146_reload_read' <Predicate = true> <Delay = 0.00>
ST_1 : Operation 140 [1/1] (0.00ns)   --->   "%round_keys_130_reload_read = read i8 @_ssdm_op_Read.ap_auto.i8, i8 %round_keys_130_reload"   --->   Operation 140 'read' 'round_keys_130_reload_read' <Predicate = true> <Delay = 0.00>
ST_1 : Operation 141 [1/1] (0.00ns)   --->   "%round_keys_114_reload_read = read i8 @_ssdm_op_Read.ap_auto.i8, i8 %round_keys_114_reload"   --->   Operation 141 'read' 'round_keys_114_reload_read' <Predicate = true> <Delay = 0.00>
ST_1 : Operation 142 [1/1] (0.00ns)   --->   "%round_keys_98_reload_read = read i8 @_ssdm_op_Read.ap_auto.i8, i8 %round_keys_98_reload"   --->   Operation 142 'read' 'round_keys_98_reload_read' <Predicate = true> <Delay = 0.00>
ST_1 : Operation 143 [1/1] (0.00ns)   --->   "%round_keys_82_reload_read = read i8 @_ssdm_op_Read.ap_auto.i8, i8 %round_keys_82_reload"   --->   Operation 143 'read' 'round_keys_82_reload_read' <Predicate = true> <Delay = 0.00>
ST_1 : Operation 144 [1/1] (0.00ns)   --->   "%round_keys_66_reload_read = read i8 @_ssdm_op_Read.ap_auto.i8, i8 %round_keys_66_reload"   --->   Operation 144 'read' 'round_keys_66_reload_read' <Predicate = true> <Delay = 0.00>
ST_1 : Operation 145 [1/1] (0.00ns)   --->   "%round_keys_50_reload_read = read i8 @_ssdm_op_Read.ap_auto.i8, i8 %round_keys_50_reload"   --->   Operation 145 'read' 'round_keys_50_reload_read' <Predicate = true> <Delay = 0.00>
ST_1 : Operation 146 [1/1] (0.00ns)   --->   "%round_keys_34_reload_read = read i8 @_ssdm_op_Read.ap_auto.i8, i8 %round_keys_34_reload"   --->   Operation 146 'read' 'round_keys_34_reload_read' <Predicate = true> <Delay = 0.00>
ST_1 : Operation 147 [1/1] (0.00ns)   --->   "%round_keys_18_reload_read = read i8 @_ssdm_op_Read.ap_auto.i8, i8 %round_keys_18_reload"   --->   Operation 147 'read' 'round_keys_18_reload_read' <Predicate = true> <Delay = 0.00>
ST_1 : Operation 148 [1/1] (0.00ns)   --->   "%round_keys_145_reload_read = read i8 @_ssdm_op_Read.ap_auto.i8, i8 %round_keys_145_reload"   --->   Operation 148 'read' 'round_keys_145_reload_read' <Predicate = true> <Delay = 0.00>
ST_1 : Operation 149 [1/1] (0.00ns)   --->   "%round_keys_129_reload_read = read i8 @_ssdm_op_Read.ap_auto.i8, i8 %round_keys_129_reload"   --->   Operation 149 'read' 'round_keys_129_reload_read' <Predicate = true> <Delay = 0.00>
ST_1 : Operation 150 [1/1] (0.00ns)   --->   "%round_keys_113_reload_read = read i8 @_ssdm_op_Read.ap_auto.i8, i8 %round_keys_113_reload"   --->   Operation 150 'read' 'round_keys_113_reload_read' <Predicate = true> <Delay = 0.00>
ST_1 : Operation 151 [1/1] (0.00ns)   --->   "%round_keys_97_reload_read = read i8 @_ssdm_op_Read.ap_auto.i8, i8 %round_keys_97_reload"   --->   Operation 151 'read' 'round_keys_97_reload_read' <Predicate = true> <Delay = 0.00>
ST_1 : Operation 152 [1/1] (0.00ns)   --->   "%round_keys_81_reload_read = read i8 @_ssdm_op_Read.ap_auto.i8, i8 %round_keys_81_reload"   --->   Operation 152 'read' 'round_keys_81_reload_read' <Predicate = true> <Delay = 0.00>
ST_1 : Operation 153 [1/1] (0.00ns)   --->   "%round_keys_65_reload_read = read i8 @_ssdm_op_Read.ap_auto.i8, i8 %round_keys_65_reload"   --->   Operation 153 'read' 'round_keys_65_reload_read' <Predicate = true> <Delay = 0.00>
ST_1 : Operation 154 [1/1] (0.00ns)   --->   "%round_keys_49_reload_read = read i8 @_ssdm_op_Read.ap_auto.i8, i8 %round_keys_49_reload"   --->   Operation 154 'read' 'round_keys_49_reload_read' <Predicate = true> <Delay = 0.00>
ST_1 : Operation 155 [1/1] (0.00ns)   --->   "%round_keys_33_reload_read = read i8 @_ssdm_op_Read.ap_auto.i8, i8 %round_keys_33_reload"   --->   Operation 155 'read' 'round_keys_33_reload_read' <Predicate = true> <Delay = 0.00>
ST_1 : Operation 156 [1/1] (0.00ns)   --->   "%round_keys_17_reload_read = read i8 @_ssdm_op_Read.ap_auto.i8, i8 %round_keys_17_reload"   --->   Operation 156 'read' 'round_keys_17_reload_read' <Predicate = true> <Delay = 0.00>
ST_1 : Operation 157 [1/1] (0.00ns)   --->   "%round_keys_144_reload_read = read i8 @_ssdm_op_Read.ap_auto.i8, i8 %round_keys_144_reload"   --->   Operation 157 'read' 'round_keys_144_reload_read' <Predicate = true> <Delay = 0.00>
ST_1 : Operation 158 [1/1] (0.00ns)   --->   "%round_keys_128_reload_read = read i8 @_ssdm_op_Read.ap_auto.i8, i8 %round_keys_128_reload"   --->   Operation 158 'read' 'round_keys_128_reload_read' <Predicate = true> <Delay = 0.00>
ST_1 : Operation 159 [1/1] (0.00ns)   --->   "%round_keys_112_reload_read = read i8 @_ssdm_op_Read.ap_auto.i8, i8 %round_keys_112_reload"   --->   Operation 159 'read' 'round_keys_112_reload_read' <Predicate = true> <Delay = 0.00>
ST_1 : Operation 160 [1/1] (0.00ns)   --->   "%round_keys_96_reload_read = read i8 @_ssdm_op_Read.ap_auto.i8, i8 %round_keys_96_reload"   --->   Operation 160 'read' 'round_keys_96_reload_read' <Predicate = true> <Delay = 0.00>
ST_1 : Operation 161 [1/1] (0.00ns)   --->   "%round_keys_80_reload_read = read i8 @_ssdm_op_Read.ap_auto.i8, i8 %round_keys_80_reload"   --->   Operation 161 'read' 'round_keys_80_reload_read' <Predicate = true> <Delay = 0.00>
ST_1 : Operation 162 [1/1] (0.00ns)   --->   "%round_keys_64_reload_read = read i8 @_ssdm_op_Read.ap_auto.i8, i8 %round_keys_64_reload"   --->   Operation 162 'read' 'round_keys_64_reload_read' <Predicate = true> <Delay = 0.00>
ST_1 : Operation 163 [1/1] (0.00ns)   --->   "%round_keys_48_reload_read = read i8 @_ssdm_op_Read.ap_auto.i8, i8 %round_keys_48_reload"   --->   Operation 163 'read' 'round_keys_48_reload_read' <Predicate = true> <Delay = 0.00>
ST_1 : Operation 164 [1/1] (0.00ns)   --->   "%round_keys_32_reload_read = read i8 @_ssdm_op_Read.ap_auto.i8, i8 %round_keys_32_reload"   --->   Operation 164 'read' 'round_keys_32_reload_read' <Predicate = true> <Delay = 0.00>
ST_1 : Operation 165 [1/1] (0.00ns)   --->   "%round_keys_16_reload_read = read i8 @_ssdm_op_Read.ap_auto.i8, i8 %round_keys_16_reload"   --->   Operation 165 'read' 'round_keys_16_reload_read' <Predicate = true> <Delay = 0.00>
ST_1 : Operation 166 [1/1] (0.00ns)   --->   "%state_8_read = read i8 @_ssdm_op_Read.ap_auto.i8, i8 %state_8"   --->   Operation 166 'read' 'state_8_read' <Predicate = true> <Delay = 0.00>
ST_1 : Operation 167 [1/1] (0.00ns)   --->   "%state_9_read = read i8 @_ssdm_op_Read.ap_auto.i8, i8 %state_9"   --->   Operation 167 'read' 'state_9_read' <Predicate = true> <Delay = 0.00>
ST_1 : Operation 168 [1/1] (0.00ns)   --->   "%state_10_read = read i8 @_ssdm_op_Read.ap_auto.i8, i8 %state_10"   --->   Operation 168 'read' 'state_10_read' <Predicate = true> <Delay = 0.00>
ST_1 : Operation 169 [1/1] (0.00ns)   --->   "%state_11_read = read i8 @_ssdm_op_Read.ap_auto.i8, i8 %state_11"   --->   Operation 169 'read' 'state_11_read' <Predicate = true> <Delay = 0.00>
ST_1 : Operation 170 [1/1] (0.00ns)   --->   "%state_12_read = read i8 @_ssdm_op_Read.ap_auto.i8, i8 %state_12"   --->   Operation 170 'read' 'state_12_read' <Predicate = true> <Delay = 0.00>
ST_1 : Operation 171 [1/1] (0.00ns)   --->   "%state_13_read = read i8 @_ssdm_op_Read.ap_auto.i8, i8 %state_13"   --->   Operation 171 'read' 'state_13_read' <Predicate = true> <Delay = 0.00>
ST_1 : Operation 172 [1/1] (0.00ns)   --->   "%state_14_read = read i8 @_ssdm_op_Read.ap_auto.i8, i8 %state_14"   --->   Operation 172 'read' 'state_14_read' <Predicate = true> <Delay = 0.00>
ST_1 : Operation 173 [1/1] (0.00ns)   --->   "%state_15_read = read i8 @_ssdm_op_Read.ap_auto.i8, i8 %state_15"   --->   Operation 173 'read' 'state_15_read' <Predicate = true> <Delay = 0.00>
ST_1 : Operation 174 [1/1] (0.00ns)   --->   "%state_16_read = read i8 @_ssdm_op_Read.ap_auto.i8, i8 %state_16"   --->   Operation 174 'read' 'state_16_read' <Predicate = true> <Delay = 0.00>
ST_1 : Operation 175 [1/1] (0.00ns)   --->   "%state_17_read = read i8 @_ssdm_op_Read.ap_auto.i8, i8 %state_17"   --->   Operation 175 'read' 'state_17_read' <Predicate = true> <Delay = 0.00>
ST_1 : Operation 176 [1/1] (0.00ns)   --->   "%state_18_read = read i8 @_ssdm_op_Read.ap_auto.i8, i8 %state_18"   --->   Operation 176 'read' 'state_18_read' <Predicate = true> <Delay = 0.00>
ST_1 : Operation 177 [1/1] (0.00ns)   --->   "%state_19_read = read i8 @_ssdm_op_Read.ap_auto.i8, i8 %state_19"   --->   Operation 177 'read' 'state_19_read' <Predicate = true> <Delay = 0.00>
ST_1 : Operation 178 [1/1] (0.00ns)   --->   "%state_20_read = read i8 @_ssdm_op_Read.ap_auto.i8, i8 %state_20"   --->   Operation 178 'read' 'state_20_read' <Predicate = true> <Delay = 0.00>
ST_1 : Operation 179 [1/1] (0.00ns)   --->   "%state_21_read = read i8 @_ssdm_op_Read.ap_auto.i8, i8 %state_21"   --->   Operation 179 'read' 'state_21_read' <Predicate = true> <Delay = 0.00>
ST_1 : Operation 180 [1/1] (0.00ns)   --->   "%state_22_read = read i8 @_ssdm_op_Read.ap_auto.i8, i8 %state_22"   --->   Operation 180 'read' 'state_22_read' <Predicate = true> <Delay = 0.00>
ST_1 : Operation 181 [1/1] (0.00ns)   --->   "%state_23_read = read i8 @_ssdm_op_Read.ap_auto.i8, i8 %state_23"   --->   Operation 181 'read' 'state_23_read' <Predicate = true> <Delay = 0.00>
ST_1 : Operation 182 [1/1] (1.58ns)   --->   "%store_ln0 = store i4 1, i4 %round"   --->   Operation 182 'store' 'store_ln0' <Predicate = true> <Delay = 1.58>
ST_1 : Operation 183 [1/1] (1.58ns)   --->   "%store_ln0 = store i8 %state_23_read, i8 %empty_48"   --->   Operation 183 'store' 'store_ln0' <Predicate = true> <Delay = 1.58>
ST_1 : Operation 184 [1/1] (1.58ns)   --->   "%store_ln0 = store i8 %state_22_read, i8 %empty_47"   --->   Operation 184 'store' 'store_ln0' <Predicate = true> <Delay = 1.58>
ST_1 : Operation 185 [1/1] (1.58ns)   --->   "%store_ln0 = store i8 %state_21_read, i8 %empty_46"   --->   Operation 185 'store' 'store_ln0' <Predicate = true> <Delay = 1.58>
ST_1 : Operation 186 [1/1] (1.58ns)   --->   "%store_ln0 = store i8 %state_20_read, i8 %empty_45"   --->   Operation 186 'store' 'store_ln0' <Predicate = true> <Delay = 1.58>
ST_1 : Operation 187 [1/1] (1.58ns)   --->   "%store_ln0 = store i8 %state_19_read, i8 %empty_44"   --->   Operation 187 'store' 'store_ln0' <Predicate = true> <Delay = 1.58>
ST_1 : Operation 188 [1/1] (1.58ns)   --->   "%store_ln0 = store i8 %state_18_read, i8 %empty_43"   --->   Operation 188 'store' 'store_ln0' <Predicate = true> <Delay = 1.58>
ST_1 : Operation 189 [1/1] (1.58ns)   --->   "%store_ln0 = store i8 %state_17_read, i8 %empty_42"   --->   Operation 189 'store' 'store_ln0' <Predicate = true> <Delay = 1.58>
ST_1 : Operation 190 [1/1] (1.58ns)   --->   "%store_ln0 = store i8 %state_16_read, i8 %empty_41"   --->   Operation 190 'store' 'store_ln0' <Predicate = true> <Delay = 1.58>
ST_1 : Operation 191 [1/1] (1.58ns)   --->   "%store_ln0 = store i8 %state_15_read, i8 %empty_40"   --->   Operation 191 'store' 'store_ln0' <Predicate = true> <Delay = 1.58>
ST_1 : Operation 192 [1/1] (1.58ns)   --->   "%store_ln0 = store i8 %state_14_read, i8 %empty_39"   --->   Operation 192 'store' 'store_ln0' <Predicate = true> <Delay = 1.58>
ST_1 : Operation 193 [1/1] (1.58ns)   --->   "%store_ln0 = store i8 %state_13_read, i8 %empty_38"   --->   Operation 193 'store' 'store_ln0' <Predicate = true> <Delay = 1.58>
ST_1 : Operation 194 [1/1] (1.58ns)   --->   "%store_ln0 = store i8 %state_12_read, i8 %empty_37"   --->   Operation 194 'store' 'store_ln0' <Predicate = true> <Delay = 1.58>
ST_1 : Operation 195 [1/1] (1.58ns)   --->   "%store_ln0 = store i8 %state_11_read, i8 %empty_36"   --->   Operation 195 'store' 'store_ln0' <Predicate = true> <Delay = 1.58>
ST_1 : Operation 196 [1/1] (1.58ns)   --->   "%store_ln0 = store i8 %state_10_read, i8 %empty_35"   --->   Operation 196 'store' 'store_ln0' <Predicate = true> <Delay = 1.58>
ST_1 : Operation 197 [1/1] (1.58ns)   --->   "%store_ln0 = store i8 %state_9_read, i8 %empty_34"   --->   Operation 197 'store' 'store_ln0' <Predicate = true> <Delay = 1.58>
ST_1 : Operation 198 [1/1] (1.58ns)   --->   "%store_ln0 = store i8 %state_8_read, i8 %empty"   --->   Operation 198 'store' 'store_ln0' <Predicate = true> <Delay = 1.58>
ST_1 : Operation 199 [1/1] (0.00ns)   --->   "%br_ln0 = br void %for.body.i44"   --->   Operation 199 'br' 'br_ln0' <Predicate = true> <Delay = 0.00>

State 2 <SV = 1> <Delay = 4.35>
ST_2 : Operation 200 [1/1] (0.00ns)   --->   "%round_1 = load i4 %round" [src/aes128.cpp:167]   --->   Operation 200 'load' 'round_1' <Predicate = true> <Delay = 0.00>
ST_2 : Operation 201 [1/1] (1.30ns)   --->   "%icmp_ln167 = icmp_eq  i4 %round_1, i4 10" [src/aes128.cpp:167]   --->   Operation 201 'icmp' 'icmp_ln167' <Predicate = true> <Delay = 1.30> <CoreInst = "Cmp">   --->   Core 9 'Cmp' <Latency = 0> <II = 1> <Delay = 1.30> <FuncUnit> <Opcode : 'icmp'> <InPorts = 2> <OutPorts = 1>
ST_2 : Operation 202 [1/1] (0.00ns)   --->   "%empty_49 = speclooptripcount i32 @_ssdm_op_SpecLoopTripCount, i64 9, i64 9, i64 9"   --->   Operation 202 'speclooptripcount' 'empty_49' <Predicate = true> <Delay = 0.00>
ST_2 : Operation 203 [1/1] (0.00ns)   --->   "%br_ln167 = br i1 %icmp_ln167, void %for.body.i44.split, void %for.body.i30.exitStub" [src/aes128.cpp:167]   --->   Operation 203 'br' 'br_ln167' <Predicate = true> <Delay = 0.00>
ST_2 : Operation 204 [1/1] (0.00ns)   --->   "%p_load222 = load i8 %empty" [src/aes128.cpp:87]   --->   Operation 204 'load' 'p_load222' <Predicate = (!icmp_ln167)> <Delay = 0.00>
ST_2 : Operation 205 [1/1] (0.00ns)   --->   "%p_load220 = load i8 %empty_34" [src/aes128.cpp:87]   --->   Operation 205 'load' 'p_load220' <Predicate = (!icmp_ln167)> <Delay = 0.00>
ST_2 : Operation 206 [1/1] (0.00ns)   --->   "%p_load218 = load i8 %empty_35" [src/aes128.cpp:87]   --->   Operation 206 'load' 'p_load218' <Predicate = (!icmp_ln167)> <Delay = 0.00>
ST_2 : Operation 207 [1/1] (0.00ns)   --->   "%p_load216 = load i8 %empty_36" [src/aes128.cpp:87]   --->   Operation 207 'load' 'p_load216' <Predicate = (!icmp_ln167)> <Delay = 0.00>
ST_2 : Operation 208 [1/1] (0.00ns)   --->   "%p_load214 = load i8 %empty_37" [src/aes128.cpp:87]   --->   Operation 208 'load' 'p_load214' <Predicate = (!icmp_ln167)> <Delay = 0.00>
ST_2 : Operation 209 [1/1] (0.00ns)   --->   "%p_load212 = load i8 %empty_38" [src/aes128.cpp:87]   --->   Operation 209 'load' 'p_load212' <Predicate = (!icmp_ln167)> <Delay = 0.00>
ST_2 : Operation 210 [1/1] (0.00ns)   --->   "%p_load210 = load i8 %empty_39" [src/aes128.cpp:87]   --->   Operation 210 'load' 'p_load210' <Predicate = (!icmp_ln167)> <Delay = 0.00>
ST_2 : Operation 211 [1/1] (0.00ns)   --->   "%p_load208 = load i8 %empty_40" [src/aes128.cpp:87]   --->   Operation 211 'load' 'p_load208' <Predicate = (!icmp_ln167)> <Delay = 0.00>
ST_2 : Operation 212 [1/1] (0.00ns)   --->   "%p_load206 = load i8 %empty_41" [src/aes128.cpp:87]   --->   Operation 212 'load' 'p_load206' <Predicate = (!icmp_ln167)> <Delay = 0.00>
ST_2 : Operation 213 [1/1] (0.00ns)   --->   "%p_load204 = load i8 %empty_42" [src/aes128.cpp:87]   --->   Operation 213 'load' 'p_load204' <Predicate = (!icmp_ln167)> <Delay = 0.00>
ST_2 : Operation 214 [1/1] (0.00ns)   --->   "%p_load202 = load i8 %empty_43" [src/aes128.cpp:87]   --->   Operation 214 'load' 'p_load202' <Predicate = (!icmp_ln167)> <Delay = 0.00>
ST_2 : Operation 215 [1/1] (0.00ns)   --->   "%p_load200 = load i8 %empty_44" [src/aes128.cpp:87]   --->   Operation 215 'load' 'p_load200' <Predicate = (!icmp_ln167)> <Delay = 0.00>
ST_2 : Operation 216 [1/1] (0.00ns)   --->   "%p_load198 = load i8 %empty_45" [src/aes128.cpp:87]   --->   Operation 216 'load' 'p_load198' <Predicate = (!icmp_ln167)> <Delay = 0.00>
ST_2 : Operation 217 [1/1] (0.00ns)   --->   "%p_load196 = load i8 %empty_46" [src/aes128.cpp:87]   --->   Operation 217 'load' 'p_load196' <Predicate = (!icmp_ln167)> <Delay = 0.00>
ST_2 : Operation 218 [1/1] (0.00ns)   --->   "%p_load194 = load i8 %empty_47" [src/aes128.cpp:87]   --->   Operation 218 'load' 'p_load194' <Predicate = (!icmp_ln167)> <Delay = 0.00>
ST_2 : Operation 219 [1/1] (0.00ns)   --->   "%p_load192 = load i8 %empty_48" [src/aes128.cpp:87]   --->   Operation 219 'load' 'p_load192' <Predicate = (!icmp_ln167)> <Delay = 0.00>
ST_2 : Operation 220 [1/1] (0.00ns)   --->   "%zext_ln87 = zext i8 %p_load222" [src/aes128.cpp:87]   --->   Operation 220 'zext' 'zext_ln87' <Predicate = (!icmp_ln167)> <Delay = 0.00>
ST_2 : Operation 221 [1/1] (0.00ns)   --->   "%SBOX_addr = getelementptr i8 %SBOX, i64 0, i64 %zext_ln87" [src/aes128.cpp:87]   --->   Operation 221 'getelementptr' 'SBOX_addr' <Predicate = (!icmp_ln167)> <Delay = 0.00>
ST_2 : Operation 222 [2/2] (3.25ns)   --->   "%a0 = load i8 %SBOX_addr" [src/aes128.cpp:87]   --->   Operation 222 'load' 'a0' <Predicate = (!icmp_ln167)> <Delay = 3.25> <CoreInst = "ROM">   --->   Core 95 'ROM' <Latency = 1> <II = 1> <Delay = 3.25> <Storage> <Opcode : 'load'> <Ports = 0> <Width = 8> <Depth = 256> <ROM>
ST_2 : Operation 223 [1/1] (0.00ns)   --->   "%zext_ln87_1 = zext i8 %p_load220" [src/aes128.cpp:87]   --->   Operation 223 'zext' 'zext_ln87_1' <Predicate = (!icmp_ln167)> <Delay = 0.00>
ST_2 : Operation 224 [1/1] (0.00ns)   --->   "%SBOX_addr_4 = getelementptr i8 %SBOX, i64 0, i64 %zext_ln87_1" [src/aes128.cpp:87]   --->   Operation 224 'getelementptr' 'SBOX_addr_4' <Predicate = (!icmp_ln167)> <Delay = 0.00>
ST_2 : Operation 225 [2/2] (3.25ns)   --->   "%a1_3 = load i8 %SBOX_addr_4" [src/aes128.cpp:87]   --->   Operation 225 'load' 'a1_3' <Predicate = (!icmp_ln167)> <Delay = 3.25> <CoreInst = "ROM">   --->   Core 95 'ROM' <Latency = 1> <II = 1> <Delay = 3.25> <Storage> <Opcode : 'load'> <Ports = 0> <Width = 8> <Depth = 256> <ROM>
ST_2 : Operation 226 [1/1] (0.00ns)   --->   "%zext_ln87_2 = zext i8 %p_load218" [src/aes128.cpp:87]   --->   Operation 226 'zext' 'zext_ln87_2' <Predicate = (!icmp_ln167)> <Delay = 0.00>
ST_2 : Operation 227 [1/1] (0.00ns)   --->   "%SBOX_addr_5 = getelementptr i8 %SBOX, i64 0, i64 %zext_ln87_2" [src/aes128.cpp:87]   --->   Operation 227 'getelementptr' 'SBOX_addr_5' <Predicate = (!icmp_ln167)> <Delay = 0.00>
ST_2 : Operation 228 [2/2] (3.25ns)   --->   "%a2_2 = load i8 %SBOX_addr_5" [src/aes128.cpp:87]   --->   Operation 228 'load' 'a2_2' <Predicate = (!icmp_ln167)> <Delay = 3.25> <CoreInst = "ROM">   --->   Core 95 'ROM' <Latency = 1> <II = 1> <Delay = 3.25> <Storage> <Opcode : 'load'> <Ports = 0> <Width = 8> <Depth = 256> <ROM>
ST_2 : Operation 229 [1/1] (0.00ns)   --->   "%zext_ln87_3 = zext i8 %p_load216" [src/aes128.cpp:87]   --->   Operation 229 'zext' 'zext_ln87_3' <Predicate = (!icmp_ln167)> <Delay = 0.00>
ST_2 : Operation 230 [1/1] (0.00ns)   --->   "%SBOX_addr_6 = getelementptr i8 %SBOX, i64 0, i64 %zext_ln87_3" [src/aes128.cpp:87]   --->   Operation 230 'getelementptr' 'SBOX_addr_6' <Predicate = (!icmp_ln167)> <Delay = 0.00>
ST_2 : Operation 231 [2/2] (3.25ns)   --->   "%a3_1 = load i8 %SBOX_addr_6" [src/aes128.cpp:87]   --->   Operation 231 'load' 'a3_1' <Predicate = (!icmp_ln167)> <Delay = 3.25> <CoreInst = "ROM">   --->   Core 95 'ROM' <Latency = 1> <II = 1> <Delay = 3.25> <Storage> <Opcode : 'load'> <Ports = 0> <Width = 8> <Depth = 256> <ROM>
ST_2 : Operation 232 [1/1] (0.00ns)   --->   "%zext_ln87_4 = zext i8 %p_load214" [src/aes128.cpp:87]   --->   Operation 232 'zext' 'zext_ln87_4' <Predicate = (!icmp_ln167)> <Delay = 0.00>
ST_2 : Operation 233 [1/1] (0.00ns)   --->   "%SBOX_addr_7 = getelementptr i8 %SBOX, i64 0, i64 %zext_ln87_4" [src/aes128.cpp:87]   --->   Operation 233 'getelementptr' 'SBOX_addr_7' <Predicate = (!icmp_ln167)> <Delay = 0.00>
ST_2 : Operation 234 [2/2] (3.25ns)   --->   "%a0_1 = load i8 %SBOX_addr_7" [src/aes128.cpp:87]   --->   Operation 234 'load' 'a0_1' <Predicate = (!icmp_ln167)> <Delay = 3.25> <CoreInst = "ROM">   --->   Core 95 'ROM' <Latency = 1> <II = 1> <Delay = 3.25> <Storage> <Opcode : 'load'> <Ports = 0> <Width = 8> <Depth = 256> <ROM>
ST_2 : Operation 235 [1/1] (0.00ns)   --->   "%zext_ln87_5 = zext i8 %p_load212" [src/aes128.cpp:87]   --->   Operation 235 'zext' 'zext_ln87_5' <Predicate = (!icmp_ln167)> <Delay = 0.00>
ST_2 : Operation 236 [1/1] (0.00ns)   --->   "%SBOX_addr_8 = getelementptr i8 %SBOX, i64 0, i64 %zext_ln87_5" [src/aes128.cpp:87]   --->   Operation 236 'getelementptr' 'SBOX_addr_8' <Predicate = (!icmp_ln167)> <Delay = 0.00>
ST_2 : Operation 237 [2/2] (3.25ns)   --->   "%a1 = load i8 %SBOX_addr_8" [src/aes128.cpp:87]   --->   Operation 237 'load' 'a1' <Predicate = (!icmp_ln167)> <Delay = 3.25> <CoreInst = "ROM">   --->   Core 95 'ROM' <Latency = 1> <II = 1> <Delay = 3.25> <Storage> <Opcode : 'load'> <Ports = 0> <Width = 8> <Depth = 256> <ROM>
ST_2 : Operation 238 [1/1] (0.00ns)   --->   "%zext_ln87_6 = zext i8 %p_load210" [src/aes128.cpp:87]   --->   Operation 238 'zext' 'zext_ln87_6' <Predicate = (!icmp_ln167)> <Delay = 0.00>
ST_2 : Operation 239 [1/1] (0.00ns)   --->   "%SBOX_addr_9 = getelementptr i8 %SBOX, i64 0, i64 %zext_ln87_6" [src/aes128.cpp:87]   --->   Operation 239 'getelementptr' 'SBOX_addr_9' <Predicate = (!icmp_ln167)> <Delay = 0.00>
ST_2 : Operation 240 [2/2] (3.25ns)   --->   "%a2_3 = load i8 %SBOX_addr_9" [src/aes128.cpp:87]   --->   Operation 240 'load' 'a2_3' <Predicate = (!icmp_ln167)> <Delay = 3.25> <CoreInst = "ROM">   --->   Core 95 'ROM' <Latency = 1> <II = 1> <Delay = 3.25> <Storage> <Opcode : 'load'> <Ports = 0> <Width = 8> <Depth = 256> <ROM>
ST_2 : Operation 241 [1/1] (0.00ns)   --->   "%zext_ln87_7 = zext i8 %p_load208" [src/aes128.cpp:87]   --->   Operation 241 'zext' 'zext_ln87_7' <Predicate = (!icmp_ln167)> <Delay = 0.00>
ST_2 : Operation 242 [1/1] (0.00ns)   --->   "%SBOX_addr_10 = getelementptr i8 %SBOX, i64 0, i64 %zext_ln87_7" [src/aes128.cpp:87]   --->   Operation 242 'getelementptr' 'SBOX_addr_10' <Predicate = (!icmp_ln167)> <Delay = 0.00>
ST_2 : Operation 243 [2/2] (3.25ns)   --->   "%a3_2 = load i8 %SBOX_addr_10" [src/aes128.cpp:87]   --->   Operation 243 'load' 'a3_2' <Predicate = (!icmp_ln167)> <Delay = 3.25> <CoreInst = "ROM">   --->   Core 95 'ROM' <Latency = 1> <II = 1> <Delay = 3.25> <Storage> <Opcode : 'load'> <Ports = 0> <Width = 8> <Depth = 256> <ROM>
ST_2 : Operation 244 [1/1] (0.00ns)   --->   "%zext_ln87_8 = zext i8 %p_load206" [src/aes128.cpp:87]   --->   Operation 244 'zext' 'zext_ln87_8' <Predicate = (!icmp_ln167)> <Delay = 0.00>
ST_2 : Operation 245 [1/1] (0.00ns)   --->   "%SBOX_addr_11 = getelementptr i8 %SBOX, i64 0, i64 %zext_ln87_8" [src/aes128.cpp:87]   --->   Operation 245 'getelementptr' 'SBOX_addr_11' <Predicate = (!icmp_ln167)> <Delay = 0.00>
ST_2 : Operation 246 [2/2] (3.25ns)   --->   "%a0_2 = load i8 %SBOX_addr_11" [src/aes128.cpp:87]   --->   Operation 246 'load' 'a0_2' <Predicate = (!icmp_ln167)> <Delay = 3.25> <CoreInst = "ROM">   --->   Core 95 'ROM' <Latency = 1> <II = 1> <Delay = 3.25> <Storage> <Opcode : 'load'> <Ports = 0> <Width = 8> <Depth = 256> <ROM>
ST_2 : Operation 247 [1/1] (0.00ns)   --->   "%zext_ln87_9 = zext i8 %p_load204" [src/aes128.cpp:87]   --->   Operation 247 'zext' 'zext_ln87_9' <Predicate = (!icmp_ln167)> <Delay = 0.00>
ST_2 : Operation 248 [1/1] (0.00ns)   --->   "%SBOX_addr_12 = getelementptr i8 %SBOX, i64 0, i64 %zext_ln87_9" [src/aes128.cpp:87]   --->   Operation 248 'getelementptr' 'SBOX_addr_12' <Predicate = (!icmp_ln167)> <Delay = 0.00>
ST_2 : Operation 249 [2/2] (3.25ns)   --->   "%a1_1 = load i8 %SBOX_addr_12" [src/aes128.cpp:87]   --->   Operation 249 'load' 'a1_1' <Predicate = (!icmp_ln167)> <Delay = 3.25> <CoreInst = "ROM">   --->   Core 95 'ROM' <Latency = 1> <II = 1> <Delay = 3.25> <Storage> <Opcode : 'load'> <Ports = 0> <Width = 8> <Depth = 256> <ROM>
ST_2 : Operation 250 [1/1] (0.00ns)   --->   "%zext_ln87_10 = zext i8 %p_load202" [src/aes128.cpp:87]   --->   Operation 250 'zext' 'zext_ln87_10' <Predicate = (!icmp_ln167)> <Delay = 0.00>
ST_2 : Operation 251 [1/1] (0.00ns)   --->   "%SBOX_addr_13 = getelementptr i8 %SBOX, i64 0, i64 %zext_ln87_10" [src/aes128.cpp:87]   --->   Operation 251 'getelementptr' 'SBOX_addr_13' <Predicate = (!icmp_ln167)> <Delay = 0.00>
ST_2 : Operation 252 [2/2] (3.25ns)   --->   "%a2 = load i8 %SBOX_addr_13" [src/aes128.cpp:87]   --->   Operation 252 'load' 'a2' <Predicate = (!icmp_ln167)> <Delay = 3.25> <CoreInst = "ROM">   --->   Core 95 'ROM' <Latency = 1> <II = 1> <Delay = 3.25> <Storage> <Opcode : 'load'> <Ports = 0> <Width = 8> <Depth = 256> <ROM>
ST_2 : Operation 253 [1/1] (0.00ns)   --->   "%zext_ln87_11 = zext i8 %p_load200" [src/aes128.cpp:87]   --->   Operation 253 'zext' 'zext_ln87_11' <Predicate = (!icmp_ln167)> <Delay = 0.00>
ST_2 : Operation 254 [1/1] (0.00ns)   --->   "%SBOX_addr_14 = getelementptr i8 %SBOX, i64 0, i64 %zext_ln87_11" [src/aes128.cpp:87]   --->   Operation 254 'getelementptr' 'SBOX_addr_14' <Predicate = (!icmp_ln167)> <Delay = 0.00>
ST_2 : Operation 255 [2/2] (3.25ns)   --->   "%a3_3 = load i8 %SBOX_addr_14" [src/aes128.cpp:87]   --->   Operation 255 'load' 'a3_3' <Predicate = (!icmp_ln167)> <Delay = 3.25> <CoreInst = "ROM">   --->   Core 95 'ROM' <Latency = 1> <II = 1> <Delay = 3.25> <Storage> <Opcode : 'load'> <Ports = 0> <Width = 8> <Depth = 256> <ROM>
ST_2 : Operation 256 [1/1] (0.00ns)   --->   "%zext_ln87_12 = zext i8 %p_load198" [src/aes128.cpp:87]   --->   Operation 256 'zext' 'zext_ln87_12' <Predicate = (!icmp_ln167)> <Delay = 0.00>
ST_2 : Operation 257 [1/1] (0.00ns)   --->   "%SBOX_addr_15 = getelementptr i8 %SBOX, i64 0, i64 %zext_ln87_12" [src/aes128.cpp:87]   --->   Operation 257 'getelementptr' 'SBOX_addr_15' <Predicate = (!icmp_ln167)> <Delay = 0.00>
ST_2 : Operation 258 [2/2] (3.25ns)   --->   "%a0_3 = load i8 %SBOX_addr_15" [src/aes128.cpp:87]   --->   Operation 258 'load' 'a0_3' <Predicate = (!icmp_ln167)> <Delay = 3.25> <CoreInst = "ROM">   --->   Core 95 'ROM' <Latency = 1> <II = 1> <Delay = 3.25> <Storage> <Opcode : 'load'> <Ports = 0> <Width = 8> <Depth = 256> <ROM>
ST_2 : Operation 259 [1/1] (0.00ns)   --->   "%zext_ln87_13 = zext i8 %p_load196" [src/aes128.cpp:87]   --->   Operation 259 'zext' 'zext_ln87_13' <Predicate = (!icmp_ln167)> <Delay = 0.00>
ST_2 : Operation 260 [1/1] (0.00ns)   --->   "%SBOX_addr_16 = getelementptr i8 %SBOX, i64 0, i64 %zext_ln87_13" [src/aes128.cpp:87]   --->   Operation 260 'getelementptr' 'SBOX_addr_16' <Predicate = (!icmp_ln167)> <Delay = 0.00>
ST_2 : Operation 261 [2/2] (3.25ns)   --->   "%a1_2 = load i8 %SBOX_addr_16" [src/aes128.cpp:87]   --->   Operation 261 'load' 'a1_2' <Predicate = (!icmp_ln167)> <Delay = 3.25> <CoreInst = "ROM">   --->   Core 95 'ROM' <Latency = 1> <II = 1> <Delay = 3.25> <Storage> <Opcode : 'load'> <Ports = 0> <Width = 8> <Depth = 256> <ROM>
ST_2 : Operation 262 [1/1] (0.00ns)   --->   "%zext_ln87_14 = zext i8 %p_load194" [src/aes128.cpp:87]   --->   Operation 262 'zext' 'zext_ln87_14' <Predicate = (!icmp_ln167)> <Delay = 0.00>
ST_2 : Operation 263 [1/1] (0.00ns)   --->   "%SBOX_addr_17 = getelementptr i8 %SBOX, i64 0, i64 %zext_ln87_14" [src/aes128.cpp:87]   --->   Operation 263 'getelementptr' 'SBOX_addr_17' <Predicate = (!icmp_ln167)> <Delay = 0.00>
ST_2 : Operation 264 [2/2] (3.25ns)   --->   "%a2_1 = load i8 %SBOX_addr_17" [src/aes128.cpp:87]   --->   Operation 264 'load' 'a2_1' <Predicate = (!icmp_ln167)> <Delay = 3.25> <CoreInst = "ROM">   --->   Core 95 'ROM' <Latency = 1> <II = 1> <Delay = 3.25> <Storage> <Opcode : 'load'> <Ports = 0> <Width = 8> <Depth = 256> <ROM>
ST_2 : Operation 265 [1/1] (0.00ns)   --->   "%zext_ln87_15 = zext i8 %p_load192" [src/aes128.cpp:87]   --->   Operation 265 'zext' 'zext_ln87_15' <Predicate = (!icmp_ln167)> <Delay = 0.00>
ST_2 : Operation 266 [1/1] (0.00ns)   --->   "%SBOX_addr_18 = getelementptr i8 %SBOX, i64 0, i64 %zext_ln87_15" [src/aes128.cpp:87]   --->   Operation 266 'getelementptr' 'SBOX_addr_18' <Predicate = (!icmp_ln167)> <Delay = 0.00>
ST_2 : Operation 267 [2/2] (3.25ns)   --->   "%a3 = load i8 %SBOX_addr_18" [src/aes128.cpp:87]   --->   Operation 267 'load' 'a3' <Predicate = (!icmp_ln167)> <Delay = 3.25> <CoreInst = "ROM">   --->   Core 95 'ROM' <Latency = 1> <II = 1> <Delay = 3.25> <Storage> <Opcode : 'load'> <Ports = 0> <Width = 8> <Depth = 256> <ROM>
ST_2 : Operation 268 [1/1] (0.00ns)   --->   "%shl_ln4 = bitconcatenate i8 @_ssdm_op_BitConcatenate.i8.i4.i4, i4 %round_1, i4 0" [src/aes128.cpp:172]   --->   Operation 268 'bitconcatenate' 'shl_ln4' <Predicate = (!icmp_ln167)> <Delay = 0.00>
ST_2 : Operation 269 [1/1] (4.35ns)   --->   "%tmp_5 = mux i8 @_ssdm_op_Mux.ap_auto.145i8.i8, i8 0, i8 0, i8 0, i8 0, i8 0, i8 0, i8 0, i8 0, i8 0, i8 0, i8 0, i8 0, i8 0, i8 0, i8 0, i8 0, i8 %round_keys_16_reload_read, i8 0, i8 0, i8 0, i8 0, i8 0, i8 0, i8 0, i8 0, i8 0, i8 0, i8 0, i8 0, i8 0, i8 0, i8 0, i8 %round_keys_32_reload_read, i8 0, i8 0, i8 0, i8 0, i8 0, i8 0, i8 0, i8 0, i8 0, i8 0, i8 0, i8 0, i8 0, i8 0, i8 0, i8 %round_keys_48_reload_read, i8 0, i8 0, i8 0, i8 0, i8 0, i8 0, i8 0, i8 0, i8 0, i8 0, i8 0, i8 0, i8 0, i8 0, i8 0, i8 %round_keys_64_reload_read, i8 0, i8 0, i8 0, i8 0, i8 0, i8 0, i8 0, i8 0, i8 0, i8 0, i8 0, i8 0, i8 0, i8 0, i8 0, i8 %round_keys_80_reload_read, i8 0, i8 0, i8 0, i8 0, i8 0, i8 0, i8 0, i8 0, i8 0, i8 0, i8 0, i8 0, i8 0, i8 0, i8 0, i8 %round_keys_96_reload_read, i8 0, i8 0, i8 0, i8 0, i8 0, i8 0, i8 0, i8 0, i8 0, i8 0, i8 0, i8 0, i8 0, i8 0, i8 0, i8 %round_keys_112_reload_read, i8 0, i8 0, i8 0, i8 0, i8 0, i8 0, i8 0, i8 0, i8 0, i8 0, i8 0, i8 0, i8 0, i8 0, i8 0, i8 %round_keys_128_reload_read, i8 0, i8 0, i8 0, i8 0, i8 0, i8 0, i8 0, i8 0, i8 0, i8 0, i8 0, i8 0, i8 0, i8 0, i8 0, i8 %round_keys_144_reload_read, i8 %shl_ln4" [src/aes128.cpp:76]   --->   Operation 269 'mux' 'tmp_5' <Predicate = (!icmp_ln167)> <Delay = 4.35> <CoreInst = "Multiplexer">   --->   Core 76 'Multiplexer' <Latency = 0> <II = 1> <Delay = 4.35> <FuncUnit> <Opcode : 'mux'> <InPorts = 2> <OutPorts = 1>
ST_2 : Operation 270 [1/1] (4.35ns)   --->   "%tmp_6 = mux i8 @_ssdm_op_Mux.ap_auto.145i8.i8, i8 0, i8 0, i8 0, i8 0, i8 0, i8 0, i8 0, i8 0, i8 0, i8 0, i8 0, i8 0, i8 0, i8 0, i8 0, i8 0, i8 %round_keys_17_reload_read, i8 0, i8 0, i8 0, i8 0, i8 0, i8 0, i8 0, i8 0, i8 0, i8 0, i8 0, i8 0, i8 0, i8 0, i8 0, i8 %round_keys_33_reload_read, i8 0, i8 0, i8 0, i8 0, i8 0, i8 0, i8 0, i8 0, i8 0, i8 0, i8 0, i8 0, i8 0, i8 0, i8 0, i8 %round_keys_49_reload_read, i8 0, i8 0, i8 0, i8 0, i8 0, i8 0, i8 0, i8 0, i8 0, i8 0, i8 0, i8 0, i8 0, i8 0, i8 0, i8 %round_keys_65_reload_read, i8 0, i8 0, i8 0, i8 0, i8 0, i8 0, i8 0, i8 0, i8 0, i8 0, i8 0, i8 0, i8 0, i8 0, i8 0, i8 %round_keys_81_reload_read, i8 0, i8 0, i8 0, i8 0, i8 0, i8 0, i8 0, i8 0, i8 0, i8 0, i8 0, i8 0, i8 0, i8 0, i8 0, i8 %round_keys_97_reload_read, i8 0, i8 0, i8 0, i8 0, i8 0, i8 0, i8 0, i8 0, i8 0, i8 0, i8 0, i8 0, i8 0, i8 0, i8 0, i8 %round_keys_113_reload_read, i8 0, i8 0, i8 0, i8 0, i8 0, i8 0, i8 0, i8 0, i8 0, i8 0, i8 0, i8 0, i8 0, i8 0, i8 0, i8 %round_keys_129_reload_read, i8 0, i8 0, i8 0, i8 0, i8 0, i8 0, i8 0, i8 0, i8 0, i8 0, i8 0, i8 0, i8 0, i8 0, i8 0, i8 %round_keys_145_reload_read, i8 %shl_ln4" [src/aes128.cpp:76]   --->   Operation 270 'mux' 'tmp_6' <Predicate = (!icmp_ln167)> <Delay = 4.35> <CoreInst = "Multiplexer">   --->   Core 76 'Multiplexer' <Latency = 0> <II = 1> <Delay = 4.35> <FuncUnit> <Opcode : 'mux'> <InPorts = 2> <OutPorts = 1>
ST_2 : Operation 271 [1/1] (4.35ns)   --->   "%tmp_7 = mux i8 @_ssdm_op_Mux.ap_auto.145i8.i8, i8 0, i8 0, i8 0, i8 0, i8 0, i8 0, i8 0, i8 0, i8 0, i8 0, i8 0, i8 0, i8 0, i8 0, i8 0, i8 0, i8 %round_keys_18_reload_read, i8 0, i8 0, i8 0, i8 0, i8 0, i8 0, i8 0, i8 0, i8 0, i8 0, i8 0, i8 0, i8 0, i8 0, i8 0, i8 %round_keys_34_reload_read, i8 0, i8 0, i8 0, i8 0, i8 0, i8 0, i8 0, i8 0, i8 0, i8 0, i8 0, i8 0, i8 0, i8 0, i8 0, i8 %round_keys_50_reload_read, i8 0, i8 0, i8 0, i8 0, i8 0, i8 0, i8 0, i8 0, i8 0, i8 0, i8 0, i8 0, i8 0, i8 0, i8 0, i8 %round_keys_66_reload_read, i8 0, i8 0, i8 0, i8 0, i8 0, i8 0, i8 0, i8 0, i8 0, i8 0, i8 0, i8 0, i8 0, i8 0, i8 0, i8 %round_keys_82_reload_read, i8 0, i8 0, i8 0, i8 0, i8 0, i8 0, i8 0, i8 0, i8 0, i8 0, i8 0, i8 0, i8 0, i8 0, i8 0, i8 %round_keys_98_reload_read, i8 0, i8 0, i8 0, i8 0, i8 0, i8 0, i8 0, i8 0, i8 0, i8 0, i8 0, i8 0, i8 0, i8 0, i8 0, i8 %round_keys_114_reload_read, i8 0, i8 0, i8 0, i8 0, i8 0, i8 0, i8 0, i8 0, i8 0, i8 0, i8 0, i8 0, i8 0, i8 0, i8 0, i8 %round_keys_130_reload_read, i8 0, i8 0, i8 0, i8 0, i8 0, i8 0, i8 0, i8 0, i8 0, i8 0, i8 0, i8 0, i8 0, i8 0, i8 0, i8 %round_keys_146_reload_read, i8 %shl_ln4" [src/aes128.cpp:76]   --->   Operation 271 'mux' 'tmp_7' <Predicate = (!icmp_ln167)> <Delay = 4.35> <CoreInst = "Multiplexer">   --->   Core 76 'Multiplexer' <Latency = 0> <II = 1> <Delay = 4.35> <FuncUnit> <Opcode : 'mux'> <InPorts = 2> <OutPorts = 1>
ST_2 : Operation 272 [1/1] (4.35ns)   --->   "%tmp_8 = mux i8 @_ssdm_op_Mux.ap_auto.145i8.i8, i8 0, i8 0, i8 0, i8 0, i8 0, i8 0, i8 0, i8 0, i8 0, i8 0, i8 0, i8 0, i8 0, i8 0, i8 0, i8 0, i8 %round_keys_19_reload_read, i8 0, i8 0, i8 0, i8 0, i8 0, i8 0, i8 0, i8 0, i8 0, i8 0, i8 0, i8 0, i8 0, i8 0, i8 0, i8 %round_keys_35_reload_read, i8 0, i8 0, i8 0, i8 0, i8 0, i8 0, i8 0, i8 0, i8 0, i8 0, i8 0, i8 0, i8 0, i8 0, i8 0, i8 %round_keys_51_reload_read, i8 0, i8 0, i8 0, i8 0, i8 0, i8 0, i8 0, i8 0, i8 0, i8 0, i8 0, i8 0, i8 0, i8 0, i8 0, i8 %round_keys_67_reload_read, i8 0, i8 0, i8 0, i8 0, i8 0, i8 0, i8 0, i8 0, i8 0, i8 0, i8 0, i8 0, i8 0, i8 0, i8 0, i8 %round_keys_83_reload_read, i8 0, i8 0, i8 0, i8 0, i8 0, i8 0, i8 0, i8 0, i8 0, i8 0, i8 0, i8 0, i8 0, i8 0, i8 0, i8 %round_keys_99_reload_read, i8 0, i8 0, i8 0, i8 0, i8 0, i8 0, i8 0, i8 0, i8 0, i8 0, i8 0, i8 0, i8 0, i8 0, i8 0, i8 %round_keys_115_reload_read, i8 0, i8 0, i8 0, i8 0, i8 0, i8 0, i8 0, i8 0, i8 0, i8 0, i8 0, i8 0, i8 0, i8 0, i8 0, i8 %round_keys_131_reload_read, i8 0, i8 0, i8 0, i8 0, i8 0, i8 0, i8 0, i8 0, i8 0, i8 0, i8 0, i8 0, i8 0, i8 0, i8 0, i8 %round_keys_147_reload_read, i8 %shl_ln4" [src/aes128.cpp:76]   --->   Operation 272 'mux' 'tmp_8' <Predicate = (!icmp_ln167)> <Delay = 4.35> <CoreInst = "Multiplexer">   --->   Core 76 'Multiplexer' <Latency = 0> <II = 1> <Delay = 4.35> <FuncUnit> <Opcode : 'mux'> <InPorts = 2> <OutPorts = 1>
ST_2 : Operation 273 [1/1] (4.35ns)   --->   "%tmp_9 = mux i8 @_ssdm_op_Mux.ap_auto.145i8.i8, i8 0, i8 0, i8 0, i8 0, i8 0, i8 0, i8 0, i8 0, i8 0, i8 0, i8 0, i8 0, i8 0, i8 0, i8 0, i8 0, i8 %round_keys_20_reload_read, i8 0, i8 0, i8 0, i8 0, i8 0, i8 0, i8 0, i8 0, i8 0, i8 0, i8 0, i8 0, i8 0, i8 0, i8 0, i8 %round_keys_36_reload_read, i8 0, i8 0, i8 0, i8 0, i8 0, i8 0, i8 0, i8 0, i8 0, i8 0, i8 0, i8 0, i8 0, i8 0, i8 0, i8 %round_keys_52_reload_read, i8 0, i8 0, i8 0, i8 0, i8 0, i8 0, i8 0, i8 0, i8 0, i8 0, i8 0, i8 0, i8 0, i8 0, i8 0, i8 %round_keys_68_reload_read, i8 0, i8 0, i8 0, i8 0, i8 0, i8 0, i8 0, i8 0, i8 0, i8 0, i8 0, i8 0, i8 0, i8 0, i8 0, i8 %round_keys_84_reload_read, i8 0, i8 0, i8 0, i8 0, i8 0, i8 0, i8 0, i8 0, i8 0, i8 0, i8 0, i8 0, i8 0, i8 0, i8 0, i8 %round_keys_100_reload_read, i8 0, i8 0, i8 0, i8 0, i8 0, i8 0, i8 0, i8 0, i8 0, i8 0, i8 0, i8 0, i8 0, i8 0, i8 0, i8 %round_keys_116_reload_read, i8 0, i8 0, i8 0, i8 0, i8 0, i8 0, i8 0, i8 0, i8 0, i8 0, i8 0, i8 0, i8 0, i8 0, i8 0, i8 %round_keys_132_reload_read, i8 0, i8 0, i8 0, i8 0, i8 0, i8 0, i8 0, i8 0, i8 0, i8 0, i8 0, i8 0, i8 0, i8 0, i8 0, i8 %round_keys_148_reload_read, i8 %shl_ln4" [src/aes128.cpp:76]   --->   Operation 273 'mux' 'tmp_9' <Predicate = (!icmp_ln167)> <Delay = 4.35> <CoreInst = "Multiplexer">   --->   Core 76 'Multiplexer' <Latency = 0> <II = 1> <Delay = 4.35> <FuncUnit> <Opcode : 'mux'> <InPorts = 2> <OutPorts = 1>
ST_2 : Operation 274 [1/1] (4.35ns)   --->   "%tmp_s = mux i8 @_ssdm_op_Mux.ap_auto.145i8.i8, i8 0, i8 0, i8 0, i8 0, i8 0, i8 0, i8 0, i8 0, i8 0, i8 0, i8 0, i8 0, i8 0, i8 0, i8 0, i8 0, i8 %round_keys_21_reload_read, i8 0, i8 0, i8 0, i8 0, i8 0, i8 0, i8 0, i8 0, i8 0, i8 0, i8 0, i8 0, i8 0, i8 0, i8 0, i8 %round_keys_37_reload_read, i8 0, i8 0, i8 0, i8 0, i8 0, i8 0, i8 0, i8 0, i8 0, i8 0, i8 0, i8 0, i8 0, i8 0, i8 0, i8 %round_keys_53_reload_read, i8 0, i8 0, i8 0, i8 0, i8 0, i8 0, i8 0, i8 0, i8 0, i8 0, i8 0, i8 0, i8 0, i8 0, i8 0, i8 %round_keys_69_reload_read, i8 0, i8 0, i8 0, i8 0, i8 0, i8 0, i8 0, i8 0, i8 0, i8 0, i8 0, i8 0, i8 0, i8 0, i8 0, i8 %round_keys_85_reload_read, i8 0, i8 0, i8 0, i8 0, i8 0, i8 0, i8 0, i8 0, i8 0, i8 0, i8 0, i8 0, i8 0, i8 0, i8 0, i8 %round_keys_101_reload_read, i8 0, i8 0, i8 0, i8 0, i8 0, i8 0, i8 0, i8 0, i8 0, i8 0, i8 0, i8 0, i8 0, i8 0, i8 0, i8 %round_keys_117_reload_read, i8 0, i8 0, i8 0, i8 0, i8 0, i8 0, i8 0, i8 0, i8 0, i8 0, i8 0, i8 0, i8 0, i8 0, i8 0, i8 %round_keys_133_reload_read, i8 0, i8 0, i8 0, i8 0, i8 0, i8 0, i8 0, i8 0, i8 0, i8 0, i8 0, i8 0, i8 0, i8 0, i8 0, i8 %round_keys_149_reload_read, i8 %shl_ln4" [src/aes128.cpp:76]   --->   Operation 274 'mux' 'tmp_s' <Predicate = (!icmp_ln167)> <Delay = 4.35> <CoreInst = "Multiplexer">   --->   Core 76 'Multiplexer' <Latency = 0> <II = 1> <Delay = 4.35> <FuncUnit> <Opcode : 'mux'> <InPorts = 2> <OutPorts = 1>
ST_2 : Operation 275 [1/1] (4.35ns)   --->   "%tmp_1 = mux i8 @_ssdm_op_Mux.ap_auto.145i8.i8, i8 0, i8 0, i8 0, i8 0, i8 0, i8 0, i8 0, i8 0, i8 0, i8 0, i8 0, i8 0, i8 0, i8 0, i8 0, i8 0, i8 %round_keys_22_reload_read, i8 0, i8 0, i8 0, i8 0, i8 0, i8 0, i8 0, i8 0, i8 0, i8 0, i8 0, i8 0, i8 0, i8 0, i8 0, i8 %round_keys_38_reload_read, i8 0, i8 0, i8 0, i8 0, i8 0, i8 0, i8 0, i8 0, i8 0, i8 0, i8 0, i8 0, i8 0, i8 0, i8 0, i8 %round_keys_54_reload_read, i8 0, i8 0, i8 0, i8 0, i8 0, i8 0, i8 0, i8 0, i8 0, i8 0, i8 0, i8 0, i8 0, i8 0, i8 0, i8 %round_keys_70_reload_read, i8 0, i8 0, i8 0, i8 0, i8 0, i8 0, i8 0, i8 0, i8 0, i8 0, i8 0, i8 0, i8 0, i8 0, i8 0, i8 %round_keys_86_reload_read, i8 0, i8 0, i8 0, i8 0, i8 0, i8 0, i8 0, i8 0, i8 0, i8 0, i8 0, i8 0, i8 0, i8 0, i8 0, i8 %round_keys_102_reload_read, i8 0, i8 0, i8 0, i8 0, i8 0, i8 0, i8 0, i8 0, i8 0, i8 0, i8 0, i8 0, i8 0, i8 0, i8 0, i8 %round_keys_118_reload_read, i8 0, i8 0, i8 0, i8 0, i8 0, i8 0, i8 0, i8 0, i8 0, i8 0, i8 0, i8 0, i8 0, i8 0, i8 0, i8 %round_keys_134_reload_read, i8 0, i8 0, i8 0, i8 0, i8 0, i8 0, i8 0, i8 0, i8 0, i8 0, i8 0, i8 0, i8 0, i8 0, i8 0, i8 %round_keys_150_reload_read, i8 %shl_ln4" [src/aes128.cpp:76]   --->   Operation 275 'mux' 'tmp_1' <Predicate = (!icmp_ln167)> <Delay = 4.35> <CoreInst = "Multiplexer">   --->   Core 76 'Multiplexer' <Latency = 0> <II = 1> <Delay = 4.35> <FuncUnit> <Opcode : 'mux'> <InPorts = 2> <OutPorts = 1>
ST_2 : Operation 276 [1/1] (4.35ns)   --->   "%tmp_2 = mux i8 @_ssdm_op_Mux.ap_auto.145i8.i8, i8 0, i8 0, i8 0, i8 0, i8 0, i8 0, i8 0, i8 0, i8 0, i8 0, i8 0, i8 0, i8 0, i8 0, i8 0, i8 0, i8 %round_keys_23_reload_read, i8 0, i8 0, i8 0, i8 0, i8 0, i8 0, i8 0, i8 0, i8 0, i8 0, i8 0, i8 0, i8 0, i8 0, i8 0, i8 %round_keys_39_reload_read, i8 0, i8 0, i8 0, i8 0, i8 0, i8 0, i8 0, i8 0, i8 0, i8 0, i8 0, i8 0, i8 0, i8 0, i8 0, i8 %round_keys_55_reload_read, i8 0, i8 0, i8 0, i8 0, i8 0, i8 0, i8 0, i8 0, i8 0, i8 0, i8 0, i8 0, i8 0, i8 0, i8 0, i8 %round_keys_71_reload_read, i8 0, i8 0, i8 0, i8 0, i8 0, i8 0, i8 0, i8 0, i8 0, i8 0, i8 0, i8 0, i8 0, i8 0, i8 0, i8 %round_keys_87_reload_read, i8 0, i8 0, i8 0, i8 0, i8 0, i8 0, i8 0, i8 0, i8 0, i8 0, i8 0, i8 0, i8 0, i8 0, i8 0, i8 %round_keys_103_reload_read, i8 0, i8 0, i8 0, i8 0, i8 0, i8 0, i8 0, i8 0, i8 0, i8 0, i8 0, i8 0, i8 0, i8 0, i8 0, i8 %round_keys_119_reload_read, i8 0, i8 0, i8 0, i8 0, i8 0, i8 0, i8 0, i8 0, i8 0, i8 0, i8 0, i8 0, i8 0, i8 0, i8 0, i8 %round_keys_135_reload_read, i8 0, i8 0, i8 0, i8 0, i8 0, i8 0, i8 0, i8 0, i8 0, i8 0, i8 0, i8 0, i8 0, i8 0, i8 0, i8 %round_keys_151_reload_read, i8 %shl_ln4" [src/aes128.cpp:76]   --->   Operation 276 'mux' 'tmp_2' <Predicate = (!icmp_ln167)> <Delay = 4.35> <CoreInst = "Multiplexer">   --->   Core 76 'Multiplexer' <Latency = 0> <II = 1> <Delay = 4.35> <FuncUnit> <Opcode : 'mux'> <InPorts = 2> <OutPorts = 1>
ST_2 : Operation 277 [1/1] (4.35ns)   --->   "%tmp_3 = mux i8 @_ssdm_op_Mux.ap_auto.145i8.i8, i8 0, i8 0, i8 0, i8 0, i8 0, i8 0, i8 0, i8 0, i8 0, i8 0, i8 0, i8 0, i8 0, i8 0, i8 0, i8 0, i8 %round_keys_24_reload_read, i8 0, i8 0, i8 0, i8 0, i8 0, i8 0, i8 0, i8 0, i8 0, i8 0, i8 0, i8 0, i8 0, i8 0, i8 0, i8 %round_keys_40_reload_read, i8 0, i8 0, i8 0, i8 0, i8 0, i8 0, i8 0, i8 0, i8 0, i8 0, i8 0, i8 0, i8 0, i8 0, i8 0, i8 %round_keys_56_reload_read, i8 0, i8 0, i8 0, i8 0, i8 0, i8 0, i8 0, i8 0, i8 0, i8 0, i8 0, i8 0, i8 0, i8 0, i8 0, i8 %round_keys_72_reload_read, i8 0, i8 0, i8 0, i8 0, i8 0, i8 0, i8 0, i8 0, i8 0, i8 0, i8 0, i8 0, i8 0, i8 0, i8 0, i8 %round_keys_88_reload_read, i8 0, i8 0, i8 0, i8 0, i8 0, i8 0, i8 0, i8 0, i8 0, i8 0, i8 0, i8 0, i8 0, i8 0, i8 0, i8 %round_keys_104_reload_read, i8 0, i8 0, i8 0, i8 0, i8 0, i8 0, i8 0, i8 0, i8 0, i8 0, i8 0, i8 0, i8 0, i8 0, i8 0, i8 %round_keys_120_reload_read, i8 0, i8 0, i8 0, i8 0, i8 0, i8 0, i8 0, i8 0, i8 0, i8 0, i8 0, i8 0, i8 0, i8 0, i8 0, i8 %round_keys_136_reload_read, i8 0, i8 0, i8 0, i8 0, i8 0, i8 0, i8 0, i8 0, i8 0, i8 0, i8 0, i8 0, i8 0, i8 0, i8 0, i8 %round_keys_152_reload_read, i8 %shl_ln4" [src/aes128.cpp:76]   --->   Operation 277 'mux' 'tmp_3' <Predicate = (!icmp_ln167)> <Delay = 4.35> <CoreInst = "Multiplexer">   --->   Core 76 'Multiplexer' <Latency = 0> <II = 1> <Delay = 4.35> <FuncUnit> <Opcode : 'mux'> <InPorts = 2> <OutPorts = 1>
ST_2 : Operation 278 [1/1] (4.35ns)   --->   "%tmp_4 = mux i8 @_ssdm_op_Mux.ap_auto.145i8.i8, i8 0, i8 0, i8 0, i8 0, i8 0, i8 0, i8 0, i8 0, i8 0, i8 0, i8 0, i8 0, i8 0, i8 0, i8 0, i8 0, i8 %round_keys_25_reload_read, i8 0, i8 0, i8 0, i8 0, i8 0, i8 0, i8 0, i8 0, i8 0, i8 0, i8 0, i8 0, i8 0, i8 0, i8 0, i8 %round_keys_41_reload_read, i8 0, i8 0, i8 0, i8 0, i8 0, i8 0, i8 0, i8 0, i8 0, i8 0, i8 0, i8 0, i8 0, i8 0, i8 0, i8 %round_keys_57_reload_read, i8 0, i8 0, i8 0, i8 0, i8 0, i8 0, i8 0, i8 0, i8 0, i8 0, i8 0, i8 0, i8 0, i8 0, i8 0, i8 %round_keys_73_reload_read, i8 0, i8 0, i8 0, i8 0, i8 0, i8 0, i8 0, i8 0, i8 0, i8 0, i8 0, i8 0, i8 0, i8 0, i8 0, i8 %round_keys_89_reload_read, i8 0, i8 0, i8 0, i8 0, i8 0, i8 0, i8 0, i8 0, i8 0, i8 0, i8 0, i8 0, i8 0, i8 0, i8 0, i8 %round_keys_105_reload_read, i8 0, i8 0, i8 0, i8 0, i8 0, i8 0, i8 0, i8 0, i8 0, i8 0, i8 0, i8 0, i8 0, i8 0, i8 0, i8 %round_keys_121_reload_read, i8 0, i8 0, i8 0, i8 0, i8 0, i8 0, i8 0, i8 0, i8 0, i8 0, i8 0, i8 0, i8 0, i8 0, i8 0, i8 %round_keys_137_reload_read, i8 0, i8 0, i8 0, i8 0, i8 0, i8 0, i8 0, i8 0, i8 0, i8 0, i8 0, i8 0, i8 0, i8 0, i8 0, i8 %round_keys_153_reload_read, i8 %shl_ln4" [src/aes128.cpp:76]   --->   Operation 278 'mux' 'tmp_4' <Predicate = (!icmp_ln167)> <Delay = 4.35> <CoreInst = "Multiplexer">   --->   Core 76 'Multiplexer' <Latency = 0> <II = 1> <Delay = 4.35> <FuncUnit> <Opcode : 'mux'> <InPorts = 2> <OutPorts = 1>
ST_2 : Operation 279 [1/1] (4.35ns)   --->   "%tmp_10 = mux i8 @_ssdm_op_Mux.ap_auto.145i8.i8, i8 0, i8 0, i8 0, i8 0, i8 0, i8 0, i8 0, i8 0, i8 0, i8 0, i8 0, i8 0, i8 0, i8 0, i8 0, i8 0, i8 %round_keys_26_reload_read, i8 0, i8 0, i8 0, i8 0, i8 0, i8 0, i8 0, i8 0, i8 0, i8 0, i8 0, i8 0, i8 0, i8 0, i8 0, i8 %round_keys_42_reload_read, i8 0, i8 0, i8 0, i8 0, i8 0, i8 0, i8 0, i8 0, i8 0, i8 0, i8 0, i8 0, i8 0, i8 0, i8 0, i8 %round_keys_58_reload_read, i8 0, i8 0, i8 0, i8 0, i8 0, i8 0, i8 0, i8 0, i8 0, i8 0, i8 0, i8 0, i8 0, i8 0, i8 0, i8 %round_keys_74_reload_read, i8 0, i8 0, i8 0, i8 0, i8 0, i8 0, i8 0, i8 0, i8 0, i8 0, i8 0, i8 0, i8 0, i8 0, i8 0, i8 %round_keys_90_reload_read, i8 0, i8 0, i8 0, i8 0, i8 0, i8 0, i8 0, i8 0, i8 0, i8 0, i8 0, i8 0, i8 0, i8 0, i8 0, i8 %round_keys_106_reload_read, i8 0, i8 0, i8 0, i8 0, i8 0, i8 0, i8 0, i8 0, i8 0, i8 0, i8 0, i8 0, i8 0, i8 0, i8 0, i8 %round_keys_122_reload_read, i8 0, i8 0, i8 0, i8 0, i8 0, i8 0, i8 0, i8 0, i8 0, i8 0, i8 0, i8 0, i8 0, i8 0, i8 0, i8 %round_keys_138_reload_read, i8 0, i8 0, i8 0, i8 0, i8 0, i8 0, i8 0, i8 0, i8 0, i8 0, i8 0, i8 0, i8 0, i8 0, i8 0, i8 %round_keys_154_reload_read, i8 %shl_ln4" [src/aes128.cpp:76]   --->   Operation 279 'mux' 'tmp_10' <Predicate = (!icmp_ln167)> <Delay = 4.35> <CoreInst = "Multiplexer">   --->   Core 76 'Multiplexer' <Latency = 0> <II = 1> <Delay = 4.35> <FuncUnit> <Opcode : 'mux'> <InPorts = 2> <OutPorts = 1>
ST_2 : Operation 280 [1/1] (4.35ns)   --->   "%tmp_11 = mux i8 @_ssdm_op_Mux.ap_auto.145i8.i8, i8 0, i8 0, i8 0, i8 0, i8 0, i8 0, i8 0, i8 0, i8 0, i8 0, i8 0, i8 0, i8 0, i8 0, i8 0, i8 0, i8 %round_keys_27_reload_read, i8 0, i8 0, i8 0, i8 0, i8 0, i8 0, i8 0, i8 0, i8 0, i8 0, i8 0, i8 0, i8 0, i8 0, i8 0, i8 %round_keys_43_reload_read, i8 0, i8 0, i8 0, i8 0, i8 0, i8 0, i8 0, i8 0, i8 0, i8 0, i8 0, i8 0, i8 0, i8 0, i8 0, i8 %round_keys_59_reload_read, i8 0, i8 0, i8 0, i8 0, i8 0, i8 0, i8 0, i8 0, i8 0, i8 0, i8 0, i8 0, i8 0, i8 0, i8 0, i8 %round_keys_75_reload_read, i8 0, i8 0, i8 0, i8 0, i8 0, i8 0, i8 0, i8 0, i8 0, i8 0, i8 0, i8 0, i8 0, i8 0, i8 0, i8 %round_keys_91_reload_read, i8 0, i8 0, i8 0, i8 0, i8 0, i8 0, i8 0, i8 0, i8 0, i8 0, i8 0, i8 0, i8 0, i8 0, i8 0, i8 %round_keys_107_reload_read, i8 0, i8 0, i8 0, i8 0, i8 0, i8 0, i8 0, i8 0, i8 0, i8 0, i8 0, i8 0, i8 0, i8 0, i8 0, i8 %round_keys_123_reload_read, i8 0, i8 0, i8 0, i8 0, i8 0, i8 0, i8 0, i8 0, i8 0, i8 0, i8 0, i8 0, i8 0, i8 0, i8 0, i8 %round_keys_139_reload_read, i8 0, i8 0, i8 0, i8 0, i8 0, i8 0, i8 0, i8 0, i8 0, i8 0, i8 0, i8 0, i8 0, i8 0, i8 0, i8 %round_keys_155_reload_read, i8 %shl_ln4" [src/aes128.cpp:76]   --->   Operation 280 'mux' 'tmp_11' <Predicate = (!icmp_ln167)> <Delay = 4.35> <CoreInst = "Multiplexer">   --->   Core 76 'Multiplexer' <Latency = 0> <II = 1> <Delay = 4.35> <FuncUnit> <Opcode : 'mux'> <InPorts = 2> <OutPorts = 1>
ST_2 : Operation 281 [1/1] (4.35ns)   --->   "%tmp_12 = mux i8 @_ssdm_op_Mux.ap_auto.145i8.i8, i8 0, i8 0, i8 0, i8 0, i8 0, i8 0, i8 0, i8 0, i8 0, i8 0, i8 0, i8 0, i8 0, i8 0, i8 0, i8 0, i8 %round_keys_28_reload_read, i8 0, i8 0, i8 0, i8 0, i8 0, i8 0, i8 0, i8 0, i8 0, i8 0, i8 0, i8 0, i8 0, i8 0, i8 0, i8 %round_keys_44_reload_read, i8 0, i8 0, i8 0, i8 0, i8 0, i8 0, i8 0, i8 0, i8 0, i8 0, i8 0, i8 0, i8 0, i8 0, i8 0, i8 %round_keys_60_reload_read, i8 0, i8 0, i8 0, i8 0, i8 0, i8 0, i8 0, i8 0, i8 0, i8 0, i8 0, i8 0, i8 0, i8 0, i8 0, i8 %round_keys_76_reload_read, i8 0, i8 0, i8 0, i8 0, i8 0, i8 0, i8 0, i8 0, i8 0, i8 0, i8 0, i8 0, i8 0, i8 0, i8 0, i8 %round_keys_92_reload_read, i8 0, i8 0, i8 0, i8 0, i8 0, i8 0, i8 0, i8 0, i8 0, i8 0, i8 0, i8 0, i8 0, i8 0, i8 0, i8 %round_keys_108_reload_read, i8 0, i8 0, i8 0, i8 0, i8 0, i8 0, i8 0, i8 0, i8 0, i8 0, i8 0, i8 0, i8 0, i8 0, i8 0, i8 %round_keys_124_reload_read, i8 0, i8 0, i8 0, i8 0, i8 0, i8 0, i8 0, i8 0, i8 0, i8 0, i8 0, i8 0, i8 0, i8 0, i8 0, i8 %round_keys_140_reload_read, i8 0, i8 0, i8 0, i8 0, i8 0, i8 0, i8 0, i8 0, i8 0, i8 0, i8 0, i8 0, i8 0, i8 0, i8 0, i8 %round_keys_156_reload_read, i8 %shl_ln4" [src/aes128.cpp:76]   --->   Operation 281 'mux' 'tmp_12' <Predicate = (!icmp_ln167)> <Delay = 4.35> <CoreInst = "Multiplexer">   --->   Core 76 'Multiplexer' <Latency = 0> <II = 1> <Delay = 4.35> <FuncUnit> <Opcode : 'mux'> <InPorts = 2> <OutPorts = 1>
ST_2 : Operation 282 [1/1] (4.35ns)   --->   "%tmp_13 = mux i8 @_ssdm_op_Mux.ap_auto.145i8.i8, i8 0, i8 0, i8 0, i8 0, i8 0, i8 0, i8 0, i8 0, i8 0, i8 0, i8 0, i8 0, i8 0, i8 0, i8 0, i8 0, i8 %round_keys_29_reload_read, i8 0, i8 0, i8 0, i8 0, i8 0, i8 0, i8 0, i8 0, i8 0, i8 0, i8 0, i8 0, i8 0, i8 0, i8 0, i8 %round_keys_45_reload_read, i8 0, i8 0, i8 0, i8 0, i8 0, i8 0, i8 0, i8 0, i8 0, i8 0, i8 0, i8 0, i8 0, i8 0, i8 0, i8 %round_keys_61_reload_read, i8 0, i8 0, i8 0, i8 0, i8 0, i8 0, i8 0, i8 0, i8 0, i8 0, i8 0, i8 0, i8 0, i8 0, i8 0, i8 %round_keys_77_reload_read, i8 0, i8 0, i8 0, i8 0, i8 0, i8 0, i8 0, i8 0, i8 0, i8 0, i8 0, i8 0, i8 0, i8 0, i8 0, i8 %round_keys_93_reload_read, i8 0, i8 0, i8 0, i8 0, i8 0, i8 0, i8 0, i8 0, i8 0, i8 0, i8 0, i8 0, i8 0, i8 0, i8 0, i8 %round_keys_109_reload_read, i8 0, i8 0, i8 0, i8 0, i8 0, i8 0, i8 0, i8 0, i8 0, i8 0, i8 0, i8 0, i8 0, i8 0, i8 0, i8 %round_keys_125_reload_read, i8 0, i8 0, i8 0, i8 0, i8 0, i8 0, i8 0, i8 0, i8 0, i8 0, i8 0, i8 0, i8 0, i8 0, i8 0, i8 %round_keys_141_reload_read, i8 0, i8 0, i8 0, i8 0, i8 0, i8 0, i8 0, i8 0, i8 0, i8 0, i8 0, i8 0, i8 0, i8 0, i8 0, i8 %round_keys_157_reload_read, i8 %shl_ln4" [src/aes128.cpp:76]   --->   Operation 282 'mux' 'tmp_13' <Predicate = (!icmp_ln167)> <Delay = 4.35> <CoreInst = "Multiplexer">   --->   Core 76 'Multiplexer' <Latency = 0> <II = 1> <Delay = 4.35> <FuncUnit> <Opcode : 'mux'> <InPorts = 2> <OutPorts = 1>
ST_2 : Operation 283 [1/1] (4.35ns)   --->   "%tmp_14 = mux i8 @_ssdm_op_Mux.ap_auto.145i8.i8, i8 0, i8 0, i8 0, i8 0, i8 0, i8 0, i8 0, i8 0, i8 0, i8 0, i8 0, i8 0, i8 0, i8 0, i8 0, i8 0, i8 %round_keys_30_reload_read, i8 0, i8 0, i8 0, i8 0, i8 0, i8 0, i8 0, i8 0, i8 0, i8 0, i8 0, i8 0, i8 0, i8 0, i8 0, i8 %round_keys_46_reload_read, i8 0, i8 0, i8 0, i8 0, i8 0, i8 0, i8 0, i8 0, i8 0, i8 0, i8 0, i8 0, i8 0, i8 0, i8 0, i8 %round_keys_62_reload_read, i8 0, i8 0, i8 0, i8 0, i8 0, i8 0, i8 0, i8 0, i8 0, i8 0, i8 0, i8 0, i8 0, i8 0, i8 0, i8 %round_keys_78_reload_read, i8 0, i8 0, i8 0, i8 0, i8 0, i8 0, i8 0, i8 0, i8 0, i8 0, i8 0, i8 0, i8 0, i8 0, i8 0, i8 %round_keys_94_reload_read, i8 0, i8 0, i8 0, i8 0, i8 0, i8 0, i8 0, i8 0, i8 0, i8 0, i8 0, i8 0, i8 0, i8 0, i8 0, i8 %round_keys_110_reload_read, i8 0, i8 0, i8 0, i8 0, i8 0, i8 0, i8 0, i8 0, i8 0, i8 0, i8 0, i8 0, i8 0, i8 0, i8 0, i8 %round_keys_126_reload_read, i8 0, i8 0, i8 0, i8 0, i8 0, i8 0, i8 0, i8 0, i8 0, i8 0, i8 0, i8 0, i8 0, i8 0, i8 0, i8 %round_keys_142_reload_read, i8 0, i8 0, i8 0, i8 0, i8 0, i8 0, i8 0, i8 0, i8 0, i8 0, i8 0, i8 0, i8 0, i8 0, i8 0, i8 %round_keys_158_reload_read, i8 %shl_ln4" [src/aes128.cpp:76]   --->   Operation 283 'mux' 'tmp_14' <Predicate = (!icmp_ln167)> <Delay = 4.35> <CoreInst = "Multiplexer">   --->   Core 76 'Multiplexer' <Latency = 0> <II = 1> <Delay = 4.35> <FuncUnit> <Opcode : 'mux'> <InPorts = 2> <OutPorts = 1>
ST_2 : Operation 284 [1/1] (4.35ns)   --->   "%tmp_15 = mux i8 @_ssdm_op_Mux.ap_auto.145i8.i8, i8 0, i8 0, i8 0, i8 0, i8 0, i8 0, i8 0, i8 0, i8 0, i8 0, i8 0, i8 0, i8 0, i8 0, i8 0, i8 0, i8 %round_keys_31_reload_read, i8 0, i8 0, i8 0, i8 0, i8 0, i8 0, i8 0, i8 0, i8 0, i8 0, i8 0, i8 0, i8 0, i8 0, i8 0, i8 %round_keys_47_reload_read, i8 0, i8 0, i8 0, i8 0, i8 0, i8 0, i8 0, i8 0, i8 0, i8 0, i8 0, i8 0, i8 0, i8 0, i8 0, i8 %round_keys_63_reload_read, i8 0, i8 0, i8 0, i8 0, i8 0, i8 0, i8 0, i8 0, i8 0, i8 0, i8 0, i8 0, i8 0, i8 0, i8 0, i8 %round_keys_79_reload_read, i8 0, i8 0, i8 0, i8 0, i8 0, i8 0, i8 0, i8 0, i8 0, i8 0, i8 0, i8 0, i8 0, i8 0, i8 0, i8 %round_keys_95_reload_read, i8 0, i8 0, i8 0, i8 0, i8 0, i8 0, i8 0, i8 0, i8 0, i8 0, i8 0, i8 0, i8 0, i8 0, i8 0, i8 %round_keys_111_reload_read, i8 0, i8 0, i8 0, i8 0, i8 0, i8 0, i8 0, i8 0, i8 0, i8 0, i8 0, i8 0, i8 0, i8 0, i8 0, i8 %round_keys_127_reload_read, i8 0, i8 0, i8 0, i8 0, i8 0, i8 0, i8 0, i8 0, i8 0, i8 0, i8 0, i8 0, i8 0, i8 0, i8 0, i8 %round_keys_143_reload_read, i8 0, i8 0, i8 0, i8 0, i8 0, i8 0, i8 0, i8 0, i8 0, i8 0, i8 0, i8 0, i8 0, i8 0, i8 0, i8 %round_keys_159_reload_read, i8 %shl_ln4" [src/aes128.cpp:76]   --->   Operation 284 'mux' 'tmp_15' <Predicate = (!icmp_ln167)> <Delay = 4.35> <CoreInst = "Multiplexer">   --->   Core 76 'Multiplexer' <Latency = 0> <II = 1> <Delay = 4.35> <FuncUnit> <Opcode : 'mux'> <InPorts = 2> <OutPorts = 1>
ST_2 : Operation 285 [1/1] (1.73ns)   --->   "%add_ln167 = add i4 %round_1, i4 1" [src/aes128.cpp:167]   --->   Operation 285 'add' 'add_ln167' <Predicate = (!icmp_ln167)> <Delay = 1.73> <CoreInst = "Adder">   --->   Core 1 'Adder' <Latency = 0> <II = 1> <Delay = 1.73> <FuncUnit> <Opcode : 'add' 'sub'> <InPorts = 2> <OutPorts = 1>
ST_2 : Operation 286 [1/1] (1.58ns)   --->   "%store_ln167 = store i4 %add_ln167, i4 %round" [src/aes128.cpp:167]   --->   Operation 286 'store' 'store_ln167' <Predicate = (!icmp_ln167)> <Delay = 1.58>
ST_2 : Operation 461 [1/1] (0.00ns)   --->   "%p_load221 = load i8 %empty"   --->   Operation 461 'load' 'p_load221' <Predicate = (icmp_ln167)> <Delay = 0.00>
ST_2 : Operation 462 [1/1] (0.00ns)   --->   "%p_load219 = load i8 %empty_34"   --->   Operation 462 'load' 'p_load219' <Predicate = (icmp_ln167)> <Delay = 0.00>
ST_2 : Operation 463 [1/1] (0.00ns)   --->   "%p_load217 = load i8 %empty_35"   --->   Operation 463 'load' 'p_load217' <Predicate = (icmp_ln167)> <Delay = 0.00>
ST_2 : Operation 464 [1/1] (0.00ns)   --->   "%p_load215 = load i8 %empty_36"   --->   Operation 464 'load' 'p_load215' <Predicate = (icmp_ln167)> <Delay = 0.00>
ST_2 : Operation 465 [1/1] (0.00ns)   --->   "%p_load213 = load i8 %empty_37"   --->   Operation 465 'load' 'p_load213' <Predicate = (icmp_ln167)> <Delay = 0.00>
ST_2 : Operation 466 [1/1] (0.00ns)   --->   "%p_load211 = load i8 %empty_38"   --->   Operation 466 'load' 'p_load211' <Predicate = (icmp_ln167)> <Delay = 0.00>
ST_2 : Operation 467 [1/1] (0.00ns)   --->   "%p_load209 = load i8 %empty_39"   --->   Operation 467 'load' 'p_load209' <Predicate = (icmp_ln167)> <Delay = 0.00>
ST_2 : Operation 468 [1/1] (0.00ns)   --->   "%p_load207 = load i8 %empty_40"   --->   Operation 468 'load' 'p_load207' <Predicate = (icmp_ln167)> <Delay = 0.00>
ST_2 : Operation 469 [1/1] (0.00ns)   --->   "%p_load205 = load i8 %empty_41"   --->   Operation 469 'load' 'p_load205' <Predicate = (icmp_ln167)> <Delay = 0.00>
ST_2 : Operation 470 [1/1] (0.00ns)   --->   "%p_load203 = load i8 %empty_42"   --->   Operation 470 'load' 'p_load203' <Predicate = (icmp_ln167)> <Delay = 0.00>
ST_2 : Operation 471 [1/1] (0.00ns)   --->   "%p_load201 = load i8 %empty_43"   --->   Operation 471 'load' 'p_load201' <Predicate = (icmp_ln167)> <Delay = 0.00>
ST_2 : Operation 472 [1/1] (0.00ns)   --->   "%p_load199 = load i8 %empty_44"   --->   Operation 472 'load' 'p_load199' <Predicate = (icmp_ln167)> <Delay = 0.00>
ST_2 : Operation 473 [1/1] (0.00ns)   --->   "%p_load197 = load i8 %empty_45"   --->   Operation 473 'load' 'p_load197' <Predicate = (icmp_ln167)> <Delay = 0.00>
ST_2 : Operation 474 [1/1] (0.00ns)   --->   "%p_load195 = load i8 %empty_46"   --->   Operation 474 'load' 'p_load195' <Predicate = (icmp_ln167)> <Delay = 0.00>
ST_2 : Operation 475 [1/1] (0.00ns)   --->   "%p_load193 = load i8 %empty_47"   --->   Operation 475 'load' 'p_load193' <Predicate = (icmp_ln167)> <Delay = 0.00>
ST_2 : Operation 476 [1/1] (0.00ns)   --->   "%p_load = load i8 %empty_48"   --->   Operation 476 'load' 'p_load' <Predicate = (icmp_ln167)> <Delay = 0.00>
ST_2 : Operation 477 [1/1] (0.00ns)   --->   "%write_ln0 = write void @_ssdm_op_Write.ap_auto.i8P0A, i8 %p_out, i8 %p_load"   --->   Operation 477 'write' 'write_ln0' <Predicate = (icmp_ln167)> <Delay = 0.00>
ST_2 : Operation 478 [1/1] (0.00ns)   --->   "%write_ln0 = write void @_ssdm_op_Write.ap_auto.i8P0A, i8 %p_out1, i8 %p_load193"   --->   Operation 478 'write' 'write_ln0' <Predicate = (icmp_ln167)> <Delay = 0.00>
ST_2 : Operation 479 [1/1] (0.00ns)   --->   "%write_ln0 = write void @_ssdm_op_Write.ap_auto.i8P0A, i8 %p_out2, i8 %p_load195"   --->   Operation 479 'write' 'write_ln0' <Predicate = (icmp_ln167)> <Delay = 0.00>
ST_2 : Operation 480 [1/1] (0.00ns)   --->   "%write_ln0 = write void @_ssdm_op_Write.ap_auto.i8P0A, i8 %p_out3, i8 %p_load197"   --->   Operation 480 'write' 'write_ln0' <Predicate = (icmp_ln167)> <Delay = 0.00>
ST_2 : Operation 481 [1/1] (0.00ns)   --->   "%write_ln0 = write void @_ssdm_op_Write.ap_auto.i8P0A, i8 %p_out4, i8 %p_load199"   --->   Operation 481 'write' 'write_ln0' <Predicate = (icmp_ln167)> <Delay = 0.00>
ST_2 : Operation 482 [1/1] (0.00ns)   --->   "%write_ln0 = write void @_ssdm_op_Write.ap_auto.i8P0A, i8 %p_out5, i8 %p_load201"   --->   Operation 482 'write' 'write_ln0' <Predicate = (icmp_ln167)> <Delay = 0.00>
ST_2 : Operation 483 [1/1] (0.00ns)   --->   "%write_ln0 = write void @_ssdm_op_Write.ap_auto.i8P0A, i8 %p_out6, i8 %p_load203"   --->   Operation 483 'write' 'write_ln0' <Predicate = (icmp_ln167)> <Delay = 0.00>
ST_2 : Operation 484 [1/1] (0.00ns)   --->   "%write_ln0 = write void @_ssdm_op_Write.ap_auto.i8P0A, i8 %p_out7, i8 %p_load205"   --->   Operation 484 'write' 'write_ln0' <Predicate = (icmp_ln167)> <Delay = 0.00>
ST_2 : Operation 485 [1/1] (0.00ns)   --->   "%write_ln0 = write void @_ssdm_op_Write.ap_auto.i8P0A, i8 %p_out8, i8 %p_load207"   --->   Operation 485 'write' 'write_ln0' <Predicate = (icmp_ln167)> <Delay = 0.00>
ST_2 : Operation 486 [1/1] (0.00ns)   --->   "%write_ln0 = write void @_ssdm_op_Write.ap_auto.i8P0A, i8 %p_out9, i8 %p_load209"   --->   Operation 486 'write' 'write_ln0' <Predicate = (icmp_ln167)> <Delay = 0.00>
ST_2 : Operation 487 [1/1] (0.00ns)   --->   "%write_ln0 = write void @_ssdm_op_Write.ap_auto.i8P0A, i8 %p_out10, i8 %p_load211"   --->   Operation 487 'write' 'write_ln0' <Predicate = (icmp_ln167)> <Delay = 0.00>
ST_2 : Operation 488 [1/1] (0.00ns)   --->   "%write_ln0 = write void @_ssdm_op_Write.ap_auto.i8P0A, i8 %p_out11, i8 %p_load213"   --->   Operation 488 'write' 'write_ln0' <Predicate = (icmp_ln167)> <Delay = 0.00>
ST_2 : Operation 489 [1/1] (0.00ns)   --->   "%write_ln0 = write void @_ssdm_op_Write.ap_auto.i8P0A, i8 %p_out12, i8 %p_load215"   --->   Operation 489 'write' 'write_ln0' <Predicate = (icmp_ln167)> <Delay = 0.00>
ST_2 : Operation 490 [1/1] (0.00ns)   --->   "%write_ln0 = write void @_ssdm_op_Write.ap_auto.i8P0A, i8 %p_out13, i8 %p_load217"   --->   Operation 490 'write' 'write_ln0' <Predicate = (icmp_ln167)> <Delay = 0.00>
ST_2 : Operation 491 [1/1] (0.00ns)   --->   "%write_ln0 = write void @_ssdm_op_Write.ap_auto.i8P0A, i8 %p_out14, i8 %p_load219"   --->   Operation 491 'write' 'write_ln0' <Predicate = (icmp_ln167)> <Delay = 0.00>
ST_2 : Operation 492 [1/1] (0.00ns)   --->   "%write_ln0 = write void @_ssdm_op_Write.ap_auto.i8P0A, i8 %p_out15, i8 %p_load221"   --->   Operation 492 'write' 'write_ln0' <Predicate = (icmp_ln167)> <Delay = 0.00>
ST_2 : Operation 493 [1/1] (0.00ns)   --->   "%ret_ln0 = ret"   --->   Operation 493 'ret' 'ret_ln0' <Predicate = (icmp_ln167)> <Delay = 0.00>

State 3 <SV = 2> <Delay = 7.02>
ST_3 : Operation 287 [1/1] (0.00ns)   --->   "%specpipeline_ln168 = specpipeline void @_ssdm_op_SpecPipeline, i32 1, i32 0, i32 0, i32 0, void @empty_0" [src/aes128.cpp:168]   --->   Operation 287 'specpipeline' 'specpipeline_ln168' <Predicate = true> <Delay = 0.00>
ST_3 : Operation 288 [1/1] (0.00ns)   --->   "%specloopname_ln85 = specloopname void @_ssdm_op_SpecLoopName, void @empty_16" [src/aes128.cpp:85]   --->   Operation 288 'specloopname' 'specloopname_ln85' <Predicate = true> <Delay = 0.00>
ST_3 : Operation 289 [1/2] (3.25ns)   --->   "%a0 = load i8 %SBOX_addr" [src/aes128.cpp:87]   --->   Operation 289 'load' 'a0' <Predicate = true> <Delay = 3.25> <CoreInst = "ROM">   --->   Core 95 'ROM' <Latency = 1> <II = 1> <Delay = 3.25> <Storage> <Opcode : 'load'> <Ports = 0> <Width = 8> <Depth = 256> <ROM>
ST_3 : Operation 290 [1/2] (3.25ns)   --->   "%a1_3 = load i8 %SBOX_addr_4" [src/aes128.cpp:87]   --->   Operation 290 'load' 'a1_3' <Predicate = true> <Delay = 3.25> <CoreInst = "ROM">   --->   Core 95 'ROM' <Latency = 1> <II = 1> <Delay = 3.25> <Storage> <Opcode : 'load'> <Ports = 0> <Width = 8> <Depth = 256> <ROM>
ST_3 : Operation 291 [1/2] (3.25ns)   --->   "%a2_2 = load i8 %SBOX_addr_5" [src/aes128.cpp:87]   --->   Operation 291 'load' 'a2_2' <Predicate = true> <Delay = 3.25> <CoreInst = "ROM">   --->   Core 95 'ROM' <Latency = 1> <II = 1> <Delay = 3.25> <Storage> <Opcode : 'load'> <Ports = 0> <Width = 8> <Depth = 256> <ROM>
ST_3 : Operation 292 [1/2] (3.25ns)   --->   "%a3_1 = load i8 %SBOX_addr_6" [src/aes128.cpp:87]   --->   Operation 292 'load' 'a3_1' <Predicate = true> <Delay = 3.25> <CoreInst = "ROM">   --->   Core 95 'ROM' <Latency = 1> <II = 1> <Delay = 3.25> <Storage> <Opcode : 'load'> <Ports = 0> <Width = 8> <Depth = 256> <ROM>
ST_3 : Operation 293 [1/2] (3.25ns)   --->   "%a0_1 = load i8 %SBOX_addr_7" [src/aes128.cpp:87]   --->   Operation 293 'load' 'a0_1' <Predicate = true> <Delay = 3.25> <CoreInst = "ROM">   --->   Core 95 'ROM' <Latency = 1> <II = 1> <Delay = 3.25> <Storage> <Opcode : 'load'> <Ports = 0> <Width = 8> <Depth = 256> <ROM>
ST_3 : Operation 294 [1/2] (3.25ns)   --->   "%a1 = load i8 %SBOX_addr_8" [src/aes128.cpp:87]   --->   Operation 294 'load' 'a1' <Predicate = true> <Delay = 3.25> <CoreInst = "ROM">   --->   Core 95 'ROM' <Latency = 1> <II = 1> <Delay = 3.25> <Storage> <Opcode : 'load'> <Ports = 0> <Width = 8> <Depth = 256> <ROM>
ST_3 : Operation 295 [1/2] (3.25ns)   --->   "%a2_3 = load i8 %SBOX_addr_9" [src/aes128.cpp:87]   --->   Operation 295 'load' 'a2_3' <Predicate = true> <Delay = 3.25> <CoreInst = "ROM">   --->   Core 95 'ROM' <Latency = 1> <II = 1> <Delay = 3.25> <Storage> <Opcode : 'load'> <Ports = 0> <Width = 8> <Depth = 256> <ROM>
ST_3 : Operation 296 [1/2] (3.25ns)   --->   "%a3_2 = load i8 %SBOX_addr_10" [src/aes128.cpp:87]   --->   Operation 296 'load' 'a3_2' <Predicate = true> <Delay = 3.25> <CoreInst = "ROM">   --->   Core 95 'ROM' <Latency = 1> <II = 1> <Delay = 3.25> <Storage> <Opcode : 'load'> <Ports = 0> <Width = 8> <Depth = 256> <ROM>
ST_3 : Operation 297 [1/2] (3.25ns)   --->   "%a0_2 = load i8 %SBOX_addr_11" [src/aes128.cpp:87]   --->   Operation 297 'load' 'a0_2' <Predicate = true> <Delay = 3.25> <CoreInst = "ROM">   --->   Core 95 'ROM' <Latency = 1> <II = 1> <Delay = 3.25> <Storage> <Opcode : 'load'> <Ports = 0> <Width = 8> <Depth = 256> <ROM>
ST_3 : Operation 298 [1/2] (3.25ns)   --->   "%a1_1 = load i8 %SBOX_addr_12" [src/aes128.cpp:87]   --->   Operation 298 'load' 'a1_1' <Predicate = true> <Delay = 3.25> <CoreInst = "ROM">   --->   Core 95 'ROM' <Latency = 1> <II = 1> <Delay = 3.25> <Storage> <Opcode : 'load'> <Ports = 0> <Width = 8> <Depth = 256> <ROM>
ST_3 : Operation 299 [1/2] (3.25ns)   --->   "%a2 = load i8 %SBOX_addr_13" [src/aes128.cpp:87]   --->   Operation 299 'load' 'a2' <Predicate = true> <Delay = 3.25> <CoreInst = "ROM">   --->   Core 95 'ROM' <Latency = 1> <II = 1> <Delay = 3.25> <Storage> <Opcode : 'load'> <Ports = 0> <Width = 8> <Depth = 256> <ROM>
ST_3 : Operation 300 [1/2] (3.25ns)   --->   "%a3_3 = load i8 %SBOX_addr_14" [src/aes128.cpp:87]   --->   Operation 300 'load' 'a3_3' <Predicate = true> <Delay = 3.25> <CoreInst = "ROM">   --->   Core 95 'ROM' <Latency = 1> <II = 1> <Delay = 3.25> <Storage> <Opcode : 'load'> <Ports = 0> <Width = 8> <Depth = 256> <ROM>
ST_3 : Operation 301 [1/2] (3.25ns)   --->   "%a0_3 = load i8 %SBOX_addr_15" [src/aes128.cpp:87]   --->   Operation 301 'load' 'a0_3' <Predicate = true> <Delay = 3.25> <CoreInst = "ROM">   --->   Core 95 'ROM' <Latency = 1> <II = 1> <Delay = 3.25> <Storage> <Opcode : 'load'> <Ports = 0> <Width = 8> <Depth = 256> <ROM>
ST_3 : Operation 302 [1/2] (3.25ns)   --->   "%a1_2 = load i8 %SBOX_addr_16" [src/aes128.cpp:87]   --->   Operation 302 'load' 'a1_2' <Predicate = true> <Delay = 3.25> <CoreInst = "ROM">   --->   Core 95 'ROM' <Latency = 1> <II = 1> <Delay = 3.25> <Storage> <Opcode : 'load'> <Ports = 0> <Width = 8> <Depth = 256> <ROM>
ST_3 : Operation 303 [1/2] (3.25ns)   --->   "%a2_1 = load i8 %SBOX_addr_17" [src/aes128.cpp:87]   --->   Operation 303 'load' 'a2_1' <Predicate = true> <Delay = 3.25> <CoreInst = "ROM">   --->   Core 95 'ROM' <Latency = 1> <II = 1> <Delay = 3.25> <Storage> <Opcode : 'load'> <Ports = 0> <Width = 8> <Depth = 256> <ROM>
ST_3 : Operation 304 [1/2] (3.25ns)   --->   "%a3 = load i8 %SBOX_addr_18" [src/aes128.cpp:87]   --->   Operation 304 'load' 'a3' <Predicate = true> <Delay = 3.25> <CoreInst = "ROM">   --->   Core 95 'ROM' <Latency = 1> <II = 1> <Delay = 3.25> <Storage> <Opcode : 'load'> <Ports = 0> <Width = 8> <Depth = 256> <ROM>
ST_3 : Operation 305 [1/1] (0.00ns) (grouped into LUT with out node xor_ln22)   --->   "%shl_ln22 = shl i8 %a0, i8 1" [src/aes128.cpp:22]   --->   Operation 305 'shl' 'shl_ln22' <Predicate = true> <Delay = 0.00>
ST_3 : Operation 306 [1/1] (0.00ns) (grouped into LUT with out node xor_ln22)   --->   "%tmp = bitselect i1 @_ssdm_op_BitSelect.i1.i8.i32, i8 %a0, i32 7" [src/aes128.cpp:22]   --->   Operation 306 'bitselect' 'tmp' <Predicate = true> <Delay = 0.00>
ST_3 : Operation 307 [1/1] (0.00ns) (grouped into LUT with out node xor_ln22)   --->   "%select_ln22 = select i1 %tmp, i8 27, i8 0" [src/aes128.cpp:22]   --->   Operation 307 'select' 'select_ln22' <Predicate = true> <Delay = 0.00> <CoreInst = "Sel">   --->   Core 73 'Sel' <Latency = 0> <II = 1> <Delay = 1.18> <FuncUnit> <Opcode : 'select'> <InPorts = 3> <OutPorts = 1>
ST_3 : Operation 308 [1/1] (1.18ns) (out node of the LUT)   --->   "%xor_ln22 = xor i8 %select_ln22, i8 %shl_ln22" [src/aes128.cpp:22]   --->   Operation 308 'xor' 'xor_ln22' <Predicate = true> <Delay = 1.18> <CoreInst = "LogicGate">   --->   Core 74 'LogicGate' <Latency = 0> <II = 1> <Delay = 0.99> <FuncUnit> <Opcode : 'and' 'or' 'xor'> <InPorts = 2> <OutPorts = 1>
ST_3 : Operation 309 [1/1] (0.00ns) (grouped into LUT with out node xor_ln22_1)   --->   "%shl_ln22_1 = shl i8 %a1, i8 1" [src/aes128.cpp:22]   --->   Operation 309 'shl' 'shl_ln22_1' <Predicate = true> <Delay = 0.00>
ST_3 : Operation 310 [1/1] (0.00ns) (grouped into LUT with out node xor_ln22_1)   --->   "%tmp_16 = bitselect i1 @_ssdm_op_BitSelect.i1.i8.i32, i8 %a1, i32 7" [src/aes128.cpp:22]   --->   Operation 310 'bitselect' 'tmp_16' <Predicate = true> <Delay = 0.00>
ST_3 : Operation 311 [1/1] (0.00ns) (grouped into LUT with out node xor_ln22_1)   --->   "%select_ln22_1 = select i1 %tmp_16, i8 27, i8 0" [src/aes128.cpp:22]   --->   Operation 311 'select' 'select_ln22_1' <Predicate = true> <Delay = 0.00> <CoreInst = "Sel">   --->   Core 73 'Sel' <Latency = 0> <II = 1> <Delay = 1.18> <FuncUnit> <Opcode : 'select'> <InPorts = 3> <OutPorts = 1>
ST_3 : Operation 312 [1/1] (1.18ns) (out node of the LUT)   --->   "%xor_ln22_1 = xor i8 %select_ln22_1, i8 %shl_ln22_1" [src/aes128.cpp:22]   --->   Operation 312 'xor' 'xor_ln22_1' <Predicate = true> <Delay = 1.18> <CoreInst = "LogicGate">   --->   Core 74 'LogicGate' <Latency = 0> <II = 1> <Delay = 0.99> <FuncUnit> <Opcode : 'and' 'or' 'xor'> <InPorts = 2> <OutPorts = 1>
ST_3 : Operation 313 [1/1] (0.00ns) (grouped into LUT with out node xor_ln22_2)   --->   "%shl_ln22_2 = shl i8 %a2, i8 1" [src/aes128.cpp:22]   --->   Operation 313 'shl' 'shl_ln22_2' <Predicate = true> <Delay = 0.00>
ST_3 : Operation 314 [1/1] (0.00ns) (grouped into LUT with out node xor_ln22_2)   --->   "%tmp_17 = bitselect i1 @_ssdm_op_BitSelect.i1.i8.i32, i8 %a2, i32 7" [src/aes128.cpp:22]   --->   Operation 314 'bitselect' 'tmp_17' <Predicate = true> <Delay = 0.00>
ST_3 : Operation 315 [1/1] (0.00ns) (grouped into LUT with out node xor_ln22_2)   --->   "%select_ln22_2 = select i1 %tmp_17, i8 27, i8 0" [src/aes128.cpp:22]   --->   Operation 315 'select' 'select_ln22_2' <Predicate = true> <Delay = 0.00> <CoreInst = "Sel">   --->   Core 73 'Sel' <Latency = 0> <II = 1> <Delay = 1.18> <FuncUnit> <Opcode : 'select'> <InPorts = 3> <OutPorts = 1>
ST_3 : Operation 316 [1/1] (1.18ns) (out node of the LUT)   --->   "%xor_ln22_2 = xor i8 %select_ln22_2, i8 %shl_ln22_2" [src/aes128.cpp:22]   --->   Operation 316 'xor' 'xor_ln22_2' <Predicate = true> <Delay = 1.18> <CoreInst = "LogicGate">   --->   Core 74 'LogicGate' <Latency = 0> <II = 1> <Delay = 0.99> <FuncUnit> <Opcode : 'and' 'or' 'xor'> <InPorts = 2> <OutPorts = 1>
ST_3 : Operation 317 [1/1] (0.00ns) (grouped into LUT with out node xor_ln22_3)   --->   "%shl_ln22_3 = shl i8 %a3, i8 1" [src/aes128.cpp:22]   --->   Operation 317 'shl' 'shl_ln22_3' <Predicate = true> <Delay = 0.00>
ST_3 : Operation 318 [1/1] (0.00ns) (grouped into LUT with out node xor_ln22_3)   --->   "%tmp_18 = bitselect i1 @_ssdm_op_BitSelect.i1.i8.i32, i8 %a3, i32 7" [src/aes128.cpp:22]   --->   Operation 318 'bitselect' 'tmp_18' <Predicate = true> <Delay = 0.00>
ST_3 : Operation 319 [1/1] (0.00ns) (grouped into LUT with out node xor_ln22_3)   --->   "%select_ln22_3 = select i1 %tmp_18, i8 27, i8 0" [src/aes128.cpp:22]   --->   Operation 319 'select' 'select_ln22_3' <Predicate = true> <Delay = 0.00> <CoreInst = "Sel">   --->   Core 73 'Sel' <Latency = 0> <II = 1> <Delay = 1.18> <FuncUnit> <Opcode : 'select'> <InPorts = 3> <OutPorts = 1>
ST_3 : Operation 320 [1/1] (1.18ns) (out node of the LUT)   --->   "%xor_ln22_3 = xor i8 %select_ln22_3, i8 %shl_ln22_3" [src/aes128.cpp:22]   --->   Operation 320 'xor' 'xor_ln22_3' <Predicate = true> <Delay = 1.18> <CoreInst = "LogicGate">   --->   Core 74 'LogicGate' <Latency = 0> <II = 1> <Delay = 0.99> <FuncUnit> <Opcode : 'and' 'or' 'xor'> <InPorts = 2> <OutPorts = 1>
ST_3 : Operation 321 [1/1] (0.00ns) (grouped into LUT with out node xor_ln22_4)   --->   "%shl_ln22_4 = shl i8 %a0_1, i8 1" [src/aes128.cpp:22]   --->   Operation 321 'shl' 'shl_ln22_4' <Predicate = true> <Delay = 0.00>
ST_3 : Operation 322 [1/1] (0.00ns) (grouped into LUT with out node xor_ln22_4)   --->   "%tmp_19 = bitselect i1 @_ssdm_op_BitSelect.i1.i8.i32, i8 %a0_1, i32 7" [src/aes128.cpp:22]   --->   Operation 322 'bitselect' 'tmp_19' <Predicate = true> <Delay = 0.00>
ST_3 : Operation 323 [1/1] (0.00ns) (grouped into LUT with out node xor_ln22_4)   --->   "%select_ln22_4 = select i1 %tmp_19, i8 27, i8 0" [src/aes128.cpp:22]   --->   Operation 323 'select' 'select_ln22_4' <Predicate = true> <Delay = 0.00> <CoreInst = "Sel">   --->   Core 73 'Sel' <Latency = 0> <II = 1> <Delay = 1.18> <FuncUnit> <Opcode : 'select'> <InPorts = 3> <OutPorts = 1>
ST_3 : Operation 324 [1/1] (1.18ns) (out node of the LUT)   --->   "%xor_ln22_4 = xor i8 %select_ln22_4, i8 %shl_ln22_4" [src/aes128.cpp:22]   --->   Operation 324 'xor' 'xor_ln22_4' <Predicate = true> <Delay = 1.18> <CoreInst = "LogicGate">   --->   Core 74 'LogicGate' <Latency = 0> <II = 1> <Delay = 0.99> <FuncUnit> <Opcode : 'and' 'or' 'xor'> <InPorts = 2> <OutPorts = 1>
ST_3 : Operation 325 [1/1] (0.00ns) (grouped into LUT with out node xor_ln22_5)   --->   "%shl_ln22_5 = shl i8 %a1_1, i8 1" [src/aes128.cpp:22]   --->   Operation 325 'shl' 'shl_ln22_5' <Predicate = true> <Delay = 0.00>
ST_3 : Operation 326 [1/1] (0.00ns) (grouped into LUT with out node xor_ln22_5)   --->   "%tmp_20 = bitselect i1 @_ssdm_op_BitSelect.i1.i8.i32, i8 %a1_1, i32 7" [src/aes128.cpp:22]   --->   Operation 326 'bitselect' 'tmp_20' <Predicate = true> <Delay = 0.00>
ST_3 : Operation 327 [1/1] (0.00ns) (grouped into LUT with out node xor_ln22_5)   --->   "%select_ln22_5 = select i1 %tmp_20, i8 27, i8 0" [src/aes128.cpp:22]   --->   Operation 327 'select' 'select_ln22_5' <Predicate = true> <Delay = 0.00> <CoreInst = "Sel">   --->   Core 73 'Sel' <Latency = 0> <II = 1> <Delay = 1.18> <FuncUnit> <Opcode : 'select'> <InPorts = 3> <OutPorts = 1>
ST_3 : Operation 328 [1/1] (1.18ns) (out node of the LUT)   --->   "%xor_ln22_5 = xor i8 %select_ln22_5, i8 %shl_ln22_5" [src/aes128.cpp:22]   --->   Operation 328 'xor' 'xor_ln22_5' <Predicate = true> <Delay = 1.18> <CoreInst = "LogicGate">   --->   Core 74 'LogicGate' <Latency = 0> <II = 1> <Delay = 0.99> <FuncUnit> <Opcode : 'and' 'or' 'xor'> <InPorts = 2> <OutPorts = 1>
ST_3 : Operation 329 [1/1] (0.00ns) (grouped into LUT with out node xor_ln22_6)   --->   "%shl_ln22_6 = shl i8 %a2_1, i8 1" [src/aes128.cpp:22]   --->   Operation 329 'shl' 'shl_ln22_6' <Predicate = true> <Delay = 0.00>
ST_3 : Operation 330 [1/1] (0.00ns) (grouped into LUT with out node xor_ln22_6)   --->   "%tmp_21 = bitselect i1 @_ssdm_op_BitSelect.i1.i8.i32, i8 %a2_1, i32 7" [src/aes128.cpp:22]   --->   Operation 330 'bitselect' 'tmp_21' <Predicate = true> <Delay = 0.00>
ST_3 : Operation 331 [1/1] (0.00ns) (grouped into LUT with out node xor_ln22_6)   --->   "%select_ln22_6 = select i1 %tmp_21, i8 27, i8 0" [src/aes128.cpp:22]   --->   Operation 331 'select' 'select_ln22_6' <Predicate = true> <Delay = 0.00> <CoreInst = "Sel">   --->   Core 73 'Sel' <Latency = 0> <II = 1> <Delay = 1.18> <FuncUnit> <Opcode : 'select'> <InPorts = 3> <OutPorts = 1>
ST_3 : Operation 332 [1/1] (1.18ns) (out node of the LUT)   --->   "%xor_ln22_6 = xor i8 %select_ln22_6, i8 %shl_ln22_6" [src/aes128.cpp:22]   --->   Operation 332 'xor' 'xor_ln22_6' <Predicate = true> <Delay = 1.18> <CoreInst = "LogicGate">   --->   Core 74 'LogicGate' <Latency = 0> <II = 1> <Delay = 0.99> <FuncUnit> <Opcode : 'and' 'or' 'xor'> <InPorts = 2> <OutPorts = 1>
ST_3 : Operation 333 [1/1] (0.00ns) (grouped into LUT with out node xor_ln22_7)   --->   "%shl_ln22_7 = shl i8 %a3_1, i8 1" [src/aes128.cpp:22]   --->   Operation 333 'shl' 'shl_ln22_7' <Predicate = true> <Delay = 0.00>
ST_3 : Operation 334 [1/1] (0.00ns) (grouped into LUT with out node xor_ln22_7)   --->   "%tmp_22 = bitselect i1 @_ssdm_op_BitSelect.i1.i8.i32, i8 %a3_1, i32 7" [src/aes128.cpp:22]   --->   Operation 334 'bitselect' 'tmp_22' <Predicate = true> <Delay = 0.00>
ST_3 : Operation 335 [1/1] (0.00ns) (grouped into LUT with out node xor_ln22_7)   --->   "%select_ln22_7 = select i1 %tmp_22, i8 27, i8 0" [src/aes128.cpp:22]   --->   Operation 335 'select' 'select_ln22_7' <Predicate = true> <Delay = 0.00> <CoreInst = "Sel">   --->   Core 73 'Sel' <Latency = 0> <II = 1> <Delay = 1.18> <FuncUnit> <Opcode : 'select'> <InPorts = 3> <OutPorts = 1>
ST_3 : Operation 336 [1/1] (1.18ns) (out node of the LUT)   --->   "%xor_ln22_7 = xor i8 %select_ln22_7, i8 %shl_ln22_7" [src/aes128.cpp:22]   --->   Operation 336 'xor' 'xor_ln22_7' <Predicate = true> <Delay = 1.18> <CoreInst = "LogicGate">   --->   Core 74 'LogicGate' <Latency = 0> <II = 1> <Delay = 0.99> <FuncUnit> <Opcode : 'and' 'or' 'xor'> <InPorts = 2> <OutPorts = 1>
ST_3 : Operation 337 [1/1] (0.00ns) (grouped into LUT with out node xor_ln22_8)   --->   "%shl_ln22_8 = shl i8 %a0_2, i8 1" [src/aes128.cpp:22]   --->   Operation 337 'shl' 'shl_ln22_8' <Predicate = true> <Delay = 0.00>
ST_3 : Operation 338 [1/1] (0.00ns) (grouped into LUT with out node xor_ln22_8)   --->   "%tmp_23 = bitselect i1 @_ssdm_op_BitSelect.i1.i8.i32, i8 %a0_2, i32 7" [src/aes128.cpp:22]   --->   Operation 338 'bitselect' 'tmp_23' <Predicate = true> <Delay = 0.00>
ST_3 : Operation 339 [1/1] (0.00ns) (grouped into LUT with out node xor_ln22_8)   --->   "%select_ln22_8 = select i1 %tmp_23, i8 27, i8 0" [src/aes128.cpp:22]   --->   Operation 339 'select' 'select_ln22_8' <Predicate = true> <Delay = 0.00> <CoreInst = "Sel">   --->   Core 73 'Sel' <Latency = 0> <II = 1> <Delay = 1.18> <FuncUnit> <Opcode : 'select'> <InPorts = 3> <OutPorts = 1>
ST_3 : Operation 340 [1/1] (1.18ns) (out node of the LUT)   --->   "%xor_ln22_8 = xor i8 %select_ln22_8, i8 %shl_ln22_8" [src/aes128.cpp:22]   --->   Operation 340 'xor' 'xor_ln22_8' <Predicate = true> <Delay = 1.18> <CoreInst = "LogicGate">   --->   Core 74 'LogicGate' <Latency = 0> <II = 1> <Delay = 0.99> <FuncUnit> <Opcode : 'and' 'or' 'xor'> <InPorts = 2> <OutPorts = 1>
ST_3 : Operation 341 [1/1] (0.00ns) (grouped into LUT with out node xor_ln22_9)   --->   "%shl_ln22_9 = shl i8 %a1_2, i8 1" [src/aes128.cpp:22]   --->   Operation 341 'shl' 'shl_ln22_9' <Predicate = true> <Delay = 0.00>
ST_3 : Operation 342 [1/1] (0.00ns) (grouped into LUT with out node xor_ln22_9)   --->   "%tmp_24 = bitselect i1 @_ssdm_op_BitSelect.i1.i8.i32, i8 %a1_2, i32 7" [src/aes128.cpp:22]   --->   Operation 342 'bitselect' 'tmp_24' <Predicate = true> <Delay = 0.00>
ST_3 : Operation 343 [1/1] (0.00ns) (grouped into LUT with out node xor_ln22_9)   --->   "%select_ln22_9 = select i1 %tmp_24, i8 27, i8 0" [src/aes128.cpp:22]   --->   Operation 343 'select' 'select_ln22_9' <Predicate = true> <Delay = 0.00> <CoreInst = "Sel">   --->   Core 73 'Sel' <Latency = 0> <II = 1> <Delay = 1.18> <FuncUnit> <Opcode : 'select'> <InPorts = 3> <OutPorts = 1>
ST_3 : Operation 344 [1/1] (1.18ns) (out node of the LUT)   --->   "%xor_ln22_9 = xor i8 %select_ln22_9, i8 %shl_ln22_9" [src/aes128.cpp:22]   --->   Operation 344 'xor' 'xor_ln22_9' <Predicate = true> <Delay = 1.18> <CoreInst = "LogicGate">   --->   Core 74 'LogicGate' <Latency = 0> <II = 1> <Delay = 0.99> <FuncUnit> <Opcode : 'and' 'or' 'xor'> <InPorts = 2> <OutPorts = 1>
ST_3 : Operation 345 [1/1] (0.00ns) (grouped into LUT with out node xor_ln22_10)   --->   "%shl_ln22_10 = shl i8 %a2_2, i8 1" [src/aes128.cpp:22]   --->   Operation 345 'shl' 'shl_ln22_10' <Predicate = true> <Delay = 0.00>
ST_3 : Operation 346 [1/1] (0.00ns) (grouped into LUT with out node xor_ln22_10)   --->   "%tmp_25 = bitselect i1 @_ssdm_op_BitSelect.i1.i8.i32, i8 %a2_2, i32 7" [src/aes128.cpp:22]   --->   Operation 346 'bitselect' 'tmp_25' <Predicate = true> <Delay = 0.00>
ST_3 : Operation 347 [1/1] (0.00ns) (grouped into LUT with out node xor_ln22_10)   --->   "%select_ln22_10 = select i1 %tmp_25, i8 27, i8 0" [src/aes128.cpp:22]   --->   Operation 347 'select' 'select_ln22_10' <Predicate = true> <Delay = 0.00> <CoreInst = "Sel">   --->   Core 73 'Sel' <Latency = 0> <II = 1> <Delay = 1.18> <FuncUnit> <Opcode : 'select'> <InPorts = 3> <OutPorts = 1>
ST_3 : Operation 348 [1/1] (1.18ns) (out node of the LUT)   --->   "%xor_ln22_10 = xor i8 %select_ln22_10, i8 %shl_ln22_10" [src/aes128.cpp:22]   --->   Operation 348 'xor' 'xor_ln22_10' <Predicate = true> <Delay = 1.18> <CoreInst = "LogicGate">   --->   Core 74 'LogicGate' <Latency = 0> <II = 1> <Delay = 0.99> <FuncUnit> <Opcode : 'and' 'or' 'xor'> <InPorts = 2> <OutPorts = 1>
ST_3 : Operation 349 [1/1] (0.00ns) (grouped into LUT with out node xor_ln22_11)   --->   "%shl_ln22_11 = shl i8 %a3_2, i8 1" [src/aes128.cpp:22]   --->   Operation 349 'shl' 'shl_ln22_11' <Predicate = true> <Delay = 0.00>
ST_3 : Operation 350 [1/1] (0.00ns) (grouped into LUT with out node xor_ln22_11)   --->   "%tmp_26 = bitselect i1 @_ssdm_op_BitSelect.i1.i8.i32, i8 %a3_2, i32 7" [src/aes128.cpp:22]   --->   Operation 350 'bitselect' 'tmp_26' <Predicate = true> <Delay = 0.00>
ST_3 : Operation 351 [1/1] (0.00ns) (grouped into LUT with out node xor_ln22_11)   --->   "%select_ln22_11 = select i1 %tmp_26, i8 27, i8 0" [src/aes128.cpp:22]   --->   Operation 351 'select' 'select_ln22_11' <Predicate = true> <Delay = 0.00> <CoreInst = "Sel">   --->   Core 73 'Sel' <Latency = 0> <II = 1> <Delay = 1.18> <FuncUnit> <Opcode : 'select'> <InPorts = 3> <OutPorts = 1>
ST_3 : Operation 352 [1/1] (1.18ns) (out node of the LUT)   --->   "%xor_ln22_11 = xor i8 %select_ln22_11, i8 %shl_ln22_11" [src/aes128.cpp:22]   --->   Operation 352 'xor' 'xor_ln22_11' <Predicate = true> <Delay = 1.18> <CoreInst = "LogicGate">   --->   Core 74 'LogicGate' <Latency = 0> <II = 1> <Delay = 0.99> <FuncUnit> <Opcode : 'and' 'or' 'xor'> <InPorts = 2> <OutPorts = 1>
ST_3 : Operation 353 [1/1] (0.00ns) (grouped into LUT with out node xor_ln22_12)   --->   "%shl_ln22_12 = shl i8 %a0_3, i8 1" [src/aes128.cpp:22]   --->   Operation 353 'shl' 'shl_ln22_12' <Predicate = true> <Delay = 0.00>
ST_3 : Operation 354 [1/1] (0.00ns) (grouped into LUT with out node xor_ln22_12)   --->   "%tmp_27 = bitselect i1 @_ssdm_op_BitSelect.i1.i8.i32, i8 %a0_3, i32 7" [src/aes128.cpp:22]   --->   Operation 354 'bitselect' 'tmp_27' <Predicate = true> <Delay = 0.00>
ST_3 : Operation 355 [1/1] (0.00ns) (grouped into LUT with out node xor_ln22_12)   --->   "%select_ln22_12 = select i1 %tmp_27, i8 27, i8 0" [src/aes128.cpp:22]   --->   Operation 355 'select' 'select_ln22_12' <Predicate = true> <Delay = 0.00> <CoreInst = "Sel">   --->   Core 73 'Sel' <Latency = 0> <II = 1> <Delay = 1.18> <FuncUnit> <Opcode : 'select'> <InPorts = 3> <OutPorts = 1>
ST_3 : Operation 356 [1/1] (1.18ns) (out node of the LUT)   --->   "%xor_ln22_12 = xor i8 %select_ln22_12, i8 %shl_ln22_12" [src/aes128.cpp:22]   --->   Operation 356 'xor' 'xor_ln22_12' <Predicate = true> <Delay = 1.18> <CoreInst = "LogicGate">   --->   Core 74 'LogicGate' <Latency = 0> <II = 1> <Delay = 0.99> <FuncUnit> <Opcode : 'and' 'or' 'xor'> <InPorts = 2> <OutPorts = 1>
ST_3 : Operation 357 [1/1] (0.00ns) (grouped into LUT with out node xor_ln22_13)   --->   "%shl_ln22_13 = shl i8 %a1_3, i8 1" [src/aes128.cpp:22]   --->   Operation 357 'shl' 'shl_ln22_13' <Predicate = true> <Delay = 0.00>
ST_3 : Operation 358 [1/1] (0.00ns) (grouped into LUT with out node xor_ln22_13)   --->   "%tmp_28 = bitselect i1 @_ssdm_op_BitSelect.i1.i8.i32, i8 %a1_3, i32 7" [src/aes128.cpp:22]   --->   Operation 358 'bitselect' 'tmp_28' <Predicate = true> <Delay = 0.00>
ST_3 : Operation 359 [1/1] (0.00ns) (grouped into LUT with out node xor_ln22_13)   --->   "%select_ln22_13 = select i1 %tmp_28, i8 27, i8 0" [src/aes128.cpp:22]   --->   Operation 359 'select' 'select_ln22_13' <Predicate = true> <Delay = 0.00> <CoreInst = "Sel">   --->   Core 73 'Sel' <Latency = 0> <II = 1> <Delay = 1.18> <FuncUnit> <Opcode : 'select'> <InPorts = 3> <OutPorts = 1>
ST_3 : Operation 360 [1/1] (1.18ns) (out node of the LUT)   --->   "%xor_ln22_13 = xor i8 %select_ln22_13, i8 %shl_ln22_13" [src/aes128.cpp:22]   --->   Operation 360 'xor' 'xor_ln22_13' <Predicate = true> <Delay = 1.18> <CoreInst = "LogicGate">   --->   Core 74 'LogicGate' <Latency = 0> <II = 1> <Delay = 0.99> <FuncUnit> <Opcode : 'and' 'or' 'xor'> <InPorts = 2> <OutPorts = 1>
ST_3 : Operation 361 [1/1] (0.00ns) (grouped into LUT with out node xor_ln22_14)   --->   "%shl_ln22_14 = shl i8 %a2_3, i8 1" [src/aes128.cpp:22]   --->   Operation 361 'shl' 'shl_ln22_14' <Predicate = true> <Delay = 0.00>
ST_3 : Operation 362 [1/1] (0.00ns) (grouped into LUT with out node xor_ln22_14)   --->   "%tmp_29 = bitselect i1 @_ssdm_op_BitSelect.i1.i8.i32, i8 %a2_3, i32 7" [src/aes128.cpp:22]   --->   Operation 362 'bitselect' 'tmp_29' <Predicate = true> <Delay = 0.00>
ST_3 : Operation 363 [1/1] (0.00ns) (grouped into LUT with out node xor_ln22_14)   --->   "%select_ln22_14 = select i1 %tmp_29, i8 27, i8 0" [src/aes128.cpp:22]   --->   Operation 363 'select' 'select_ln22_14' <Predicate = true> <Delay = 0.00> <CoreInst = "Sel">   --->   Core 73 'Sel' <Latency = 0> <II = 1> <Delay = 1.18> <FuncUnit> <Opcode : 'select'> <InPorts = 3> <OutPorts = 1>
ST_3 : Operation 364 [1/1] (1.18ns) (out node of the LUT)   --->   "%xor_ln22_14 = xor i8 %select_ln22_14, i8 %shl_ln22_14" [src/aes128.cpp:22]   --->   Operation 364 'xor' 'xor_ln22_14' <Predicate = true> <Delay = 1.18> <CoreInst = "LogicGate">   --->   Core 74 'LogicGate' <Latency = 0> <II = 1> <Delay = 0.99> <FuncUnit> <Opcode : 'and' 'or' 'xor'> <InPorts = 2> <OutPorts = 1>
ST_3 : Operation 365 [1/1] (0.00ns) (grouped into LUT with out node xor_ln22_15)   --->   "%shl_ln22_15 = shl i8 %a3_3, i8 1" [src/aes128.cpp:22]   --->   Operation 365 'shl' 'shl_ln22_15' <Predicate = true> <Delay = 0.00>
ST_3 : Operation 366 [1/1] (0.00ns) (grouped into LUT with out node xor_ln22_15)   --->   "%tmp_30 = bitselect i1 @_ssdm_op_BitSelect.i1.i8.i32, i8 %a3_3, i32 7" [src/aes128.cpp:22]   --->   Operation 366 'bitselect' 'tmp_30' <Predicate = true> <Delay = 0.00>
ST_3 : Operation 367 [1/1] (0.00ns) (grouped into LUT with out node xor_ln22_15)   --->   "%select_ln22_15 = select i1 %tmp_30, i8 27, i8 0" [src/aes128.cpp:22]   --->   Operation 367 'select' 'select_ln22_15' <Predicate = true> <Delay = 0.00> <CoreInst = "Sel">   --->   Core 73 'Sel' <Latency = 0> <II = 1> <Delay = 1.18> <FuncUnit> <Opcode : 'select'> <InPorts = 3> <OutPorts = 1>
ST_3 : Operation 368 [1/1] (1.18ns) (out node of the LUT)   --->   "%xor_ln22_15 = xor i8 %select_ln22_15, i8 %shl_ln22_15" [src/aes128.cpp:22]   --->   Operation 368 'xor' 'xor_ln22_15' <Predicate = true> <Delay = 1.18> <CoreInst = "LogicGate">   --->   Core 74 'LogicGate' <Latency = 0> <II = 1> <Delay = 0.99> <FuncUnit> <Opcode : 'and' 'or' 'xor'> <InPorts = 2> <OutPorts = 1>
ST_3 : Operation 369 [1/1] (0.99ns)   --->   "%xor_ln76_16 = xor i8 %a2, i8 %a3" [src/aes128.cpp:76]   --->   Operation 369 'xor' 'xor_ln76_16' <Predicate = true> <Delay = 0.99> <CoreInst = "LogicGate">   --->   Core 74 'LogicGate' <Latency = 0> <II = 1> <Delay = 0.99> <FuncUnit> <Opcode : 'and' 'or' 'xor'> <InPorts = 2> <OutPorts = 1>
ST_3 : Operation 370 [1/1] (0.00ns) (grouped into LUT with out node xor_ln76)   --->   "%xor_ln76_17 = xor i8 %xor_ln76_16, i8 %a1" [src/aes128.cpp:76]   --->   Operation 370 'xor' 'xor_ln76_17' <Predicate = true> <Delay = 0.00> <CoreInst = "LogicGate">   --->   Core 74 'LogicGate' <Latency = 0> <II = 1> <Delay = 0.99> <FuncUnit> <Opcode : 'and' 'or' 'xor'> <InPorts = 2> <OutPorts = 1>
ST_3 : Operation 371 [1/1] (0.00ns) (grouped into LUT with out node xor_ln76)   --->   "%xor_ln76_18 = xor i8 %xor_ln22_1, i8 %tmp_5" [src/aes128.cpp:76]   --->   Operation 371 'xor' 'xor_ln76_18' <Predicate = true> <Delay = 0.00> <CoreInst = "LogicGate">   --->   Core 74 'LogicGate' <Latency = 0> <II = 1> <Delay = 0.99> <FuncUnit> <Opcode : 'and' 'or' 'xor'> <InPorts = 2> <OutPorts = 1>
ST_3 : Operation 372 [1/1] (0.00ns) (grouped into LUT with out node xor_ln76)   --->   "%xor_ln76_19 = xor i8 %xor_ln76_18, i8 %xor_ln22" [src/aes128.cpp:76]   --->   Operation 372 'xor' 'xor_ln76_19' <Predicate = true> <Delay = 0.00> <CoreInst = "LogicGate">   --->   Core 74 'LogicGate' <Latency = 0> <II = 1> <Delay = 0.99> <FuncUnit> <Opcode : 'and' 'or' 'xor'> <InPorts = 2> <OutPorts = 1>
ST_3 : Operation 373 [1/1] (0.99ns) (out node of the LUT)   --->   "%xor_ln76 = xor i8 %xor_ln76_19, i8 %xor_ln76_17" [src/aes128.cpp:76]   --->   Operation 373 'xor' 'xor_ln76' <Predicate = true> <Delay = 0.99> <CoreInst = "LogicGate">   --->   Core 74 'LogicGate' <Latency = 0> <II = 1> <Delay = 0.99> <FuncUnit> <Opcode : 'and' 'or' 'xor'> <InPorts = 2> <OutPorts = 1>
ST_3 : Operation 374 [1/1] (0.00ns) (grouped into LUT with out node xor_ln76_1)   --->   "%xor_ln76_20 = xor i8 %xor_ln76_16, i8 %a0" [src/aes128.cpp:76]   --->   Operation 374 'xor' 'xor_ln76_20' <Predicate = true> <Delay = 0.00> <CoreInst = "LogicGate">   --->   Core 74 'LogicGate' <Latency = 0> <II = 1> <Delay = 0.99> <FuncUnit> <Opcode : 'and' 'or' 'xor'> <InPorts = 2> <OutPorts = 1>
ST_3 : Operation 375 [1/1] (0.00ns) (grouped into LUT with out node xor_ln76_1)   --->   "%xor_ln76_21 = xor i8 %xor_ln22_2, i8 %tmp_6" [src/aes128.cpp:76]   --->   Operation 375 'xor' 'xor_ln76_21' <Predicate = true> <Delay = 0.00> <CoreInst = "LogicGate">   --->   Core 74 'LogicGate' <Latency = 0> <II = 1> <Delay = 0.99> <FuncUnit> <Opcode : 'and' 'or' 'xor'> <InPorts = 2> <OutPorts = 1>
ST_3 : Operation 376 [1/1] (0.00ns) (grouped into LUT with out node xor_ln76_1)   --->   "%xor_ln76_22 = xor i8 %xor_ln76_21, i8 %xor_ln22_1" [src/aes128.cpp:76]   --->   Operation 376 'xor' 'xor_ln76_22' <Predicate = true> <Delay = 0.00> <CoreInst = "LogicGate">   --->   Core 74 'LogicGate' <Latency = 0> <II = 1> <Delay = 0.99> <FuncUnit> <Opcode : 'and' 'or' 'xor'> <InPorts = 2> <OutPorts = 1>
ST_3 : Operation 377 [1/1] (0.99ns) (out node of the LUT)   --->   "%xor_ln76_1 = xor i8 %xor_ln76_22, i8 %xor_ln76_20" [src/aes128.cpp:76]   --->   Operation 377 'xor' 'xor_ln76_1' <Predicate = true> <Delay = 0.99> <CoreInst = "LogicGate">   --->   Core 74 'LogicGate' <Latency = 0> <II = 1> <Delay = 0.99> <FuncUnit> <Opcode : 'and' 'or' 'xor'> <InPorts = 2> <OutPorts = 1>
ST_3 : Operation 378 [1/1] (0.00ns) (grouped into LUT with out node xor_ln76_2)   --->   "%xor_ln76_23 = xor i8 %a0, i8 %a3" [src/aes128.cpp:76]   --->   Operation 378 'xor' 'xor_ln76_23' <Predicate = true> <Delay = 0.00> <CoreInst = "LogicGate">   --->   Core 74 'LogicGate' <Latency = 0> <II = 1> <Delay = 0.99> <FuncUnit> <Opcode : 'and' 'or' 'xor'> <InPorts = 2> <OutPorts = 1>
ST_3 : Operation 379 [1/1] (0.00ns) (grouped into LUT with out node xor_ln76_2)   --->   "%xor_ln76_24 = xor i8 %xor_ln76_23, i8 %a1" [src/aes128.cpp:76]   --->   Operation 379 'xor' 'xor_ln76_24' <Predicate = true> <Delay = 0.00> <CoreInst = "LogicGate">   --->   Core 74 'LogicGate' <Latency = 0> <II = 1> <Delay = 0.99> <FuncUnit> <Opcode : 'and' 'or' 'xor'> <InPorts = 2> <OutPorts = 1>
ST_3 : Operation 380 [1/1] (0.00ns) (grouped into LUT with out node xor_ln76_2)   --->   "%xor_ln76_25 = xor i8 %xor_ln22_3, i8 %tmp_7" [src/aes128.cpp:76]   --->   Operation 380 'xor' 'xor_ln76_25' <Predicate = true> <Delay = 0.00> <CoreInst = "LogicGate">   --->   Core 74 'LogicGate' <Latency = 0> <II = 1> <Delay = 0.99> <FuncUnit> <Opcode : 'and' 'or' 'xor'> <InPorts = 2> <OutPorts = 1>
ST_3 : Operation 381 [1/1] (0.00ns) (grouped into LUT with out node xor_ln76_2)   --->   "%xor_ln76_26 = xor i8 %xor_ln76_25, i8 %xor_ln22_2" [src/aes128.cpp:76]   --->   Operation 381 'xor' 'xor_ln76_26' <Predicate = true> <Delay = 0.00> <CoreInst = "LogicGate">   --->   Core 74 'LogicGate' <Latency = 0> <II = 1> <Delay = 0.99> <FuncUnit> <Opcode : 'and' 'or' 'xor'> <InPorts = 2> <OutPorts = 1>
ST_3 : Operation 382 [1/1] (0.99ns) (out node of the LUT)   --->   "%xor_ln76_2 = xor i8 %xor_ln76_26, i8 %xor_ln76_24" [src/aes128.cpp:76]   --->   Operation 382 'xor' 'xor_ln76_2' <Predicate = true> <Delay = 0.99> <CoreInst = "LogicGate">   --->   Core 74 'LogicGate' <Latency = 0> <II = 1> <Delay = 0.99> <FuncUnit> <Opcode : 'and' 'or' 'xor'> <InPorts = 2> <OutPorts = 1>
ST_3 : Operation 383 [1/1] (0.00ns) (grouped into LUT with out node xor_ln76_3)   --->   "%xor_ln76_27 = xor i8 %a1, i8 %a2" [src/aes128.cpp:76]   --->   Operation 383 'xor' 'xor_ln76_27' <Predicate = true> <Delay = 0.00> <CoreInst = "LogicGate">   --->   Core 74 'LogicGate' <Latency = 0> <II = 1> <Delay = 0.99> <FuncUnit> <Opcode : 'and' 'or' 'xor'> <InPorts = 2> <OutPorts = 1>
ST_3 : Operation 384 [1/1] (0.00ns) (grouped into LUT with out node xor_ln76_3)   --->   "%xor_ln76_28 = xor i8 %xor_ln76_27, i8 %a0" [src/aes128.cpp:76]   --->   Operation 384 'xor' 'xor_ln76_28' <Predicate = true> <Delay = 0.00> <CoreInst = "LogicGate">   --->   Core 74 'LogicGate' <Latency = 0> <II = 1> <Delay = 0.99> <FuncUnit> <Opcode : 'and' 'or' 'xor'> <InPorts = 2> <OutPorts = 1>
ST_3 : Operation 385 [1/1] (0.00ns) (grouped into LUT with out node xor_ln76_3)   --->   "%xor_ln76_29 = xor i8 %xor_ln22_3, i8 %tmp_8" [src/aes128.cpp:76]   --->   Operation 385 'xor' 'xor_ln76_29' <Predicate = true> <Delay = 0.00> <CoreInst = "LogicGate">   --->   Core 74 'LogicGate' <Latency = 0> <II = 1> <Delay = 0.99> <FuncUnit> <Opcode : 'and' 'or' 'xor'> <InPorts = 2> <OutPorts = 1>
ST_3 : Operation 386 [1/1] (0.00ns) (grouped into LUT with out node xor_ln76_3)   --->   "%xor_ln76_30 = xor i8 %xor_ln76_29, i8 %xor_ln22" [src/aes128.cpp:76]   --->   Operation 386 'xor' 'xor_ln76_30' <Predicate = true> <Delay = 0.00> <CoreInst = "LogicGate">   --->   Core 74 'LogicGate' <Latency = 0> <II = 1> <Delay = 0.99> <FuncUnit> <Opcode : 'and' 'or' 'xor'> <InPorts = 2> <OutPorts = 1>
ST_3 : Operation 387 [1/1] (0.99ns) (out node of the LUT)   --->   "%xor_ln76_3 = xor i8 %xor_ln76_30, i8 %xor_ln76_28" [src/aes128.cpp:76]   --->   Operation 387 'xor' 'xor_ln76_3' <Predicate = true> <Delay = 0.99> <CoreInst = "LogicGate">   --->   Core 74 'LogicGate' <Latency = 0> <II = 1> <Delay = 0.99> <FuncUnit> <Opcode : 'and' 'or' 'xor'> <InPorts = 2> <OutPorts = 1>
ST_3 : Operation 388 [1/1] (0.99ns)   --->   "%xor_ln76_31 = xor i8 %a1_1, i8 %a2_1" [src/aes128.cpp:76]   --->   Operation 388 'xor' 'xor_ln76_31' <Predicate = true> <Delay = 0.99> <CoreInst = "LogicGate">   --->   Core 74 'LogicGate' <Latency = 0> <II = 1> <Delay = 0.99> <FuncUnit> <Opcode : 'and' 'or' 'xor'> <InPorts = 2> <OutPorts = 1>
ST_3 : Operation 389 [1/1] (0.00ns) (grouped into LUT with out node xor_ln76_4)   --->   "%xor_ln76_32 = xor i8 %xor_ln76_31, i8 %a3_1" [src/aes128.cpp:76]   --->   Operation 389 'xor' 'xor_ln76_32' <Predicate = true> <Delay = 0.00> <CoreInst = "LogicGate">   --->   Core 74 'LogicGate' <Latency = 0> <II = 1> <Delay = 0.99> <FuncUnit> <Opcode : 'and' 'or' 'xor'> <InPorts = 2> <OutPorts = 1>
ST_3 : Operation 390 [1/1] (0.00ns) (grouped into LUT with out node xor_ln76_4)   --->   "%xor_ln76_33 = xor i8 %xor_ln22_5, i8 %tmp_9" [src/aes128.cpp:76]   --->   Operation 390 'xor' 'xor_ln76_33' <Predicate = true> <Delay = 0.00> <CoreInst = "LogicGate">   --->   Core 74 'LogicGate' <Latency = 0> <II = 1> <Delay = 0.99> <FuncUnit> <Opcode : 'and' 'or' 'xor'> <InPorts = 2> <OutPorts = 1>
ST_3 : Operation 391 [1/1] (0.00ns) (grouped into LUT with out node xor_ln76_4)   --->   "%xor_ln76_34 = xor i8 %xor_ln76_33, i8 %xor_ln22_4" [src/aes128.cpp:76]   --->   Operation 391 'xor' 'xor_ln76_34' <Predicate = true> <Delay = 0.00> <CoreInst = "LogicGate">   --->   Core 74 'LogicGate' <Latency = 0> <II = 1> <Delay = 0.99> <FuncUnit> <Opcode : 'and' 'or' 'xor'> <InPorts = 2> <OutPorts = 1>
ST_3 : Operation 392 [1/1] (0.99ns) (out node of the LUT)   --->   "%xor_ln76_4 = xor i8 %xor_ln76_34, i8 %xor_ln76_32" [src/aes128.cpp:76]   --->   Operation 392 'xor' 'xor_ln76_4' <Predicate = true> <Delay = 0.99> <CoreInst = "LogicGate">   --->   Core 74 'LogicGate' <Latency = 0> <II = 1> <Delay = 0.99> <FuncUnit> <Opcode : 'and' 'or' 'xor'> <InPorts = 2> <OutPorts = 1>
ST_3 : Operation 393 [1/1] (0.99ns)   --->   "%xor_ln136 = xor i8 %a0_1, i8 %a3_1" [src/aes128.cpp:136]   --->   Operation 393 'xor' 'xor_ln136' <Predicate = true> <Delay = 0.99> <CoreInst = "LogicGate">   --->   Core 74 'LogicGate' <Latency = 0> <II = 1> <Delay = 0.99> <FuncUnit> <Opcode : 'and' 'or' 'xor'> <InPorts = 2> <OutPorts = 1>
ST_3 : Operation 394 [1/1] (0.00ns) (grouped into LUT with out node xor_ln76_5)   --->   "%xor_ln76_35 = xor i8 %a2_1, i8 %xor_ln22_5" [src/aes128.cpp:76]   --->   Operation 394 'xor' 'xor_ln76_35' <Predicate = true> <Delay = 0.00> <CoreInst = "LogicGate">   --->   Core 74 'LogicGate' <Latency = 0> <II = 1> <Delay = 0.99> <FuncUnit> <Opcode : 'and' 'or' 'xor'> <InPorts = 2> <OutPorts = 1>
ST_3 : Operation 395 [1/1] (0.00ns) (grouped into LUT with out node xor_ln76_5)   --->   "%xor_ln76_36 = xor i8 %xor_ln22_6, i8 %tmp_s" [src/aes128.cpp:76]   --->   Operation 395 'xor' 'xor_ln76_36' <Predicate = true> <Delay = 0.00> <CoreInst = "LogicGate">   --->   Core 74 'LogicGate' <Latency = 0> <II = 1> <Delay = 0.99> <FuncUnit> <Opcode : 'and' 'or' 'xor'> <InPorts = 2> <OutPorts = 1>
ST_3 : Operation 396 [1/1] (0.00ns) (grouped into LUT with out node xor_ln76_5)   --->   "%xor_ln76_37 = xor i8 %xor_ln76_36, i8 %xor_ln136" [src/aes128.cpp:76]   --->   Operation 396 'xor' 'xor_ln76_37' <Predicate = true> <Delay = 0.00> <CoreInst = "LogicGate">   --->   Core 74 'LogicGate' <Latency = 0> <II = 1> <Delay = 0.99> <FuncUnit> <Opcode : 'and' 'or' 'xor'> <InPorts = 2> <OutPorts = 1>
ST_3 : Operation 397 [1/1] (0.99ns) (out node of the LUT)   --->   "%xor_ln76_5 = xor i8 %xor_ln76_37, i8 %xor_ln76_35" [src/aes128.cpp:76]   --->   Operation 397 'xor' 'xor_ln76_5' <Predicate = true> <Delay = 0.99> <CoreInst = "LogicGate">   --->   Core 74 'LogicGate' <Latency = 0> <II = 1> <Delay = 0.99> <FuncUnit> <Opcode : 'and' 'or' 'xor'> <InPorts = 2> <OutPorts = 1>
ST_3 : Operation 398 [1/1] (0.00ns) (grouped into LUT with out node xor_ln76_6)   --->   "%xor_ln76_38 = xor i8 %a1_1, i8 %xor_ln136" [src/aes128.cpp:76]   --->   Operation 398 'xor' 'xor_ln76_38' <Predicate = true> <Delay = 0.00> <CoreInst = "LogicGate">   --->   Core 74 'LogicGate' <Latency = 0> <II = 1> <Delay = 0.99> <FuncUnit> <Opcode : 'and' 'or' 'xor'> <InPorts = 2> <OutPorts = 1>
ST_3 : Operation 399 [1/1] (0.00ns) (grouped into LUT with out node xor_ln76_6)   --->   "%xor_ln76_39 = xor i8 %xor_ln22_6, i8 %tmp_1" [src/aes128.cpp:76]   --->   Operation 399 'xor' 'xor_ln76_39' <Predicate = true> <Delay = 0.00> <CoreInst = "LogicGate">   --->   Core 74 'LogicGate' <Latency = 0> <II = 1> <Delay = 0.99> <FuncUnit> <Opcode : 'and' 'or' 'xor'> <InPorts = 2> <OutPorts = 1>
ST_3 : Operation 400 [1/1] (0.00ns) (grouped into LUT with out node xor_ln76_6)   --->   "%xor_ln76_40 = xor i8 %xor_ln76_39, i8 %xor_ln22_7" [src/aes128.cpp:76]   --->   Operation 400 'xor' 'xor_ln76_40' <Predicate = true> <Delay = 0.00> <CoreInst = "LogicGate">   --->   Core 74 'LogicGate' <Latency = 0> <II = 1> <Delay = 0.99> <FuncUnit> <Opcode : 'and' 'or' 'xor'> <InPorts = 2> <OutPorts = 1>
ST_3 : Operation 401 [1/1] (0.99ns) (out node of the LUT)   --->   "%xor_ln76_6 = xor i8 %xor_ln76_40, i8 %xor_ln76_38" [src/aes128.cpp:76]   --->   Operation 401 'xor' 'xor_ln76_6' <Predicate = true> <Delay = 0.99> <CoreInst = "LogicGate">   --->   Core 74 'LogicGate' <Latency = 0> <II = 1> <Delay = 0.99> <FuncUnit> <Opcode : 'and' 'or' 'xor'> <InPorts = 2> <OutPorts = 1>
ST_3 : Operation 402 [1/1] (0.00ns) (grouped into LUT with out node xor_ln76_7)   --->   "%xor_ln76_41 = xor i8 %xor_ln76_31, i8 %a0_1" [src/aes128.cpp:76]   --->   Operation 402 'xor' 'xor_ln76_41' <Predicate = true> <Delay = 0.00> <CoreInst = "LogicGate">   --->   Core 74 'LogicGate' <Latency = 0> <II = 1> <Delay = 0.99> <FuncUnit> <Opcode : 'and' 'or' 'xor'> <InPorts = 2> <OutPorts = 1>
ST_3 : Operation 403 [1/1] (0.00ns) (grouped into LUT with out node xor_ln76_7)   --->   "%xor_ln76_42 = xor i8 %xor_ln22_4, i8 %tmp_2" [src/aes128.cpp:76]   --->   Operation 403 'xor' 'xor_ln76_42' <Predicate = true> <Delay = 0.00> <CoreInst = "LogicGate">   --->   Core 74 'LogicGate' <Latency = 0> <II = 1> <Delay = 0.99> <FuncUnit> <Opcode : 'and' 'or' 'xor'> <InPorts = 2> <OutPorts = 1>
ST_3 : Operation 404 [1/1] (0.00ns) (grouped into LUT with out node xor_ln76_7)   --->   "%xor_ln76_43 = xor i8 %xor_ln76_42, i8 %xor_ln22_7" [src/aes128.cpp:76]   --->   Operation 404 'xor' 'xor_ln76_43' <Predicate = true> <Delay = 0.00> <CoreInst = "LogicGate">   --->   Core 74 'LogicGate' <Latency = 0> <II = 1> <Delay = 0.99> <FuncUnit> <Opcode : 'and' 'or' 'xor'> <InPorts = 2> <OutPorts = 1>
ST_3 : Operation 405 [1/1] (0.99ns) (out node of the LUT)   --->   "%xor_ln76_7 = xor i8 %xor_ln76_43, i8 %xor_ln76_41" [src/aes128.cpp:76]   --->   Operation 405 'xor' 'xor_ln76_7' <Predicate = true> <Delay = 0.99> <CoreInst = "LogicGate">   --->   Core 74 'LogicGate' <Latency = 0> <II = 1> <Delay = 0.99> <FuncUnit> <Opcode : 'and' 'or' 'xor'> <InPorts = 2> <OutPorts = 1>
ST_3 : Operation 406 [1/1] (0.99ns)   --->   "%xor_ln76_44 = xor i8 %a2_2, i8 %a1_2" [src/aes128.cpp:76]   --->   Operation 406 'xor' 'xor_ln76_44' <Predicate = true> <Delay = 0.99> <CoreInst = "LogicGate">   --->   Core 74 'LogicGate' <Latency = 0> <II = 1> <Delay = 0.99> <FuncUnit> <Opcode : 'and' 'or' 'xor'> <InPorts = 2> <OutPorts = 1>
ST_3 : Operation 407 [1/1] (0.00ns) (grouped into LUT with out node xor_ln76_8)   --->   "%xor_ln76_45 = xor i8 %xor_ln76_44, i8 %a3_2" [src/aes128.cpp:76]   --->   Operation 407 'xor' 'xor_ln76_45' <Predicate = true> <Delay = 0.00> <CoreInst = "LogicGate">   --->   Core 74 'LogicGate' <Latency = 0> <II = 1> <Delay = 0.99> <FuncUnit> <Opcode : 'and' 'or' 'xor'> <InPorts = 2> <OutPorts = 1>
ST_3 : Operation 408 [1/1] (0.00ns) (grouped into LUT with out node xor_ln76_8)   --->   "%xor_ln76_46 = xor i8 %xor_ln22_9, i8 %tmp_3" [src/aes128.cpp:76]   --->   Operation 408 'xor' 'xor_ln76_46' <Predicate = true> <Delay = 0.00> <CoreInst = "LogicGate">   --->   Core 74 'LogicGate' <Latency = 0> <II = 1> <Delay = 0.99> <FuncUnit> <Opcode : 'and' 'or' 'xor'> <InPorts = 2> <OutPorts = 1>
ST_3 : Operation 409 [1/1] (0.00ns) (grouped into LUT with out node xor_ln76_8)   --->   "%xor_ln76_47 = xor i8 %xor_ln76_46, i8 %xor_ln22_8" [src/aes128.cpp:76]   --->   Operation 409 'xor' 'xor_ln76_47' <Predicate = true> <Delay = 0.00> <CoreInst = "LogicGate">   --->   Core 74 'LogicGate' <Latency = 0> <II = 1> <Delay = 0.99> <FuncUnit> <Opcode : 'and' 'or' 'xor'> <InPorts = 2> <OutPorts = 1>
ST_3 : Operation 410 [1/1] (0.99ns) (out node of the LUT)   --->   "%xor_ln76_8 = xor i8 %xor_ln76_47, i8 %xor_ln76_45" [src/aes128.cpp:76]   --->   Operation 410 'xor' 'xor_ln76_8' <Predicate = true> <Delay = 0.99> <CoreInst = "LogicGate">   --->   Core 74 'LogicGate' <Latency = 0> <II = 1> <Delay = 0.99> <FuncUnit> <Opcode : 'and' 'or' 'xor'> <InPorts = 2> <OutPorts = 1>
ST_3 : Operation 411 [1/1] (0.00ns) (grouped into LUT with out node xor_ln76_9)   --->   "%xor_ln76_48 = xor i8 %a3_2, i8 %a0_2" [src/aes128.cpp:76]   --->   Operation 411 'xor' 'xor_ln76_48' <Predicate = true> <Delay = 0.00> <CoreInst = "LogicGate">   --->   Core 74 'LogicGate' <Latency = 0> <II = 1> <Delay = 0.99> <FuncUnit> <Opcode : 'and' 'or' 'xor'> <InPorts = 2> <OutPorts = 1>
ST_3 : Operation 412 [1/1] (0.00ns) (grouped into LUT with out node xor_ln76_9)   --->   "%xor_ln76_49 = xor i8 %xor_ln76_48, i8 %a2_2" [src/aes128.cpp:76]   --->   Operation 412 'xor' 'xor_ln76_49' <Predicate = true> <Delay = 0.00> <CoreInst = "LogicGate">   --->   Core 74 'LogicGate' <Latency = 0> <II = 1> <Delay = 0.99> <FuncUnit> <Opcode : 'and' 'or' 'xor'> <InPorts = 2> <OutPorts = 1>
ST_3 : Operation 413 [1/1] (0.00ns) (grouped into LUT with out node xor_ln76_9)   --->   "%xor_ln76_50 = xor i8 %xor_ln22_9, i8 %tmp_4" [src/aes128.cpp:76]   --->   Operation 413 'xor' 'xor_ln76_50' <Predicate = true> <Delay = 0.00> <CoreInst = "LogicGate">   --->   Core 74 'LogicGate' <Latency = 0> <II = 1> <Delay = 0.99> <FuncUnit> <Opcode : 'and' 'or' 'xor'> <InPorts = 2> <OutPorts = 1>
ST_3 : Operation 414 [1/1] (0.00ns) (grouped into LUT with out node xor_ln76_9)   --->   "%xor_ln76_51 = xor i8 %xor_ln76_49, i8 %xor_ln22_10" [src/aes128.cpp:76]   --->   Operation 414 'xor' 'xor_ln76_51' <Predicate = true> <Delay = 0.00> <CoreInst = "LogicGate">   --->   Core 74 'LogicGate' <Latency = 0> <II = 1> <Delay = 0.99> <FuncUnit> <Opcode : 'and' 'or' 'xor'> <InPorts = 2> <OutPorts = 1>
ST_3 : Operation 415 [1/1] (0.99ns) (out node of the LUT)   --->   "%xor_ln76_9 = xor i8 %xor_ln76_51, i8 %xor_ln76_50" [src/aes128.cpp:76]   --->   Operation 415 'xor' 'xor_ln76_9' <Predicate = true> <Delay = 0.99> <CoreInst = "LogicGate">   --->   Core 74 'LogicGate' <Latency = 0> <II = 1> <Delay = 0.99> <FuncUnit> <Opcode : 'and' 'or' 'xor'> <InPorts = 2> <OutPorts = 1>
ST_3 : Operation 416 [1/1] (0.00ns) (grouped into LUT with out node xor_ln76_10)   --->   "%xor_ln76_52 = xor i8 %a0_2, i8 %a1_2" [src/aes128.cpp:76]   --->   Operation 416 'xor' 'xor_ln76_52' <Predicate = true> <Delay = 0.00> <CoreInst = "LogicGate">   --->   Core 74 'LogicGate' <Latency = 0> <II = 1> <Delay = 0.99> <FuncUnit> <Opcode : 'and' 'or' 'xor'> <InPorts = 2> <OutPorts = 1>
ST_3 : Operation 417 [1/1] (0.00ns) (grouped into LUT with out node xor_ln76_10)   --->   "%xor_ln76_53 = xor i8 %xor_ln76_52, i8 %a3_2" [src/aes128.cpp:76]   --->   Operation 417 'xor' 'xor_ln76_53' <Predicate = true> <Delay = 0.00> <CoreInst = "LogicGate">   --->   Core 74 'LogicGate' <Latency = 0> <II = 1> <Delay = 0.99> <FuncUnit> <Opcode : 'and' 'or' 'xor'> <InPorts = 2> <OutPorts = 1>
ST_3 : Operation 418 [1/1] (0.00ns) (grouped into LUT with out node xor_ln76_10)   --->   "%xor_ln76_54 = xor i8 %xor_ln22_11, i8 %tmp_10" [src/aes128.cpp:76]   --->   Operation 418 'xor' 'xor_ln76_54' <Predicate = true> <Delay = 0.00> <CoreInst = "LogicGate">   --->   Core 74 'LogicGate' <Latency = 0> <II = 1> <Delay = 0.99> <FuncUnit> <Opcode : 'and' 'or' 'xor'> <InPorts = 2> <OutPorts = 1>
ST_3 : Operation 419 [1/1] (0.00ns) (grouped into LUT with out node xor_ln76_10)   --->   "%xor_ln76_55 = xor i8 %xor_ln76_54, i8 %xor_ln22_10" [src/aes128.cpp:76]   --->   Operation 419 'xor' 'xor_ln76_55' <Predicate = true> <Delay = 0.00> <CoreInst = "LogicGate">   --->   Core 74 'LogicGate' <Latency = 0> <II = 1> <Delay = 0.99> <FuncUnit> <Opcode : 'and' 'or' 'xor'> <InPorts = 2> <OutPorts = 1>
ST_3 : Operation 420 [1/1] (0.99ns) (out node of the LUT)   --->   "%xor_ln76_10 = xor i8 %xor_ln76_55, i8 %xor_ln76_53" [src/aes128.cpp:76]   --->   Operation 420 'xor' 'xor_ln76_10' <Predicate = true> <Delay = 0.99> <CoreInst = "LogicGate">   --->   Core 74 'LogicGate' <Latency = 0> <II = 1> <Delay = 0.99> <FuncUnit> <Opcode : 'and' 'or' 'xor'> <InPorts = 2> <OutPorts = 1>
ST_3 : Operation 421 [1/1] (0.00ns) (grouped into LUT with out node xor_ln76_11)   --->   "%xor_ln76_56 = xor i8 %xor_ln76_44, i8 %a0_2" [src/aes128.cpp:76]   --->   Operation 421 'xor' 'xor_ln76_56' <Predicate = true> <Delay = 0.00> <CoreInst = "LogicGate">   --->   Core 74 'LogicGate' <Latency = 0> <II = 1> <Delay = 0.99> <FuncUnit> <Opcode : 'and' 'or' 'xor'> <InPorts = 2> <OutPorts = 1>
ST_3 : Operation 422 [1/1] (0.00ns) (grouped into LUT with out node xor_ln76_11)   --->   "%xor_ln76_57 = xor i8 %xor_ln22_8, i8 %tmp_11" [src/aes128.cpp:76]   --->   Operation 422 'xor' 'xor_ln76_57' <Predicate = true> <Delay = 0.00> <CoreInst = "LogicGate">   --->   Core 74 'LogicGate' <Latency = 0> <II = 1> <Delay = 0.99> <FuncUnit> <Opcode : 'and' 'or' 'xor'> <InPorts = 2> <OutPorts = 1>
ST_3 : Operation 423 [1/1] (0.00ns) (grouped into LUT with out node xor_ln76_11)   --->   "%xor_ln76_58 = xor i8 %xor_ln76_57, i8 %xor_ln22_11" [src/aes128.cpp:76]   --->   Operation 423 'xor' 'xor_ln76_58' <Predicate = true> <Delay = 0.00> <CoreInst = "LogicGate">   --->   Core 74 'LogicGate' <Latency = 0> <II = 1> <Delay = 0.99> <FuncUnit> <Opcode : 'and' 'or' 'xor'> <InPorts = 2> <OutPorts = 1>
ST_3 : Operation 424 [1/1] (0.99ns) (out node of the LUT)   --->   "%xor_ln76_11 = xor i8 %xor_ln76_58, i8 %xor_ln76_56" [src/aes128.cpp:76]   --->   Operation 424 'xor' 'xor_ln76_11' <Predicate = true> <Delay = 0.99> <CoreInst = "LogicGate">   --->   Core 74 'LogicGate' <Latency = 0> <II = 1> <Delay = 0.99> <FuncUnit> <Opcode : 'and' 'or' 'xor'> <InPorts = 2> <OutPorts = 1>
ST_3 : Operation 425 [1/1] (0.00ns) (grouped into LUT with out node xor_ln76_12)   --->   "%xor_ln76_59 = xor i8 %a2_3, i8 %a3_3" [src/aes128.cpp:76]   --->   Operation 425 'xor' 'xor_ln76_59' <Predicate = true> <Delay = 0.00> <CoreInst = "LogicGate">   --->   Core 74 'LogicGate' <Latency = 0> <II = 1> <Delay = 0.99> <FuncUnit> <Opcode : 'and' 'or' 'xor'> <InPorts = 2> <OutPorts = 1>
ST_3 : Operation 426 [1/1] (0.00ns) (grouped into LUT with out node xor_ln76_12)   --->   "%xor_ln76_60 = xor i8 %xor_ln76_59, i8 %a1_3" [src/aes128.cpp:76]   --->   Operation 426 'xor' 'xor_ln76_60' <Predicate = true> <Delay = 0.00> <CoreInst = "LogicGate">   --->   Core 74 'LogicGate' <Latency = 0> <II = 1> <Delay = 0.99> <FuncUnit> <Opcode : 'and' 'or' 'xor'> <InPorts = 2> <OutPorts = 1>
ST_3 : Operation 427 [1/1] (0.00ns) (grouped into LUT with out node xor_ln76_12)   --->   "%xor_ln76_61 = xor i8 %xor_ln22_12, i8 %tmp_12" [src/aes128.cpp:76]   --->   Operation 427 'xor' 'xor_ln76_61' <Predicate = true> <Delay = 0.00> <CoreInst = "LogicGate">   --->   Core 74 'LogicGate' <Latency = 0> <II = 1> <Delay = 0.99> <FuncUnit> <Opcode : 'and' 'or' 'xor'> <InPorts = 2> <OutPorts = 1>
ST_3 : Operation 428 [1/1] (0.00ns) (grouped into LUT with out node xor_ln76_12)   --->   "%xor_ln76_62 = xor i8 %xor_ln76_61, i8 %xor_ln22_13" [src/aes128.cpp:76]   --->   Operation 428 'xor' 'xor_ln76_62' <Predicate = true> <Delay = 0.00> <CoreInst = "LogicGate">   --->   Core 74 'LogicGate' <Latency = 0> <II = 1> <Delay = 0.99> <FuncUnit> <Opcode : 'and' 'or' 'xor'> <InPorts = 2> <OutPorts = 1>
ST_3 : Operation 429 [1/1] (0.99ns) (out node of the LUT)   --->   "%xor_ln76_12 = xor i8 %xor_ln76_62, i8 %xor_ln76_60" [src/aes128.cpp:76]   --->   Operation 429 'xor' 'xor_ln76_12' <Predicate = true> <Delay = 0.99> <CoreInst = "LogicGate">   --->   Core 74 'LogicGate' <Latency = 0> <II = 1> <Delay = 0.99> <FuncUnit> <Opcode : 'and' 'or' 'xor'> <InPorts = 2> <OutPorts = 1>
ST_3 : Operation 430 [1/1] (0.99ns)   --->   "%xor_ln76_63 = xor i8 %a3_3, i8 %a0_3" [src/aes128.cpp:76]   --->   Operation 430 'xor' 'xor_ln76_63' <Predicate = true> <Delay = 0.99> <CoreInst = "LogicGate">   --->   Core 74 'LogicGate' <Latency = 0> <II = 1> <Delay = 0.99> <FuncUnit> <Opcode : 'and' 'or' 'xor'> <InPorts = 2> <OutPorts = 1>
ST_3 : Operation 431 [1/1] (0.00ns) (grouped into LUT with out node xor_ln76_13)   --->   "%xor_ln76_64 = xor i8 %xor_ln76_63, i8 %a2_3" [src/aes128.cpp:76]   --->   Operation 431 'xor' 'xor_ln76_64' <Predicate = true> <Delay = 0.00> <CoreInst = "LogicGate">   --->   Core 74 'LogicGate' <Latency = 0> <II = 1> <Delay = 0.99> <FuncUnit> <Opcode : 'and' 'or' 'xor'> <InPorts = 2> <OutPorts = 1>
ST_3 : Operation 432 [1/1] (0.00ns) (grouped into LUT with out node xor_ln76_13)   --->   "%xor_ln76_65 = xor i8 %xor_ln22_14, i8 %tmp_13" [src/aes128.cpp:76]   --->   Operation 432 'xor' 'xor_ln76_65' <Predicate = true> <Delay = 0.00> <CoreInst = "LogicGate">   --->   Core 74 'LogicGate' <Latency = 0> <II = 1> <Delay = 0.99> <FuncUnit> <Opcode : 'and' 'or' 'xor'> <InPorts = 2> <OutPorts = 1>
ST_3 : Operation 433 [1/1] (0.00ns) (grouped into LUT with out node xor_ln76_13)   --->   "%xor_ln76_66 = xor i8 %xor_ln76_65, i8 %xor_ln22_13" [src/aes128.cpp:76]   --->   Operation 433 'xor' 'xor_ln76_66' <Predicate = true> <Delay = 0.00> <CoreInst = "LogicGate">   --->   Core 74 'LogicGate' <Latency = 0> <II = 1> <Delay = 0.99> <FuncUnit> <Opcode : 'and' 'or' 'xor'> <InPorts = 2> <OutPorts = 1>
ST_3 : Operation 434 [1/1] (0.99ns) (out node of the LUT)   --->   "%xor_ln76_13 = xor i8 %xor_ln76_66, i8 %xor_ln76_64" [src/aes128.cpp:76]   --->   Operation 434 'xor' 'xor_ln76_13' <Predicate = true> <Delay = 0.99> <CoreInst = "LogicGate">   --->   Core 74 'LogicGate' <Latency = 0> <II = 1> <Delay = 0.99> <FuncUnit> <Opcode : 'and' 'or' 'xor'> <InPorts = 2> <OutPorts = 1>
ST_3 : Operation 435 [1/1] (0.00ns) (grouped into LUT with out node xor_ln76_14)   --->   "%xor_ln76_67 = xor i8 %xor_ln76_63, i8 %a1_3" [src/aes128.cpp:76]   --->   Operation 435 'xor' 'xor_ln76_67' <Predicate = true> <Delay = 0.00> <CoreInst = "LogicGate">   --->   Core 74 'LogicGate' <Latency = 0> <II = 1> <Delay = 0.99> <FuncUnit> <Opcode : 'and' 'or' 'xor'> <InPorts = 2> <OutPorts = 1>
ST_3 : Operation 436 [1/1] (0.00ns) (grouped into LUT with out node xor_ln76_14)   --->   "%xor_ln76_68 = xor i8 %xor_ln22_15, i8 %tmp_14" [src/aes128.cpp:76]   --->   Operation 436 'xor' 'xor_ln76_68' <Predicate = true> <Delay = 0.00> <CoreInst = "LogicGate">   --->   Core 74 'LogicGate' <Latency = 0> <II = 1> <Delay = 0.99> <FuncUnit> <Opcode : 'and' 'or' 'xor'> <InPorts = 2> <OutPorts = 1>
ST_3 : Operation 437 [1/1] (0.00ns) (grouped into LUT with out node xor_ln76_14)   --->   "%xor_ln76_69 = xor i8 %xor_ln76_68, i8 %xor_ln22_14" [src/aes128.cpp:76]   --->   Operation 437 'xor' 'xor_ln76_69' <Predicate = true> <Delay = 0.00> <CoreInst = "LogicGate">   --->   Core 74 'LogicGate' <Latency = 0> <II = 1> <Delay = 0.99> <FuncUnit> <Opcode : 'and' 'or' 'xor'> <InPorts = 2> <OutPorts = 1>
ST_3 : Operation 438 [1/1] (0.99ns) (out node of the LUT)   --->   "%xor_ln76_14 = xor i8 %xor_ln76_69, i8 %xor_ln76_67" [src/aes128.cpp:76]   --->   Operation 438 'xor' 'xor_ln76_14' <Predicate = true> <Delay = 0.99> <CoreInst = "LogicGate">   --->   Core 74 'LogicGate' <Latency = 0> <II = 1> <Delay = 0.99> <FuncUnit> <Opcode : 'and' 'or' 'xor'> <InPorts = 2> <OutPorts = 1>
ST_3 : Operation 439 [1/1] (0.00ns) (grouped into LUT with out node xor_ln76_15)   --->   "%xor_ln76_70 = xor i8 %a1_3, i8 %a0_3" [src/aes128.cpp:76]   --->   Operation 439 'xor' 'xor_ln76_70' <Predicate = true> <Delay = 0.00> <CoreInst = "LogicGate">   --->   Core 74 'LogicGate' <Latency = 0> <II = 1> <Delay = 0.99> <FuncUnit> <Opcode : 'and' 'or' 'xor'> <InPorts = 2> <OutPorts = 1>
ST_3 : Operation 440 [1/1] (0.00ns) (grouped into LUT with out node xor_ln76_15)   --->   "%xor_ln76_71 = xor i8 %xor_ln76_70, i8 %a2_3" [src/aes128.cpp:76]   --->   Operation 440 'xor' 'xor_ln76_71' <Predicate = true> <Delay = 0.00> <CoreInst = "LogicGate">   --->   Core 74 'LogicGate' <Latency = 0> <II = 1> <Delay = 0.99> <FuncUnit> <Opcode : 'and' 'or' 'xor'> <InPorts = 2> <OutPorts = 1>
ST_3 : Operation 441 [1/1] (0.00ns) (grouped into LUT with out node xor_ln76_15)   --->   "%xor_ln76_72 = xor i8 %xor_ln22_12, i8 %tmp_15" [src/aes128.cpp:76]   --->   Operation 441 'xor' 'xor_ln76_72' <Predicate = true> <Delay = 0.00> <CoreInst = "LogicGate">   --->   Core 74 'LogicGate' <Latency = 0> <II = 1> <Delay = 0.99> <FuncUnit> <Opcode : 'and' 'or' 'xor'> <InPorts = 2> <OutPorts = 1>
ST_3 : Operation 442 [1/1] (0.00ns) (grouped into LUT with out node xor_ln76_15)   --->   "%xor_ln76_73 = xor i8 %xor_ln76_72, i8 %xor_ln22_15" [src/aes128.cpp:76]   --->   Operation 442 'xor' 'xor_ln76_73' <Predicate = true> <Delay = 0.00> <CoreInst = "LogicGate">   --->   Core 74 'LogicGate' <Latency = 0> <II = 1> <Delay = 0.99> <FuncUnit> <Opcode : 'and' 'or' 'xor'> <InPorts = 2> <OutPorts = 1>
ST_3 : Operation 443 [1/1] (0.99ns) (out node of the LUT)   --->   "%xor_ln76_15 = xor i8 %xor_ln76_73, i8 %xor_ln76_71" [src/aes128.cpp:76]   --->   Operation 443 'xor' 'xor_ln76_15' <Predicate = true> <Delay = 0.99> <CoreInst = "LogicGate">   --->   Core 74 'LogicGate' <Latency = 0> <II = 1> <Delay = 0.99> <FuncUnit> <Opcode : 'and' 'or' 'xor'> <InPorts = 2> <OutPorts = 1>
ST_3 : Operation 444 [1/1] (1.58ns)   --->   "%store_ln167 = store i8 %xor_ln76_15, i8 %empty_48" [src/aes128.cpp:167]   --->   Operation 444 'store' 'store_ln167' <Predicate = true> <Delay = 1.58>
ST_3 : Operation 445 [1/1] (1.58ns)   --->   "%store_ln167 = store i8 %xor_ln76_14, i8 %empty_47" [src/aes128.cpp:167]   --->   Operation 445 'store' 'store_ln167' <Predicate = true> <Delay = 1.58>
ST_3 : Operation 446 [1/1] (1.58ns)   --->   "%store_ln167 = store i8 %xor_ln76_13, i8 %empty_46" [src/aes128.cpp:167]   --->   Operation 446 'store' 'store_ln167' <Predicate = true> <Delay = 1.58>
ST_3 : Operation 447 [1/1] (1.58ns)   --->   "%store_ln167 = store i8 %xor_ln76_12, i8 %empty_45" [src/aes128.cpp:167]   --->   Operation 447 'store' 'store_ln167' <Predicate = true> <Delay = 1.58>
ST_3 : Operation 448 [1/1] (1.58ns)   --->   "%store_ln167 = store i8 %xor_ln76_11, i8 %empty_44" [src/aes128.cpp:167]   --->   Operation 448 'store' 'store_ln167' <Predicate = true> <Delay = 1.58>
ST_3 : Operation 449 [1/1] (1.58ns)   --->   "%store_ln167 = store i8 %xor_ln76_10, i8 %empty_43" [src/aes128.cpp:167]   --->   Operation 449 'store' 'store_ln167' <Predicate = true> <Delay = 1.58>
ST_3 : Operation 450 [1/1] (1.58ns)   --->   "%store_ln167 = store i8 %xor_ln76_9, i8 %empty_42" [src/aes128.cpp:167]   --->   Operation 450 'store' 'store_ln167' <Predicate = true> <Delay = 1.58>
ST_3 : Operation 451 [1/1] (1.58ns)   --->   "%store_ln167 = store i8 %xor_ln76_8, i8 %empty_41" [src/aes128.cpp:167]   --->   Operation 451 'store' 'store_ln167' <Predicate = true> <Delay = 1.58>
ST_3 : Operation 452 [1/1] (1.58ns)   --->   "%store_ln167 = store i8 %xor_ln76_7, i8 %empty_40" [src/aes128.cpp:167]   --->   Operation 452 'store' 'store_ln167' <Predicate = true> <Delay = 1.58>
ST_3 : Operation 453 [1/1] (1.58ns)   --->   "%store_ln167 = store i8 %xor_ln76_6, i8 %empty_39" [src/aes128.cpp:167]   --->   Operation 453 'store' 'store_ln167' <Predicate = true> <Delay = 1.58>
ST_3 : Operation 454 [1/1] (1.58ns)   --->   "%store_ln167 = store i8 %xor_ln76_5, i8 %empty_38" [src/aes128.cpp:167]   --->   Operation 454 'store' 'store_ln167' <Predicate = true> <Delay = 1.58>
ST_3 : Operation 455 [1/1] (1.58ns)   --->   "%store_ln167 = store i8 %xor_ln76_4, i8 %empty_37" [src/aes128.cpp:167]   --->   Operation 455 'store' 'store_ln167' <Predicate = true> <Delay = 1.58>
ST_3 : Operation 456 [1/1] (1.58ns)   --->   "%store_ln167 = store i8 %xor_ln76_3, i8 %empty_36" [src/aes128.cpp:167]   --->   Operation 456 'store' 'store_ln167' <Predicate = true> <Delay = 1.58>
ST_3 : Operation 457 [1/1] (1.58ns)   --->   "%store_ln167 = store i8 %xor_ln76_2, i8 %empty_35" [src/aes128.cpp:167]   --->   Operation 457 'store' 'store_ln167' <Predicate = true> <Delay = 1.58>
ST_3 : Operation 458 [1/1] (1.58ns)   --->   "%store_ln167 = store i8 %xor_ln76_1, i8 %empty_34" [src/aes128.cpp:167]   --->   Operation 458 'store' 'store_ln167' <Predicate = true> <Delay = 1.58>
ST_3 : Operation 459 [1/1] (1.58ns)   --->   "%store_ln167 = store i8 %xor_ln76, i8 %empty" [src/aes128.cpp:167]   --->   Operation 459 'store' 'store_ln167' <Predicate = true> <Delay = 1.58>
ST_3 : Operation 460 [1/1] (0.00ns)   --->   "%br_ln167 = br void %for.body.i44" [src/aes128.cpp:167]   --->   Operation 460 'br' 'br_ln167' <Predicate = true> <Delay = 0.00>


============================================================
+ Verbose Summary: Timing violations
============================================================
Target clock period: 10ns, clock uncertainty: 1.25ns.

 <State 1>: 1.59ns
The critical path consists of the following:
	'alloca' operation ('round') [194]  (0 ns)
	'store' operation ('store_ln0') of constant 1 on local variable 'round' [355]  (1.59 ns)

 <State 2>: 4.36ns
The critical path consists of the following:
	'load' operation ('round', src/aes128.cpp:167) on local variable 'round' [374]  (0 ns)
	'mux' operation ('tmp_5', src/aes128.cpp:76) [510]  (4.36 ns)

 <State 3>: 7.02ns
The critical path consists of the following:
	'load' operation ('a3', src/aes128.cpp:87) on array 'SBOX' [432]  (3.25 ns)
	'select' operation ('select_ln22_15', src/aes128.cpp:22) [507]  (0 ns)
	'xor' operation ('xor_ln22_15', src/aes128.cpp:22) [508]  (1.19 ns)
	'xor' operation ('xor_ln76_73', src/aes128.cpp:76) [599]  (0 ns)
	'xor' operation ('xor_ln76_15', src/aes128.cpp:76) [600]  (0.99 ns)
	'store' operation ('store_ln167', src/aes128.cpp:167) of variable 'xor_ln76_15', src/aes128.cpp:76 on local variable 'empty_48' [603]  (1.59 ns)


============================================================
+ Verbose Summary: Binding
============================================================
N/A
* FSMD analyzer results:
  - Output states:
 - Input state : 
  - Chain level:
	State 1
	State 2
	State 3


============================================================
+ Verbose Summary: Datapath Resource usage 
============================================================
N/A
