INFO-FLOW: Workspace C:/Users/PC-CST-A3/Desktop/edge-ai-soc/hls/aes128/aes128/solution1 opened at Sun Aug 23 13:00:29 +0530 2026
Execute     ap_set_clock -name default -period 10 -default=false 
INFO: [SYN 201-201] Setting up clock 'default' with a period of 10ns.
Execute     ap_set_clock -name default -uncertainty 1.25 -unit ns 
INFO: [SYN 201-201] Setting up clock 'default' with an uncertainty of 1.25ns.
Execute     set_part xc7z020-clg484-1 
Execute       create_platform xc7z020-clg484-1 -board  
DBG:HLSDevice: Trying to load device library: D:/Vitis_HLS/2022.1\lib\win64.o\librdi_hlsvwrap.dll
DBG:HLSDevice: first parts/arch.xml in RDI_DATADIR: D:/Vivado/2022.1/data/parts/arch.xml
DBG:HLSDevice: init success
INFO: [HLS 200-1611] Setting target device to 'xc7z020-clg484-1'
Command       create_platform done; 2.252 sec.
Execute       source D:/Vitis_HLS/2022.1/common/technology/xilinx/common/xilinx.gen 
Execute         source D:/Vitis_HLS/2022.1/common/technology/xilinx/interface/plb46.gen 
Execute         source D:/Vitis_HLS/2022.1/common/technology/xilinx/interface/axi4.gen 
Execute         source D:/Vitis_HLS/2022.1/common/technology/xilinx/interface/nativeAXI4.gen 
Execute           source D:/Vitis_HLS/2022.1/common/technology/xilinx/interface/saxilite.gen 
Execute         source D:/Vitis_HLS/2022.1/common/technology/xilinx/scripts/xilinxcoregen.gen 
Execute         source D:/Vitis_HLS/2022.1/common/technology/xilinx/interface/XilEDKCoreGen.gen 
Execute         source D:/Vitis_HLS/2022.1/common/technology/xilinx/ip/dds_compiler.gen 
Execute         source D:/Vitis_HLS/2022.1/common/technology/xilinx/ip/util.gen 
Execute         source D:/Vitis_HLS/2022.1/common/technology/xilinx/ip/xfft.gen 
Execute         source D:/Vitis_HLS/2022.1/common/technology/xilinx/ip/xfir.gen 
Execute         source D:/Vitis_HLS/2022.1/common/technology/xilinx/DSP48/dsp48.gen 
Command       ap_source done; 0.113 sec.
Execute       ap_part_info -name xc7z020-clg484-1 -data info 
Execute       config_compile -quiet -complex-mul-dsp=0 
Command     set_part done; 2.399 sec.
Execute     send_msg_by_id INFO @200-1505@%s%s  vivado 
INFO: [HLS 200-1505] Using flow_target 'vivado'
Execute     get_config_interface -m_axi_latency 
Execute     get_config_interface -m_axi_alignment_byte_size 
Execute     get_config_interface -m_axi_max_widen_bitwidth 
Execute     get_config_interface -default_interface 
Execute     get_config_rtl -register_reset_num 
Command   open_solution done; 2.449 sec.
Execute   set_part xc7z020clg484-1 
INFO: [HLS 200-1510] Running: set_part xc7z020clg484-1 
Execute     create_platform xc7z020clg484-1 -board  
Execute     source D:/Vitis_HLS/2022.1/common/technology/xilinx/common/xilinx.gen 
Execute       source D:/Vitis_HLS/2022.1/common/technology/xilinx/interface/plb46.gen 
Execute       source D:/Vitis_HLS/2022.1/common/technology/xilinx/interface/axi4.gen 
Execute       source D:/Vitis_HLS/2022.1/common/technology/xilinx/interface/nativeAXI4.gen 
Execute         source D:/Vitis_HLS/2022.1/common/technology/xilinx/interface/saxilite.gen 
Execute       source D:/Vitis_HLS/2022.1/common/technology/xilinx/scripts/xilinxcoregen.gen 
Execute       source D:/Vitis_HLS/2022.1/common/technology/xilinx/interface/XilEDKCoreGen.gen 
Execute       source D:/Vitis_HLS/2022.1/common/technology/xilinx/ip/dds_compiler.gen 
Execute       source D:/Vitis_HLS/2022.1/common/technology/xilinx/ip/util.gen 
Execute       source D:/Vitis_HLS/2022.1/common/technology/xilinx/ip/xfft.gen 
Execute       source D:/Vitis_HLS/2022.1/common/technology/xilinx/ip/xfir.gen 
Execute       source D:/Vitis_HLS/2022.1/common/technology/xilinx/DSP48/dsp48.gen 
Command     ap_source done; 0.101 sec.
Execute     ap_part_info -name xc7z020-clg484-1 -data info 
Execute     config_compile -quiet -complex-mul-dsp=0 
Command   set_part done; 0.152 sec.
Execute   create_clock -period 10 -name default 
INFO: [HLS 200-1510] Running: create_clock -period 10 -name default 
Execute   set_clock_uncertainty 1.25ns 
INFO: [HLS 200-1510] Running: set_clock_uncertainty 1.25ns 
Execute   csynth_design 
INFO: [HLS 200-1510] Running: csynth_design 
Execute     get_config_compile -effort 
Execute     get_config_compile -enable_clang39 
Execute     get_config_compile -g 
Execute     get_config_compile -hw_syn 
Execute     get_config_compile -ng 
Execute     get_config_compile -opt_fp 
Execute     get_config_compile -skip_cdt 
Execute     get_config_compile -skip_syncheck 
Execute     get_config_compile -skip_transform 
Execute     get_config_compile -pre_tcl 
Execute     get_config_compile -keep_printf 
Execute     elaborate -effort=medium -skip_syncheck=0 -keep_printf=0 -skip_cdt=0 -skip_transform=0 -ng=0 -g=0 -opt_fp=0 -from_csynth_design=1 
INFO: [HLS 200-111] Finished File checks and directory preparation: CPU user time: 0 seconds. CPU system time: 0 seconds. Elapsed time: 0.038 seconds; current allocated memory: 1.407 GB.
INFO: [HLS 200-10] Analyzing design file 'src/aes128_top.cpp' ... 
INFO-FLOW: Compiling one TU...
Execute       get_config_compile -pragma_strict_mode 
INFO-FLOW: Handling src/aes128_top.cpp as C++
Execute       ap_part_info -name xc7z020-clg484-1 -data info 
INFO-FLOW: Running: GCC PP 39
INFO-FLOW: Source preprocessing
Execute       ap_eval exec -ignorestderr D:/Vitis_HLS/2022.1/win64/tools/clang-3.9-csynth/bin/clang src/aes128_top.cpp -foptimization-record-file=C:/Users/PC-CST-A3/Desktop/edge-ai-soc/hls/aes128/aes128/solution1/.autopilot/db/aes128_top.cpp.clang.diag.yml -mllvm -pass-remarks-missed=reflow|pasta|unroll -mllvm -pass-remarks=reflow|pasta|unroll|inline -fno-limit-debug-info --sysroot D:/Vitis_HLS/2022.1/tps/mingw/8.3.0/win64.o/nt -fhls -fno-exceptions -E -fno-math-errno -c -emit-llvm -mllvm -disable-llvm-optzns -Werror=implicit-function-declaration -Werror=implicit-hls-streams -Werror=return-type -Wpragmas -Wunused-parameter -Wdump-hls-pragmas -fno-threadsafe-statics -fno-use-cxa-atexit -std=gnu++14 -target fpga64-xilinx-mingw32 -fno-threadsafe-statics -fno-use-cxa-atexit -D__VITIS_HLS__ -DAESL_SYN -D__SYNTHESIS__ -D__HLS_SYN__ -I D:/Vitis_HLS/2022.1/common/technology/autopilot -I D:/Vitis_HLS/2022.1/common/technology/autopilot/ap_sysc -include etc/autopilot_ssdm_op.h -D__DSP48E1__ -I /usr/include/x86_64-linux-gnu -o C:/Users/PC-CST-A3/Desktop/edge-ai-soc/hls/aes128/aes128/solution1/.autopilot/db/aes128_top.pp.0.cpp -hls-platform-db-name=D:/Vitis_HLS/2022.1/common/technology/xilinx/common/platform.db -hls-platform-name=zynq_slow -device-resource-info=BRAM_280.000000_DSP_220.000000_FF_106400.000000_LUT_53200.000000_SLICE_13300.000000_URAM_0.000000 > C:/Users/PC-CST-A3/Desktop/edge-ai-soc/hls/aes128/aes128/solution1/.autopilot/db/aes128_top.cpp.clang.out.log 2> C:/Users/PC-CST-A3/Desktop/edge-ai-soc/hls/aes128/aes128/solution1/.autopilot/db/aes128_top.cpp.clang.err.log 
Command       ap_eval done; 1.07 sec.
INFO-FLOW: Done: GCC PP 39 time: 1.1 seconds per iteration
Execute       set_directive_top aes128_top -name=aes128_top 
Execute       source D:/Vitis_HLS/2022.1/tps/tcl/tcllib1.11.1/yaml/huddle.tcl 
Execute       source D:/Vitis_HLS/2022.1/tps/tcl/tcllib1.11.1/yaml/json2huddle.tcl 
INFO-FLOW: Source syntax check for synthesis
Execute       ap_eval exec -ignorestderr D:/Vitis_HLS/2022.1/win64/tools/clang-3.9-csynth/bin/clang -foptimization-record-file=C:/Users/PC-CST-A3/Desktop/edge-ai-soc/hls/aes128/aes128/solution1/.autopilot/db/clang.diag.yml -mllvm -pass-remarks-missed=reflow|pasta|unroll -mllvm -pass-remarks=reflow|pasta|unroll|inline -fsyntax-only -fhls -target fpga64-xilinx-linux-gnu C:/Users/PC-CST-A3/Desktop/edge-ai-soc/hls/aes128/aes128/solution1/.autopilot/db/aes128_top.pp.0.cpp -hls-platform-db-name=D:/Vitis_HLS/2022.1/common/technology/xilinx/common/platform.db -hls-platform-name=zynq_slow -device-resource-info=BRAM_280.000000_DSP_220.000000_FF_106400.000000_LUT_53200.000000_SLICE_13300.000000_URAM_0.000000 > C:/Users/PC-CST-A3/Desktop/edge-ai-soc/hls/aes128/aes128/solution1/.autopilot/db/clang.out.log 2> C:/Users/PC-CST-A3/Desktop/edge-ai-soc/hls/aes128/aes128/solution1/.autopilot/db/clang.err.log 
Command       ap_eval done; 0.859 sec.
Execute       clang_tidy xilinx-systemc-detector -desc systemc-detector C:/Users/PC-CST-A3/Desktop/edge-ai-soc/hls/aes128/aes128/solution1/.autopilot/db/aes128_top.pp.0.cpp std=gnu++14 -target fpga  -directive=C:/Users/PC-CST-A3/Desktop/edge-ai-soc/hls/aes128/aes128/solution1/.autopilot/db/.systemc_flag 
INFO-FLOW: exec D:/Vitis_HLS/2022.1/win64/tools/clang-3.9-csynth/bin/clang-tidy -header-filter=.* --checks=-*,xilinx-systemc-detector -import-directive=C:/Users/PC-CST-A3/Desktop/edge-ai-soc/hls/aes128/aes128/solution1/.autopilot/db/.systemc_flag -fix-errors C:/Users/PC-CST-A3/Desktop/edge-ai-soc/hls/aes128/aes128/solution1/.autopilot/db/aes128_top.pp.0.cpp -- -std=gnu++14 -target fpga -fhls -ferror-limit=0
Command       clang_tidy done; 0.605 sec.
INFO-FLOW: Running: clang-tidy CDT preprocess 39
Execute       clang_tidy xilinx-directive2pragma -desc directive2pragma C:/Users/PC-CST-A3/Desktop/edge-ai-soc/hls/aes128/aes128/solution1/.autopilot/db/aes128_top.pp.0.cpp std=gnu++14 -target fpga  -directive=C:/Users/PC-CST-A3/Desktop/edge-ai-soc/hls/aes128/aes128/solution1/.autopilot/db/all.directive.json 
INFO-FLOW: exec D:/Vitis_HLS/2022.1/win64/tools/clang-3.9-csynth/bin/clang-tidy -header-filter=.* --checks=-*,xilinx-directive2pragma -import-directive=C:/Users/PC-CST-A3/Desktop/edge-ai-soc/hls/aes128/aes128/solution1/.autopilot/db/all.directive.json -fix-errors C:/Users/PC-CST-A3/Desktop/edge-ai-soc/hls/aes128/aes128/solution1/.autopilot/db/aes128_top.pp.0.cpp -- -std=gnu++14 -target fpga -fhls -ferror-limit=0
Command       clang_tidy done; 0.721 sec.
Execute       clang_tidy xilinx-remove-assert -desc remove-assert C:/Users/PC-CST-A3/Desktop/edge-ai-soc/hls/aes128/aes128/solution1/.autopilot/db/aes128_top.pp.0.cpp std=gnu++14 -target fpga  
INFO-FLOW: exec D:/Vitis_HLS/2022.1/win64/tools/clang-3.9-csynth/bin/clang-tidy -header-filter=.* --checks=-*,xilinx-remove-assert -fix-errors C:/Users/PC-CST-A3/Desktop/edge-ai-soc/hls/aes128/aes128/solution1/.autopilot/db/aes128_top.pp.0.cpp -- -std=gnu++14 -target fpga -fhls -ferror-limit=0
Command       clang_tidy done; 0.412 sec.
INFO-FLOW: Done: clang-tidy CDT preprocess 39 time: 1.1 seconds per iteration
INFO-FLOW: Calling xilinx-label-all-loops ... 
INFO-FLOW: Calling xilinx-aggregate-on-hls-vector ... 
Execute       clang_tidy -errorcheck -desc loop-label xilinx-label-all-loops,xilinx-aggregate-on-hls-vector,,xilinx-warn-mayneed-no-ctor-attribute C:/Users/PC-CST-A3/Desktop/edge-ai-soc/hls/aes128/aes128/solution1/.autopilot/db/aes128_top.pp.0.cpp std=gnu++14 -target fpga  
Execute         ap_eval exec -ignorestderr D:/Vitis_HLS/2022.1/win64/tools/clang-3.9-csynth/bin/clang-tidy -export-fixes=C:/Users/PC-CST-A3/Desktop/edge-ai-soc/hls/aes128/aes128/solution1/.autopilot/db/aes128_top.pp.0.cpp.clang-tidy.loop-label.diag.yml -header-filter=.* --checks=-*,xilinx-label-all-loops,xilinx-aggregate-on-hls-vector,,xilinx-warn-mayneed-no-ctor-attribute -fix-errors C:/Users/PC-CST-A3/Desktop/edge-ai-soc/hls/aes128/aes128/solution1/.autopilot/db/aes128_top.pp.0.cpp -- -std=gnu++14 -target fpga -fhls -ferror-limit=0 > C:/Users/PC-CST-A3/Desktop/edge-ai-soc/hls/aes128/aes128/solution1/.autopilot/db/aes128_top.pp.0.cpp.clang-tidy.loop-label.out.log 2> C:/Users/PC-CST-A3/Desktop/edge-ai-soc/hls/aes128/aes128/solution1/.autopilot/db/aes128_top.pp.0.cpp.clang-tidy.loop-label.err.log 
Command         ap_eval done; 0.732 sec.
Execute         source D:/Vitis_HLS/2022.1/tps/tcl/tcllib1.11.1/yaml/yaml.tcl 
Command       clang_tidy done; 0.781 sec.
Execute       get_config_dataflow -strict_mode 
Execute       ap_eval exec -ignorestderr D:/Vitis_HLS/2022.1/win64/tools/clang-3.9-csynth/bin/xilinx-dataflow-lawyer -export-fixes=C:/Users/PC-CST-A3/Desktop/edge-ai-soc/hls/aes128/aes128/solution1/.autopilot/db/aes128_top.pp.0.cpp.xilinx-dataflow-lawyer.diag.yml C:/Users/PC-CST-A3/Desktop/edge-ai-soc/hls/aes128/aes128/solution1/.autopilot/db/aes128_top.pp.0.cpp -- -std=gnu++14 -target fpga -fhls -ferror-limit=0 -fstrict-dataflow > C:/Users/PC-CST-A3/Desktop/edge-ai-soc/hls/aes128/aes128/solution1/.autopilot/db/aes128_top.pp.0.cpp.xilinx-dataflow-lawyer.out.log 2> C:/Users/PC-CST-A3/Desktop/edge-ai-soc/hls/aes128/aes128/solution1/.autopilot/db/aes128_top.pp.0.cpp.xilinx-dataflow-lawyer.err.log 
Command       ap_eval done; 0.553 sec.
Execute       ap_part_info -name xc7z020-clg484-1 -data info 
INFO-FLOW: compiling source code to llvm bc
Execute       ap_eval exec -ignorestderr D:/Vitis_HLS/2022.1/win64/tools/clang-3.9-csynth/bin/clang -foptimization-record-file=C:/Users/PC-CST-A3/Desktop/edge-ai-soc/hls/aes128/aes128/solution1/.autopilot/db/aes128_top.pp.0.cpp.clang.diag.yml -mllvm -pass-remarks-missed=reflow|pasta|unroll -mllvm -pass-remarks=reflow|pasta|unroll|inline -fno-limit-debug-info -fhls -flto -fno-exceptions -Wno-error=c++11-narrowing C:/Users/PC-CST-A3/Desktop/edge-ai-soc/hls/aes128/aes128/solution1/.autopilot/db/aes128_top.pp.0.cpp -fno-math-errno -c -emit-llvm -mllvm -disable-llvm-optzns -Werror=implicit-function-declaration -Werror=implicit-hls-streams -Werror=return-type -Wpragmas -Wunused-parameter -Wdump-hls-pragmas -fno-threadsafe-statics -fno-use-cxa-atexit -std=gnu++14 -target fpga64-xilinx-linux-gnu -D__VITIS_HLS__ -DAESL_SYN -D__SYNTHESIS__ -D__HLS_SYN__ -I D:/Vitis_HLS/2022.1/common/technology/autopilot -I D:/Vitis_HLS/2022.1/common/technology/autopilot/ap_sysc -include etc/autopilot_ssdm_op.h -D__DSP48E1__ -g -o C:/Users/PC-CST-A3/Desktop/edge-ai-soc/hls/aes128/aes128/solution1/.autopilot/db/aes128_top.bc -hls-platform-db-name=D:/Vitis_HLS/2022.1/common/technology/xilinx/common/platform.db -hls-platform-name=zynq_slow -device-resource-info=BRAM_280.000000_DSP_220.000000_FF_106400.000000_LUT_53200.000000_SLICE_13300.000000_URAM_0.000000 > C:/Users/PC-CST-A3/Desktop/edge-ai-soc/hls/aes128/aes128/solution1/.autopilot/db/aes128_top.pp.0.cpp.clang.out.log 2> C:/Users/PC-CST-A3/Desktop/edge-ai-soc/hls/aes128/aes128/solution1/.autopilot/db/aes128_top.pp.0.cpp.clang.err.log 
Command       ap_eval done; 0.72 sec.
INFO: [HLS 200-10] Analyzing design file 'src/aes128.cpp' ... 
INFO-FLOW: Compiling one TU...
Execute       get_config_compile -pragma_strict_mode 
INFO-FLOW: Handling src/aes128.cpp as C++
Execute       ap_part_info -name xc7z020-clg484-1 -data info 
INFO-FLOW: Running: GCC PP 39
INFO-FLOW: Source preprocessing
Execute       ap_eval exec -ignorestderr D:/Vitis_HLS/2022.1/win64/tools/clang-3.9-csynth/bin/clang src/aes128.cpp -foptimization-record-file=C:/Users/PC-CST-A3/Desktop/edge-ai-soc/hls/aes128/aes128/solution1/.autopilot/db/aes128.cpp.clang.diag.yml -mllvm -pass-remarks-missed=reflow|pasta|unroll -mllvm -pass-remarks=reflow|pasta|unroll|inline -fno-limit-debug-info --sysroot D:/Vitis_HLS/2022.1/tps/mingw/8.3.0/win64.o/nt -fhls -fno-exceptions -E -fno-math-errno -c -emit-llvm -mllvm -disable-llvm-optzns -Werror=implicit-function-declaration -Werror=implicit-hls-streams -Werror=return-type -Wpragmas -Wunused-parameter -Wdump-hls-pragmas -fno-threadsafe-statics -fno-use-cxa-atexit -std=gnu++14 -target fpga64-xilinx-mingw32 -fno-threadsafe-statics -fno-use-cxa-atexit -D__VITIS_HLS__ -DAESL_SYN -D__SYNTHESIS__ -D__HLS_SYN__ -I D:/Vitis_HLS/2022.1/common/technology/autopilot -I D:/Vitis_HLS/2022.1/common/technology/autopilot/ap_sysc -include etc/autopilot_ssdm_op.h -D__DSP48E1__ -I /usr/include/x86_64-linux-gnu -o C:/Users/PC-CST-A3/Desktop/edge-ai-soc/hls/aes128/aes128/solution1/.autopilot/db/aes128.pp.0.cpp -hls-platform-db-name=D:/Vitis_HLS/2022.1/common/technology/xilinx/common/platform.db -hls-platform-name=zynq_slow -device-resource-info=BRAM_280.000000_DSP_220.000000_FF_106400.000000_LUT_53200.000000_SLICE_13300.000000_URAM_0.000000 > C:/Users/PC-CST-A3/Desktop/edge-ai-soc/hls/aes128/aes128/solution1/.autopilot/db/aes128.cpp.clang.out.log 2> C:/Users/PC-CST-A3/Desktop/edge-ai-soc/hls/aes128/aes128/solution1/.autopilot/db/aes128.cpp.clang.err.log 
Command       ap_eval done; 0.287 sec.
INFO-FLOW: Done: GCC PP 39 time: 0.3 seconds per iteration
Execute       set_directive_top aes128_top -name=aes128_top 
INFO-FLOW: Source syntax check for synthesis
Execute       ap_eval exec -ignorestderr D:/Vitis_HLS/2022.1/win64/tools/clang-3.9-csynth/bin/clang -foptimization-record-file=C:/Users/PC-CST-A3/Desktop/edge-ai-soc/hls/aes128/aes128/solution1/.autopilot/db/clang.diag.yml -mllvm -pass-remarks-missed=reflow|pasta|unroll -mllvm -pass-remarks=reflow|pasta|unroll|inline -fsyntax-only -fhls -target fpga64-xilinx-linux-gnu C:/Users/PC-CST-A3/Desktop/edge-ai-soc/hls/aes128/aes128/solution1/.autopilot/db/aes128.pp.0.cpp -hls-platform-db-name=D:/Vitis_HLS/2022.1/common/technology/xilinx/common/platform.db -hls-platform-name=zynq_slow -device-resource-info=BRAM_280.000000_DSP_220.000000_FF_106400.000000_LUT_53200.000000_SLICE_13300.000000_URAM_0.000000 > C:/Users/PC-CST-A3/Desktop/edge-ai-soc/hls/aes128/aes128/solution1/.autopilot/db/clang.out.log 2> C:/Users/PC-CST-A3/Desktop/edge-ai-soc/hls/aes128/aes128/solution1/.autopilot/db/clang.err.log 
Command       ap_eval done; 0.52 sec.
Execute       clang_tidy xilinx-systemc-detector -desc systemc-detector C:/Users/PC-CST-A3/Desktop/edge-ai-soc/hls/aes128/aes128/solution1/.autopilot/db/aes128.pp.0.cpp std=gnu++14 -target fpga  -directive=C:/Users/PC-CST-A3/Desktop/edge-ai-soc/hls/aes128/aes128/solution1/.autopilot/db/.systemc_flag 
INFO-FLOW: exec D:/Vitis_HLS/2022.1/win64/tools/clang-3.9-csynth/bin/clang-tidy -header-filter=.* --checks=-*,xilinx-systemc-detector -import-directive=C:/Users/PC-CST-A3/Desktop/edge-ai-soc/hls/aes128/aes128/solution1/.autopilot/db/.systemc_flag -fix-errors C:/Users/PC-CST-A3/Desktop/edge-ai-soc/hls/aes128/aes128/solution1/.autopilot/db/aes128.pp.0.cpp -- -std=gnu++14 -target fpga -fhls -ferror-limit=0
Command       clang_tidy done; 0.401 sec.
INFO-FLOW: Running: clang-tidy CDT preprocess 39
Execute       clang_tidy xilinx-directive2pragma -desc directive2pragma C:/Users/PC-CST-A3/Desktop/edge-ai-soc/hls/aes128/aes128/solution1/.autopilot/db/aes128.pp.0.cpp std=gnu++14 -target fpga  -directive=C:/Users/PC-CST-A3/Desktop/edge-ai-soc/hls/aes128/aes128/solution1/.autopilot/db/all.directive.json 
INFO-FLOW: exec D:/Vitis_HLS/2022.1/win64/tools/clang-3.9-csynth/bin/clang-tidy -header-filter=.* --checks=-*,xilinx-directive2pragma -import-directive=C:/Users/PC-CST-A3/Desktop/edge-ai-soc/hls/aes128/aes128/solution1/.autopilot/db/all.directive.json -fix-errors C:/Users/PC-CST-A3/Desktop/edge-ai-soc/hls/aes128/aes128/solution1/.autopilot/db/aes128.pp.0.cpp -- -std=gnu++14 -target fpga -fhls -ferror-limit=0
Command       clang_tidy done; 0.45 sec.
Execute       clang_tidy xilinx-remove-assert -desc remove-assert C:/Users/PC-CST-A3/Desktop/edge-ai-soc/hls/aes128/aes128/solution1/.autopilot/db/aes128.pp.0.cpp std=gnu++14 -target fpga  
INFO-FLOW: exec D:/Vitis_HLS/2022.1/win64/tools/clang-3.9-csynth/bin/clang-tidy -header-filter=.* --checks=-*,xilinx-remove-assert -fix-errors C:/Users/PC-CST-A3/Desktop/edge-ai-soc/hls/aes128/aes128/solution1/.autopilot/db/aes128.pp.0.cpp -- -std=gnu++14 -target fpga -fhls -ferror-limit=0
Command       clang_tidy done; 0.414 sec.
INFO-FLOW: Done: clang-tidy CDT preprocess 39 time: 0.9 seconds per iteration
INFO-FLOW: Calling xilinx-label-all-loops ... 
INFO-FLOW: Calling xilinx-aggregate-on-hls-vector ... 
Execute       clang_tidy -errorcheck -desc loop-label xilinx-label-all-loops,xilinx-aggregate-on-hls-vector,,xilinx-warn-mayneed-no-ctor-attribute C:/Users/PC-CST-A3/Desktop/edge-ai-soc/hls/aes128/aes128/solution1/.autopilot/db/aes128.pp.0.cpp std=gnu++14 -target fpga  
Execute         ap_eval exec -ignorestderr D:/Vitis_HLS/2022.1/win64/tools/clang-3.9-csynth/bin/clang-tidy -export-fixes=C:/Users/PC-CST-A3/Desktop/edge-ai-soc/hls/aes128/aes128/solution1/.autopilot/db/aes128.pp.0.cpp.clang-tidy.loop-label.diag.yml -header-filter=.* --checks=-*,xilinx-label-all-loops,xilinx-aggregate-on-hls-vector,,xilinx-warn-mayneed-no-ctor-attribute -fix-errors C:/Users/PC-CST-A3/Desktop/edge-ai-soc/hls/aes128/aes128/solution1/.autopilot/db/aes128.pp.0.cpp -- -std=gnu++14 -target fpga -fhls -ferror-limit=0 > C:/Users/PC-CST-A3/Desktop/edge-ai-soc/hls/aes128/aes128/solution1/.autopilot/db/aes128.pp.0.cpp.clang-tidy.loop-label.out.log 2> C:/Users/PC-CST-A3/Desktop/edge-ai-soc/hls/aes128/aes128/solution1/.autopilot/db/aes128.pp.0.cpp.clang-tidy.loop-label.err.log 
Command         ap_eval done; 0.769 sec.
Command       clang_tidy done; 0.813 sec.
Execute       get_config_dataflow -strict_mode 
Execute       ap_eval exec -ignorestderr D:/Vitis_HLS/2022.1/win64/tools/clang-3.9-csynth/bin/xilinx-dataflow-lawyer -export-fixes=C:/Users/PC-CST-A3/Desktop/edge-ai-soc/hls/aes128/aes128/solution1/.autopilot/db/aes128.pp.0.cpp.xilinx-dataflow-lawyer.diag.yml C:/Users/PC-CST-A3/Desktop/edge-ai-soc/hls/aes128/aes128/solution1/.autopilot/db/aes128.pp.0.cpp -- -std=gnu++14 -target fpga -fhls -ferror-limit=0 -fstrict-dataflow > C:/Users/PC-CST-A3/Desktop/edge-ai-soc/hls/aes128/aes128/solution1/.autopilot/db/aes128.pp.0.cpp.xilinx-dataflow-lawyer.out.log 2> C:/Users/PC-CST-A3/Desktop/edge-ai-soc/hls/aes128/aes128/solution1/.autopilot/db/aes128.pp.0.cpp.xilinx-dataflow-lawyer.err.log 
Command       ap_eval done; 0.389 sec.
Execute       ap_part_info -name xc7z020-clg484-1 -data info 
INFO-FLOW: compiling source code to llvm bc
Execute       ap_eval exec -ignorestderr D:/Vitis_HLS/2022.1/win64/tools/clang-3.9-csynth/bin/clang -foptimization-record-file=C:/Users/PC-CST-A3/Desktop/edge-ai-soc/hls/aes128/aes128/solution1/.autopilot/db/aes128.pp.0.cpp.clang.diag.yml -mllvm -pass-remarks-missed=reflow|pasta|unroll -mllvm -pass-remarks=reflow|pasta|unroll|inline -fno-limit-debug-info -fhls -flto -fno-exceptions -Wno-error=c++11-narrowing C:/Users/PC-CST-A3/Desktop/edge-ai-soc/hls/aes128/aes128/solution1/.autopilot/db/aes128.pp.0.cpp -fno-math-errno -c -emit-llvm -mllvm -disable-llvm-optzns -Werror=implicit-function-declaration -Werror=implicit-hls-streams -Werror=return-type -Wpragmas -Wunused-parameter -Wdump-hls-pragmas -fno-threadsafe-statics -fno-use-cxa-atexit -std=gnu++14 -target fpga64-xilinx-linux-gnu -D__VITIS_HLS__ -DAESL_SYN -D__SYNTHESIS__ -D__HLS_SYN__ -I D:/Vitis_HLS/2022.1/common/technology/autopilot -I D:/Vitis_HLS/2022.1/common/technology/autopilot/ap_sysc -include etc/autopilot_ssdm_op.h -D__DSP48E1__ -g -o C:/Users/PC-CST-A3/Desktop/edge-ai-soc/hls/aes128/aes128/solution1/.autopilot/db/aes128.bc -hls-platform-db-name=D:/Vitis_HLS/2022.1/common/technology/xilinx/common/platform.db -hls-platform-name=zynq_slow -device-resource-info=BRAM_280.000000_DSP_220.000000_FF_106400.000000_LUT_53200.000000_SLICE_13300.000000_URAM_0.000000 > C:/Users/PC-CST-A3/Desktop/edge-ai-soc/hls/aes128/aes128/solution1/.autopilot/db/aes128.pp.0.cpp.clang.out.log 2> C:/Users/PC-CST-A3/Desktop/edge-ai-soc/hls/aes128/aes128/solution1/.autopilot/db/aes128.pp.0.cpp.clang.err.log 
Command       ap_eval done; 0.532 sec.
INFO: [HLS 200-111] Finished Source Code Analysis and Preprocessing: CPU user time: 0 seconds. CPU system time: 1 seconds. Elapsed time: 9.884 seconds; current allocated memory: 1.407 GB.
INFO-FLOW: Linking Debug ...
INFO-FLOW: Linking dut bc code.
Execute       run_link_or_opt -out C:/Users/PC-CST-A3/Desktop/edge-ai-soc/hls/aes128/aes128/solution1/.autopilot/db/a.g.ld.0.bc -args  "C:/Users/PC-CST-A3/Desktop/edge-ai-soc/hls/aes128/aes128/solution1/.autopilot/db/aes128_top.g.bc" "C:/Users/PC-CST-A3/Desktop/edge-ai-soc/hls/aes128/aes128/solution1/.autopilot/db/aes128.g.bc"  
Execute         ap_eval exec -ignorestderr D:/Vitis_HLS/2022.1/win64/tools/clang-3.9-csynth/bin/llvm-link C:/Users/PC-CST-A3/Desktop/edge-ai-soc/hls/aes128/aes128/solution1/.autopilot/db/aes128_top.g.bc C:/Users/PC-CST-A3/Desktop/edge-ai-soc/hls/aes128/aes128/solution1/.autopilot/db/aes128.g.bc -o C:/Users/PC-CST-A3/Desktop/edge-ai-soc/hls/aes128/aes128/solution1/.autopilot/db/a.g.ld.0.bc > C:/Users/PC-CST-A3/Desktop/edge-ai-soc/hls/aes128/aes128/solution1/.autopilot/db/a.g.ld.0.bc.llvm-link.out.log 2> C:/Users/PC-CST-A3/Desktop/edge-ai-soc/hls/aes128/aes128/solution1/.autopilot/db/a.g.ld.0.bc.llvm-link.err.log 
INFO-FLOW: 
Execute       run_link_or_opt -opt -out C:/Users/PC-CST-A3/Desktop/edge-ai-soc/hls/aes128/aes128/solution1/.autopilot/db/a.g.ld.1.lower.bc -args C:/Users/PC-CST-A3/Desktop/edge-ai-soc/hls/aes128/aes128/solution1/.autopilot/db/a.g.ld.0.bc -reflow-lower-math-intrinsics 
Execute         ap_eval exec -ignorestderr D:/Vitis_HLS/2022.1/win64/tools/clang-3.9-csynth/bin/opt -pass-remarks-missed=reflow|pasta|unroll -pass-remarks=reflow|pasta|unroll|inline -pass-remarks-output=C:/Users/PC-CST-A3/Desktop/edge-ai-soc/hls/aes128/aes128/solution1/.autopilot/db/a.g.ld.1.lower.bc.opt.diag.yml C:/Users/PC-CST-A3/Desktop/edge-ai-soc/hls/aes128/aes128/solution1/.autopilot/db/a.g.ld.0.bc -reflow-lower-math-intrinsics -o C:/Users/PC-CST-A3/Desktop/edge-ai-soc/hls/aes128/aes128/solution1/.autopilot/db/a.g.ld.1.lower.bc > C:/Users/PC-CST-A3/Desktop/edge-ai-soc/hls/aes128/aes128/solution1/.autopilot/db/a.g.ld.1.lower.bc.opt.out.log 2> C:/Users/PC-CST-A3/Desktop/edge-ai-soc/hls/aes128/aes128/solution1/.autopilot/db/a.g.ld.1.lower.bc.opt.err.log 
Command         ap_eval done; 0.229 sec.
INFO-FLOW: 
Command       run_link_or_opt done; 0.235 sec.
INFO-FLOW: Linking math bc lib
Execute       run_link_or_opt -out C:/Users/PC-CST-A3/Desktop/edge-ai-soc/hls/aes128/aes128/solution1/.autopilot/db/a.g.ld.2.m1.bc -args C:/Users/PC-CST-A3/Desktop/edge-ai-soc/hls/aes128/aes128/solution1/.autopilot/db/a.g.ld.1.lower.bc -only-needed D:/Vitis_HLS/2022.1/win64/lib/libhlsm_39.bc D:/Vitis_HLS/2022.1/win64/lib/libhlsmc++_39.bc 
Execute         ap_eval exec -ignorestderr D:/Vitis_HLS/2022.1/win64/tools/clang-3.9-csynth/bin/llvm-link C:/Users/PC-CST-A3/Desktop/edge-ai-soc/hls/aes128/aes128/solution1/.autopilot/db/a.g.ld.1.lower.bc -only-needed D:/Vitis_HLS/2022.1/win64/lib/libhlsm_39.bc D:/Vitis_HLS/2022.1/win64/lib/libhlsmc++_39.bc -o C:/Users/PC-CST-A3/Desktop/edge-ai-soc/hls/aes128/aes128/solution1/.autopilot/db/a.g.ld.2.m1.bc > C:/Users/PC-CST-A3/Desktop/edge-ai-soc/hls/aes128/aes128/solution1/.autopilot/db/a.g.ld.2.m1.bc.llvm-link.out.log 2> C:/Users/PC-CST-A3/Desktop/edge-ai-soc/hls/aes128/aes128/solution1/.autopilot/db/a.g.ld.2.m1.bc.llvm-link.err.log 
Command         ap_eval done; 2.508 sec.
INFO-FLOW: 
Command       run_link_or_opt done; 2.512 sec.
Execute       run_link_or_opt -opt -out C:/Users/PC-CST-A3/Desktop/edge-ai-soc/hls/aes128/aes128/solution1/.autopilot/db/a.g.ld.3.fpc.bc -args C:/Users/PC-CST-A3/Desktop/edge-ai-soc/hls/aes128/aes128/solution1/.autopilot/db/a.g.ld.2.m1.bc -reflow-globaldce -hls-top-function-name=aes128_top -reflow-float-conversion 
Execute         ap_eval exec -ignorestderr D:/Vitis_HLS/2022.1/win64/tools/clang-3.9-csynth/bin/opt -pass-remarks-missed=reflow|pasta|unroll -pass-remarks=reflow|pasta|unroll|inline -pass-remarks-output=C:/Users/PC-CST-A3/Desktop/edge-ai-soc/hls/aes128/aes128/solution1/.autopilot/db/a.g.ld.3.fpc.bc.opt.diag.yml C:/Users/PC-CST-A3/Desktop/edge-ai-soc/hls/aes128/aes128/solution1/.autopilot/db/a.g.ld.2.m1.bc -reflow-globaldce -hls-top-function-name=aes128_top -reflow-float-conversion -o C:/Users/PC-CST-A3/Desktop/edge-ai-soc/hls/aes128/aes128/solution1/.autopilot/db/a.g.ld.3.fpc.bc > C:/Users/PC-CST-A3/Desktop/edge-ai-soc/hls/aes128/aes128/solution1/.autopilot/db/a.g.ld.3.fpc.bc.opt.out.log 2> C:/Users/PC-CST-A3/Desktop/edge-ai-soc/hls/aes128/aes128/solution1/.autopilot/db/a.g.ld.3.fpc.bc.opt.err.log 
Command         ap_eval done; 0.892 sec.
INFO-FLOW: 
Command       run_link_or_opt done; 0.898 sec.
Execute       run_link_or_opt -out C:/Users/PC-CST-A3/Desktop/edge-ai-soc/hls/aes128/aes128/solution1/.autopilot/db/a.g.ld.4.m2.bc -args C:/Users/PC-CST-A3/Desktop/edge-ai-soc/hls/aes128/aes128/solution1/.autopilot/db/a.g.ld.3.fpc.bc -only-needed D:/Vitis_HLS/2022.1/win64/lib/libfloatconversion_39.bc 
Execute         ap_eval exec -ignorestderr D:/Vitis_HLS/2022.1/win64/tools/clang-3.9-csynth/bin/llvm-link C:/Users/PC-CST-A3/Desktop/edge-ai-soc/hls/aes128/aes128/solution1/.autopilot/db/a.g.ld.3.fpc.bc -only-needed D:/Vitis_HLS/2022.1/win64/lib/libfloatconversion_39.bc -o C:/Users/PC-CST-A3/Desktop/edge-ai-soc/hls/aes128/aes128/solution1/.autopilot/db/a.g.ld.4.m2.bc > C:/Users/PC-CST-A3/Desktop/edge-ai-soc/hls/aes128/aes128/solution1/.autopilot/db/a.g.ld.4.m2.bc.llvm-link.out.log 2> C:/Users/PC-CST-A3/Desktop/edge-ai-soc/hls/aes128/aes128/solution1/.autopilot/db/a.g.ld.4.m2.bc.llvm-link.err.log 
Command         ap_eval done; 0.11 sec.
INFO-FLOW: 
Command       run_link_or_opt done; 0.113 sec.
Execute       run_link_or_opt -opt -out C:/Users/PC-CST-A3/Desktop/edge-ai-soc/hls/aes128/aes128/solution1/.autopilot/db/a.g.ld.5.gdce.bc -args C:/Users/PC-CST-A3/Desktop/edge-ai-soc/hls/aes128/aes128/solution1/.autopilot/db/a.g.ld.4.m2.bc -reflow-globaldce -hls-top-function-name=aes128_top 
Execute         ap_eval exec -ignorestderr D:/Vitis_HLS/2022.1/win64/tools/clang-3.9-csynth/bin/opt -pass-remarks-missed=reflow|pasta|unroll -pass-remarks=reflow|pasta|unroll|inline -pass-remarks-output=C:/Users/PC-CST-A3/Desktop/edge-ai-soc/hls/aes128/aes128/solution1/.autopilot/db/a.g.ld.5.gdce.bc.opt.diag.yml C:/Users/PC-CST-A3/Desktop/edge-ai-soc/hls/aes128/aes128/solution1/.autopilot/db/a.g.ld.4.m2.bc -reflow-globaldce -hls-top-function-name=aes128_top -o C:/Users/PC-CST-A3/Desktop/edge-ai-soc/hls/aes128/aes128/solution1/.autopilot/db/a.g.ld.5.gdce.bc > C:/Users/PC-CST-A3/Desktop/edge-ai-soc/hls/aes128/aes128/solution1/.autopilot/db/a.g.ld.5.gdce.bc.opt.out.log 2> C:/Users/PC-CST-A3/Desktop/edge-ai-soc/hls/aes128/aes128/solution1/.autopilot/db/a.g.ld.5.gdce.bc.opt.err.log 
INFO-FLOW: 
Execute       get_solution -flow_target 
Execute       get_config_export -xo 
Execute       get_config_export -format 
Execute       get_config_rtl -module_prefix 
Execute       get_config_interface -default_slave_interface 
Execute       get_solution -flow_target 
Execute       get_config_export -xo 
Execute       get_config_export -format 
Execute       get_config_interface -m_axi_offset 
Execute       get_config_interface -m_axi_latency 
Execute       get_config_interface -m_axi_alignment_byte_size 
Execute       get_config_interface -m_axi_min_bitwidth 
Execute       get_config_interface -m_axi_max_bitwidth 
Execute       get_config_interface -m_axi_max_widen_bitwidth 
Execute       get_config_interface -m_axi_num_read_outstanding 
Execute       get_config_interface -m_axi_num_write_outstanding 
Execute       get_config_interface -m_axi_max_read_burst_length 
Execute       get_config_interface -m_axi_max_write_burst_length 
Execute       get_config_interface -m_axi_min_bitwidth 
Execute       get_config_interface -m_axi_max_bitwidth 
Execute       get_config_interface -m_axi_latency 
Execute       get_config_interface -m_axi_min_bitwidth 
Execute       get_config_interface -m_axi_max_bitwidth 
Execute       get_config_interface -m_axi_max_widen_bitwidth 
Execute       get_config_interface -m_axi_auto_max_ports 
Execute       get_config_interface -m_axi_num_read_outstanding 
Execute       get_config_interface -m_axi_num_write_outstanding 
Execute       get_config_interface -m_axi_max_read_burst_length 
Execute       get_config_interface -m_axi_max_write_burst_length 
Execute       get_config_interface -s_axilite_data64 
Execute       get_config_compile -instruction_warning_threshold 
Execute       get_config_compile -pipeline_loops 
Execute       get_config_interface -m_axi_alignment_byte_size 
Execute       get_config_compile -pragma_strict_mode 
Execute       get_config_compile -pipeline_style 
Execute       get_config_dataflow -strict_mode 
Execute       get_config_array_partition -throughput_driven 
Execute       send_msg_by_id INFO @200-777@%s Vivado 
INFO: [HLS 200-777] Using interface defaults for 'Vivado' flow target.
Execute       is_m_axi_addr64 
Execute       get_clock_period -ns -default 
INFO-FLOW: Doing LTO.
Execute       ap_eval exec -ignorestderr D:/Vitis_HLS/2022.1/win64/tools/clang-3.9-csynth/bin/clang -foptimization-record-file=C:/Users/PC-CST-A3/Desktop/edge-ai-soc/hls/aes128/aes128/solution1/.autopilot/db/a.g.ld.0.bc.clang.diag.yml -mllvm -pass-remarks-missed=reflow|pasta|unroll -mllvm -pass-remarks=reflow|pasta|unroll|inline -fhls -mllvm -hls-top-function-name=aes128_top -mllvm -hls-db-dir -mllvm C:/Users/PC-CST-A3/Desktop/edge-ai-soc/hls/aes128/aes128/solution1/.autopilot/db -emit-llvm -c -target fpga64-xilinx-none -mllvm -xcl-xmlinfo=C:/Users/PC-CST-A3/Desktop/edge-ai-soc/hls/aes128/aes128/solution1/.autopilot/db/kernel.internal.xml -mllvm -top-io-mapping-info=C:/Users/PC-CST-A3/Desktop/edge-ai-soc/hls/aes128/aes128/solution1/.autopilot/db/top-io-fe.xml -mllvm -hls-bitcode-version=3.1 -mllvm -reflow-enable-slave-interface-default-setting=true -mllvm -gen-kernel-xml=false -mllvm -default-maxi-offset=slave -mllvm -maxi-latency=0 -mllvm -hls-maxi-data-size-in-bits=8 -mllvm -hls-maxi-max-data-size-in-bits=1024 -mllvm -hls-max-widen-size-in-bits=0 -mllvm -xcl-kernel-max-mem-ports=0 -mllvm -maxi-read-trans=16 -mllvm -maxi-write-trans=16 -mllvm -maxi-read-burst-len=16 -mllvm -maxi-write-burst-len=16 -mllvm -reflow-enable-saxi-64bits=0 -mllvm -reflow-basic-block-instr-threshold=200000 -mllvm -reflow-auto-pipeline-threshold=64 -mllvm -assume-maxi-align=0 -mllvm -no-unaligned-maxi-accesses -mllvm -reflow-pipeline-style-llvm-setting=2 -mllvm -reflow-enable-dataflow-strict-mode-checking=1 -mllvm -reflow-auto-array-partition-mode=default -mllvm -reflow-enable-auto-array-partition=true -mllvm -reflow-enable-auto-parallel-performance-driven=true -mllvm -reflow-enable-partition-for-automation=true -mllvm -reflow-aggregate-bitwidth-threshold=4096 -mllvm -hls -mllvm -disable-inlined-alloca-merging=true -x ir C:/Users/PC-CST-A3/Desktop/edge-ai-soc/hls/aes128/aes128/solution1/.autopilot/db/a.g.ld.5.gdce.bc -o C:/Users/PC-CST-A3/Desktop/edge-ai-soc/hls/aes128/aes128/solution1/.autopilot/db/a.g.lto.bc -hls-platform-db-name=D:/Vitis_HLS/2022.1/common/technology/xilinx/common/platform.db -hls-platform-name=zynq_slow -device-resource-info=BRAM_280.000000_DSP_220.000000_FF_106400.000000_LUT_53200.000000_SLICE_13300.000000_URAM_0.000000 > C:/Users/PC-CST-A3/Desktop/edge-ai-soc/hls/aes128/aes128/solution1/.autopilot/db/a.g.ld.0.bc.clang.out.log 2> C:/Users/PC-CST-A3/Desktop/edge-ai-soc/hls/aes128/aes128/solution1/.autopilot/db/a.g.ld.0.bc.clang.err.log 
Command       ap_eval done; 0.981 sec.
INFO: [HLS 214-131] Inlining function 'xtime(unsigned char)' into 'mix_columns(unsigned char*)' (src/aes128.cpp:135:24)
INFO: [HLS 214-131] Inlining function 'xtime(unsigned char)' into 'mix_columns(unsigned char*)' (src/aes128.cpp:138:53)
INFO: [HLS 214-131] Inlining function 'xtime(unsigned char)' into 'mix_columns(unsigned char*)' (src/aes128.cpp:138:25)
INFO: [HLS 214-131] Inlining function 'xtime(unsigned char)' into 'mix_columns(unsigned char*)' (src/aes128.cpp:137:47)
INFO: [HLS 214-131] Inlining function 'xtime(unsigned char)' into 'mix_columns(unsigned char*)' (src/aes128.cpp:137:34)
INFO: [HLS 214-131] Inlining function 'xtime(unsigned char)' into 'mix_columns(unsigned char*)' (src/aes128.cpp:136:42)
INFO: [HLS 214-131] Inlining function 'xtime(unsigned char)' into 'mix_columns(unsigned char*)' (src/aes128.cpp:136:29)
INFO: [HLS 214-131] Inlining function 'xtime(unsigned char)' into 'mix_columns(unsigned char*)' (src/aes128.cpp:135:37)
INFO: [HLS 214-131] Inlining function 'key_expansion(unsigned char*, unsigned char*)' into 'aes128_encrypt(unsigned char*, unsigned char*, unsigned char*)' (src/aes128.cpp:155:2)
INFO: [HLS 214-131] Inlining function 'add_round_key(unsigned char*, unsigned char*)' into 'aes128_encrypt(unsigned char*, unsigned char*, unsigned char*)' (src/aes128.cpp:177:5)
INFO: [HLS 214-131] Inlining function 'shift_rows(unsigned char*)' into 'aes128_encrypt(unsigned char*, unsigned char*, unsigned char*)' (src/aes128.cpp:176:5)
INFO: [HLS 214-131] Inlining function 'sub_bytes(unsigned char*)' into 'aes128_encrypt(unsigned char*, unsigned char*, unsigned char*)' (src/aes128.cpp:175:5)
INFO: [HLS 214-131] Inlining function 'add_round_key(unsigned char*, unsigned char*)' into 'aes128_encrypt(unsigned char*, unsigned char*, unsigned char*)' (src/aes128.cpp:172:9)
INFO: [HLS 214-131] Inlining function 'mix_columns(unsigned char*)' into 'aes128_encrypt(unsigned char*, unsigned char*, unsigned char*)' (src/aes128.cpp:171:9)
INFO: [HLS 214-131] Inlining function 'shift_rows(unsigned char*)' into 'aes128_encrypt(unsigned char*, unsigned char*, unsigned char*)' (src/aes128.cpp:170:9)
INFO: [HLS 214-131] Inlining function 'sub_bytes(unsigned char*)' into 'aes128_encrypt(unsigned char*, unsigned char*, unsigned char*)' (src/aes128.cpp:169:2)
INFO: [HLS 214-131] Inlining function 'add_round_key(unsigned char*, unsigned char*)' into 'aes128_encrypt(unsigned char*, unsigned char*, unsigned char*)' (src/aes128.cpp:165:5)
INFO: [HLS 214-291] Loop 'VITIS_LOOP_85_1' is marked as complete unroll implied by the pipeline pragma (src/aes128.cpp:85:19)
INFO: [HLS 214-291] Loop 'VITIS_LOOP_126_1' is marked as complete unroll implied by the pipeline pragma (src/aes128.cpp:126:20)
INFO: [HLS 214-291] Loop 'VITIS_LOOP_74_1' is marked as complete unroll implied by the pipeline pragma (src/aes128.cpp:74:19)
INFO: [HLS 214-186] Unrolling loop 'VITIS_LOOP_179_2' (src/aes128.cpp:179:23) in function 'aes128_encrypt' completely with a factor of 16 (src/aes128.cpp:149:0)
INFO: [HLS 214-186] Unrolling loop 'VITIS_LOOP_74_1' (src/aes128.cpp:74:19) in function 'aes128_encrypt' completely with a factor of 16 (src/aes128.cpp:149:0)
INFO: [HLS 214-186] Unrolling loop 'VITIS_LOOP_85_1' (src/aes128.cpp:85:19) in function 'aes128_encrypt' completely with a factor of 16 (src/aes128.cpp:149:0)
INFO: [HLS 214-186] Unrolling loop 'VITIS_LOOP_126_1' (src/aes128.cpp:126:20) in function 'aes128_encrypt' completely with a factor of 4 (src/aes128.cpp:149:0)
INFO: [HLS 214-186] Unrolling loop 'VITIS_LOOP_160_1' (src/aes128.cpp:160:20) in function 'aes128_encrypt' completely with a factor of 16 (src/aes128.cpp:149:0)
INFO: [HLS 214-186] Unrolling loop 'VITIS_LOOP_32_1' (src/aes128.cpp:32:19) in function 'aes128_encrypt' completely with a factor of 16 (src/aes128.cpp:149:0)
INFO: [HLS 214-248] Applying array_partition to 'round_keys': Complete partitioning on dimension 1. (src/aes128.cpp:152:10)
INFO: [HLS 214-248] Applying array_partition to 'state': Complete partitioning on dimension 1. (src/aes128.cpp:157:13)
INFO: [HLS 214-270] Inferring pragma 'array_partition type=cyclic factor=2 dim=1' for array 'plaintext' due to pipeline pragma (src/aes128_top.cpp:44:9)
INFO: [HLS 214-270] Inferring pragma 'array_partition type=cyclic factor=2 dim=1' for array 'key' due to pipeline pragma (src/aes128_top.cpp:53:9)
INFO: [HLS 214-270] Inferring pragma 'array_partition type=cyclic factor=2 dim=1' for array 'ciphertext' due to pipeline pragma (src/aes128_top.cpp:78:9)
INFO: [HLS 214-248] Applying array_partition to 'plaintext': Cyclic partitioning with factor 2 on dimension 1. (src/aes128_top.cpp:38:10)
INFO: [HLS 214-248] Applying array_partition to 'key': Cyclic partitioning with factor 2 on dimension 1. (src/aes128_top.cpp:39:13)
INFO: [HLS 214-248] Applying array_partition to 'ciphertext': Cyclic partitioning with factor 2 on dimension 1. (src/aes128_top.cpp:40:13)
INFO: [HLS 214-115] Multiple burst reads of length 4 and bit width 32 in loop 'LOAD_DATA'(src/aes128_top.cpp:43:16) has been inferred on bundle 'DATA'. These burst requests might be further partitioned into multiple requests during RTL generation, based on max_read_burst_length or max_write_burst_length settings. (src/aes128_top.cpp:43:16)
INFO: [HLS 214-115] Multiple burst reads of length 4 and bit width 32 in loop 'LOAD_KEY'(src/aes128_top.cpp:52:15) has been inferred on bundle 'DATA'. These burst requests might be further partitioned into multiple requests during RTL generation, based on max_read_burst_length or max_write_burst_length settings. (src/aes128_top.cpp:52:15)
INFO: [HLS 214-115] Multiple burst writes of length 4 and bit width 32 in loop 'STORE_DATA'(src/aes128_top.cpp:77:17) has been inferred on bundle 'DATA'. These burst requests might be further partitioned into multiple requests during RTL generation, based on max_read_burst_length or max_write_burst_length settings. (src/aes128_top.cpp:77:17)
INFO-FLOW: DBG:PUTS: copy_raw_kernel_xml ap_link_39: kernel.xml not generated: C:/Users/PC-CST-A3/Desktop/edge-ai-soc/hls/aes128/aes128/solution1/.autopilot/db/kernel.internal.xml
INFO: [HLS 200-111] Finished Compiling Optimization and Transform: CPU user time: 0 seconds. CPU system time: 0 seconds. Elapsed time: 5.393 seconds; current allocated memory: 1.407 GB.
INFO: [HLS 200-111] Finished Checking Pragmas: CPU user time: 0 seconds. CPU system time: 0 seconds. Elapsed time: 0.007 seconds; current allocated memory: 1.407 GB.
Execute       opt_and_import_c a -opt_level=2 -skip_syncheck=0 -ng=0 -keep_printf=0 
Execute         cleanup_all_models 
INFO: [HLS 200-10] Starting code transformations ...
INFO-FLOW: Running Standard Transforms...
Execute         transform -hls -share-std-xform -demangle-name -inline-byval-memcpy -always-inline -promote-dbg-pointer -interface-preproc -mem2reg -scalarrepl -mem2reg -keep-read-access -instcombine -dce -promote-dbg-pointer -bitop-raise -loop-simplify -indvarspre -indvars -loop-simplify -xunroll -constprop -instcombine -simplifycfg -indvars -simplifycfg -dce -globaldce -basicaa -simplifycfg -mem2reg -globalopt -global-constprop -deadargelim -instcombine -simplifycfg -scalarrepl -instcombine -reassociate -licm -simplifycfg -loop-simplify -indvars -instcombine -simplifycfg -mem2reg -loop-simplify -indvars -instcombine -gvn -gvn -instcombine -adce -break-crit-edges -simplifycfg -loop-delete -global-array-opt -dce -dse -adce -find-syn-modules -top aes128_top -deadargelim -mem2reg -instcombine -dce -presyn-prepare -auto-rom-infer -interface-preproc -syn-check -check-rec-only -find-region -simplifycfg -func-extr -function-inline -globaldce -mem2reg -instcombine -dce -gvn -globaldce -adce -adse -constprop -instcombine -bit-constprop -instcombine -dce -simplifycfg -bitop-raise -simplifycfg -dce -loop-delete -reassociate -globalopt -global-privatize -mem2reg -dce -global-constprop -pointer-simplify -constprop -dce -func-inst -deadargelim -auto-shift-reg-idiom -promote-dbg-pointer -norm-name C:/Users/PC-CST-A3/Desktop/edge-ai-soc/hls/aes128/aes128/solution1/.autopilot/db/a.g.0.bc -o C:/Users/PC-CST-A3/Desktop/edge-ai-soc/hls/aes128/aes128/solution1/.autopilot/db/a.g.1.bc -f -phase std-opt 
Command         transform done; 0.413 sec.
INFO: [HLS 200-111] Finished Standard Transforms: CPU user time: 0 seconds. CPU system time: 0 seconds. Elapsed time: 0.43 seconds; current allocated memory: 1.407 GB.
INFO: [HLS 200-10] Checking synthesizability ...
INFO-FLOW: Checking Synthesizability 1/2..
Execute         transform -hls -syn-check -check-rec-only -scalarrepl -norm-name -dce -mem2reg -instcombine -function-uniquify -directive-preproc -mem2reg -dse -dce -auto-rom-infer -dce -pag -array-normalize -instcombine -dce -array-seg-normalize -instcombine -dce -data-pack -instcombine -dce -inst-simplify -array-flatten -instcombine -dce -array-burst -dce -deadargelim -promote-global-argument -simplifycfg -mem2reg -globaldce -dce -deadargelim -dce -instcombine -function-inline -globaldce -dce -doublePtrSimplify -doublePtrElim -dce -doublePtrSimplify -promote-dbg-pointer -dce -scalarrepl -dse -adse -instcombine -ptrLegalization -simplifycfg -dce -instcombine -pointer-simplify -ptrArgReplace -dce -instcombine -resolve-double-ptr -scalarrepl -norm-name -dce -mem2reg -instcombine -ptrLegalization -simplifycfg -deadargelim -instcombine -dce -inst-simplify -function-uniquify -directive-preproc -mem2reg -dse -dce -globaldce C:/Users/PC-CST-A3/Desktop/edge-ai-soc/hls/aes128/aes128/solution1/.autopilot/db/a.g.1.bc -o C:/Users/PC-CST-A3/Desktop/edge-ai-soc/hls/aes128/aes128/solution1/.autopilot/db/a.g.2.prechk.bc -f 
Command         transform done; 0.102 sec.
INFO-FLOW: Checking Synthesizability 2/2..
Execute         transform -syn-check C:/Users/PC-CST-A3/Desktop/edge-ai-soc/hls/aes128/aes128/solution1/.autopilot/db/a.g.2.prechk.bc -o C:/Users/PC-CST-A3/Desktop/edge-ai-soc/hls/aes128/aes128/solution1/.autopilot/db/a.g.2.bc -f -phase syn-check 
INFO: [HLS 200-111] Finished Checking Synthesizability: CPU user time: 0 seconds. CPU system time: 0 seconds. Elapsed time: 0.116 seconds; current allocated memory: 1.407 GB.
INFO-FLOW: Compiler optimizing ...
INFO-FLOW: Share syncheck's 1.bc for syn flow: copy C:/Users/PC-CST-A3/Desktop/edge-ai-soc/hls/aes128/aes128/solution1/.autopilot/db/a.g.1.bc to C:/Users/PC-CST-A3/Desktop/edge-ai-soc/hls/aes128/aes128/solution1/.autopilot/db/a.o.1.bc
INFO-FLOW: Presyn 1...
Execute         transform -hls -tmp C:/Users/PC-CST-A3/Desktop/edge-ai-soc/hls/aes128/aes128/solution1/.autopilot/db -interface-port-rename -function-uniquify -directive-preproc -mem2reg -dse -dce -scalarrepl -norm-name -deadargelim -mem2reg -instcombine -dce -simplifycfg -auto-rom-infer -dce -function-uniquify -resource-proc -clib-intrinsic-prepare -dce -func-buffer -dce -pag -array-normalize -func-legal -instcombine -gvn -constprop -dce -simplifycfg -mem2reg -globaldce -resolve-double-ptr -dce -deadargelim -dce -instcombine -ptrArgReplace -mem2reg -dce -array-seg-normalize -deadargelim -instcombine -dce -function-uniquify -directive-preproc -mem2reg -dse -dce -pointer-simplify -dce -port-alignment -dce -interface-preproc -data-pack -instcombine -dce -basicaa -aggr-aa -aggrmodref-aa -aggr-aa -gvn -gvn -basicaa -aggr-aa -aggrmodref-aa -aggr-aa -dse -adse -adce -loop-simplify -indvars -instcombine -gvn -loop-simplify -mem2reg -dce -find-region -instcombine -auto-loop-pipeline -inst-simplify -interface-preproc -cfgopt -instcombine -indvars -auto-loop-unroll -loop-simplify -loop-bound -xunroll -constprop -instcombine -simplifycfg -indvars -simplifycfg -dce -globaldce -clean-region -attach-range -gvn -inst-simplify -constprop -simplifycfg -dce -pointer-simplify -dce -globalopt -constprop -dce -array-promote -scalar-auto-dep-elim -constprop -dce -ptrArgReplace -mem2reg -simplifycfg -dce -instcombine -dce -array-transform-check -array-reshape -instcombine -simplifycfg -dce -ptrArgReplace -deadargelim -mem2reg -instcombine -simplifycfg -dce -indvars -loop-simplify -loop-bound -xunroll -constprop -instcombine -simplifycfg -indvars -simplifycfg -dce -globaldce -basicaa -aggr-aa -aggrmodref-aa -aggr-aa -dse -duplicate-dataflow-processes -globaldce -instcombine -array-partition -prepare-dynamic-array-partition -instcombine -simplifycfg -dce -ptrArgReplace -global-constprop -deadargelim -mem2reg -func-legal -dce -global-constprop -deadargelim -mem2reg -simplifycfg -dce -merge-param -deadargelim -globalopt -constprop -dce -array-promote -scalar-auto-dep-elim -constprop -dce -ptrArgReplace -mem2reg -simplifycfg -dce -mem-intrinsic-preproc -dce -global-internalize -global-privatize -mem2reg -globaldce -promote-global-argument -ptrArgReplace -mem2reg -dce -globalopt -mergereturn -simplify-global-access -mem2reg -dce -pointer-simplify -dce -functionattrs -basicaa -aggr-aa -aggrmodref-aa -aggr-aa -gvn -gvn -basicaa -aggr-aa -aggrmodref-aa -aggr-aa -dse -adse -adce -dce -norm-name -basicaa -aggr-aa -aggrmodref-aa -aggr-aa -accesses-merge -function-inline -complex-op-raise -inst-simplify -globaldce -func-inst -constprop -instcombine -simplifycfg -dce -func-legal -dce -loop-bound -arraycheck -bitwidthmin2 -bitwidthmin2 -on-by-dataflow -loop-delete -instcombine -simplifycfg -globaldce -dce -gvn -deadargelim -dce -loop-simplify -clean-region -simplifycfg -propagate-stable-arguments -loop-stream -instcombine -simplifycfg -dce -globaldce -duplicate-dataflow-processes -stream-intrinsic-preproc -dce -check-ap-stream -loop-simplify -eliminate-keepreads -extract-dataflow-in-loop -loop-simplify -dce -gvn -deadargelim -dse -duplicate-dataflow-processes -check-dataflow-syntax -legalize-stream-variable -legalize-global -extract-subproc -dce -dead-channel-elimination -canonicalize-gep -globaldce -dce -gvn -hls-dead-arg-elim -deadargelim -directive-preproc -annotate-dataflow-channels -canonicalize-dataflow -dce -globaldce -scalar-preprocessing -scalar-propagation2 -deadargelim -globaldce -mem2reg -check-dataflow-channels -function-stream -dce -globaldce -prop-fifo-spec -internal-stream-gen -canonicalize-gep -globaldce -dce -gvn -deadargelim -mergereturn -indvars -loop-simplify -instcombine -array-stream -array-seg-normalize -array-partition -func-legal -instcombine -simplifycfg -dce -bundle-memfifo-ops -deadargelim -function-uniquify -directive-preproc -mem2reg -dse -dce -group-axi-access -licm -simplifycfg -dce -loop-delete -hls-display -norm-name C:/Users/PC-CST-A3/Desktop/edge-ai-soc/hls/aes128/aes128/solution1/.autopilot/db/a.o.1.bc -o C:/Users/PC-CST-A3/Desktop/edge-ai-soc/hls/aes128/aes128/solution1/.autopilot/db/a.o.1.tmp.bc -f 
INFO: [XFORM 203-510] Pipelining loop 'VITIS_LOOP_69_1' (src/aes128_top.cpp:69) in function 'aes128_top' automatically.
Command         transform done; 0.391 sec.
INFO-FLOW: Presyn 2...
Execute         transform -hls -keep-callgraph -scalarrepl -mem2reg -port-alignment -attach-range -dce -pipe-mux-gen -indvars -loop-bound -inst-simplify -instcombine -dce -merge-array-access -mem2reg -dce -clean-region -mergereturn -if-conv -instcombine -dce -constprop -basicaa -aggr-aa -aggrmodref-aa -aggr-aa -gvn -gvn -basicaa -aggr-aa -aggrmodref-aa -aggr-aa -dse -adse -adce -scalarrepl -mem2reg -global-constprop -deadargelim -deadargelim -instcombine -dce -simplifycfg -ptrArgReplace -mem2reg -function-inline -globaldce -mem2reg -instcombine -dce -expr-balance -instcombine -dce -bitwidthmin2 -bitwidthmin2 -interface-preproc -directive-preproc -inst-rectify -instcombine -dce -functionattrs -constprop -instcombine -bit-constprop -simplify-global-access -globalopt -globaldce -inst-simplify -instcombine -elimdeaddata -dce -loop-delete -simplifycfg -loop-simplify -auto-burst -barrier -norm-name C:/Users/PC-CST-A3/Desktop/edge-ai-soc/hls/aes128/aes128/solution1/.autopilot/db/a.o.1.tmp.bc -o C:/Users/PC-CST-A3/Desktop/edge-ai-soc/hls/aes128/aes128/solution1/.autopilot/db/a.o.2.bc -f -phase presyn 
INFO: [XFORM 203-401] Performing if-conversion on hyperblock from (src/aes128.cpp:39:9) to (src/aes128.cpp:62:31) in function 'aes128_encrypt'... converting 3 basic blocks.
INFO: [XFORM 203-11] Balancing expressions in function 'aes128_encrypt' (src/aes128.cpp:22:31)...78 expression(s) balanced.
Command         transform done; 0.17 sec.
INFO: [HLS 200-111] Finished Loop, function and other optimizations: CPU user time: 1 seconds. CPU system time: 0 seconds. Elapsed time: 0.566 seconds; current allocated memory: 1.407 GB.
Execute         get_config_compile -enable_auto_rewind 
Execute         get_config_compile -enable_loop_extract 
INFO-FLOW: Building ssdm...
Execute         transform -hls -function-uniquify -auto-function-inline -globaldce -ptrArgReplace -mem2reg -dce -reset-lda -loop-simplify -indvars -aggr-aa -licm -loop-dep -loop-bound -licm -loop-simplify -loop-sink-hoist -flattenloopnest -array-flatten -gvn -instcombine -dce -array-map -dce -func-legal -gvn -adce -instcombine -cfgopt -simplifycfg -loop-simplify -array-burst -promote-global-argument -dce -array-seg-normalize -basicaa -aggrmodref-aa -globalsmodref-aa -aggr-aa -gvn -gvn -basicaa -aggrmodref-aa -globalsmodref-aa -aggr-aa -dse -adse -adce -licm -inst-simplify -dce -globaldce -instcombine -array-stream -eliminate-keepreads -instcombine -dce -deadargelim -doublePtrSimplify -doublePtrElim -dce -doublePtrSimplify -promote-dbg-pointer -dce -scalarrepl -mem2reg -norm-name -mem2reg -instcombine -dse -adse -adce -ptrLegalization -dce -auto-rom-infer -array-flatten -dce -instcombine -check-doubleptr -loop-rot -constprop -cfgopt -simplifycfg -loop-simplify -indvars -pointer-simplify -dce -loop-bound -loop-simplify -loop-preproc -constprop -global-constprop -gvn -mem2reg -instcombine -dce -loop-bound -loop-merge -dce -deadargelim -dce -canonicalize-dataflow -dce -deadargelim -globaldce -mem2reg -bram-byte-enable -load-elim -read-loop-dep -loop-simplify -loop-extract-inner -directive-preproc -bitwidthmin2 -bitwidthmin2 -read-loop-dep -interface-preproc -directive-preproc -interface-gen -bram-byte-enable-spec-prop -deadargelim -inst-simplify -dce -gvn -mem2reg -instcombine -dce -adse -loop-bound -instcombine -cfgopt -simplifycfg -loop-simplify -clean-region -io-protocol -find-region -mem2reg -bitop-raise -complex-op-raise -inst-simplify -inst-rectify -instcombine -adce -deadargelim -float-op-raise -loop-simplify -phi-opt -bitop-raise -cfgopt -simplifycfg -strip-dead-prototypes -interface-lower -bitop-lower -intrinsic-lower -auto-function-inline -basicaa -aggrmodref-aa -globalsmodref-aa -aggr-aa -inst-simplify -simplifycfg -loop-simplify -mergereturn -inst-simplify -inst-rectify -dce -load-elim -bitop-lower -float-op-raise -fma-raise -loop-rewind -pointer-simplify -dce -cfgopt -dce -loop-bound -loop-dep -read-loop-dep -dce -dyn-mem-reuse -dce -recurrence-min -dce -share-scalar-alloca -deadargelim -dce -check-stream -norm-name -legalize -validate-dataflow -inst-clarity -bitwidth -dump-loop-dep-to-ir -check-all-ssdm -cdfg-build C:/Users/PC-CST-A3/Desktop/edge-ai-soc/hls/aes128/aes128/solution1/.autopilot/db/a.o.2.bc -o C:/Users/PC-CST-A3/Desktop/edge-ai-soc/hls/aes128/aes128/solution1/.autopilot/db/a.o.3.bc -f -phase build-ssdm 
INFO: [HLS 200-472] Inferring partial write operation for 'plaintext' (src/aes128_top.cpp:46:30)
INFO: [HLS 200-472] Inferring partial write operation for 'plaintext.1' (src/aes128_top.cpp:47:30)
INFO: [HLS 200-472] Inferring partial write operation for 'plaintext' (src/aes128_top.cpp:48:30)
INFO: [HLS 200-472] Inferring partial write operation for 'plaintext.1' (src/aes128_top.cpp:49:30)
INFO: [HLS 200-472] Inferring partial write operation for 'key' (src/aes128_top.cpp:55:24)
INFO: [HLS 200-472] Inferring partial write operation for 'key.1' (src/aes128_top.cpp:56:24)
INFO: [HLS 200-472] Inferring partial write operation for 'key' (src/aes128_top.cpp:57:24)
INFO: [HLS 200-472] Inferring partial write operation for 'key.1' (src/aes128_top.cpp:58:24)
INFO: [HLS 200-472] Inferring partial write operation for 'ciphertext' (src/aes128_top.cpp:70:27)
INFO: [HLS 200-472] Inferring partial write operation for 'ciphertext_0' (src/aes128.cpp:181:16)
Command         transform done; 0.594 sec.
INFO: [HLS 200-111] Finished Architecture Synthesis: CPU user time: 0 seconds. CPU system time: 0 seconds. Elapsed time: 0.597 seconds; current allocated memory: 1.407 GB.
INFO-FLOW: Finish building internal data model.
Command       opt_and_import_c done; 1.727 sec.
Command     elaborate done; 17.046 sec.
Execute     ap_eval exec zip -j C:/Users/PC-CST-A3/Desktop/edge-ai-soc/hls/aes128/aes128/solution1/.autopilot/db/dut.hcp $dbDir/a.o.3.bc $dbDir/${topname}.rtl_wrap.cfg.tcl $dbDir/apatb_${topname}.cpp $dbDir/apatb_${topname}_util.cpp $dbDir/apatb_${topname}_ir.ll $dbDir/mapper_${topname}.cpp $dbDir/top-io-fe.xml $dbDir/kernel.internal.xml $workdir/../hls.app 
Command     ap_eval done; 0.127 sec.
Execute     autosyn -from_csynth_design=1 
INFO: [HLS 200-10] Starting hardware synthesis ...
INFO-FLOW: Synthesizing C/C++ design ...
INFO: [HLS 200-10] Synthesizing 'aes128_top' ...
Execute       ap_set_top_model aes128_top 
Execute       get_model_list aes128_top -filter all-wo-channel -topdown 
Execute       preproc_iomode -model aes128_top 
Execute       preproc_iomode -model aes128_top_Pipeline_STORE_DATA 
Execute       preproc_iomode -model aes128_top_Pipeline_VITIS_LOOP_69_1 
Execute       preproc_iomode -model aes128_encrypt 
Execute       preproc_iomode -model aes128_encrypt_Pipeline_AES_ROUNDS_LOOP 
Execute       preproc_iomode -model aes128_encrypt_Pipeline_VITIS_LOOP_38_2 
Execute       preproc_iomode -model aes128_top_Pipeline_LOAD_KEY 
Execute       preproc_iomode -model aes128_top_Pipeline_LOAD_DATA 
Execute       get_model_list aes128_top -filter all-wo-channel 
INFO-FLOW: Model list for configure: aes128_top_Pipeline_LOAD_DATA aes128_top_Pipeline_LOAD_KEY aes128_encrypt_Pipeline_VITIS_LOOP_38_2 aes128_encrypt_Pipeline_AES_ROUNDS_LOOP aes128_encrypt aes128_top_Pipeline_VITIS_LOOP_69_1 aes128_top_Pipeline_STORE_DATA aes128_top
INFO-FLOW: Configuring Module : aes128_top_Pipeline_LOAD_DATA ...
Execute       set_default_model aes128_top_Pipeline_LOAD_DATA 
Execute       apply_spec_resource_limit aes128_top_Pipeline_LOAD_DATA 
INFO-FLOW: Configuring Module : aes128_top_Pipeline_LOAD_KEY ...
Execute       set_default_model aes128_top_Pipeline_LOAD_KEY 
Execute       apply_spec_resource_limit aes128_top_Pipeline_LOAD_KEY 
INFO-FLOW: Configuring Module : aes128_encrypt_Pipeline_VITIS_LOOP_38_2 ...
Execute       set_default_model aes128_encrypt_Pipeline_VITIS_LOOP_38_2 
Execute       apply_spec_resource_limit aes128_encrypt_Pipeline_VITIS_LOOP_38_2 
INFO-FLOW: Configuring Module : aes128_encrypt_Pipeline_AES_ROUNDS_LOOP ...
Execute       set_default_model aes128_encrypt_Pipeline_AES_ROUNDS_LOOP 
Execute       apply_spec_resource_limit aes128_encrypt_Pipeline_AES_ROUNDS_LOOP 
INFO-FLOW: Configuring Module : aes128_encrypt ...
Execute       set_default_model aes128_encrypt 
Execute       apply_spec_resource_limit aes128_encrypt 
INFO-FLOW: Configuring Module : aes128_top_Pipeline_VITIS_LOOP_69_1 ...
Execute       set_default_model aes128_top_Pipeline_VITIS_LOOP_69_1 
Execute       apply_spec_resource_limit aes128_top_Pipeline_VITIS_LOOP_69_1 
INFO-FLOW: Configuring Module : aes128_top_Pipeline_STORE_DATA ...
Execute       set_default_model aes128_top_Pipeline_STORE_DATA 
Execute       apply_spec_resource_limit aes128_top_Pipeline_STORE_DATA 
INFO-FLOW: Configuring Module : aes128_top ...
Execute       set_default_model aes128_top 
Execute       apply_spec_resource_limit aes128_top 
INFO-FLOW: Model list for preprocess: aes128_top_Pipeline_LOAD_DATA aes128_top_Pipeline_LOAD_KEY aes128_encrypt_Pipeline_VITIS_LOOP_38_2 aes128_encrypt_Pipeline_AES_ROUNDS_LOOP aes128_encrypt aes128_top_Pipeline_VITIS_LOOP_69_1 aes128_top_Pipeline_STORE_DATA aes128_top
INFO-FLOW: Preprocessing Module: aes128_top_Pipeline_LOAD_DATA ...
Execute       set_default_model aes128_top_Pipeline_LOAD_DATA 
Execute       cdfg_preprocess -model aes128_top_Pipeline_LOAD_DATA 
Execute       rtl_gen_preprocess aes128_top_Pipeline_LOAD_DATA 
INFO-FLOW: Preprocessing Module: aes128_top_Pipeline_LOAD_KEY ...
Execute       set_default_model aes128_top_Pipeline_LOAD_KEY 
Execute       cdfg_preprocess -model aes128_top_Pipeline_LOAD_KEY 
Execute       rtl_gen_preprocess aes128_top_Pipeline_LOAD_KEY 
INFO-FLOW: Preprocessing Module: aes128_encrypt_Pipeline_VITIS_LOOP_38_2 ...
Execute       set_default_model aes128_encrypt_Pipeline_VITIS_LOOP_38_2 
Execute       cdfg_preprocess -model aes128_encrypt_Pipeline_VITIS_LOOP_38_2 
Command       cdfg_preprocess done; 0.191 sec.
Execute       rtl_gen_preprocess aes128_encrypt_Pipeline_VITIS_LOOP_38_2 
INFO-FLOW: Preprocessing Module: aes128_encrypt_Pipeline_AES_ROUNDS_LOOP ...
Execute       set_default_model aes128_encrypt_Pipeline_AES_ROUNDS_LOOP 
Execute       cdfg_preprocess -model aes128_encrypt_Pipeline_AES_ROUNDS_LOOP 
Execute       rtl_gen_preprocess aes128_encrypt_Pipeline_AES_ROUNDS_LOOP 
INFO-FLOW: Preprocessing Module: aes128_encrypt ...
Execute       set_default_model aes128_encrypt 
Execute       cdfg_preprocess -model aes128_encrypt 
Execute       rtl_gen_preprocess aes128_encrypt 
INFO-FLOW: Preprocessing Module: aes128_top_Pipeline_VITIS_LOOP_69_1 ...
Execute       set_default_model aes128_top_Pipeline_VITIS_LOOP_69_1 
Execute       cdfg_preprocess -model aes128_top_Pipeline_VITIS_LOOP_69_1 
Execute       rtl_gen_preprocess aes128_top_Pipeline_VITIS_LOOP_69_1 
INFO-FLOW: Preprocessing Module: aes128_top_Pipeline_STORE_DATA ...
Execute       set_default_model aes128_top_Pipeline_STORE_DATA 
Execute       cdfg_preprocess -model aes128_top_Pipeline_STORE_DATA 
Execute       rtl_gen_preprocess aes128_top_Pipeline_STORE_DATA 
INFO-FLOW: Preprocessing Module: aes128_top ...
Execute       set_default_model aes128_top 
Execute       cdfg_preprocess -model aes128_top 
Execute       rtl_gen_preprocess aes128_top 
INFO-FLOW: Model list for synthesis: aes128_top_Pipeline_LOAD_DATA aes128_top_Pipeline_LOAD_KEY aes128_encrypt_Pipeline_VITIS_LOOP_38_2 aes128_encrypt_Pipeline_AES_ROUNDS_LOOP aes128_encrypt aes128_top_Pipeline_VITIS_LOOP_69_1 aes128_top_Pipeline_STORE_DATA aes128_top
INFO: [HLS 200-10] ----------------------------------------------------------------
INFO: [HLS 200-42] -- Implementing module 'aes128_top_Pipeline_LOAD_DATA' 
INFO: [HLS 200-10] ----------------------------------------------------------------
Execute       set_default_model aes128_top_Pipeline_LOAD_DATA 
Execute       schedule -model aes128_top_Pipeline_LOAD_DATA 
INFO: [SCHED 204-11] Starting scheduling ...
INFO: [SCHED 204-61] Pipelining loop 'LOAD_DATA'.
INFO: [HLS 200-1470] Pipelining result : Target II = 1, Final II = 1, Depth = 3, loop 'LOAD_DATA'
INFO: [SCHED 204-11] Finished scheduling.
Command       schedule done; 0.146 sec.
INFO: [HLS 200-111] Finished Scheduling: CPU user time: 1 seconds. CPU system time: 0 seconds. Elapsed time: 0.556 seconds; current allocated memory: 1.407 GB.
Execute       syn_report -verbosereport -o C:/Users/PC-CST-A3/Desktop/edge-ai-soc/hls/aes128/aes128/solution1/.autopilot/db/aes128_top_Pipeline_LOAD_DATA.verbose.sched.rpt 
Execute         AP::get_flow_target_display_name
Execute           get_solution -flow_target 
Execute       db_write -o C:/Users/PC-CST-A3/Desktop/edge-ai-soc/hls/aes128/aes128/solution1/.autopilot/db/aes128_top_Pipeline_LOAD_DATA.sched.adb -f 
INFO-FLOW: Finish scheduling aes128_top_Pipeline_LOAD_DATA.
Execute       set_default_model aes128_top_Pipeline_LOAD_DATA 
Execute       bind -model aes128_top_Pipeline_LOAD_DATA 
INFO: [BIND 205-100] Starting micro-architecture generation ...
INFO: [BIND 205-101] Performing variable lifetime analysis.
INFO: [BIND 205-101] Exploring resource sharing.
INFO: [BIND 205-101] Binding ...
INFO: [BIND 205-100] Finished micro-architecture generation.
INFO: [HLS 200-111] Finished Binding: CPU user time: 0 seconds. CPU system time: 0 seconds. Elapsed time: 0.103 seconds; current allocated memory: 1.407 GB.
Execute       syn_report -verbosereport -o C:/Users/PC-CST-A3/Desktop/edge-ai-soc/hls/aes128/aes128/solution1/.autopilot/db/aes128_top_Pipeline_LOAD_DATA.verbose.bind.rpt 
Execute         AP::get_flow_target_display_name
Execute           get_solution -flow_target 
Execute       db_write -o C:/Users/PC-CST-A3/Desktop/edge-ai-soc/hls/aes128/aes128/solution1/.autopilot/db/aes128_top_Pipeline_LOAD_DATA.bind.adb -f 
INFO-FLOW: Finish binding aes128_top_Pipeline_LOAD_DATA.
INFO: [HLS 200-10] ----------------------------------------------------------------
INFO: [HLS 200-42] -- Implementing module 'aes128_top_Pipeline_LOAD_KEY' 
INFO: [HLS 200-10] ----------------------------------------------------------------
Execute       set_default_model aes128_top_Pipeline_LOAD_KEY 
Execute       schedule -model aes128_top_Pipeline_LOAD_KEY 
INFO: [SCHED 204-11] Starting scheduling ...
INFO: [SCHED 204-61] Pipelining loop 'LOAD_KEY'.
INFO: [HLS 200-1470] Pipelining result : Target II = 1, Final II = 1, Depth = 3, loop 'LOAD_KEY'
INFO: [SCHED 204-11] Finished scheduling.
INFO: [HLS 200-111] Finished Scheduling: CPU user time: 0 seconds. CPU system time: 0 seconds. Elapsed time: 0.067 seconds; current allocated memory: 1.407 GB.
Execute       syn_report -verbosereport -o C:/Users/PC-CST-A3/Desktop/edge-ai-soc/hls/aes128/aes128/solution1/.autopilot/db/aes128_top_Pipeline_LOAD_KEY.verbose.sched.rpt 
Execute         AP::get_flow_target_display_name
Execute           get_solution -flow_target 
Execute       db_write -o C:/Users/PC-CST-A3/Desktop/edge-ai-soc/hls/aes128/aes128/solution1/.autopilot/db/aes128_top_Pipeline_LOAD_KEY.sched.adb -f 
INFO-FLOW: Finish scheduling aes128_top_Pipeline_LOAD_KEY.
Execute       set_default_model aes128_top_Pipeline_LOAD_KEY 
Execute       bind -model aes128_top_Pipeline_LOAD_KEY 
INFO: [BIND 205-100] Starting micro-architecture generation ...
INFO: [BIND 205-101] Performing variable lifetime analysis.
INFO: [BIND 205-101] Exploring resource sharing.
INFO: [BIND 205-101] Binding ...
INFO: [BIND 205-100] Finished micro-architecture generation.
INFO: [HLS 200-111] Finished Binding: CPU user time: 0 seconds. CPU system time: 0 seconds. Elapsed time: 0.047 seconds; current allocated memory: 1.407 GB.
Execute       syn_report -verbosereport -o C:/Users/PC-CST-A3/Desktop/edge-ai-soc/hls/aes128/aes128/solution1/.autopilot/db/aes128_top_Pipeline_LOAD_KEY.verbose.bind.rpt 
Execute         AP::get_flow_target_display_name
Execute           get_solution -flow_target 
Execute       db_write -o C:/Users/PC-CST-A3/Desktop/edge-ai-soc/hls/aes128/aes128/solution1/.autopilot/db/aes128_top_Pipeline_LOAD_KEY.bind.adb -f 
INFO-FLOW: Finish binding aes128_top_Pipeline_LOAD_KEY.
INFO: [HLS 200-10] ----------------------------------------------------------------
INFO: [HLS 200-42] -- Implementing module 'aes128_encrypt_Pipeline_VITIS_LOOP_38_2' 
INFO: [HLS 200-10] ----------------------------------------------------------------
Execute       set_default_model aes128_encrypt_Pipeline_VITIS_LOOP_38_2 
Execute       schedule -model aes128_encrypt_Pipeline_VITIS_LOOP_38_2 
INFO: [SCHED 204-11] Starting scheduling ...
INFO: [SCHED 204-61] Pipelining loop 'VITIS_LOOP_38_2'.
INFO: [HLS 200-1470] Pipelining result : Target II = 1, Final II = 1, Depth = 3, loop 'VITIS_LOOP_38_2'
INFO: [SCHED 204-11] Finished scheduling.
Command       schedule done; 1.178 sec.
INFO: [HLS 200-111] Finished Scheduling: CPU user time: 1 seconds. CPU system time: 0 seconds. Elapsed time: 1.212 seconds; current allocated memory: 1.407 GB.
Execute       syn_report -verbosereport -o C:/Users/PC-CST-A3/Desktop/edge-ai-soc/hls/aes128/aes128/solution1/.autopilot/db/aes128_encrypt_Pipeline_VITIS_LOOP_38_2.verbose.sched.rpt 
Execute         AP::get_flow_target_display_name
Execute           get_solution -flow_target 
Execute       db_write -o C:/Users/PC-CST-A3/Desktop/edge-ai-soc/hls/aes128/aes128/solution1/.autopilot/db/aes128_encrypt_Pipeline_VITIS_LOOP_38_2.sched.adb -f 
Command       db_write done; 0.151 sec.
INFO-FLOW: Finish scheduling aes128_encrypt_Pipeline_VITIS_LOOP_38_2.
Execute       set_default_model aes128_encrypt_Pipeline_VITIS_LOOP_38_2 
Execute       bind -model aes128_encrypt_Pipeline_VITIS_LOOP_38_2 
INFO: [BIND 205-100] Starting micro-architecture generation ...
INFO: [BIND 205-101] Performing variable lifetime analysis.
INFO: [BIND 205-101] Exploring resource sharing.
INFO: [BIND 205-101] Binding ...
INFO: [BIND 205-100] Finished micro-architecture generation.
Command       bind done; 0.123 sec.
INFO: [HLS 200-111] Finished Binding: CPU user time: 0 seconds. CPU system time: 0 seconds. Elapsed time: 0.322 seconds; current allocated memory: 1.407 GB.
Execute       syn_report -verbosereport -o C:/Users/PC-CST-A3/Desktop/edge-ai-soc/hls/aes128/aes128/solution1/.autopilot/db/aes128_encrypt_Pipeline_VITIS_LOOP_38_2.verbose.bind.rpt 
Execute         AP::get_flow_target_display_name
Execute           get_solution -flow_target 
Execute       db_write -o C:/Users/PC-CST-A3/Desktop/edge-ai-soc/hls/aes128/aes128/solution1/.autopilot/db/aes128_encrypt_Pipeline_VITIS_LOOP_38_2.bind.adb -f 
Command       db_write done; 0.181 sec.
INFO-FLOW: Finish binding aes128_encrypt_Pipeline_VITIS_LOOP_38_2.
INFO: [HLS 200-10] ----------------------------------------------------------------
INFO: [HLS 200-42] -- Implementing module 'aes128_encrypt_Pipeline_AES_ROUNDS_LOOP' 
INFO: [HLS 200-10] ----------------------------------------------------------------
Execute       set_default_model aes128_encrypt_Pipeline_AES_ROUNDS_LOOP 
Execute       schedule -model aes128_encrypt_Pipeline_AES_ROUNDS_LOOP 
INFO: [SCHED 204-11] Starting scheduling ...
INFO: [SCHED 204-61] Pipelining loop 'AES_ROUNDS_LOOP'.
INFO: [HLS 200-1470] Pipelining result : Target II = 1, Final II = 1, Depth = 3, loop 'AES_ROUNDS_LOOP'
INFO: [SCHED 204-11] Finished scheduling.
Command       schedule done; 0.287 sec.
INFO: [HLS 200-111] Finished Scheduling: CPU user time: 1 seconds. CPU system time: 0 seconds. Elapsed time: 0.572 seconds; current allocated memory: 1.407 GB.
Execute       syn_report -verbosereport -o C:/Users/PC-CST-A3/Desktop/edge-ai-soc/hls/aes128/aes128/solution1/.autopilot/db/aes128_encrypt_Pipeline_AES_ROUNDS_LOOP.verbose.sched.rpt 
Execute         AP::get_flow_target_display_name
Execute           get_solution -flow_target 
Execute       db_write -o C:/Users/PC-CST-A3/Desktop/edge-ai-soc/hls/aes128/aes128/solution1/.autopilot/db/aes128_encrypt_Pipeline_AES_ROUNDS_LOOP.sched.adb -f 
INFO-FLOW: Finish scheduling aes128_encrypt_Pipeline_AES_ROUNDS_LOOP.
Execute       set_default_model aes128_encrypt_Pipeline_AES_ROUNDS_LOOP 
Execute       bind -model aes128_encrypt_Pipeline_AES_ROUNDS_LOOP 
INFO: [BIND 205-100] Starting micro-architecture generation ...
INFO: [BIND 205-101] Performing variable lifetime analysis.
INFO: [BIND 205-101] Exploring resource sharing.
INFO: [BIND 205-101] Binding ...
INFO: [BIND 205-100] Finished micro-architecture generation.
Command       bind done; 0.121 sec.
INFO: [HLS 200-111] Finished Binding: CPU user time: 0 seconds. CPU system time: 0 seconds. Elapsed time: 0.261 seconds; current allocated memory: 1.407 GB.
Execute       syn_report -verbosereport -o C:/Users/PC-CST-A3/Desktop/edge-ai-soc/hls/aes128/aes128/solution1/.autopilot/db/aes128_encrypt_Pipeline_AES_ROUNDS_LOOP.verbose.bind.rpt 
Execute         AP::get_flow_target_display_name
Execute           get_solution -flow_target 
Command       syn_report done; 0.259 sec.
Execute       db_write -o C:/Users/PC-CST-A3/Desktop/edge-ai-soc/hls/aes128/aes128/solution1/.autopilot/db/aes128_encrypt_Pipeline_AES_ROUNDS_LOOP.bind.adb -f 
Command       db_write done; 0.102 sec.
INFO-FLOW: Finish binding aes128_encrypt_Pipeline_AES_ROUNDS_LOOP.
INFO: [HLS 200-10] ----------------------------------------------------------------
INFO: [HLS 200-42] -- Implementing module 'aes128_encrypt' 
INFO: [HLS 200-10] ----------------------------------------------------------------
Execute       set_default_model aes128_encrypt 
Execute       schedule -model aes128_encrypt 
INFO: [SCHED 204-11] Starting scheduling ...
INFO: [SCHED 204-11] Finished scheduling.
Command       schedule done; 0.177 sec.
INFO: [HLS 200-111] Finished Scheduling: CPU user time: 0 seconds. CPU system time: 0 seconds. Elapsed time: 0.552 seconds; current allocated memory: 1.407 GB.
Execute       syn_report -verbosereport -o C:/Users/PC-CST-A3/Desktop/edge-ai-soc/hls/aes128/aes128/solution1/.autopilot/db/aes128_encrypt.verbose.sched.rpt 
Execute         AP::get_flow_target_display_name
Execute           get_solution -flow_target 
Execute       db_write -o C:/Users/PC-CST-A3/Desktop/edge-ai-soc/hls/aes128/aes128/solution1/.autopilot/db/aes128_encrypt.sched.adb -f 
INFO-FLOW: Finish scheduling aes128_encrypt.
Execute       set_default_model aes128_encrypt 
Execute       bind -model aes128_encrypt 
INFO: [BIND 205-100] Starting micro-architecture generation ...
INFO: [BIND 205-101] Performing variable lifetime analysis.
INFO: [BIND 205-101] Exploring resource sharing.
INFO: [BIND 205-101] Binding ...
INFO: [BIND 205-100] Finished micro-architecture generation.
Command       bind done; 0.167 sec.
INFO: [HLS 200-111] Finished Binding: CPU user time: 0 seconds. CPU system time: 0 seconds. Elapsed time: 0.287 seconds; current allocated memory: 1.407 GB.
Execute       syn_report -verbosereport -o C:/Users/PC-CST-A3/Desktop/edge-ai-soc/hls/aes128/aes128/solution1/.autopilot/db/aes128_encrypt.verbose.bind.rpt 
Execute         AP::get_flow_target_display_name
Execute           get_solution -flow_target 
Command       syn_report done; 0.342 sec.
Execute       db_write -o C:/Users/PC-CST-A3/Desktop/edge-ai-soc/hls/aes128/aes128/solution1/.autopilot/db/aes128_encrypt.bind.adb -f 
INFO-FLOW: Finish binding aes128_encrypt.
INFO: [HLS 200-10] ----------------------------------------------------------------
INFO: [HLS 200-42] -- Implementing module 'aes128_top_Pipeline_VITIS_LOOP_69_1' 
INFO: [HLS 200-10] ----------------------------------------------------------------
Execute       set_default_model aes128_top_Pipeline_VITIS_LOOP_69_1 
Execute       schedule -model aes128_top_Pipeline_VITIS_LOOP_69_1 
INFO: [SCHED 204-11] Starting scheduling ...
INFO: [SCHED 204-61] Pipelining loop 'VITIS_LOOP_69_1'.
INFO: [HLS 200-1470] Pipelining result : Target II = NA, Final II = 1, Depth = 2, loop 'VITIS_LOOP_69_1'
INFO: [SCHED 204-11] Finished scheduling.
INFO: [HLS 200-111] Finished Scheduling: CPU user time: 0 seconds. CPU system time: 0 seconds. Elapsed time: 0.459 seconds; current allocated memory: 1.407 GB.
Execute       syn_report -verbosereport -o C:/Users/PC-CST-A3/Desktop/edge-ai-soc/hls/aes128/aes128/solution1/.autopilot/db/aes128_top_Pipeline_VITIS_LOOP_69_1.verbose.sched.rpt 
Execute         AP::get_flow_target_display_name
Execute           get_solution -flow_target 
Execute       db_write -o C:/Users/PC-CST-A3/Desktop/edge-ai-soc/hls/aes128/aes128/solution1/.autopilot/db/aes128_top_Pipeline_VITIS_LOOP_69_1.sched.adb -f 
INFO-FLOW: Finish scheduling aes128_top_Pipeline_VITIS_LOOP_69_1.
Execute       set_default_model aes128_top_Pipeline_VITIS_LOOP_69_1 
Execute       bind -model aes128_top_Pipeline_VITIS_LOOP_69_1 
INFO: [BIND 205-100] Starting micro-architecture generation ...
INFO: [BIND 205-101] Performing variable lifetime analysis.
INFO: [BIND 205-101] Exploring resource sharing.
INFO: [BIND 205-101] Binding ...
INFO: [BIND 205-100] Finished micro-architecture generation.
INFO: [HLS 200-111] Finished Binding: CPU user time: 0 seconds. CPU system time: 0 seconds. Elapsed time: 0.044 seconds; current allocated memory: 1.407 GB.
Execute       syn_report -verbosereport -o C:/Users/PC-CST-A3/Desktop/edge-ai-soc/hls/aes128/aes128/solution1/.autopilot/db/aes128_top_Pipeline_VITIS_LOOP_69_1.verbose.bind.rpt 
Execute         AP::get_flow_target_display_name
Execute           get_solution -flow_target 
Execute       db_write -o C:/Users/PC-CST-A3/Desktop/edge-ai-soc/hls/aes128/aes128/solution1/.autopilot/db/aes128_top_Pipeline_VITIS_LOOP_69_1.bind.adb -f 
INFO-FLOW: Finish binding aes128_top_Pipeline_VITIS_LOOP_69_1.
INFO: [HLS 200-10] ----------------------------------------------------------------
INFO: [HLS 200-42] -- Implementing module 'aes128_top_Pipeline_STORE_DATA' 
INFO: [HLS 200-10] ----------------------------------------------------------------
Execute       set_default_model aes128_top_Pipeline_STORE_DATA 
Execute       schedule -model aes128_top_Pipeline_STORE_DATA 
INFO: [SCHED 204-11] Starting scheduling ...
INFO: [SCHED 204-61] Pipelining loop 'STORE_DATA'.
INFO: [HLS 200-1470] Pipelining result : Target II = 1, Final II = 1, Depth = 3, loop 'STORE_DATA'
INFO: [SCHED 204-11] Finished scheduling.
INFO: [HLS 200-111] Finished Scheduling: CPU user time: 0 seconds. CPU system time: 0 seconds. Elapsed time: 0.066 seconds; current allocated memory: 1.407 GB.
Execute       syn_report -verbosereport -o C:/Users/PC-CST-A3/Desktop/edge-ai-soc/hls/aes128/aes128/solution1/.autopilot/db/aes128_top_Pipeline_STORE_DATA.verbose.sched.rpt 
Execute         AP::get_flow_target_display_name
Execute           get_solution -flow_target 
Execute       db_write -o C:/Users/PC-CST-A3/Desktop/edge-ai-soc/hls/aes128/aes128/solution1/.autopilot/db/aes128_top_Pipeline_STORE_DATA.sched.adb -f 
INFO-FLOW: Finish scheduling aes128_top_Pipeline_STORE_DATA.
Execute       set_default_model aes128_top_Pipeline_STORE_DATA 
Execute       bind -model aes128_top_Pipeline_STORE_DATA 
INFO: [BIND 205-100] Starting micro-architecture generation ...
INFO: [BIND 205-101] Performing variable lifetime analysis.
INFO: [BIND 205-101] Exploring resource sharing.
INFO: [BIND 205-101] Binding ...
INFO: [BIND 205-100] Finished micro-architecture generation.
INFO: [HLS 200-111] Finished Binding: CPU user time: 0 seconds. CPU system time: 0 seconds. Elapsed time: 0.05 seconds; current allocated memory: 1.407 GB.
Execute       syn_report -verbosereport -o C:/Users/PC-CST-A3/Desktop/edge-ai-soc/hls/aes128/aes128/solution1/.autopilot/db/aes128_top_Pipeline_STORE_DATA.verbose.bind.rpt 
Execute         AP::get_flow_target_display_name
Execute           get_solution -flow_target 
Execute       db_write -o C:/Users/PC-CST-A3/Desktop/edge-ai-soc/hls/aes128/aes128/solution1/.autopilot/db/aes128_top_Pipeline_STORE_DATA.bind.adb -f 
INFO-FLOW: Finish binding aes128_top_Pipeline_STORE_DATA.
INFO: [HLS 200-10] ----------------------------------------------------------------
INFO: [HLS 200-42] -- Implementing module 'aes128_top' 
INFO: [HLS 200-10] ----------------------------------------------------------------
Execute       set_default_model aes128_top 
Execute       schedule -model aes128_top 
INFO: [SCHED 204-11] Starting scheduling ...
INFO: [SCHED 204-11] Finished scheduling.
INFO: [HLS 200-111] Finished Scheduling: CPU user time: 0 seconds. CPU system time: 0 seconds. Elapsed time: 0.09 seconds; current allocated memory: 1.407 GB.
Execute       syn_report -verbosereport -o C:/Users/PC-CST-A3/Desktop/edge-ai-soc/hls/aes128/aes128/solution1/.autopilot/db/aes128_top.verbose.sched.rpt 
Execute         AP::get_flow_target_display_name
Execute           get_solution -flow_target 
Execute       db_write -o C:/Users/PC-CST-A3/Desktop/edge-ai-soc/hls/aes128/aes128/solution1/.autopilot/db/aes128_top.sched.adb -f 
INFO-FLOW: Finish scheduling aes128_top.
Execute       set_default_model aes128_top 
Execute       bind -model aes128_top 
INFO: [BIND 205-100] Starting micro-architecture generation ...
INFO: [BIND 205-101] Performing variable lifetime analysis.
INFO: [BIND 205-101] Exploring resource sharing.
INFO: [BIND 205-101] Binding ...
INFO: [BIND 205-100] Finished micro-architecture generation.
Command       bind done; 0.172 sec.
INFO: [HLS 200-111] Finished Binding: CPU user time: 1 seconds. CPU system time: 0 seconds. Elapsed time: 0.238 seconds; current allocated memory: 1.407 GB.
Execute       syn_report -verbosereport -o C:/Users/PC-CST-A3/Desktop/edge-ai-soc/hls/aes128/aes128/solution1/.autopilot/db/aes128_top.verbose.bind.rpt 
Execute         AP::get_flow_target_display_name
Execute           get_solution -flow_target 
Command       syn_report done; 0.33 sec.
Execute       db_write -o C:/Users/PC-CST-A3/Desktop/edge-ai-soc/hls/aes128/aes128/solution1/.autopilot/db/aes128_top.bind.adb -f 
INFO-FLOW: Finish binding aes128_top.
Execute       get_model_list aes128_top -filter all-wo-channel 
INFO-FLOW: Preprocessing for RTLGen ...
Execute       rtl_gen_preprocess aes128_top_Pipeline_LOAD_DATA 
Execute       rtl_gen_preprocess aes128_top_Pipeline_LOAD_KEY 
Execute       rtl_gen_preprocess aes128_encrypt_Pipeline_VITIS_LOOP_38_2 
Execute       rtl_gen_preprocess aes128_encrypt_Pipeline_AES_ROUNDS_LOOP 
Execute       rtl_gen_preprocess aes128_encrypt 
Execute       rtl_gen_preprocess aes128_top_Pipeline_VITIS_LOOP_69_1 
Execute       rtl_gen_preprocess aes128_top_Pipeline_STORE_DATA 
Execute       rtl_gen_preprocess aes128_top 
INFO-FLOW: Model list for RTL generation: aes128_top_Pipeline_LOAD_DATA aes128_top_Pipeline_LOAD_KEY aes128_encrypt_Pipeline_VITIS_LOOP_38_2 aes128_encrypt_Pipeline_AES_ROUNDS_LOOP aes128_encrypt aes128_top_Pipeline_VITIS_LOOP_69_1 aes128_top_Pipeline_STORE_DATA aes128_top
INFO: [HLS 200-10] ----------------------------------------------------------------
INFO: [HLS 200-10] -- Generating RTL for module 'aes128_top_Pipeline_LOAD_DATA' 
INFO: [HLS 200-10] ----------------------------------------------------------------
Execute       get_config_rtl -module_prefix 
Execute       get_config_rtl -module_auto_prefix 
Execute       get_config_rtl -module_prefix 
Execute       get_config_rtl -module_auto_prefix 
Execute       create_rtl_model aes128_top_Pipeline_LOAD_DATA -top_prefix aes128_top_ -sub_prefix aes128_top_ -mg_file C:/Users/PC-CST-A3/Desktop/edge-ai-soc/hls/aes128/aes128/solution1/.autopilot/db/aes128_top_Pipeline_LOAD_DATA.compgen.tcl 
INFO: [HLS 200-1030] Apply Unified Pipeline Control on module 'aes128_top_Pipeline_LOAD_DATA' pipeline 'LOAD_DATA' pipeline type 'loop pipeline'
WARNING: [RTGEN 206-101] Setting dangling out port 'aes128_top_Pipeline_LOAD_DATA/m_axi_DATA_ARVALID' to 0.
WARNING: [RTGEN 206-101] Setting dangling out port 'aes128_top_Pipeline_LOAD_DATA/m_axi_DATA_ARADDR' to 0.
WARNING: [RTGEN 206-101] Setting dangling out port 'aes128_top_Pipeline_LOAD_DATA/m_axi_DATA_ARID' to 0.
WARNING: [RTGEN 206-101] Setting dangling out port 'aes128_top_Pipeline_LOAD_DATA/m_axi_DATA_ARLEN' to 0.
WARNING: [RTGEN 206-101] Setting dangling out port 'aes128_top_Pipeline_LOAD_DATA/m_axi_DATA_ARSIZE' to 0.
WARNING: [RTGEN 206-101] Setting dangling out port 'aes128_top_Pipeline_LOAD_DATA/m_axi_DATA_ARBURST' to 0.
WARNING: [RTGEN 206-101] Setting dangling out port 'aes128_top_Pipeline_LOAD_DATA/m_axi_DATA_ARLOCK' to 0.
WARNING: [RTGEN 206-101] Setting dangling out port 'aes128_top_Pipeline_LOAD_DATA/m_axi_DATA_ARCACHE' to 0.
WARNING: [RTGEN 206-101] Setting dangling out port 'aes128_top_Pipeline_LOAD_DATA/m_axi_DATA_ARPROT' to 0.
WARNING: [RTGEN 206-101] Setting dangling out port 'aes128_top_Pipeline_LOAD_DATA/m_axi_DATA_ARQOS' to 0.
WARNING: [RTGEN 206-101] Setting dangling out port 'aes128_top_Pipeline_LOAD_DATA/m_axi_DATA_ARREGION' to 0.
WARNING: [RTGEN 206-101] Setting dangling out port 'aes128_top_Pipeline_LOAD_DATA/m_axi_DATA_ARUSER' to 0.
INFO: [RTGEN 206-100] Finished creating RTL model for 'aes128_top_Pipeline_LOAD_DATA'.
Command       create_rtl_model done; 0.159 sec.
INFO: [HLS 200-111] Finished Creating RTL model: CPU user time: 0 seconds. CPU system time: 0 seconds. Elapsed time: 0.534 seconds; current allocated memory: 1.407 GB.
Execute       source C:/Users/PC-CST-A3/Desktop/edge-ai-soc/hls/aes128/aes128/solution1/.autopilot/db/aes128_top.rtl_wrap.cfg.tcl 
Execute       gen_rtl aes128_top_Pipeline_LOAD_DATA -style xilinx -f -lang vhdl -o C:/Users/PC-CST-A3/Desktop/edge-ai-soc/hls/aes128/aes128/solution1/syn/vhdl/aes128_top_aes128_top_Pipeline_LOAD_DATA 
Execute       gen_rtl aes128_top_Pipeline_LOAD_DATA -style xilinx -f -lang vlog -o C:/Users/PC-CST-A3/Desktop/edge-ai-soc/hls/aes128/aes128/solution1/syn/verilog/aes128_top_aes128_top_Pipeline_LOAD_DATA 
Execute       syn_report -csynth -model aes128_top_Pipeline_LOAD_DATA -o C:/Users/PC-CST-A3/Desktop/edge-ai-soc/hls/aes128/aes128/solution1/syn/report/aes128_top_Pipeline_LOAD_DATA_csynth.rpt 
Execute         AP::get_flow_target_display_name
Execute           get_solution -flow_target 
Execute       syn_report -rtlxml -model aes128_top_Pipeline_LOAD_DATA -o C:/Users/PC-CST-A3/Desktop/edge-ai-soc/hls/aes128/aes128/solution1/syn/report/aes128_top_Pipeline_LOAD_DATA_csynth.xml 
Execute         get_solution -flow_target
Execute           get_solution -flow_target 
Execute       syn_report -verbosereport -model aes128_top_Pipeline_LOAD_DATA -o C:/Users/PC-CST-A3/Desktop/edge-ai-soc/hls/aes128/aes128/solution1/.autopilot/db/aes128_top_Pipeline_LOAD_DATA.verbose.rpt 
Execute         AP::get_flow_target_display_name
Execute           get_solution -flow_target 
Execute       db_write -model aes128_top_Pipeline_LOAD_DATA -f -o C:/Users/PC-CST-A3/Desktop/edge-ai-soc/hls/aes128/aes128/solution1/.autopilot/db/aes128_top_Pipeline_LOAD_DATA.adb 
Execute       db_write -model aes128_top_Pipeline_LOAD_DATA -bindview -o C:/Users/PC-CST-A3/Desktop/edge-ai-soc/hls/aes128/aes128/solution1/.autopilot/db/design.bindinfo.xml 
Execute       gen_tb_info aes128_top_Pipeline_LOAD_DATA -p C:/Users/PC-CST-A3/Desktop/edge-ai-soc/hls/aes128/aes128/solution1/.autopilot/db -o C:/Users/PC-CST-A3/Desktop/edge-ai-soc/hls/aes128/aes128/solution1/.autopilot/db/aes128_top_Pipeline_LOAD_DATA 
INFO: [HLS 200-10] ----------------------------------------------------------------
INFO: [HLS 200-10] -- Generating RTL for module 'aes128_top_Pipeline_LOAD_KEY' 
INFO: [HLS 200-10] ----------------------------------------------------------------
Execute       get_config_rtl -module_prefix 
Execute       get_config_rtl -module_auto_prefix 
Execute       get_config_rtl -module_prefix 
Execute       get_config_rtl -module_auto_prefix 
Execute       create_rtl_model aes128_top_Pipeline_LOAD_KEY -top_prefix aes128_top_ -sub_prefix aes128_top_ -mg_file C:/Users/PC-CST-A3/Desktop/edge-ai-soc/hls/aes128/aes128/solution1/.autopilot/db/aes128_top_Pipeline_LOAD_KEY.compgen.tcl 
INFO: [HLS 200-1030] Apply Unified Pipeline Control on module 'aes128_top_Pipeline_LOAD_KEY' pipeline 'LOAD_KEY' pipeline type 'loop pipeline'
WARNING: [RTGEN 206-101] Setting dangling out port 'aes128_top_Pipeline_LOAD_KEY/m_axi_DATA_ARVALID' to 0.
WARNING: [RTGEN 206-101] Setting dangling out port 'aes128_top_Pipeline_LOAD_KEY/m_axi_DATA_ARADDR' to 0.
WARNING: [RTGEN 206-101] Setting dangling out port 'aes128_top_Pipeline_LOAD_KEY/m_axi_DATA_ARID' to 0.
WARNING: [RTGEN 206-101] Setting dangling out port 'aes128_top_Pipeline_LOAD_KEY/m_axi_DATA_ARLEN' to 0.
WARNING: [RTGEN 206-101] Setting dangling out port 'aes128_top_Pipeline_LOAD_KEY/m_axi_DATA_ARSIZE' to 0.
WARNING: [RTGEN 206-101] Setting dangling out port 'aes128_top_Pipeline_LOAD_KEY/m_axi_DATA_ARBURST' to 0.
WARNING: [RTGEN 206-101] Setting dangling out port 'aes128_top_Pipeline_LOAD_KEY/m_axi_DATA_ARLOCK' to 0.
WARNING: [RTGEN 206-101] Setting dangling out port 'aes128_top_Pipeline_LOAD_KEY/m_axi_DATA_ARCACHE' to 0.
WARNING: [RTGEN 206-101] Setting dangling out port 'aes128_top_Pipeline_LOAD_KEY/m_axi_DATA_ARPROT' to 0.
WARNING: [RTGEN 206-101] Setting dangling out port 'aes128_top_Pipeline_LOAD_KEY/m_axi_DATA_ARQOS' to 0.
WARNING: [RTGEN 206-101] Setting dangling out port 'aes128_top_Pipeline_LOAD_KEY/m_axi_DATA_ARREGION' to 0.
WARNING: [RTGEN 206-101] Setting dangling out port 'aes128_top_Pipeline_LOAD_KEY/m_axi_DATA_ARUSER' to 0.
INFO: [RTGEN 206-100] Finished creating RTL model for 'aes128_top_Pipeline_LOAD_KEY'.
Command       create_rtl_model done; 0.13 sec.
INFO: [HLS 200-111] Finished Creating RTL model: CPU user time: 0 seconds. CPU system time: 0 seconds. Elapsed time: 0.334 seconds; current allocated memory: 1.407 GB.
Execute       source C:/Users/PC-CST-A3/Desktop/edge-ai-soc/hls/aes128/aes128/solution1/.autopilot/db/aes128_top.rtl_wrap.cfg.tcl 
Execute       gen_rtl aes128_top_Pipeline_LOAD_KEY -style xilinx -f -lang vhdl -o C:/Users/PC-CST-A3/Desktop/edge-ai-soc/hls/aes128/aes128/solution1/syn/vhdl/aes128_top_aes128_top_Pipeline_LOAD_KEY 
Execute       gen_rtl aes128_top_Pipeline_LOAD_KEY -style xilinx -f -lang vlog -o C:/Users/PC-CST-A3/Desktop/edge-ai-soc/hls/aes128/aes128/solution1/syn/verilog/aes128_top_aes128_top_Pipeline_LOAD_KEY 
Execute       syn_report -csynth -model aes128_top_Pipeline_LOAD_KEY -o C:/Users/PC-CST-A3/Desktop/edge-ai-soc/hls/aes128/aes128/solution1/syn/report/aes128_top_Pipeline_LOAD_KEY_csynth.rpt 
Execute         AP::get_flow_target_display_name
Execute           get_solution -flow_target 
Execute       syn_report -rtlxml -model aes128_top_Pipeline_LOAD_KEY -o C:/Users/PC-CST-A3/Desktop/edge-ai-soc/hls/aes128/aes128/solution1/syn/report/aes128_top_Pipeline_LOAD_KEY_csynth.xml 
Execute         get_solution -flow_target
Execute           get_solution -flow_target 
Execute       syn_report -verbosereport -model aes128_top_Pipeline_LOAD_KEY -o C:/Users/PC-CST-A3/Desktop/edge-ai-soc/hls/aes128/aes128/solution1/.autopilot/db/aes128_top_Pipeline_LOAD_KEY.verbose.rpt 
Execute         AP::get_flow_target_display_name
Execute           get_solution -flow_target 
Execute       db_write -model aes128_top_Pipeline_LOAD_KEY -f -o C:/Users/PC-CST-A3/Desktop/edge-ai-soc/hls/aes128/aes128/solution1/.autopilot/db/aes128_top_Pipeline_LOAD_KEY.adb 
Execute       db_write -model aes128_top_Pipeline_LOAD_KEY -bindview -o C:/Users/PC-CST-A3/Desktop/edge-ai-soc/hls/aes128/aes128/solution1/.autopilot/db/design.bindinfo.xml 
Execute       gen_tb_info aes128_top_Pipeline_LOAD_KEY -p C:/Users/PC-CST-A3/Desktop/edge-ai-soc/hls/aes128/aes128/solution1/.autopilot/db -o C:/Users/PC-CST-A3/Desktop/edge-ai-soc/hls/aes128/aes128/solution1/.autopilot/db/aes128_top_Pipeline_LOAD_KEY 
INFO: [HLS 200-10] ----------------------------------------------------------------
INFO: [HLS 200-10] -- Generating RTL for module 'aes128_encrypt_Pipeline_VITIS_LOOP_38_2' 
INFO: [HLS 200-10] ----------------------------------------------------------------
Execute       get_config_rtl -module_prefix 
Execute       get_config_rtl -module_auto_prefix 
Execute       get_config_rtl -module_prefix 
Execute       get_config_rtl -module_auto_prefix 
Execute       create_rtl_model aes128_encrypt_Pipeline_VITIS_LOOP_38_2 -top_prefix aes128_top_ -sub_prefix aes128_top_ -mg_file C:/Users/PC-CST-A3/Desktop/edge-ai-soc/hls/aes128/aes128/solution1/.autopilot/db/aes128_encrypt_Pipeline_VITIS_LOOP_38_2.compgen.tcl 
INFO: [HLS 200-1030] Apply Unified Pipeline Control on module 'aes128_encrypt_Pipeline_VITIS_LOOP_38_2' pipeline 'VITIS_LOOP_38_2' pipeline type 'loop pipeline'
INFO: [RTGEN 206-100] Generating core module 'mux_1578_8_1_1': 4 instance(s).
INFO: [RTGEN 206-100] Generating core module 'mux_1698_8_1_1': 4 instance(s).
INFO: [RTGEN 206-100] Finished creating RTL model for 'aes128_encrypt_Pipeline_VITIS_LOOP_38_2'.
Command       create_rtl_model done; 0.257 sec.
INFO: [HLS 200-111] Finished Creating RTL model: CPU user time: 0 seconds. CPU system time: 0 seconds. Elapsed time: 0.48 seconds; current allocated memory: 1.407 GB.
Execute       source C:/Users/PC-CST-A3/Desktop/edge-ai-soc/hls/aes128/aes128/solution1/.autopilot/db/aes128_top.rtl_wrap.cfg.tcl 
Execute       gen_rtl aes128_encrypt_Pipeline_VITIS_LOOP_38_2 -style xilinx -f -lang vhdl -o C:/Users/PC-CST-A3/Desktop/edge-ai-soc/hls/aes128/aes128/solution1/syn/vhdl/aes128_top_aes128_encrypt_Pipeline_VITIS_LOOP_38_2 
Execute       gen_rtl aes128_encrypt_Pipeline_VITIS_LOOP_38_2 -style xilinx -f -lang vlog -o C:/Users/PC-CST-A3/Desktop/edge-ai-soc/hls/aes128/aes128/solution1/syn/verilog/aes128_top_aes128_encrypt_Pipeline_VITIS_LOOP_38_2 
Execute       syn_report -csynth -model aes128_encrypt_Pipeline_VITIS_LOOP_38_2 -o C:/Users/PC-CST-A3/Desktop/edge-ai-soc/hls/aes128/aes128/solution1/syn/report/aes128_encrypt_Pipeline_VITIS_LOOP_38_2_csynth.rpt 
Execute         AP::get_flow_target_display_name
Execute           get_solution -flow_target 
Execute       syn_report -rtlxml -model aes128_encrypt_Pipeline_VITIS_LOOP_38_2 -o C:/Users/PC-CST-A3/Desktop/edge-ai-soc/hls/aes128/aes128/solution1/syn/report/aes128_encrypt_Pipeline_VITIS_LOOP_38_2_csynth.xml 
Execute         get_solution -flow_target
Execute           get_solution -flow_target 
Execute       syn_report -verbosereport -model aes128_encrypt_Pipeline_VITIS_LOOP_38_2 -o C:/Users/PC-CST-A3/Desktop/edge-ai-soc/hls/aes128/aes128/solution1/.autopilot/db/aes128_encrypt_Pipeline_VITIS_LOOP_38_2.verbose.rpt 
Execute         AP::get_flow_target_display_name
Execute           get_solution -flow_target 
Command       syn_report done; 0.124 sec.
Execute       db_write -model aes128_encrypt_Pipeline_VITIS_LOOP_38_2 -f -o C:/Users/PC-CST-A3/Desktop/edge-ai-soc/hls/aes128/aes128/solution1/.autopilot/db/aes128_encrypt_Pipeline_VITIS_LOOP_38_2.adb 
Command       db_write done; 0.212 sec.
Execute       db_write -model aes128_encrypt_Pipeline_VITIS_LOOP_38_2 -bindview -o C:/Users/PC-CST-A3/Desktop/edge-ai-soc/hls/aes128/aes128/solution1/.autopilot/db/design.bindinfo.xml 
Execute       gen_tb_info aes128_encrypt_Pipeline_VITIS_LOOP_38_2 -p C:/Users/PC-CST-A3/Desktop/edge-ai-soc/hls/aes128/aes128/solution1/.autopilot/db -o C:/Users/PC-CST-A3/Desktop/edge-ai-soc/hls/aes128/aes128/solution1/.autopilot/db/aes128_encrypt_Pipeline_VITIS_LOOP_38_2 
INFO: [HLS 200-10] ----------------------------------------------------------------
INFO: [HLS 200-10] -- Generating RTL for module 'aes128_encrypt_Pipeline_AES_ROUNDS_LOOP' 
INFO: [HLS 200-10] ----------------------------------------------------------------
Execute       get_config_rtl -module_prefix 
Execute       get_config_rtl -module_auto_prefix 
Execute       get_config_rtl -module_prefix 
Execute       get_config_rtl -module_auto_prefix 
Execute       create_rtl_model aes128_encrypt_Pipeline_AES_ROUNDS_LOOP -top_prefix aes128_top_ -sub_prefix aes128_top_ -mg_file C:/Users/PC-CST-A3/Desktop/edge-ai-soc/hls/aes128/aes128/solution1/.autopilot/db/aes128_encrypt_Pipeline_AES_ROUNDS_LOOP.compgen.tcl 
INFO: [HLS 200-1030] Apply Unified Pipeline Control on module 'aes128_encrypt_Pipeline_AES_ROUNDS_LOOP' pipeline 'AES_ROUNDS_LOOP' pipeline type 'loop pipeline'
INFO: [RTGEN 206-100] Generating core module 'mux_1458_8_1_1': 16 instance(s).
INFO: [RTGEN 206-100] Finished creating RTL model for 'aes128_encrypt_Pipeline_AES_ROUNDS_LOOP'.
Command       create_rtl_model done; 0.198 sec.
INFO: [HLS 200-111] Finished Creating RTL model: CPU user time: 1 seconds. CPU system time: 2 seconds. Elapsed time: 2.072 seconds; current allocated memory: 1.407 GB.
Execute       source C:/Users/PC-CST-A3/Desktop/edge-ai-soc/hls/aes128/aes128/solution1/.autopilot/db/aes128_top.rtl_wrap.cfg.tcl 
Execute       gen_rtl aes128_encrypt_Pipeline_AES_ROUNDS_LOOP -style xilinx -f -lang vhdl -o C:/Users/PC-CST-A3/Desktop/edge-ai-soc/hls/aes128/aes128/solution1/syn/vhdl/aes128_top_aes128_encrypt_Pipeline_AES_ROUNDS_LOOP 
Execute       gen_rtl aes128_encrypt_Pipeline_AES_ROUNDS_LOOP -style xilinx -f -lang vlog -o C:/Users/PC-CST-A3/Desktop/edge-ai-soc/hls/aes128/aes128/solution1/syn/verilog/aes128_top_aes128_encrypt_Pipeline_AES_ROUNDS_LOOP 
Execute       syn_report -csynth -model aes128_encrypt_Pipeline_AES_ROUNDS_LOOP -o C:/Users/PC-CST-A3/Desktop/edge-ai-soc/hls/aes128/aes128/solution1/syn/report/aes128_encrypt_Pipeline_AES_ROUNDS_LOOP_csynth.rpt 
Execute         AP::get_flow_target_display_name
Execute           get_solution -flow_target 
Command       syn_report done; 0.138 sec.
Execute       syn_report -rtlxml -model aes128_encrypt_Pipeline_AES_ROUNDS_LOOP -o C:/Users/PC-CST-A3/Desktop/edge-ai-soc/hls/aes128/aes128/solution1/syn/report/aes128_encrypt_Pipeline_AES_ROUNDS_LOOP_csynth.xml 
Execute         get_solution -flow_target
Execute           get_solution -flow_target 
Execute       syn_report -verbosereport -model aes128_encrypt_Pipeline_AES_ROUNDS_LOOP -o C:/Users/PC-CST-A3/Desktop/edge-ai-soc/hls/aes128/aes128/solution1/.autopilot/db/aes128_encrypt_Pipeline_AES_ROUNDS_LOOP.verbose.rpt 
Execute         AP::get_flow_target_display_name
Execute           get_solution -flow_target 
Command       syn_report done; 0.322 sec.
Execute       db_write -model aes128_encrypt_Pipeline_AES_ROUNDS_LOOP -f -o C:/Users/PC-CST-A3/Desktop/edge-ai-soc/hls/aes128/aes128/solution1/.autopilot/db/aes128_encrypt_Pipeline_AES_ROUNDS_LOOP.adb 
Command       db_write done; 0.169 sec.
Execute       db_write -model aes128_encrypt_Pipeline_AES_ROUNDS_LOOP -bindview -o C:/Users/PC-CST-A3/Desktop/edge-ai-soc/hls/aes128/aes128/solution1/.autopilot/db/design.bindinfo.xml 
Execute       gen_tb_info aes128_encrypt_Pipeline_AES_ROUNDS_LOOP -p C:/Users/PC-CST-A3/Desktop/edge-ai-soc/hls/aes128/aes128/solution1/.autopilot/db -o C:/Users/PC-CST-A3/Desktop/edge-ai-soc/hls/aes128/aes128/solution1/.autopilot/db/aes128_encrypt_Pipeline_AES_ROUNDS_LOOP 
INFO: [HLS 200-10] ----------------------------------------------------------------
INFO: [HLS 200-10] -- Generating RTL for module 'aes128_encrypt' 
INFO: [HLS 200-10] ----------------------------------------------------------------
Execute       get_config_rtl -module_prefix 
Execute       get_config_rtl -module_auto_prefix 
Execute       get_config_rtl -module_prefix 
Execute       get_config_rtl -module_auto_prefix 
Execute       create_rtl_model aes128_encrypt -top_prefix aes128_top_ -sub_prefix aes128_top_ -mg_file C:/Users/PC-CST-A3/Desktop/edge-ai-soc/hls/aes128/aes128/solution1/.autopilot/db/aes128_encrypt.compgen.tcl 
INFO: [RTGEN 206-100] Finished creating RTL model for 'aes128_encrypt'.
INFO: [HLS 200-111] Finished Creating RTL model: CPU user time: 1 seconds. CPU system time: 0 seconds. Elapsed time: 1.406 seconds; current allocated memory: 1.407 GB.
Execute       source C:/Users/PC-CST-A3/Desktop/edge-ai-soc/hls/aes128/aes128/solution1/.autopilot/db/aes128_top.rtl_wrap.cfg.tcl 
Execute       gen_rtl aes128_encrypt -style xilinx -f -lang vhdl -o C:/Users/PC-CST-A3/Desktop/edge-ai-soc/hls/aes128/aes128/solution1/syn/vhdl/aes128_top_aes128_encrypt 
Execute       gen_rtl aes128_encrypt -style xilinx -f -lang vlog -o C:/Users/PC-CST-A3/Desktop/edge-ai-soc/hls/aes128/aes128/solution1/syn/verilog/aes128_top_aes128_encrypt 
Execute       syn_report -csynth -model aes128_encrypt -o C:/Users/PC-CST-A3/Desktop/edge-ai-soc/hls/aes128/aes128/solution1/syn/report/aes128_encrypt_csynth.rpt 
Execute         AP::get_flow_target_display_name
Execute           get_solution -flow_target 
Execute       syn_report -rtlxml -model aes128_encrypt -o C:/Users/PC-CST-A3/Desktop/edge-ai-soc/hls/aes128/aes128/solution1/syn/report/aes128_encrypt_csynth.xml 
Execute         get_solution -flow_target
Execute           get_solution -flow_target 
Execute       syn_report -verbosereport -model aes128_encrypt -o C:/Users/PC-CST-A3/Desktop/edge-ai-soc/hls/aes128/aes128/solution1/.autopilot/db/aes128_encrypt.verbose.rpt 
Execute         AP::get_flow_target_display_name
Execute           get_solution -flow_target 
Command       syn_report done; 0.359 sec.
Execute       db_write -model aes128_encrypt -f -o C:/Users/PC-CST-A3/Desktop/edge-ai-soc/hls/aes128/aes128/solution1/.autopilot/db/aes128_encrypt.adb 
Execute       db_write -model aes128_encrypt -bindview -o C:/Users/PC-CST-A3/Desktop/edge-ai-soc/hls/aes128/aes128/solution1/.autopilot/db/design.bindinfo.xml 
Execute       gen_tb_info aes128_encrypt -p C:/Users/PC-CST-A3/Desktop/edge-ai-soc/hls/aes128/aes128/solution1/.autopilot/db -o C:/Users/PC-CST-A3/Desktop/edge-ai-soc/hls/aes128/aes128/solution1/.autopilot/db/aes128_encrypt 
INFO: [HLS 200-10] ----------------------------------------------------------------
INFO: [HLS 200-10] -- Generating RTL for module 'aes128_top_Pipeline_VITIS_LOOP_69_1' 
INFO: [HLS 200-10] ----------------------------------------------------------------
Execute       get_config_rtl -module_prefix 
Execute       get_config_rtl -module_auto_prefix 
Execute       get_config_rtl -module_prefix 
Execute       get_config_rtl -module_auto_prefix 
Execute       create_rtl_model aes128_top_Pipeline_VITIS_LOOP_69_1 -top_prefix aes128_top_ -sub_prefix aes128_top_ -mg_file C:/Users/PC-CST-A3/Desktop/edge-ai-soc/hls/aes128/aes128/solution1/.autopilot/db/aes128_top_Pipeline_VITIS_LOOP_69_1.compgen.tcl 
INFO: [HLS 200-1030] Apply Unified Pipeline Control on module 'aes128_top_Pipeline_VITIS_LOOP_69_1' pipeline 'VITIS_LOOP_69_1' pipeline type 'loop pipeline'
INFO: [RTGEN 206-100] Generating core module 'mux_21_8_1_1': 1 instance(s).
INFO: [RTGEN 206-100] Finished creating RTL model for 'aes128_top_Pipeline_VITIS_LOOP_69_1'.
INFO: [HLS 200-111] Finished Creating RTL model: CPU user time: 1 seconds. CPU system time: 0 seconds. Elapsed time: 1.002 seconds; current allocated memory: 1.407 GB.
Execute       source C:/Users/PC-CST-A3/Desktop/edge-ai-soc/hls/aes128/aes128/solution1/.autopilot/db/aes128_top.rtl_wrap.cfg.tcl 
Execute       gen_rtl aes128_top_Pipeline_VITIS_LOOP_69_1 -style xilinx -f -lang vhdl -o C:/Users/PC-CST-A3/Desktop/edge-ai-soc/hls/aes128/aes128/solution1/syn/vhdl/aes128_top_aes128_top_Pipeline_VITIS_LOOP_69_1 
Execute       gen_rtl aes128_top_Pipeline_VITIS_LOOP_69_1 -style xilinx -f -lang vlog -o C:/Users/PC-CST-A3/Desktop/edge-ai-soc/hls/aes128/aes128/solution1/syn/verilog/aes128_top_aes128_top_Pipeline_VITIS_LOOP_69_1 
Execute       syn_report -csynth -model aes128_top_Pipeline_VITIS_LOOP_69_1 -o C:/Users/PC-CST-A3/Desktop/edge-ai-soc/hls/aes128/aes128/solution1/syn/report/aes128_top_Pipeline_VITIS_LOOP_69_1_csynth.rpt 
Execute         AP::get_flow_target_display_name
Execute           get_solution -flow_target 
Execute       syn_report -rtlxml -model aes128_top_Pipeline_VITIS_LOOP_69_1 -o C:/Users/PC-CST-A3/Desktop/edge-ai-soc/hls/aes128/aes128/solution1/syn/report/aes128_top_Pipeline_VITIS_LOOP_69_1_csynth.xml 
Execute         get_solution -flow_target
Execute           get_solution -flow_target 
Execute       syn_report -verbosereport -model aes128_top_Pipeline_VITIS_LOOP_69_1 -o C:/Users/PC-CST-A3/Desktop/edge-ai-soc/hls/aes128/aes128/solution1/.autopilot/db/aes128_top_Pipeline_VITIS_LOOP_69_1.verbose.rpt 
Execute         AP::get_flow_target_display_name
Execute           get_solution -flow_target 
Execute       db_write -model aes128_top_Pipeline_VITIS_LOOP_69_1 -f -o C:/Users/PC-CST-A3/Desktop/edge-ai-soc/hls/aes128/aes128/solution1/.autopilot/db/aes128_top_Pipeline_VITIS_LOOP_69_1.adb 
Execute       db_write -model aes128_top_Pipeline_VITIS_LOOP_69_1 -bindview -o C:/Users/PC-CST-A3/Desktop/edge-ai-soc/hls/aes128/aes128/solution1/.autopilot/db/design.bindinfo.xml 
Execute       gen_tb_info aes128_top_Pipeline_VITIS_LOOP_69_1 -p C:/Users/PC-CST-A3/Desktop/edge-ai-soc/hls/aes128/aes128/solution1/.autopilot/db -o C:/Users/PC-CST-A3/Desktop/edge-ai-soc/hls/aes128/aes128/solution1/.autopilot/db/aes128_top_Pipeline_VITIS_LOOP_69_1 
INFO: [HLS 200-10] ----------------------------------------------------------------
INFO: [HLS 200-10] -- Generating RTL for module 'aes128_top_Pipeline_STORE_DATA' 
INFO: [HLS 200-10] ----------------------------------------------------------------
Execute       get_config_rtl -module_prefix 
Execute       get_config_rtl -module_auto_prefix 
Execute       get_config_rtl -module_prefix 
Execute       get_config_rtl -module_auto_prefix 
Execute       create_rtl_model aes128_top_Pipeline_STORE_DATA -top_prefix aes128_top_ -sub_prefix aes128_top_ -mg_file C:/Users/PC-CST-A3/Desktop/edge-ai-soc/hls/aes128/aes128/solution1/.autopilot/db/aes128_top_Pipeline_STORE_DATA.compgen.tcl 
INFO: [HLS 200-1030] Apply Unified Pipeline Control on module 'aes128_top_Pipeline_STORE_DATA' pipeline 'STORE_DATA' pipeline type 'loop pipeline'
WARNING: [RTGEN 206-101] Setting dangling out port 'aes128_top_Pipeline_STORE_DATA/m_axi_DATA_AWVALID' to 0.
WARNING: [RTGEN 206-101] Setting dangling out port 'aes128_top_Pipeline_STORE_DATA/m_axi_DATA_AWADDR' to 0.
WARNING: [RTGEN 206-101] Setting dangling out port 'aes128_top_Pipeline_STORE_DATA/m_axi_DATA_AWID' to 0.
WARNING: [RTGEN 206-101] Setting dangling out port 'aes128_top_Pipeline_STORE_DATA/m_axi_DATA_AWLEN' to 0.
WARNING: [RTGEN 206-101] Setting dangling out port 'aes128_top_Pipeline_STORE_DATA/m_axi_DATA_AWSIZE' to 0.
WARNING: [RTGEN 206-101] Setting dangling out port 'aes128_top_Pipeline_STORE_DATA/m_axi_DATA_AWBURST' to 0.
WARNING: [RTGEN 206-101] Setting dangling out port 'aes128_top_Pipeline_STORE_DATA/m_axi_DATA_AWLOCK' to 0.
WARNING: [RTGEN 206-101] Setting dangling out port 'aes128_top_Pipeline_STORE_DATA/m_axi_DATA_AWCACHE' to 0.
WARNING: [RTGEN 206-101] Setting dangling out port 'aes128_top_Pipeline_STORE_DATA/m_axi_DATA_AWPROT' to 0.
WARNING: [RTGEN 206-101] Setting dangling out port 'aes128_top_Pipeline_STORE_DATA/m_axi_DATA_AWQOS' to 0.
WARNING: [RTGEN 206-101] Setting dangling out port 'aes128_top_Pipeline_STORE_DATA/m_axi_DATA_AWREGION' to 0.
WARNING: [RTGEN 206-101] Setting dangling out port 'aes128_top_Pipeline_STORE_DATA/m_axi_DATA_AWUSER' to 0.
WARNING: [RTGEN 206-101] Setting dangling out port 'aes128_top_Pipeline_STORE_DATA/m_axi_DATA_BREADY' to 0.
INFO: [RTGEN 206-100] Finished creating RTL model for 'aes128_top_Pipeline_STORE_DATA'.
Command       create_rtl_model done; 0.123 sec.
INFO: [HLS 200-111] Finished Creating RTL model: CPU user time: 0 seconds. CPU system time: 1 seconds. Elapsed time: 0.255 seconds; current allocated memory: 1.407 GB.
Execute       source C:/Users/PC-CST-A3/Desktop/edge-ai-soc/hls/aes128/aes128/solution1/.autopilot/db/aes128_top.rtl_wrap.cfg.tcl 
Execute       gen_rtl aes128_top_Pipeline_STORE_DATA -style xilinx -f -lang vhdl -o C:/Users/PC-CST-A3/Desktop/edge-ai-soc/hls/aes128/aes128/solution1/syn/vhdl/aes128_top_aes128_top_Pipeline_STORE_DATA 
Execute       gen_rtl aes128_top_Pipeline_STORE_DATA -style xilinx -f -lang vlog -o C:/Users/PC-CST-A3/Desktop/edge-ai-soc/hls/aes128/aes128/solution1/syn/verilog/aes128_top_aes128_top_Pipeline_STORE_DATA 
Execute       syn_report -csynth -model aes128_top_Pipeline_STORE_DATA -o C:/Users/PC-CST-A3/Desktop/edge-ai-soc/hls/aes128/aes128/solution1/syn/report/aes128_top_Pipeline_STORE_DATA_csynth.rpt 
Execute         AP::get_flow_target_display_name
Execute           get_solution -flow_target 
Execute       syn_report -rtlxml -model aes128_top_Pipeline_STORE_DATA -o C:/Users/PC-CST-A3/Desktop/edge-ai-soc/hls/aes128/aes128/solution1/syn/report/aes128_top_Pipeline_STORE_DATA_csynth.xml 
Execute         get_solution -flow_target
Execute           get_solution -flow_target 
Execute       syn_report -verbosereport -model aes128_top_Pipeline_STORE_DATA -o C:/Users/PC-CST-A3/Desktop/edge-ai-soc/hls/aes128/aes128/solution1/.autopilot/db/aes128_top_Pipeline_STORE_DATA.verbose.rpt 
Execute         AP::get_flow_target_display_name
Execute           get_solution -flow_target 
Execute       db_write -model aes128_top_Pipeline_STORE_DATA -f -o C:/Users/PC-CST-A3/Desktop/edge-ai-soc/hls/aes128/aes128/solution1/.autopilot/db/aes128_top_Pipeline_STORE_DATA.adb 
Execute       db_write -model aes128_top_Pipeline_STORE_DATA -bindview -o C:/Users/PC-CST-A3/Desktop/edge-ai-soc/hls/aes128/aes128/solution1/.autopilot/db/design.bindinfo.xml 
Execute       gen_tb_info aes128_top_Pipeline_STORE_DATA -p C:/Users/PC-CST-A3/Desktop/edge-ai-soc/hls/aes128/aes128/solution1/.autopilot/db -o C:/Users/PC-CST-A3/Desktop/edge-ai-soc/hls/aes128/aes128/solution1/.autopilot/db/aes128_top_Pipeline_STORE_DATA 
INFO: [HLS 200-10] ----------------------------------------------------------------
INFO: [HLS 200-10] -- Generating RTL for module 'aes128_top' 
INFO: [HLS 200-10] ----------------------------------------------------------------
Execute       get_config_rtl -module_prefix 
Execute       get_config_rtl -module_prefix 
Execute       get_config_rtl -module_auto_prefix 
Execute       create_rtl_model aes128_top -top_prefix  -sub_prefix aes128_top_ -mg_file C:/Users/PC-CST-A3/Desktop/edge-ai-soc/hls/aes128/aes128/solution1/.autopilot/db/aes128_top.compgen.tcl 
WARNING: [RTGEN 206-101] Design contains AXI ports. Reset is fixed to synchronous and active low.
INFO: [RTGEN 206-500] Setting interface mode on port 'aes128_top/DATA' to 'm_axi'.
INFO: [RTGEN 206-500] Setting interface mode on port 'aes128_top/data_in' to 's_axilite & ap_none'.
INFO: [RTGEN 206-500] Setting interface mode on port 'aes128_top/key_in' to 's_axilite & ap_none'.
INFO: [RTGEN 206-500] Setting interface mode on port 'aes128_top/data_out' to 's_axilite & ap_none'.
INFO: [RTGEN 206-500] Setting interface mode on port 'aes128_top/encrypt' to 's_axilite & ap_none'.
INFO: [RTGEN 206-500] Setting interface mode on function 'aes128_top' to 's_axilite & ap_ctrl_hs'.
INFO: [RTGEN 206-100] Bundling port 'data_in', 'key_in', 'data_out', 'encrypt' and 'return' to AXI-Lite port CTRL.
INFO: [RTGEN 206-100] Finished creating RTL model for 'aes128_top'.
Command       create_rtl_model done; 0.147 sec.
INFO: [HLS 200-111] Finished Creating RTL model: CPU user time: 0 seconds. CPU system time: 0 seconds. Elapsed time: 0.307 seconds; current allocated memory: 1.407 GB.
Execute       source C:/Users/PC-CST-A3/Desktop/edge-ai-soc/hls/aes128/aes128/solution1/.autopilot/db/aes128_top.rtl_wrap.cfg.tcl 
Execute       gen_rtl aes128_top -istop -style xilinx -f -lang vhdl -o C:/Users/PC-CST-A3/Desktop/edge-ai-soc/hls/aes128/aes128/solution1/syn/vhdl/aes128_top 
Execute       gen_rtl aes128_top -istop -style xilinx -f -lang vlog -o C:/Users/PC-CST-A3/Desktop/edge-ai-soc/hls/aes128/aes128/solution1/syn/verilog/aes128_top 
Execute       syn_report -csynth -model aes128_top -o C:/Users/PC-CST-A3/Desktop/edge-ai-soc/hls/aes128/aes128/solution1/syn/report/aes128_top_csynth.rpt 
Execute         AP::get_flow_target_display_name
Execute           get_solution -flow_target 
Execute       syn_report -rtlxml -model aes128_top -o C:/Users/PC-CST-A3/Desktop/edge-ai-soc/hls/aes128/aes128/solution1/syn/report/aes128_top_csynth.xml 
Execute         get_solution -flow_target
Execute           get_solution -flow_target 
Execute       syn_report -verbosereport -model aes128_top -o C:/Users/PC-CST-A3/Desktop/edge-ai-soc/hls/aes128/aes128/solution1/.autopilot/db/aes128_top.verbose.rpt 
Execute         AP::get_flow_target_display_name
Execute           get_solution -flow_target 
Command       syn_report done; 0.339 sec.
Execute       db_write -model aes128_top -f -o C:/Users/PC-CST-A3/Desktop/edge-ai-soc/hls/aes128/aes128/solution1/.autopilot/db/aes128_top.adb 
Execute       db_write -model aes128_top -bindview -o C:/Users/PC-CST-A3/Desktop/edge-ai-soc/hls/aes128/aes128/solution1/.autopilot/db/design.bindinfo.xml 
Execute       gen_tb_info aes128_top -p C:/Users/PC-CST-A3/Desktop/edge-ai-soc/hls/aes128/aes128/solution1/.autopilot/db -o C:/Users/PC-CST-A3/Desktop/edge-ai-soc/hls/aes128/aes128/solution1/.autopilot/db/aes128_top 
Execute       export_constraint_db -f -tool general -o C:/Users/PC-CST-A3/Desktop/edge-ai-soc/hls/aes128/aes128/solution1/.autopilot/db/aes128_top.constraint.tcl 
Execute       syn_report -designview -model aes128_top -o C:/Users/PC-CST-A3/Desktop/edge-ai-soc/hls/aes128/aes128/solution1/.autopilot/db/aes128_top.design.xml 
Command       syn_report done; 0.267 sec.
Execute       syn_report -csynthDesign -model aes128_top -o C:/Users/PC-CST-A3/Desktop/edge-ai-soc/hls/aes128/aes128/solution1/syn/report/csynth.rpt 
Execute         AP::get_flow_target_display_name
Execute           get_solution -flow_target 
Execute       get_config_rtl -disable_wave_debug 
Execute       syn_report -wcfg -model aes128_top -o C:/Users/PC-CST-A3/Desktop/edge-ai-soc/hls/aes128/aes128/solution1/.autopilot/db/aes128_top_dataflow_ana.wcfg 
Execute       syn_report -protoinst -model aes128_top -o C:/Users/PC-CST-A3/Desktop/edge-ai-soc/hls/aes128/aes128/solution1/.autopilot/db/aes128_top.protoinst 
Execute       get_config_debug -directory 
Execute       sc_get_clocks aes128_top 
Execute       get_config_export -vivado_clock 
Execute       get_config_rtl -module_prefix 
Execute       get_config_rtl -module_prefix 
Execute       get_config_rtl -module_auto_prefix 
Execute       sc_get_portdomain aes128_top 
INFO-FLOW: Model list for RTL component generation: aes128_top_Pipeline_LOAD_DATA aes128_top_Pipeline_LOAD_KEY aes128_encrypt_Pipeline_VITIS_LOOP_38_2 aes128_encrypt_Pipeline_AES_ROUNDS_LOOP aes128_encrypt aes128_top_Pipeline_VITIS_LOOP_69_1 aes128_top_Pipeline_STORE_DATA aes128_top
INFO-FLOW: Handling components in module [aes128_top_Pipeline_LOAD_DATA] ... 
Execute       source C:/Users/PC-CST-A3/Desktop/edge-ai-soc/hls/aes128/aes128/solution1/.autopilot/db/aes128_top_Pipeline_LOAD_DATA.compgen.tcl 
INFO-FLOW: Found component aes128_top_flow_control_loop_pipe_sequential_init.
INFO-FLOW: Append model aes128_top_flow_control_loop_pipe_sequential_init
INFO-FLOW: Handling components in module [aes128_top_Pipeline_LOAD_KEY] ... 
Execute       source C:/Users/PC-CST-A3/Desktop/edge-ai-soc/hls/aes128/aes128/solution1/.autopilot/db/aes128_top_Pipeline_LOAD_KEY.compgen.tcl 
INFO-FLOW: Found component aes128_top_flow_control_loop_pipe_sequential_init.
INFO-FLOW: Append model aes128_top_flow_control_loop_pipe_sequential_init
INFO-FLOW: Handling components in module [aes128_encrypt_Pipeline_VITIS_LOOP_38_2] ... 
Execute       source C:/Users/PC-CST-A3/Desktop/edge-ai-soc/hls/aes128/aes128/solution1/.autopilot/db/aes128_encrypt_Pipeline_VITIS_LOOP_38_2.compgen.tcl 
INFO-FLOW: Found component aes128_top_mux_1698_8_1_1.
INFO-FLOW: Append model aes128_top_mux_1698_8_1_1
INFO-FLOW: Found component aes128_top_mux_1578_8_1_1.
INFO-FLOW: Append model aes128_top_mux_1578_8_1_1
INFO-FLOW: Found component aes128_top_aes128_encrypt_Pipeline_VITIS_LOOP_38_2_RCON_ROM_AUTO_1R.
INFO-FLOW: Append model aes128_top_aes128_encrypt_Pipeline_VITIS_LOOP_38_2_RCON_ROM_AUTO_1R
INFO-FLOW: Found component aes128_top_flow_control_loop_pipe_sequential_init.
INFO-FLOW: Append model aes128_top_flow_control_loop_pipe_sequential_init
INFO-FLOW: Handling components in module [aes128_encrypt_Pipeline_AES_ROUNDS_LOOP] ... 
Execute       source C:/Users/PC-CST-A3/Desktop/edge-ai-soc/hls/aes128/aes128/solution1/.autopilot/db/aes128_encrypt_Pipeline_AES_ROUNDS_LOOP.compgen.tcl 
INFO-FLOW: Found component aes128_top_mux_1458_8_1_1.
INFO-FLOW: Append model aes128_top_mux_1458_8_1_1
INFO-FLOW: Found component aes128_top_flow_control_loop_pipe_sequential_init.
INFO-FLOW: Append model aes128_top_flow_control_loop_pipe_sequential_init
INFO-FLOW: Handling components in module [aes128_encrypt] ... 
Execute       source C:/Users/PC-CST-A3/Desktop/edge-ai-soc/hls/aes128/aes128/solution1/.autopilot/db/aes128_encrypt.compgen.tcl 
INFO-FLOW: Found component aes128_top_aes128_encrypt_SBOX_ROM_AUTO_1R.
INFO-FLOW: Append model aes128_top_aes128_encrypt_SBOX_ROM_AUTO_1R
INFO-FLOW: Handling components in module [aes128_top_Pipeline_VITIS_LOOP_69_1] ... 
Execute       source C:/Users/PC-CST-A3/Desktop/edge-ai-soc/hls/aes128/aes128/solution1/.autopilot/db/aes128_top_Pipeline_VITIS_LOOP_69_1.compgen.tcl 
INFO-FLOW: Found component aes128_top_mux_21_8_1_1.
INFO-FLOW: Append model aes128_top_mux_21_8_1_1
INFO-FLOW: Found component aes128_top_flow_control_loop_pipe_sequential_init.
INFO-FLOW: Append model aes128_top_flow_control_loop_pipe_sequential_init
INFO-FLOW: Handling components in module [aes128_top_Pipeline_STORE_DATA] ... 
Execute       source C:/Users/PC-CST-A3/Desktop/edge-ai-soc/hls/aes128/aes128/solution1/.autopilot/db/aes128_top_Pipeline_STORE_DATA.compgen.tcl 
INFO-FLOW: Found component aes128_top_flow_control_loop_pipe_sequential_init.
INFO-FLOW: Append model aes128_top_flow_control_loop_pipe_sequential_init
INFO-FLOW: Handling components in module [aes128_top] ... 
Execute       source C:/Users/PC-CST-A3/Desktop/edge-ai-soc/hls/aes128/aes128/solution1/.autopilot/db/aes128_top.compgen.tcl 
INFO-FLOW: Found component aes128_top_plaintext_RAM_AUTO_1R1W.
INFO-FLOW: Append model aes128_top_plaintext_RAM_AUTO_1R1W
INFO-FLOW: Found component aes128_top_DATA_m_axi.
INFO-FLOW: Append model aes128_top_DATA_m_axi
INFO-FLOW: Found component aes128_top_CTRL_s_axi.
INFO-FLOW: Append model aes128_top_CTRL_s_axi
INFO-FLOW: Append model aes128_top_Pipeline_LOAD_DATA
INFO-FLOW: Append model aes128_top_Pipeline_LOAD_KEY
INFO-FLOW: Append model aes128_encrypt_Pipeline_VITIS_LOOP_38_2
INFO-FLOW: Append model aes128_encrypt_Pipeline_AES_ROUNDS_LOOP
INFO-FLOW: Append model aes128_encrypt
INFO-FLOW: Append model aes128_top_Pipeline_VITIS_LOOP_69_1
INFO-FLOW: Append model aes128_top_Pipeline_STORE_DATA
INFO-FLOW: Append model aes128_top
INFO-FLOW: Generating RTL model list ...
INFO-FLOW: All models in this session: aes128_top_flow_control_loop_pipe_sequential_init aes128_top_flow_control_loop_pipe_sequential_init aes128_top_mux_1698_8_1_1 aes128_top_mux_1578_8_1_1 aes128_top_aes128_encrypt_Pipeline_VITIS_LOOP_38_2_RCON_ROM_AUTO_1R aes128_top_flow_control_loop_pipe_sequential_init aes128_top_mux_1458_8_1_1 aes128_top_flow_control_loop_pipe_sequential_init aes128_top_aes128_encrypt_SBOX_ROM_AUTO_1R aes128_top_mux_21_8_1_1 aes128_top_flow_control_loop_pipe_sequential_init aes128_top_flow_control_loop_pipe_sequential_init aes128_top_plaintext_RAM_AUTO_1R1W aes128_top_DATA_m_axi aes128_top_CTRL_s_axi aes128_top_Pipeline_LOAD_DATA aes128_top_Pipeline_LOAD_KEY aes128_encrypt_Pipeline_VITIS_LOOP_38_2 aes128_encrypt_Pipeline_AES_ROUNDS_LOOP aes128_encrypt aes128_top_Pipeline_VITIS_LOOP_69_1 aes128_top_Pipeline_STORE_DATA aes128_top
INFO-FLOW: Generating C:/Users/PC-CST-A3/Desktop/edge-ai-soc/hls/aes128/aes128/solution1/.autopilot/db/autopilot.rtl.models.txt file...
INFO-FLOW: To file: write model aes128_top_flow_control_loop_pipe_sequential_init
INFO-FLOW: To file: write model aes128_top_flow_control_loop_pipe_sequential_init
INFO-FLOW: To file: write model aes128_top_mux_1698_8_1_1
INFO-FLOW: To file: write model aes128_top_mux_1578_8_1_1
INFO-FLOW: To file: write model aes128_top_aes128_encrypt_Pipeline_VITIS_LOOP_38_2_RCON_ROM_AUTO_1R
INFO-FLOW: To file: write model aes128_top_flow_control_loop_pipe_sequential_init
INFO-FLOW: To file: write model aes128_top_mux_1458_8_1_1
INFO-FLOW: To file: write model aes128_top_flow_control_loop_pipe_sequential_init
INFO-FLOW: To file: write model aes128_top_aes128_encrypt_SBOX_ROM_AUTO_1R
INFO-FLOW: To file: write model aes128_top_mux_21_8_1_1
INFO-FLOW: To file: write model aes128_top_flow_control_loop_pipe_sequential_init
INFO-FLOW: To file: write model aes128_top_flow_control_loop_pipe_sequential_init
INFO-FLOW: To file: write model aes128_top_plaintext_RAM_AUTO_1R1W
INFO-FLOW: To file: write model aes128_top_DATA_m_axi
INFO-FLOW: To file: write model aes128_top_CTRL_s_axi
INFO-FLOW: To file: write model aes128_top_Pipeline_LOAD_DATA
INFO-FLOW: To file: write model aes128_top_Pipeline_LOAD_KEY
INFO-FLOW: To file: write model aes128_encrypt_Pipeline_VITIS_LOOP_38_2
INFO-FLOW: To file: write model aes128_encrypt_Pipeline_AES_ROUNDS_LOOP
INFO-FLOW: To file: write model aes128_encrypt
INFO-FLOW: To file: write model aes128_top_Pipeline_VITIS_LOOP_69_1
INFO-FLOW: To file: write model aes128_top_Pipeline_STORE_DATA
INFO-FLOW: To file: write model aes128_top
INFO-FLOW: Generating C:/Users/PC-CST-A3/Desktop/edge-ai-soc/hls/aes128/aes128/solution1/.autopilot/db/autopilot.rtl.models.tcl file...
INFO-FLOW: Finished generating RTL model list.


INFO-FLOW: RTL Generation done.
INFO-FLOW: CAS Generation done.
INFO-FLOW: CBC Generation done.
INFO-FLOW: DBG:PROC: ::AESL_AUTOMG::auto_generate_csynth_design
Execute       get_top 
Execute       get_config_export -ipname 
Execute       get_config_export -xo 
Execute       get_config_export -format 
Execute       get_config_rtl -module_auto_prefix 
INFO-FLOW: DBG:PUTS: read_platform_lib C:/Users/PC-CST-A3/Desktop/edge-ai-soc/hls/aes128/aes128/solution1/.autopilot/db/global.setting.tcl
Execute       source D:/Vitis_HLS/2022.1/common/technology/generic/autopilot/common.gen 
Execute         source D:/Vitis_HLS/2022.1/common/technology/generic/autopilot/APCoreGen.gen 
Execute       source D:/Vitis_HLS/2022.1/common/technology/generic/autopilot/op.gen 
Execute       source D:/Vitis_HLS/2022.1/common/technology/generic/autopilot/op_simcore.gen 
Execute       source D:/Vitis_HLS/2022.1/common/technology/generic/autopilot/interface.gen 
Execute       source C:/Users/PC-CST-A3/Desktop/edge-ai-soc/hls/aes128/aes128/solution1/.autopilot/db/global.setting.tcl 
Execute       source D:/Vitis_HLS/2022.1/common/technology/xilinx/common/xilinx.gen 
Execute         source D:/Vitis_HLS/2022.1/common/technology/xilinx/interface/plb46.gen 
Execute         source D:/Vitis_HLS/2022.1/common/technology/xilinx/interface/axi4.gen 
Execute         source D:/Vitis_HLS/2022.1/common/technology/xilinx/interface/nativeAXI4.gen 
Execute           source D:/Vitis_HLS/2022.1/common/technology/xilinx/interface/saxilite.gen 
Execute         source D:/Vitis_HLS/2022.1/common/technology/xilinx/scripts/xilinxcoregen.gen 
Execute         source D:/Vitis_HLS/2022.1/common/technology/xilinx/interface/XilEDKCoreGen.gen 
Execute         source D:/Vitis_HLS/2022.1/common/technology/xilinx/ip/dds_compiler.gen 
Execute         source D:/Vitis_HLS/2022.1/common/technology/xilinx/ip/util.gen 
Execute         source D:/Vitis_HLS/2022.1/common/technology/xilinx/ip/xfft.gen 
Execute         source D:/Vitis_HLS/2022.1/common/technology/xilinx/ip/xfir.gen 
Execute         source D:/Vitis_HLS/2022.1/common/technology/xilinx/DSP48/dsp48.gen 
INFO-FLOW: DBG:PUTS:   using AESL_AUTOCG::g_clock_period=10.000 (was NA)
INFO-FLOW: DBG:PROC: ::AESL_AUTOMG::generate_ip_cores gen_sim_model='1' gen_fp_models='0' gen_for_export='0' dstSCDir='' dstVhdlDir='C:/Users/PC-CST-A3/Desktop/edge-ai-soc/hls/aes128/aes128/solution1/.autopilot/db/vhdl' dstVlogDir='C:/Users/PC-CST-A3/Desktop/edge-ai-soc/hls/aes128/aes128/solution1/.autopilot/db/vlog' tclDir='C:/Users/PC-CST-A3/Desktop/edge-ai-soc/hls/aes128/aes128/solution1/.autopilot/db' modelList='aes128_top_flow_control_loop_pipe_sequential_init
aes128_top_flow_control_loop_pipe_sequential_init
aes128_top_mux_1698_8_1_1
aes128_top_mux_1578_8_1_1
aes128_top_aes128_encrypt_Pipeline_VITIS_LOOP_38_2_RCON_ROM_AUTO_1R
aes128_top_flow_control_loop_pipe_sequential_init
aes128_top_mux_1458_8_1_1
aes128_top_flow_control_loop_pipe_sequential_init
aes128_top_aes128_encrypt_SBOX_ROM_AUTO_1R
aes128_top_mux_21_8_1_1
aes128_top_flow_control_loop_pipe_sequential_init
aes128_top_flow_control_loop_pipe_sequential_init
aes128_top_plaintext_RAM_AUTO_1R1W
aes128_top_DATA_m_axi
aes128_top_CTRL_s_axi
aes128_top_Pipeline_LOAD_DATA
aes128_top_Pipeline_LOAD_KEY
aes128_encrypt_Pipeline_VITIS_LOOP_38_2
aes128_encrypt_Pipeline_AES_ROUNDS_LOOP
aes128_encrypt
aes128_top_Pipeline_VITIS_LOOP_69_1
aes128_top_Pipeline_STORE_DATA
aes128_top
' expOnly='0'
Execute       source C:/Users/PC-CST-A3/Desktop/edge-ai-soc/hls/aes128/aes128/solution1/.autopilot/db/global.setting.tcl 
Execute       ap_part_info -name xc7z020-clg484-1 -data names -quiet 
Execute       ap_part_info -name xc7z020-clg484-1 -data info -quiet 
Execute       source C:/Users/PC-CST-A3/Desktop/edge-ai-soc/hls/aes128/aes128/solution1/.autopilot/db/global.setting.tcl 
Execute       source C:/Users/PC-CST-A3/Desktop/edge-ai-soc/hls/aes128/aes128/solution1/.autopilot/db/global.setting.tcl 
Execute       source C:/Users/PC-CST-A3/Desktop/edge-ai-soc/hls/aes128/aes128/solution1/.autopilot/db/aes128_top_Pipeline_LOAD_DATA.compgen.tcl 
Execute       source C:/Users/PC-CST-A3/Desktop/edge-ai-soc/hls/aes128/aes128/solution1/.autopilot/db/aes128_top_Pipeline_LOAD_KEY.compgen.tcl 
Execute       source C:/Users/PC-CST-A3/Desktop/edge-ai-soc/hls/aes128/aes128/solution1/.autopilot/db/aes128_encrypt_Pipeline_VITIS_LOOP_38_2.compgen.tcl 
Execute         ap_part_info -name xc7z020-clg484-1 -data names -quiet 
Execute         ap_part_info -name xc7z020-clg484-1 -data info -quiet 
Execute         ap_part_info -name xc7z020-clg484-1 -data names -quiet 
Execute         ap_part_info -name xc7z020-clg484-1 -data info -quiet 
Execute         ap_part_info -name xc7z020-clg484-1 -data names -quiet 
Execute         ap_part_info -name xc7z020-clg484-1 -data info -quiet 
INFO: [RTMG 210-279] Implementing memory 'aes128_top_aes128_encrypt_Pipeline_VITIS_LOOP_38_2_RCON_ROM_AUTO_1R' using auto ROMs.
Execute         ap_part_info -name xc7z020-clg484-1 -data names -quiet 
Execute         ap_part_info -name xc7z020-clg484-1 -data info -quiet 
Execute         ap_part_info -name xc7z020-clg484-1 -data names -quiet 
Execute         ap_part_info -name xc7z020-clg484-1 -data info -quiet 
Command       ap_source done; 0.273 sec.
Execute       source C:/Users/PC-CST-A3/Desktop/edge-ai-soc/hls/aes128/aes128/solution1/.autopilot/db/aes128_encrypt_Pipeline_AES_ROUNDS_LOOP.compgen.tcl 
Execute         ap_part_info -name xc7z020-clg484-1 -data names -quiet 
Execute         ap_part_info -name xc7z020-clg484-1 -data info -quiet 
Execute       source C:/Users/PC-CST-A3/Desktop/edge-ai-soc/hls/aes128/aes128/solution1/.autopilot/db/aes128_encrypt.compgen.tcl 
Execute         ap_part_info -name xc7z020-clg484-1 -data names -quiet 
Execute         ap_part_info -name xc7z020-clg484-1 -data info -quiet 
INFO: [RTMG 210-279] Implementing memory 'aes128_top_aes128_encrypt_SBOX_ROM_AUTO_1R' using auto ROMs.
Execute         ap_part_info -name xc7z020-clg484-1 -data names -quiet 
Execute         ap_part_info -name xc7z020-clg484-1 -data info -quiet 
Execute         ap_part_info -name xc7z020-clg484-1 -data names -quiet 
Execute         ap_part_info -name xc7z020-clg484-1 -data info -quiet 
Execute         ap_part_info -name xc7z020-clg484-1 -data names -quiet 
Execute         ap_part_info -name xc7z020-clg484-1 -data info -quiet 
Execute         ap_part_info -name xc7z020-clg484-1 -data names -quiet 
Execute         ap_part_info -name xc7z020-clg484-1 -data info -quiet 
Execute         ap_part_info -name xc7z020-clg484-1 -data names -quiet 
Execute         ap_part_info -name xc7z020-clg484-1 -data info -quiet 
Execute         ap_part_info -name xc7z020-clg484-1 -data names -quiet 
Execute         ap_part_info -name xc7z020-clg484-1 -data info -quiet 
Execute         ap_part_info -name xc7z020-clg484-1 -data names -quiet 
Execute         ap_part_info -name xc7z020-clg484-1 -data info -quiet 
Execute         ap_part_info -name xc7z020-clg484-1 -data names -quiet 
Execute         ap_part_info -name xc7z020-clg484-1 -data info -quiet 
Execute         ap_part_info -name xc7z020-clg484-1 -data names -quiet 
Execute         ap_part_info -name xc7z020-clg484-1 -data info -quiet 
Execute         ap_part_info -name xc7z020-clg484-1 -data names -quiet 
Execute         ap_part_info -name xc7z020-clg484-1 -data info -quiet 
Execute         ap_part_info -name xc7z020-clg484-1 -data names -quiet 
Execute         ap_part_info -name xc7z020-clg484-1 -data info -quiet 
Execute         ap_part_info -name xc7z020-clg484-1 -data names -quiet 
Execute         ap_part_info -name xc7z020-clg484-1 -data info -quiet 
Execute         ap_part_info -name xc7z020-clg484-1 -data names -quiet 
Execute         ap_part_info -name xc7z020-clg484-1 -data info -quiet 
Execute         ap_part_info -name xc7z020-clg484-1 -data names -quiet 
Execute         ap_part_info -name xc7z020-clg484-1 -data info -quiet 
Execute         ap_part_info -name xc7z020-clg484-1 -data names -quiet 
Execute         ap_part_info -name xc7z020-clg484-1 -data info -quiet 
Execute         ap_part_info -name xc7z020-clg484-1 -data names -quiet 
Execute         ap_part_info -name xc7z020-clg484-1 -data info -quiet 
Execute         ap_part_info -name xc7z020-clg484-1 -data names -quiet 
Execute         ap_part_info -name xc7z020-clg484-1 -data info -quiet 
Command       ap_source done; 0.621 sec.
Execute       source C:/Users/PC-CST-A3/Desktop/edge-ai-soc/hls/aes128/aes128/solution1/.autopilot/db/aes128_top_Pipeline_VITIS_LOOP_69_1.compgen.tcl 
Execute         ap_part_info -name xc7z020-clg484-1 -data names -quiet 
Execute         ap_part_info -name xc7z020-clg484-1 -data info -quiet 
Execute       source C:/Users/PC-CST-A3/Desktop/edge-ai-soc/hls/aes128/aes128/solution1/.autopilot/db/aes128_top_Pipeline_STORE_DATA.compgen.tcl 
Execute       source C:/Users/PC-CST-A3/Desktop/edge-ai-soc/hls/aes128/aes128/solution1/.autopilot/db/aes128_top.compgen.tcl 
INFO: [RTMG 210-278] Implementing memory 'aes128_top_plaintext_RAM_AUTO_1R1W_ram (RAM)' using auto RAMs.
Execute         ap_part_info -name xc7z020-clg484-1 -data names -quiet 
Execute         ap_part_info -name xc7z020-clg484-1 -data info -quiet 
Execute         source ./CTRL.slave.tcl 
Command       ap_source done; 0.107 sec.
INFO: [HLS 200-111] Finished Generating all RTL models: CPU user time: 2 seconds. CPU system time: 0 seconds. Elapsed time: 2.602 seconds; current allocated memory: 1.407 GB.
INFO-FLOW: DBG:PROC: ::HLSREPORTS::create_csynth_xml bind_info_var='bind_info' RtlSubPrefix='aes128_top_' outfile=''
INFO-FLOW: Running: create_csynth_xml read xml data
INFO-FLOW: Done: create_csynth_xml read xml data time: 0 seconds per iteration
INFO-FLOW: Running: create_csynth_xml bind info
INFO-FLOW: Done: create_csynth_xml bind info time: 0 seconds per iteration
INFO-FLOW: Running: create_csynth_xml config info
Execute       get_config_op mul -impl 
Execute       get_config_op mul -latency 
Execute       get_config_op mul -precision 
Execute       get_config_op add -impl 
Execute       get_config_op add -latency 
Execute       get_config_op add -precision 
Execute       get_config_op sub -impl 
Execute       get_config_op sub -latency 
Execute       get_config_op sub -precision 
Execute       get_config_op fadd -impl 
Execute       get_config_op fadd -latency 
Execute       get_config_op fadd -precision 
Execute       get_config_op fsub -impl 
Execute       get_config_op fsub -latency 
Execute       get_config_op fsub -precision 
Execute       get_config_op fdiv -impl 
Execute       get_config_op fdiv -latency 
Execute       get_config_op fdiv -precision 
Execute       get_config_op fexp -impl 
Execute       get_config_op fexp -latency 
Execute       get_config_op fexp -precision 
Execute       get_config_op flog -impl 
Execute       get_config_op flog -latency 
Execute       get_config_op flog -precision 
Execute       get_config_op fmul -impl 
Execute       get_config_op fmul -latency 
Execute       get_config_op fmul -precision 
Execute       get_config_op frsqrt -impl 
Execute       get_config_op frsqrt -latency 
Execute       get_config_op frsqrt -precision 
Execute       get_config_op frecip -impl 
Execute       get_config_op frecip -latency 
Execute       get_config_op frecip -precision 
Execute       get_config_op fsqrt -impl 
Execute       get_config_op fsqrt -latency 
Execute       get_config_op fsqrt -precision 
Execute       get_config_op dadd -impl 
Execute       get_config_op dadd -latency 
Execute       get_config_op dadd -precision 
Execute       get_config_op dsub -impl 
Execute       get_config_op dsub -latency 
Execute       get_config_op dsub -precision 
Execute       get_config_op ddiv -impl 
Execute       get_config_op ddiv -latency 
Execute       get_config_op ddiv -precision 
Execute       get_config_op dexp -impl 
Execute       get_config_op dexp -latency 
Execute       get_config_op dexp -precision 
Execute       get_config_op dlog -impl 
Execute       get_config_op dlog -latency 
Execute       get_config_op dlog -precision 
Execute       get_config_op dmul -impl 
Execute       get_config_op dmul -latency 
Execute       get_config_op dmul -precision 
Execute       get_config_op drsqrt -impl 
Execute       get_config_op drsqrt -latency 
Execute       get_config_op drsqrt -precision 
Execute       get_config_op drecip -impl 
Execute       get_config_op drecip -latency 
Execute       get_config_op drecip -precision 
Execute       get_config_op dsqrt -impl 
Execute       get_config_op dsqrt -latency 
Execute       get_config_op dsqrt -precision 
Execute       get_config_op hadd -impl 
Execute       get_config_op hadd -latency 
Execute       get_config_op hadd -precision 
Execute       get_config_op hsub -impl 
Execute       get_config_op hsub -latency 
Execute       get_config_op hsub -precision 
Execute       get_config_op hdiv -impl 
Execute       get_config_op hdiv -latency 
Execute       get_config_op hdiv -precision 
Execute       get_config_op hmul -impl 
Execute       get_config_op hmul -latency 
Execute       get_config_op hmul -precision 
Execute       get_config_op hsqrt -impl 
Execute       get_config_op hsqrt -latency 
Execute       get_config_op hsqrt -precision 
Execute       get_config_op facc -impl 
Execute       get_config_op facc -latency 
Execute       get_config_op facc -precision 
Execute       get_config_op fmacc -impl 
Execute       get_config_op fmacc -latency 
Execute       get_config_op fmacc -precision 
Execute       get_config_op fmadd -impl 
Execute       get_config_op fmadd -latency 
Execute       get_config_op fmadd -precision 
Execute       get_config_storage fifo -auto_srl_max_bits 
Execute       get_config_storage fifo -auto_srl_max_depth 
Execute       get_config_storage fifo -impl 
Execute       get_solution -flow_target 
Execute       get_config_array_partition -complete_threshold 
Execute       get_config_array_partition -throughput_driven 
Execute       get_config_compile -enable_auto_rewind 
Execute       get_config_compile -ignore_long_run_time 
Execute       get_config_compile -name_max_length 
Execute       get_config_compile -no_signed_zeros 
Execute       get_config_compile -pipeline_loops 
Execute       get_config_compile -pipeline_style 
Execute       get_config_compile -pragma_strict_mode 
Execute       get_config_compile -pre_tcl 
Execute       get_config_compile -unsafe_math_optimizations 
Execute       get_config_dataflow -default_channel 
Execute       get_config_dataflow -disable_fifo_sizing_opt 
Execute       get_config_dataflow -fifo_depth 
Execute       get_config_dataflow -override_user_fifo_depth 
Execute       get_config_dataflow -scalar_fifo_depth 
Execute       get_config_dataflow -start_fifo_depth 
Execute       get_config_dataflow -strict_mode 
Execute       get_config_dataflow -strict_stable_sync 
Execute       get_config_dataflow -task_level_fifo_depth 
Execute       get_config_debug -directory 
Execute       get_config_debug -enable 
Execute       get_config_export -description 
Execute       get_config_export -display_name 
Execute       get_config_export -format 
Execute       get_config_export -ip_xdc_file 
Execute       get_config_export -ip_xdc_ooc_file 
Execute       get_config_export -ipname 
Execute       get_config_export -library 
Execute       get_config_export -output 
Execute       get_config_export -rtl 
Execute       get_config_export -taxonomy 
Execute       get_config_export -vendor 
Execute       get_config_export -version 
Execute       get_config_export -vivado_clock 
Execute       get_config_export -vivado_impl_strategy 
Execute       get_config_export -vivado_max_timing_paths 
Execute       get_config_export -vivado_optimization_level 
Execute       get_config_export -vivado_pblock 
Execute       get_config_export -vivado_phys_opt 
Execute       get_config_export -vivado_report_level 
Execute       get_config_export -vivado_synth_design_args 
Execute       get_config_export -vivado_synth_strategy 
Execute       get_config_interface -clock_enable 
Execute       get_config_interface -default_slave_interface 
Execute       get_config_interface -m_axi_addr64 
Execute       get_config_interface -m_axi_alignment_byte_size 
Execute       get_config_interface -m_axi_auto_max_ports 
Execute       get_config_interface -m_axi_buffer_impl 
Execute       get_config_interface -m_axi_conservative_mode 
Execute       get_config_interface -m_axi_flush_mode 
Execute       get_config_interface -m_axi_latency 
Execute       get_config_interface -m_axi_max_bitwidth 
Execute       get_config_interface -m_axi_max_read_burst_length 
Execute       get_config_interface -m_axi_max_widen_bitwidth 
Execute       get_config_interface -m_axi_max_write_burst_length 
Execute       get_config_interface -m_axi_min_bitwidth 
Execute       get_config_interface -m_axi_num_read_outstanding 
Execute       get_config_interface -m_axi_num_write_outstanding 
Execute       get_config_interface -m_axi_offset 
Execute       get_config_interface -register_io 
Execute       get_config_interface -s_axilite_auto_restart_counter 
Execute       get_config_interface -s_axilite_data64 
Execute       get_config_interface -s_axilite_interrupt_mode 
Execute       get_config_interface -s_axilite_mailbox 
Execute       get_config_interface -s_axilite_status_regs 
Execute       get_config_interface -s_axilite_sw_reset 
Execute       get_config_rtl -deadlock_detection 
Execute       get_config_rtl -header 
Execute       get_config_rtl -kernel_profile 
Execute       get_config_rtl -module_auto_prefix 
Execute       get_config_rtl -module_prefix 
Execute       get_config_rtl -mult_keep_attribute 
Execute       get_config_rtl -register_all_io 
Execute       get_config_rtl -register_reset_num 
Execute       get_config_rtl -reset 
Execute       get_config_rtl -reset_async 
Execute       get_config_rtl -reset_level 
Execute       get_config_schedule -enable_dsp_full_reg 
Execute       get_config_unroll -tripcount_threshold 
INFO-FLOW: Done: create_csynth_xml config info time: 0.3 seconds per iteration
INFO-FLOW: Running: create_csynth_xml write xml
INFO-FLOW: Done: create_csynth_xml write xml time: 0 seconds per iteration
INFO-FLOW: DBG:PUTS:      create_csynth_xml wrote csynth_xml=C:/Users/PC-CST-A3/Desktop/edge-ai-soc/hls/aes128/aes128/solution1/syn/report/csynth.xml
INFO-FLOW: DBG:PROC: ::AP::DESIGN_DATA::generate_json generate_bd_files='0' generate_xo_files='0' modelList='aes128_top_flow_control_loop_pipe_sequential_init
aes128_top_flow_control_loop_pipe_sequential_init
aes128_top_mux_1698_8_1_1
aes128_top_mux_1578_8_1_1
aes128_top_aes128_encrypt_Pipeline_VITIS_LOOP_38_2_RCON_ROM_AUTO_1R
aes128_top_flow_control_loop_pipe_sequential_init
aes128_top_mux_1458_8_1_1
aes128_top_flow_control_loop_pipe_sequential_init
aes128_top_aes128_encrypt_SBOX_ROM_AUTO_1R
aes128_top_mux_21_8_1_1
aes128_top_flow_control_loop_pipe_sequential_init
aes128_top_flow_control_loop_pipe_sequential_init
aes128_top_plaintext_RAM_AUTO_1R1W
aes128_top_DATA_m_axi
aes128_top_CTRL_s_axi
aes128_top_Pipeline_LOAD_DATA
aes128_top_Pipeline_LOAD_KEY
aes128_encrypt_Pipeline_VITIS_LOOP_38_2
aes128_encrypt_Pipeline_AES_ROUNDS_LOOP
aes128_encrypt
aes128_top_Pipeline_VITIS_LOOP_69_1
aes128_top_Pipeline_STORE_DATA
aes128_top
' rtl_lang='both' bootstrap_tcl='false' outdir='' outfilename=''
Execute       source C:/Users/PC-CST-A3/Desktop/edge-ai-soc/hls/aes128/aes128/solution1/.autopilot/db/global.setting.tcl 
Execute       source C:/Users/PC-CST-A3/Desktop/edge-ai-soc/hls/aes128/aes128/solution1/.autopilot/db/global.setting.tcl 
Execute       get_solution -flow_target 
Execute       get_config_export -xo 
Execute       get_config_export -format 
Execute       source C:/Users/PC-CST-A3/Desktop/edge-ai-soc/hls/aes128/aes128/solution1/.autopilot/db/top-io-be.tcl 
Execute       source C:/Users/PC-CST-A3/Desktop/edge-ai-soc/hls/aes128/aes128/solution1/.autopilot/db/aes128_top.tbgen.tcl 
Execute       source C:/Users/PC-CST-A3/Desktop/edge-ai-soc/hls/aes128/aes128/solution1/.autopilot/db/aes128_top.compgen.dataonly.tcl 
Execute       get_config_interface -s_axilite_interrupt_mode 
Execute       source C:/Users/PC-CST-A3/Desktop/edge-ai-soc/hls/aes128/aes128/solution1/.autopilot/db/aes128_top.compgen.dataonly.tcl 
Execute       source C:/Users/PC-CST-A3/Desktop/edge-ai-soc/hls/aes128/aes128/solution1/.autopilot/db/aes128_top.rtl_wrap.cfg.tcl 
Execute       source C:/Users/PC-CST-A3/Desktop/edge-ai-soc/hls/aes128/aes128/solution1/.autopilot/db/aes128_top.compgen.dataonly.tcl 
Execute       get_config_export -format 
Execute       get_config_export -vendor 
Execute       get_config_export -library 
Execute       get_config_export -version 
Execute       get_config_export -ipname 
Execute       get_config_export -taxonomy 
Execute       get_config_export -description 
Execute       get_config_export -display_name 
Execute       source C:/Users/PC-CST-A3/Desktop/edge-ai-soc/hls/aes128/aes128/solution1/.autopilot/db/aes128_top_Pipeline_LOAD_DATA.tbgen.tcl 
Execute       source C:/Users/PC-CST-A3/Desktop/edge-ai-soc/hls/aes128/aes128/solution1/.autopilot/db/aes128_top_Pipeline_LOAD_KEY.tbgen.tcl 
Execute       source C:/Users/PC-CST-A3/Desktop/edge-ai-soc/hls/aes128/aes128/solution1/.autopilot/db/aes128_encrypt_Pipeline_VITIS_LOOP_38_2.tbgen.tcl 
Execute       source C:/Users/PC-CST-A3/Desktop/edge-ai-soc/hls/aes128/aes128/solution1/.autopilot/db/aes128_encrypt_Pipeline_AES_ROUNDS_LOOP.tbgen.tcl 
Execute       source C:/Users/PC-CST-A3/Desktop/edge-ai-soc/hls/aes128/aes128/solution1/.autopilot/db/aes128_encrypt.tbgen.tcl 
Execute       source C:/Users/PC-CST-A3/Desktop/edge-ai-soc/hls/aes128/aes128/solution1/.autopilot/db/aes128_top_Pipeline_VITIS_LOOP_69_1.tbgen.tcl 
Execute       source C:/Users/PC-CST-A3/Desktop/edge-ai-soc/hls/aes128/aes128/solution1/.autopilot/db/aes128_top_Pipeline_STORE_DATA.tbgen.tcl 
Execute       source C:/Users/PC-CST-A3/Desktop/edge-ai-soc/hls/aes128/aes128/solution1/.autopilot/db/aes128_top.tbgen.tcl 
Execute       source C:/Users/PC-CST-A3/Desktop/edge-ai-soc/hls/aes128/aes128/solution1/.autopilot/db/global.setting.tcl 
Execute       ap_part_info -name xc7z020-clg484-1 -data names -quiet 
Execute       ap_part_info -name xc7z020-clg484-1 -data info -quiet 
Execute       get_solution -flow_target 
Execute       get_config_rtl -kernel_profile 
Execute       get_config_rtl -kernel_profile 
Execute       get_config_rtl -stall_sig_gen 
Execute       get_config_rtl -profile 
Execute       source C:/Users/PC-CST-A3/Desktop/edge-ai-soc/hls/aes128/aes128/solution1/.autopilot/db/aes128_top.constraint.tcl 
Execute       sc_get_clocks aes128_top 
Execute       source C:/Users/PC-CST-A3/Desktop/edge-ai-soc/hls/aes128/aes128/solution1/.autopilot/db/global.setting.tcl 
Execute       get_config_export -ip_xdc_file 
Execute       get_config_export -ip_xdc_ooc_file 
Execute       get_config_debug -directory 
INFO-FLOW: DBG:PROC: ::HLSREPORTS::add_csynth_report_sections bind_info_dict='adapter_nodes {{BINDTYPE adapter DISPLAY {bind_adapter axilite} ID {} IMPL {} LATENCY {} OPTYPE {} PRAGMA yes RTLNAME CTRL_s_axi_U SOURCE {} VARIABLE {} MODULE aes128_top LOOP {} BUNDLEDNAME CTRL DSP 0 BRAM 0 URAM 0} {BINDTYPE adapter DISPLAY {bind_adapter axi_master} ID {} IMPL {} LATENCY {} OPTYPE {} PRAGMA yes RTLNAME DATA_m_axi_U SOURCE {} VARIABLE {} MODULE aes128_top LOOP {} BUNDLEDNAME DATA DSP 0 BRAM 0 URAM 0}} report_dict {TOPINST aes128_top MODULE2INSTS {aes128_top aes128_top aes128_top_Pipeline_LOAD_DATA grp_aes128_top_Pipeline_LOAD_DATA_fu_152 aes128_top_Pipeline_LOAD_KEY grp_aes128_top_Pipeline_LOAD_KEY_fu_161 aes128_top_Pipeline_VITIS_LOOP_69_1 grp_aes128_top_Pipeline_VITIS_LOOP_69_1_fu_170 aes128_encrypt grp_aes128_encrypt_fu_178 aes128_encrypt_Pipeline_VITIS_LOOP_38_2 grp_aes128_encrypt_Pipeline_VITIS_LOOP_38_2_fu_1371 aes128_encrypt_Pipeline_AES_ROUNDS_LOOP grp_aes128_encrypt_Pipeline_AES_ROUNDS_LOOP_fu_1559 aes128_top_Pipeline_STORE_DATA grp_aes128_top_Pipeline_STORE_DATA_fu_192} INST2MODULE {aes128_top aes128_top grp_aes128_top_Pipeline_LOAD_DATA_fu_152 aes128_top_Pipeline_LOAD_DATA grp_aes128_top_Pipeline_LOAD_KEY_fu_161 aes128_top_Pipeline_LOAD_KEY grp_aes128_top_Pipeline_VITIS_LOOP_69_1_fu_170 aes128_top_Pipeline_VITIS_LOOP_69_1 grp_aes128_encrypt_fu_178 aes128_encrypt grp_aes128_encrypt_Pipeline_VITIS_LOOP_38_2_fu_1371 aes128_encrypt_Pipeline_VITIS_LOOP_38_2 grp_aes128_encrypt_Pipeline_AES_ROUNDS_LOOP_fu_1559 aes128_encrypt_Pipeline_AES_ROUNDS_LOOP grp_aes128_top_Pipeline_STORE_DATA_fu_192 aes128_top_Pipeline_STORE_DATA} INSTDATA {aes128_top {DEPTH 1 CHILDREN {grp_aes128_top_Pipeline_LOAD_DATA_fu_152 grp_aes128_top_Pipeline_LOAD_KEY_fu_161 grp_aes128_top_Pipeline_VITIS_LOOP_69_1_fu_170 grp_aes128_encrypt_fu_178 grp_aes128_top_Pipeline_STORE_DATA_fu_192}} grp_aes128_top_Pipeline_LOAD_DATA_fu_152 {DEPTH 2 CHILDREN {}} grp_aes128_top_Pipeline_LOAD_KEY_fu_161 {DEPTH 2 CHILDREN {}} grp_aes128_top_Pipeline_VITIS_LOOP_69_1_fu_170 {DEPTH 2 CHILDREN {}} grp_aes128_encrypt_fu_178 {DEPTH 2 CHILDREN {grp_aes128_encrypt_Pipeline_VITIS_LOOP_38_2_fu_1371 grp_aes128_encrypt_Pipeline_AES_ROUNDS_LOOP_fu_1559}} grp_aes128_encrypt_Pipeline_VITIS_LOOP_38_2_fu_1371 {DEPTH 3 CHILDREN {}} grp_aes128_encrypt_Pipeline_AES_ROUNDS_LOOP_fu_1559 {DEPTH 3 CHILDREN {}} grp_aes128_top_Pipeline_STORE_DATA_fu_192 {DEPTH 2 CHILDREN {}}} MODULEDATA {aes128_top_Pipeline_LOAD_DATA {BINDINFO {{BINDTYPE op ID {} IMPL fabric LATENCY 0 OPTYPE add PRAGMA {} RTLNAME add_ln43_fu_147_p2 SOURCE src/aes128_top.cpp:43 VARIABLE add_ln43 LOOP LOAD_DATA BUNDLEDNAME {} DSP 0 BRAM 0 URAM 0 DISPNAME {bind_op add}}} AREA {DSP 0 BRAM 0 URAM 0}} aes128_top_Pipeline_LOAD_KEY {BINDINFO {{BINDTYPE op ID {} IMPL fabric LATENCY 0 OPTYPE add PRAGMA {} RTLNAME add_ln52_fu_147_p2 SOURCE src/aes128_top.cpp:52 VARIABLE add_ln52 LOOP LOAD_KEY BUNDLEDNAME {} DSP 0 BRAM 0 URAM 0 DISPNAME {bind_op add}}} AREA {DSP 0 BRAM 0 URAM 0}} aes128_encrypt_Pipeline_VITIS_LOOP_38_2 {BINDINFO {{BINDTYPE op ID {} IMPL fabric LATENCY 0 OPTYPE add PRAGMA {} RTLNAME add_ln42_fu_2424_p2 SOURCE src/aes128.cpp:42 VARIABLE add_ln42 LOOP VITIS_LOOP_38_2 BUNDLEDNAME {} DSP 0 BRAM 0 URAM 0 DISPNAME {bind_op add}} {BINDTYPE op ID {} IMPL fabric LATENCY 0 OPTYPE add PRAGMA {} RTLNAME add_ln59_fu_2450_p2 SOURCE src/aes128.cpp:59 VARIABLE add_ln59 LOOP VITIS_LOOP_38_2 BUNDLEDNAME {} DSP 0 BRAM 0 URAM 0 DISPNAME {bind_op add}} {BINDTYPE op ID {} IMPL fabric LATENCY 0 OPTYPE add PRAGMA {} RTLNAME tmp_fu_4339_p158 SOURCE src/aes128.cpp:62 VARIABLE add_ln62 LOOP VITIS_LOOP_38_2 BUNDLEDNAME {} DSP 0 BRAM 0 URAM 0 DISPNAME {bind_op add}} {BINDTYPE op ID {} IMPL fabric LATENCY 0 OPTYPE add PRAGMA {} RTLNAME add_ln38_fu_2467_p2 SOURCE src/aes128.cpp:38 VARIABLE add_ln38 LOOP VITIS_LOOP_38_2 BUNDLEDNAME {} DSP 0 BRAM 0 URAM 0 DISPNAME {bind_op add}} {BINDTYPE storage ID {} IMPL auto LATENCY 1 OPTYPE rom_1p PRAGMA {} RTLNAME RCON_U SOURCE {} VARIABLE RCON LOOP {} BUNDLEDNAME {} DSP 0 BRAM 0 URAM 0 DISPNAME {bind_storage rom_1p}}} AREA {DSP 0 BRAM 0 URAM 0}} aes128_encrypt_Pipeline_AES_ROUNDS_LOOP {BINDINFO {{BINDTYPE op ID {} IMPL fabric LATENCY 0 OPTYPE add PRAGMA {} RTLNAME add_ln167_fu_6553_p2 SOURCE src/aes128.cpp:167 VARIABLE add_ln167 LOOP AES_ROUNDS_LOOP BUNDLEDNAME {} DSP 0 BRAM 0 URAM 0 DISPNAME {bind_op add}}} AREA {DSP 0 BRAM 0 URAM 0}} aes128_encrypt {BINDINFO {{BINDTYPE storage ID {} IMPL auto LATENCY 1 OPTYPE rom_np PRAGMA {} RTLNAME SBOX_U SOURCE {} VARIABLE SBOX LOOP {} BUNDLEDNAME {} DSP 0 BRAM 15 URAM 0 DISPNAME {bind_storage rom_np}}} AREA {DSP 0 BRAM 15 URAM 0}} aes128_top_Pipeline_VITIS_LOOP_69_1 {BINDINFO {{BINDTYPE op ID {} IMPL fabric LATENCY 0 OPTYPE add PRAGMA {} RTLNAME add_ln69_fu_108_p2 SOURCE src/aes128_top.cpp:69 VARIABLE add_ln69 LOOP VITIS_LOOP_69_1 BUNDLEDNAME {} DSP 0 BRAM 0 URAM 0 DISPNAME {bind_op add}}} AREA {DSP 0 BRAM 0 URAM 0}} aes128_top_Pipeline_STORE_DATA {BINDINFO {{BINDTYPE op ID {} IMPL fabric LATENCY 0 OPTYPE add PRAGMA {} RTLNAME add_ln77_fu_142_p2 SOURCE src/aes128_top.cpp:77 VARIABLE add_ln77 LOOP STORE_DATA BUNDLEDNAME {} DSP 0 BRAM 0 URAM 0 DISPNAME {bind_op add}}} AREA {DSP 0 BRAM 0 URAM 0}} aes128_top {BINDINFO {{BINDTYPE storage ID {} IMPL auto LATENCY 1 OPTYPE ram_t2p PRAGMA {} RTLNAME plaintext_U SOURCE src/aes128_top.cpp:38 VARIABLE plaintext LOOP {} BUNDLEDNAME {} DSP 0 BRAM 0 URAM 0 DISPNAME {bind_storage ram_t2p}} {BINDTYPE storage ID {} IMPL auto LATENCY 1 OPTYPE ram_t2p PRAGMA {} RTLNAME plaintext_1_U SOURCE src/aes128_top.cpp:38 VARIABLE plaintext_1 LOOP {} BUNDLEDNAME {} DSP 0 BRAM 0 URAM 0 DISPNAME {bind_storage ram_t2p}} {BINDTYPE storage ID {} IMPL auto LATENCY 1 OPTYPE ram_t2p PRAGMA {} RTLNAME key_U SOURCE src/aes128_top.cpp:39 VARIABLE key LOOP {} BUNDLEDNAME {} DSP 0 BRAM 0 URAM 0 DISPNAME {bind_storage ram_t2p}} {BINDTYPE storage ID {} IMPL auto LATENCY 1 OPTYPE ram_t2p PRAGMA {} RTLNAME key_1_U SOURCE src/aes128_top.cpp:39 VARIABLE key_1 LOOP {} BUNDLEDNAME {} DSP 0 BRAM 0 URAM 0 DISPNAME {bind_storage ram_t2p}} {BINDTYPE storage ID {} IMPL auto LATENCY 1 OPTYPE ram_t2p PRAGMA {} RTLNAME ciphertext_U SOURCE src/aes128_top.cpp:40 VARIABLE ciphertext LOOP {} BUNDLEDNAME {} DSP 0 BRAM 0 URAM 0 DISPNAME {bind_storage ram_t2p}} {BINDTYPE storage ID {} IMPL auto LATENCY 1 OPTYPE ram_t2p PRAGMA {} RTLNAME ciphertext_1_U SOURCE src/aes128_top.cpp:40 VARIABLE ciphertext_1 LOOP {} BUNDLEDNAME {} DSP 0 BRAM 0 URAM 0 DISPNAME {bind_storage ram_t2p}}} AREA {DSP 0 BRAM 15 URAM 0}}}}'
INFO-FLOW: DBG:PUTS:      update_csynth_reports json2rpt_hw_sw_interfaces
Execute       send_msg_by_id INFO @200-1603@%s  and missed bursts 
INFO: [HLS 200-1603] Design has inferred MAXI bursts and missed bursts, see Vitis HLS GUI synthesis summary report for detailed information.
INFO-FLOW: Running: gen_csynth_sec_pragma
INFO-FLOW: Done: gen_csynth_sec_pragma time: 0 seconds per iteration
INFO-FLOW: DBG:PUTS:      update_csynth_reports wrote xml
INFO-FLOW: DBG:PUTS:      update_csynth_reports appended to csynth rpt file
INFO: [HLS 200-111] Finished Updating report files: CPU user time: 0 seconds. CPU system time: 0 seconds. Elapsed time: 1.233 seconds; current allocated memory: 1.407 GB.
INFO: [VHDL 208-304] Generating VHDL RTL for aes128_top.
INFO: [VLOG 209-307] Generating Verilog RTL for aes128_top.
Execute       syn_report -model aes128_top -printsummary 
INFO: [HLS 200-790] **** Loop Constraint Status: All loop constraints were satisfied.
INFO: [HLS 200-789] **** Estimated Fmax: 114.29 MHz
Command     autosyn done; 15.194 sec.
Command   csynth_design done; 32.387 sec.
INFO: [HLS 200-111] Finished Command csynth_design CPU user time: 11 seconds. CPU system time: 4 seconds. Elapsed time: 32.387 seconds; current allocated memory: 0.000 MB.
Command ap_source done; 35.064 sec.
Execute cleanup_all 
INFO-FLOW: Workspace C:/Users/PC-CST-A3/Desktop/edge-ai-soc/hls/aes128/aes128/solution1 opened at Sun Aug 23 13:02:40 +0530 2026
Execute     ap_set_clock -name default -period 10 -default=false 
INFO: [SYN 201-201] Setting up clock 'default' with a period of 10ns.
Execute     ap_set_clock -name default -uncertainty 1.25 -unit ns 
INFO: [SYN 201-201] Setting up clock 'default' with an uncertainty of 1.25ns.
Execute     set_part xc7z020clg484-1 
Execute       create_platform xc7z020clg484-1 -board  
DBG:HLSDevice: Trying to load device library: D:/Vitis_HLS/2022.1\lib\win64.o\librdi_hlsvwrap.dll
DBG:HLSDevice: first parts/arch.xml in RDI_DATADIR: D:/Vivado/2022.1/data/parts/arch.xml
DBG:HLSDevice: init success
INFO: [HLS 200-1611] Setting target device to 'xc7z020-clg484-1'
Command       create_platform done; 4.41 sec.
Execute       source D:/Vitis_HLS/2022.1/common/technology/xilinx/common/xilinx.gen 
Execute         source D:/Vitis_HLS/2022.1/common/technology/xilinx/interface/plb46.gen 
Execute         source D:/Vitis_HLS/2022.1/common/technology/xilinx/interface/axi4.gen 
Execute         source D:/Vitis_HLS/2022.1/common/technology/xilinx/interface/nativeAXI4.gen 
Execute           source D:/Vitis_HLS/2022.1/common/technology/xilinx/interface/saxilite.gen 
Execute         source D:/Vitis_HLS/2022.1/common/technology/xilinx/scripts/xilinxcoregen.gen 
Execute         source D:/Vitis_HLS/2022.1/common/technology/xilinx/interface/XilEDKCoreGen.gen 
Execute         source D:/Vitis_HLS/2022.1/common/technology/xilinx/ip/dds_compiler.gen 
Execute         source D:/Vitis_HLS/2022.1/common/technology/xilinx/ip/util.gen 
Execute         source D:/Vitis_HLS/2022.1/common/technology/xilinx/ip/xfft.gen 
Execute         source D:/Vitis_HLS/2022.1/common/technology/xilinx/ip/xfir.gen 
Execute         source D:/Vitis_HLS/2022.1/common/technology/xilinx/DSP48/dsp48.gen 
Command       ap_source done; 0.125 sec.
Execute       ap_part_info -name xc7z020-clg484-1 -data info 
Execute       config_compile -quiet -complex-mul-dsp=0 
Command     set_part done; 4.576 sec.
Execute     send_msg_by_id INFO @200-1505@%s%s  vivado 
INFO: [HLS 200-1505] Using flow_target 'vivado'
Execute     get_config_interface -m_axi_latency 
Execute     get_config_interface -m_axi_alignment_byte_size 
Execute     get_config_interface -m_axi_max_widen_bitwidth 
Execute     get_config_interface -default_interface 
Execute     get_config_rtl -register_reset_num 
Command   open_solution done; 4.628 sec.
Execute   set_part xc7z020clg484-1 
INFO: [HLS 200-1510] Running: set_part xc7z020clg484-1 
Execute     create_platform xc7z020clg484-1 -board  
Execute     source D:/Vitis_HLS/2022.1/common/technology/xilinx/common/xilinx.gen 
Execute       source D:/Vitis_HLS/2022.1/common/technology/xilinx/interface/plb46.gen 
Execute       source D:/Vitis_HLS/2022.1/common/technology/xilinx/interface/axi4.gen 
Execute       source D:/Vitis_HLS/2022.1/common/technology/xilinx/interface/nativeAXI4.gen 
Execute         source D:/Vitis_HLS/2022.1/common/technology/xilinx/interface/saxilite.gen 
Execute       source D:/Vitis_HLS/2022.1/common/technology/xilinx/scripts/xilinxcoregen.gen 
Execute       source D:/Vitis_HLS/2022.1/common/technology/xilinx/interface/XilEDKCoreGen.gen 
Execute       source D:/Vitis_HLS/2022.1/common/technology/xilinx/ip/dds_compiler.gen 
Execute       source D:/Vitis_HLS/2022.1/common/technology/xilinx/ip/util.gen 
Execute       source D:/Vitis_HLS/2022.1/common/technology/xilinx/ip/xfft.gen 
Execute       source D:/Vitis_HLS/2022.1/common/technology/xilinx/ip/xfir.gen 
Execute       source D:/Vitis_HLS/2022.1/common/technology/xilinx/DSP48/dsp48.gen 
Command     ap_source done; 0.11 sec.
Execute     ap_part_info -name xc7z020-clg484-1 -data info 
Execute     config_compile -quiet -complex-mul-dsp=0 
Command   set_part done; 0.182 sec.
Execute   create_clock -period 10 -name default 
INFO: [HLS 200-1510] Running: create_clock -period 10 -name default 
Execute     ap_set_clock -name default -period 10 -default=false 
INFO: [SYN 201-201] Setting up clock 'default' with a period of 10ns.
Execute   set_clock_uncertainty 1.25ns 
INFO: [HLS 200-1510] Running: set_clock_uncertainty 1.25ns 
Execute   export_design -rtl verilog -format ip_catalog 
INFO: [HLS 200-1510] Running: export_design -rtl verilog -format ip_catalog 
Execute     get_config_export -description 
Execute     get_config_export -display_name 
Execute     get_config_export -ipname 
Execute     get_config_export -library 
Execute     get_config_export -output 
Execute     get_config_export -taxonomy 
Execute     get_config_export -vendor 
Execute     get_config_export -version 
Execute     get_config_export -xo 
Execute     config_export -format=ip_catalog -rtl=verilog 
INFO-FLOW: DBG:PUTS: export_design_wrap: -format ip_catalog -rtl verilog
Execute     source C:/Users/PC-CST-A3/Desktop/edge-ai-soc/hls/aes128/aes128/solution1/.autopilot/db/global.setting.tcl 
Execute     get_config_export -vivado_clock 
Execute     get_top 
Execute     get_config_export -ipname 
Execute     get_config_export -xo 
Execute     get_config_export -format 
Execute     get_config_rtl -module_auto_prefix 
Execute     get_config_export -xo 
Execute     get_config_export -format 
Execute     get_solution -flow_target 
Execute     get_config_export -xo 
Execute     get_config_export -format 
INFO-FLOW: DBG:PUTS:   auto_impl: pack: -export -rtl verilog
INFO-FLOW: DBG:PROC: ::AESL_AUTOIMPL::auto_impl args='-export -rtl verilog'
Execute     source C:/Users/PC-CST-A3/Desktop/edge-ai-soc/hls/aes128/aes128/solution1/.autopilot/db/global.setting.tcl 
INFO: [IMPL 213-8] Exporting RTL as a Vivado IP.
Execute     source C:/Users/PC-CST-A3/Desktop/edge-ai-soc/hls/aes128/aes128/solution1/.autopilot/db/global.setting.tcl 
INFO-FLOW: DBG:PUTS: automg_wrap -export -pcore_version 1.00.a -rtl vlog -tool Vivado -impltomg_flag
INFO-FLOW: DBG:PROC: ::AESL_AUTOMG::auto_generate args='-export -pcore_version 1.00.a -rtl vlog -tool Vivado -impltomg_flag'
INFO-FLOW: DBG:PUTS:     auto_generate -export -pcore_version 1.00.a -rtl vlog -tool Vivado -impltomg_flag
Execute     get_config_export -xo 
Execute     get_config_export -format 
Execute     get_config_export -ip_xdc_file 
Execute     get_config_export -ip_xdc_ooc_file 
Execute     source C:/Users/PC-CST-A3/Desktop/edge-ai-soc/hls/aes128/aes128/solution1/.autopilot/db/global.setting.tcl 
INFO-FLOW: DBG:PUTS: read_platform_lib C:/Users/PC-CST-A3/Desktop/edge-ai-soc/hls/aes128/aes128/solution1/.autopilot/db/global.setting.tcl
Execute     source D:/Vitis_HLS/2022.1/common/technology/generic/autopilot/common.gen 
Execute       source D:/Vitis_HLS/2022.1/common/technology/generic/autopilot/APCoreGen.gen 
Execute     source D:/Vitis_HLS/2022.1/common/technology/generic/autopilot/op.gen 
Execute     source D:/Vitis_HLS/2022.1/common/technology/generic/autopilot/op_simcore.gen 
Execute     source D:/Vitis_HLS/2022.1/common/technology/generic/autopilot/interface.gen 
Execute     source C:/Users/PC-CST-A3/Desktop/edge-ai-soc/hls/aes128/aes128/solution1/.autopilot/db/global.setting.tcl 
Execute     source D:/Vitis_HLS/2022.1/common/technology/xilinx/common/xilinx.gen 
Execute       source D:/Vitis_HLS/2022.1/common/technology/xilinx/interface/plb46.gen 
Execute       source D:/Vitis_HLS/2022.1/common/technology/xilinx/interface/axi4.gen 
Execute       source D:/Vitis_HLS/2022.1/common/technology/xilinx/interface/nativeAXI4.gen 
Execute         source D:/Vitis_HLS/2022.1/common/technology/xilinx/interface/saxilite.gen 
Execute       source D:/Vitis_HLS/2022.1/common/technology/xilinx/scripts/xilinxcoregen.gen 
Execute       source D:/Vitis_HLS/2022.1/common/technology/xilinx/interface/XilEDKCoreGen.gen 
Execute       source D:/Vitis_HLS/2022.1/common/technology/xilinx/ip/dds_compiler.gen 
Execute       source D:/Vitis_HLS/2022.1/common/technology/xilinx/ip/util.gen 
Execute       source D:/Vitis_HLS/2022.1/common/technology/xilinx/ip/xfft.gen 
Execute       source D:/Vitis_HLS/2022.1/common/technology/xilinx/ip/xfir.gen 
Execute       source D:/Vitis_HLS/2022.1/common/technology/xilinx/DSP48/dsp48.gen 
Command     ap_source done; 0.12 sec.
INFO-FLOW: DBG:PUTS:   using AESL_AUTOCG::g_clock_period=10.000 (was NA)
INFO-FLOW: DBG:PUTS:       initCTypeInfo top_module=aes128_top xml_exists=0
Execute     source C:/Users/PC-CST-A3/Desktop/edge-ai-soc/hls/aes128/aes128/solution1/.autopilot/db/aes128_top.rtl_wrap.cfg.tcl 
Execute     source C:/Users/PC-CST-A3/Desktop/edge-ai-soc/hls/aes128/aes128/solution1/.autopilot/db/aes128_top.rtl_wrap.cfg.tcl 
Execute     source C:/Users/PC-CST-A3/Desktop/edge-ai-soc/hls/aes128/aes128/solution1/.autopilot/db/aes128_top.rtl_wrap.cfg.tcl 
Execute     source C:/Users/PC-CST-A3/Desktop/edge-ai-soc/hls/aes128/aes128/solution1/.autopilot/db/aes128_top.tbgen.tcl 
Execute     source C:/Users/PC-CST-A3/Desktop/edge-ai-soc/hls/aes128/aes128/solution1/.autopilot/db/aes128_top.tbgen.tcl 
Execute     get_config_rtl -deadlock_detection 
Execute     source C:/Users/PC-CST-A3/Desktop/edge-ai-soc/hls/aes128/aes128/solution1/.autopilot/db/global.setting.tcl 
Execute     source C:/Users/PC-CST-A3/Desktop/edge-ai-soc/hls/aes128/aes128/solution1/.autopilot/db/aes128_top.tbgen.tcl 
Execute     get_config_rtl -module_prefix 
INFO-FLOW: DBG:PUTS:       cosim_export_main adding deadlock detection to aes128_top
INFO-FLOW: DBG:PUTS: Skipping loadAnalyze_DB, #g_database=5
INFO-FLOW: DBG:PUTS:       generate_json generate_bd_files=0 generate_xo_files=false #modelList=23 #gSsdmPorts=0
INFO-FLOW: DBG:PROC: ::AP::DESIGN_DATA::generate_json generate_bd_files='0' generate_xo_files='false' modelList='aes128_top_flow_control_loop_pipe_sequential_init
aes128_top_flow_control_loop_pipe_sequential_init
aes128_top_mux_1698_8_1_1
aes128_top_mux_1578_8_1_1
aes128_top_aes128_encrypt_Pipeline_VITIS_LOOP_38_2_RCON_ROM_AUTO_1R
aes128_top_flow_control_loop_pipe_sequential_init
aes128_top_mux_1458_8_1_1
aes128_top_flow_control_loop_pipe_sequential_init
aes128_top_aes128_encrypt_SBOX_ROM_AUTO_1R
aes128_top_mux_21_8_1_1
aes128_top_flow_control_loop_pipe_sequential_init
aes128_top_flow_control_loop_pipe_sequential_init
aes128_top_plaintext_RAM_AUTO_1R1W
aes128_top_DATA_m_axi
aes128_top_CTRL_s_axi
aes128_top_Pipeline_LOAD_DATA
aes128_top_Pipeline_LOAD_KEY
aes128_encrypt_Pipeline_VITIS_LOOP_38_2
aes128_encrypt_Pipeline_AES_ROUNDS_LOOP
aes128_encrypt
aes128_top_Pipeline_VITIS_LOOP_69_1
aes128_top_Pipeline_STORE_DATA
aes128_top
' rtl_lang='vlog' bootstrap_tcl='false' outdir='' outfilename=''
Execute     source D:/Vitis_HLS/2022.1/tps/tcl/tcllib1.11.1/yaml/huddle.tcl 
Execute     source D:/Vitis_HLS/2022.1/tps/tcl/tcllib1.11.1/yaml/json2huddle.tcl 
Execute     source C:/Users/PC-CST-A3/Desktop/edge-ai-soc/hls/aes128/aes128/solution1/.autopilot/db/global.setting.tcl 
Execute     source C:/Users/PC-CST-A3/Desktop/edge-ai-soc/hls/aes128/aes128/solution1/.autopilot/db/global.setting.tcl 
Execute     get_solution -flow_target 
Execute     get_config_export -xo 
Execute     get_config_export -format 
Execute     source C:/Users/PC-CST-A3/Desktop/edge-ai-soc/hls/aes128/aes128/solution1/.autopilot/db/top-io-be.tcl 
Execute     source C:/Users/PC-CST-A3/Desktop/edge-ai-soc/hls/aes128/aes128/solution1/.autopilot/db/aes128_top.tbgen.tcl 
Execute     source C:/Users/PC-CST-A3/Desktop/edge-ai-soc/hls/aes128/aes128/solution1/.autopilot/db/aes128_top.compgen.dataonly.tcl 
Execute     get_config_interface -s_axilite_interrupt_mode 
Execute     source C:/Users/PC-CST-A3/Desktop/edge-ai-soc/hls/aes128/aes128/solution1/.autopilot/db/aes128_top.compgen.dataonly.tcl 
Execute     source C:/Users/PC-CST-A3/Desktop/edge-ai-soc/hls/aes128/aes128/solution1/.autopilot/db/aes128_top.rtl_wrap.cfg.tcl 
Execute     source C:/Users/PC-CST-A3/Desktop/edge-ai-soc/hls/aes128/aes128/solution1/.autopilot/db/aes128_top.compgen.dataonly.tcl 
Execute     get_config_export -format 
Execute     get_config_export -vendor 
Execute     get_config_export -library 
Execute     get_config_export -version 
Execute     get_config_export -ipname 
Execute     get_config_export -taxonomy 
Execute     get_config_export -description 
Execute     get_config_export -display_name 
Execute     source C:/Users/PC-CST-A3/Desktop/edge-ai-soc/hls/aes128/aes128/solution1/.autopilot/db/aes128_top_Pipeline_LOAD_DATA.tbgen.tcl 
Execute     source C:/Users/PC-CST-A3/Desktop/edge-ai-soc/hls/aes128/aes128/solution1/.autopilot/db/aes128_top_Pipeline_LOAD_KEY.tbgen.tcl 
Execute     source C:/Users/PC-CST-A3/Desktop/edge-ai-soc/hls/aes128/aes128/solution1/.autopilot/db/aes128_encrypt_Pipeline_VITIS_LOOP_38_2.tbgen.tcl 
Execute     source C:/Users/PC-CST-A3/Desktop/edge-ai-soc/hls/aes128/aes128/solution1/.autopilot/db/aes128_encrypt_Pipeline_AES_ROUNDS_LOOP.tbgen.tcl 
Execute     source C:/Users/PC-CST-A3/Desktop/edge-ai-soc/hls/aes128/aes128/solution1/.autopilot/db/aes128_encrypt.tbgen.tcl 
Execute     source C:/Users/PC-CST-A3/Desktop/edge-ai-soc/hls/aes128/aes128/solution1/.autopilot/db/aes128_top_Pipeline_VITIS_LOOP_69_1.tbgen.tcl 
Execute     source C:/Users/PC-CST-A3/Desktop/edge-ai-soc/hls/aes128/aes128/solution1/.autopilot/db/aes128_top_Pipeline_STORE_DATA.tbgen.tcl 
Execute     source C:/Users/PC-CST-A3/Desktop/edge-ai-soc/hls/aes128/aes128/solution1/.autopilot/db/aes128_top.tbgen.tcl 
Execute     source C:/Users/PC-CST-A3/Desktop/edge-ai-soc/hls/aes128/aes128/solution1/.autopilot/db/global.setting.tcl 
Execute     ap_part_info -name xc7z020-clg484-1 -data names -quiet 
Execute     ap_part_info -name xc7z020-clg484-1 -data info -quiet 
Execute     get_solution -flow_target 
Execute     get_config_rtl -kernel_profile 
Execute     get_config_rtl -kernel_profile 
Execute     get_config_rtl -stall_sig_gen 
Execute     get_config_rtl -profile 
Execute     source C:/Users/PC-CST-A3/Desktop/edge-ai-soc/hls/aes128/aes128/solution1/.autopilot/db/aes128_top.constraint.tcl 
Execute     sc_get_clocks aes128_top 
Execute     source C:/Users/PC-CST-A3/Desktop/edge-ai-soc/hls/aes128/aes128/solution1/.autopilot/db/global.setting.tcl 
Execute     get_config_export -ip_xdc_file 
Execute     get_config_export -ip_xdc_ooc_file 
Execute     get_config_debug -directory 
Execute     get_config_rtl -deadlock_detection 
Execute     source C:/Users/PC-CST-A3/Desktop/edge-ai-soc/hls/aes128/aes128/solution1/.autopilot/db/global.setting.tcl 
Execute     source C:/Users/PC-CST-A3/Desktop/edge-ai-soc/hls/aes128/aes128/solution1/.autopilot/db/aes128_top.tbgen.tcl 
Execute     get_config_rtl -module_prefix 
INFO-FLOW: DBG:PUTS:       cosim_export_main adding deadlock detection to aes128_top
INFO-FLOW: DBG:PUTS:       copy ip_driver_dir 1_0 C:/Users/PC-CST-A3/Desktop/edge-ai-soc/hls/aes128/aes128/solution1/.autopilot/db/driver
Execute     get_config_export -format 
INFO-FLOW: DBG:PUTS:       generate_ip_script #gSsdmPorts=0 g_lang=vlog is_sdaccel=false is_sdsoc=true xo_file=
Execute     ap_part_info -name xc7z020-clg484-1 -data names -quiet 
Execute     ap_part_info -name xc7z020-clg484-1 -data info -quiet 
Execute     ap_part_info -name xc7z020-clg484-1 -data names -quiet 
Execute     ap_part_info -name xc7z020-clg484-1 -data info -quiet 
Execute     source C:/Users/PC-CST-A3/Desktop/edge-ai-soc/hls/aes128/aes128/solution1/.autopilot/db/aes128_top.tbgen.tcl 
Execute     source C:/Users/PC-CST-A3/Desktop/edge-ai-soc/hls/aes128/aes128/solution1/.autopilot/db/aes128_top.compgen.dataonly.tcl 
Execute     get_config_interface -s_axilite_interrupt_mode 
Execute     source C:/Users/PC-CST-A3/Desktop/edge-ai-soc/hls/aes128/aes128/solution1/.autopilot/db/aes128_top.compgen.dataonly.tcl 
Execute     source C:/Users/PC-CST-A3/Desktop/edge-ai-soc/hls/aes128/aes128/solution1/.autopilot/db/global.setting.tcl 
Execute     get_config_debug -directory 
INFO-FLOW: DBG:PUTS:       generate_top_info
INFO-FLOW: DBG:PUTS:       prepArgInfo -> loadAnalyze_DB top_module=aes128_top
Execute     source C:/Users/PC-CST-A3/Desktop/edge-ai-soc/hls/aes128/aes128/solution1/.autopilot/db/aes128_top.rtl_wrap.cfg.tcl 
Execute     source C:/Users/PC-CST-A3/Desktop/edge-ai-soc/hls/aes128/aes128/solution1/.autopilot/db/aes128_top.rtl_wrap.cfg.tcl 
Execute     source C:/Users/PC-CST-A3/Desktop/edge-ai-soc/hls/aes128/aes128/solution1/.autopilot/db/aes128_top.rtl_wrap.cfg.tcl 
Execute     source C:/Users/PC-CST-A3/Desktop/edge-ai-soc/hls/aes128/aes128/solution1/.autopilot/db/aes128_top.tbgen.tcl 
Execute     source C:/Users/PC-CST-A3/Desktop/edge-ai-soc/hls/aes128/aes128/solution1/.autopilot/db/aes128_top.tbgen.tcl 
Execute     ap_part_info -name xc7z020-clg484-1 -data names -quiet 
Execute     ap_part_info -name xc7z020-clg484-1 -data info -quiet 
Execute     source C:/Users/PC-CST-A3/Desktop/edge-ai-soc/hls/aes128/aes128/solution1/.autopilot/db/global.setting.tcl 
Execute     ap_part_info -name xc7z020-clg484-1 -data names -quiet 
Execute     ap_part_info -name xc7z020-clg484-1 -data info -quiet 
Execute     ap_part_info -name xc7z020-clg484-1 -data names -quiet 
Execute     ap_part_info -name xc7z020-clg484-1 -data info -quiet 
Execute     source C:/Users/PC-CST-A3/Desktop/edge-ai-soc/hls/aes128/aes128/solution1/.autopilot/db/aes128_top.tbgen.tcl 
Execute     source C:/Users/PC-CST-A3/Desktop/edge-ai-soc/hls/aes128/aes128/solution1/.autopilot/db/global.setting.tcl 
Execute     get_config_export -ip_xdc_ooc_file 
Execute     get_config_export -ip_xdc_file 
Execute     source C:/Users/PC-CST-A3/Desktop/edge-ai-soc/hls/aes128/aes128/solution1/.autopilot/db/aes128_top.constraint.tcl 
INFO-FLOW: DBG:PUTS:       generate_ipi_example_script
Execute     ap_part_info -name xc7z020-clg484-1 -data names -quiet 
Execute     ap_part_info -name xc7z020-clg484-1 -data info -quiet 
Execute     ap_part_info -name xc7z020-clg484-1 -data names -quiet 
Execute     ap_part_info -name xc7z020-clg484-1 -data info -quiet 
INFO-FLOW: DBG:PUTS:       generate_syn_sh
Execute     ap_part_info -name xc7z020-clg484-1 -data names -quiet 
Execute     ap_part_info -name xc7z020-clg484-1 -data info -quiet 
Execute     source C:/Users/PC-CST-A3/Desktop/edge-ai-soc/hls/aes128/aes128/solution1/.autopilot/db/global.setting.tcl 
INFO-FLOW: DBG:PUTS:       generate_imp_constraints
Execute     ap_part_info -name xc7z020-clg484-1 -data names -quiet 
Execute     ap_part_info -name xc7z020-clg484-1 -data info -quiet 
Execute     source C:/Users/PC-CST-A3/Desktop/edge-ai-soc/hls/aes128/aes128/solution1/.autopilot/db/aes128_top.constraint.tcl 
Execute     source C:/Users/PC-CST-A3/Desktop/edge-ai-soc/hls/aes128/aes128/solution1/.autopilot/db/aes128_top.tbgen.tcl 
INFO-FLOW: DBG:PUTS:       delete-temp-dirs (skipped for debug)
Execute     ap_part_info -name xc7z020-clg484-1 -data names -quiet 
Execute     ap_part_info -name xc7z020-clg484-1 -data info -quiet 
INFO-FLOW: DBG:PUTS: read_platform_lib C:/Users/PC-CST-A3/Desktop/edge-ai-soc/hls/aes128/aes128/solution1/.autopilot/db/global.setting.tcl
Execute     source D:/Vitis_HLS/2022.1/common/technology/generic/autopilot/common.gen 
Execute       source D:/Vitis_HLS/2022.1/common/technology/generic/autopilot/APCoreGen.gen 
Execute     source D:/Vitis_HLS/2022.1/common/technology/generic/autopilot/op.gen 
Execute     source D:/Vitis_HLS/2022.1/common/technology/generic/autopilot/op_simcore.gen 
Execute     source D:/Vitis_HLS/2022.1/common/technology/generic/autopilot/interface.gen 
Execute     source C:/Users/PC-CST-A3/Desktop/edge-ai-soc/hls/aes128/aes128/solution1/.autopilot/db/global.setting.tcl 
Execute     source D:/Vitis_HLS/2022.1/common/technology/xilinx/common/xilinx.gen 
Execute       source D:/Vitis_HLS/2022.1/common/technology/xilinx/interface/plb46.gen 
Execute       source D:/Vitis_HLS/2022.1/common/technology/xilinx/interface/axi4.gen 
Execute       source D:/Vitis_HLS/2022.1/common/technology/xilinx/interface/nativeAXI4.gen 
Execute         source D:/Vitis_HLS/2022.1/common/technology/xilinx/interface/saxilite.gen 
Execute       source D:/Vitis_HLS/2022.1/common/technology/xilinx/scripts/xilinxcoregen.gen 
Execute       source D:/Vitis_HLS/2022.1/common/technology/xilinx/interface/XilEDKCoreGen.gen 
Execute       source D:/Vitis_HLS/2022.1/common/technology/xilinx/ip/dds_compiler.gen 
Execute       source D:/Vitis_HLS/2022.1/common/technology/xilinx/ip/util.gen 
Execute       source D:/Vitis_HLS/2022.1/common/technology/xilinx/ip/xfft.gen 
Execute       source D:/Vitis_HLS/2022.1/common/technology/xilinx/ip/xfir.gen 
Execute       source D:/Vitis_HLS/2022.1/common/technology/xilinx/DSP48/dsp48.gen 
Command     ap_source done; 0.131 sec.
INFO-FLOW: DBG:PUTS:     IP package: exec C:/Users/PC-CST-A3/Desktop/edge-ai-soc/hls/aes128/aes128/solution1/impl/ip/pack.bat
INFO-FLOW: DBG:PUTS:     IP package: success C:/Users/PC-CST-A3/Desktop/edge-ai-soc/hls/aes128/aes128/solution1/impl/ip/pack.bat
Execute     get_config_export -output 
Execute     send_msg_by_id INFO @200-802@%s aes128/solution1/impl/export.zip 
INFO: [HLS 200-802] Generated output file aes128/solution1/impl/export.zip
Command   export_design done; 30.244 sec.
INFO: [HLS 200-111] Finished Command export_design CPU user time: 3 seconds. CPU system time: 1 seconds. Elapsed time: 30.244 seconds; current allocated memory: 562.680 MB.
Command ap_source done; 35.143 sec.
Execute cleanup_all 
