INFO-FLOW: Workspace C:/Users/PC-CST-A3/Desktop/edge-ai-soc/hls/sha256/sha256/solution1 opened at Sun Aug 23 12:50:22 +0530 2026
Execute     ap_set_clock -name default -period 10 -default=false 
INFO: [SYN 201-201] Setting up clock 'default' with a period of 10ns.
Execute     ap_set_clock -name default -uncertainty 1.25 -unit ns 
INFO: [SYN 201-201] Setting up clock 'default' with an uncertainty of 1.25ns.
Execute     set_part xc7z020-clg484-1 
Execute       create_platform xc7z020-clg484-1 -board  
DBG:HLSDevice: Trying to load device library: D:/Vitis_HLS/2022.1\lib\win64.o\librdi_hlsvwrap.dll
DBG:HLSDevice: first parts/arch.xml in RDI_DATADIR: D:/Vivado/2022.1/data/parts/arch.xml
DBG:HLSDevice: init success
INFO: [HLS 200-1611] Setting target device to 'xc7z020-clg484-1'
Command       create_platform done; 3.092 sec.
Execute       source D:/Vitis_HLS/2022.1/common/technology/xilinx/common/xilinx.gen 
Execute         source D:/Vitis_HLS/2022.1/common/technology/xilinx/interface/plb46.gen 
Execute         source D:/Vitis_HLS/2022.1/common/technology/xilinx/interface/axi4.gen 
Execute         source D:/Vitis_HLS/2022.1/common/technology/xilinx/interface/nativeAXI4.gen 
Execute           source D:/Vitis_HLS/2022.1/common/technology/xilinx/interface/saxilite.gen 
Execute         source D:/Vitis_HLS/2022.1/common/technology/xilinx/scripts/xilinxcoregen.gen 
Execute         source D:/Vitis_HLS/2022.1/common/technology/xilinx/interface/XilEDKCoreGen.gen 
Execute         source D:/Vitis_HLS/2022.1/common/technology/xilinx/ip/dds_compiler.gen 
Execute         source D:/Vitis_HLS/2022.1/common/technology/xilinx/ip/util.gen 
Execute         source D:/Vitis_HLS/2022.1/common/technology/xilinx/ip/xfft.gen 
Execute         source D:/Vitis_HLS/2022.1/common/technology/xilinx/ip/xfir.gen 
Execute         source D:/Vitis_HLS/2022.1/common/technology/xilinx/DSP48/dsp48.gen 
Command       ap_source done; 0.212 sec.
Execute       ap_part_info -name xc7z020-clg484-1 -data info 
Execute       config_compile -quiet -complex-mul-dsp=0 
Command     set_part done; 3.357 sec.
Execute     send_msg_by_id INFO @200-1505@%s%s  vivado 
INFO: [HLS 200-1505] Using flow_target 'vivado'
Execute     get_config_interface -m_axi_latency 
Execute     get_config_interface -m_axi_alignment_byte_size 
Execute     get_config_interface -m_axi_max_widen_bitwidth 
Execute     get_config_interface -default_interface 
Execute     get_config_rtl -register_reset_num 
Command   open_solution done; 3.426 sec.
Execute   set_part xc7z020-clg484-1 
INFO: [HLS 200-1510] Running: set_part xc7z020-clg484-1 
Execute     create_platform xc7z020-clg484-1 -board  
Execute     source D:/Vitis_HLS/2022.1/common/technology/xilinx/common/xilinx.gen 
Execute       source D:/Vitis_HLS/2022.1/common/technology/xilinx/interface/plb46.gen 
Execute       source D:/Vitis_HLS/2022.1/common/technology/xilinx/interface/axi4.gen 
Execute       source D:/Vitis_HLS/2022.1/common/technology/xilinx/interface/nativeAXI4.gen 
Execute         source D:/Vitis_HLS/2022.1/common/technology/xilinx/interface/saxilite.gen 
Execute       source D:/Vitis_HLS/2022.1/common/technology/xilinx/scripts/xilinxcoregen.gen 
Execute       source D:/Vitis_HLS/2022.1/common/technology/xilinx/interface/XilEDKCoreGen.gen 
Execute       source D:/Vitis_HLS/2022.1/common/technology/xilinx/ip/dds_compiler.gen 
Execute       source D:/Vitis_HLS/2022.1/common/technology/xilinx/ip/util.gen 
Execute       source D:/Vitis_HLS/2022.1/common/technology/xilinx/ip/xfft.gen 
Execute       source D:/Vitis_HLS/2022.1/common/technology/xilinx/ip/xfir.gen 
Execute       source D:/Vitis_HLS/2022.1/common/technology/xilinx/DSP48/dsp48.gen 
Execute     ap_part_info -name xc7z020-clg484-1 -data info 
Execute     config_compile -quiet -complex-mul-dsp=0 
Command   set_part done; 0.152 sec.
Execute   create_clock -period 10 -name default 
INFO: [HLS 200-1510] Running: create_clock -period 10 -name default 
Execute   set_clock_uncertainty 1.25ns 
INFO: [HLS 200-1510] Running: set_clock_uncertainty 1.25ns 
Execute   source ./sha256/solution1/directives.tcl 
INFO: [HLS 200-1510] Running: source ./sha256/solution1/directives.tcl
Execute     set_directive_top -name sha256_top sha256_top 
INFO: [HLS 200-1510] Running: set_directive_top -name sha256_top sha256_top 
Execute   csynth_design 
INFO: [HLS 200-1510] Running: csynth_design 
Execute     get_config_compile -effort 
Execute     get_config_compile -enable_clang39 
Execute     get_config_compile -g 
Execute     get_config_compile -hw_syn 
Execute     get_config_compile -ng 
Execute     get_config_compile -opt_fp 
Execute     get_config_compile -skip_cdt 
Execute     get_config_compile -skip_syncheck 
Execute     get_config_compile -skip_transform 
Execute     get_config_compile -pre_tcl 
Execute     get_config_compile -keep_printf 
Execute     elaborate -effort=medium -skip_syncheck=0 -keep_printf=0 -skip_cdt=0 -skip_transform=0 -ng=0 -g=0 -opt_fp=0 -from_csynth_design=1 
INFO: [HLS 200-111] Finished File checks and directory preparation: CPU user time: 0 seconds. CPU system time: 0 seconds. Elapsed time: 0.043 seconds; current allocated memory: 1.378 GB.
INFO: [HLS 200-10] Analyzing design file 'src/sha256.cpp' ... 
INFO-FLOW: Compiling one TU...
Execute       get_config_compile -pragma_strict_mode 
INFO-FLOW: Handling src/sha256.cpp as C++
Execute       ap_part_info -name xc7z020-clg484-1 -data info 
INFO-FLOW: Running: GCC PP 39
INFO-FLOW: Source preprocessing
Execute       ap_eval exec -ignorestderr D:/Vitis_HLS/2022.1/win64/tools/clang-3.9-csynth/bin/clang src/sha256.cpp -foptimization-record-file=C:/Users/PC-CST-A3/Desktop/edge-ai-soc/hls/sha256/sha256/solution1/.autopilot/db/sha256.cpp.clang.diag.yml -mllvm -pass-remarks-missed=reflow|pasta|unroll -mllvm -pass-remarks=reflow|pasta|unroll|inline -fno-limit-debug-info --sysroot D:/Vitis_HLS/2022.1/tps/mingw/8.3.0/win64.o/nt -fhls -fno-exceptions -E -fno-math-errno -c -emit-llvm -mllvm -disable-llvm-optzns -Werror=implicit-function-declaration -Werror=implicit-hls-streams -Werror=return-type -Wpragmas -Wunused-parameter -Wdump-hls-pragmas -fno-threadsafe-statics -fno-use-cxa-atexit -std=gnu++14 -target fpga64-xilinx-mingw32 -fno-threadsafe-statics -fno-use-cxa-atexit -D__VITIS_HLS__ -DAESL_SYN -D__SYNTHESIS__ -D__HLS_SYN__ -I D:/Vitis_HLS/2022.1/common/technology/autopilot -I D:/Vitis_HLS/2022.1/common/technology/autopilot/ap_sysc -include etc/autopilot_ssdm_op.h -D__DSP48E1__ -I /usr/include/x86_64-linux-gnu -o C:/Users/PC-CST-A3/Desktop/edge-ai-soc/hls/sha256/sha256/solution1/.autopilot/db/sha256.pp.0.cpp -hls-platform-db-name=D:/Vitis_HLS/2022.1/common/technology/xilinx/common/platform.db -hls-platform-name=zynq_slow -device-resource-info=BRAM_280.000000_DSP_220.000000_FF_106400.000000_LUT_53200.000000_SLICE_13300.000000_URAM_0.000000 > C:/Users/PC-CST-A3/Desktop/edge-ai-soc/hls/sha256/sha256/solution1/.autopilot/db/sha256.cpp.clang.out.log 2> C:/Users/PC-CST-A3/Desktop/edge-ai-soc/hls/sha256/sha256/solution1/.autopilot/db/sha256.cpp.clang.err.log 
Command       ap_eval done; 0.767 sec.
INFO-FLOW: Done: GCC PP 39 time: 0.8 seconds per iteration
Execute       set_directive_top sha256_top -name=sha256_top 
Execute       source D:/Vitis_HLS/2022.1/tps/tcl/tcllib1.11.1/yaml/huddle.tcl 
Execute       source D:/Vitis_HLS/2022.1/tps/tcl/tcllib1.11.1/yaml/json2huddle.tcl 
INFO-FLOW: Source syntax check for synthesis
Execute       ap_eval exec -ignorestderr D:/Vitis_HLS/2022.1/win64/tools/clang-3.9-csynth/bin/clang -foptimization-record-file=C:/Users/PC-CST-A3/Desktop/edge-ai-soc/hls/sha256/sha256/solution1/.autopilot/db/clang.diag.yml -mllvm -pass-remarks-missed=reflow|pasta|unroll -mllvm -pass-remarks=reflow|pasta|unroll|inline -fsyntax-only -fhls -target fpga64-xilinx-linux-gnu C:/Users/PC-CST-A3/Desktop/edge-ai-soc/hls/sha256/sha256/solution1/.autopilot/db/sha256.pp.0.cpp -hls-platform-db-name=D:/Vitis_HLS/2022.1/common/technology/xilinx/common/platform.db -hls-platform-name=zynq_slow -device-resource-info=BRAM_280.000000_DSP_220.000000_FF_106400.000000_LUT_53200.000000_SLICE_13300.000000_URAM_0.000000 > C:/Users/PC-CST-A3/Desktop/edge-ai-soc/hls/sha256/sha256/solution1/.autopilot/db/clang.out.log 2> C:/Users/PC-CST-A3/Desktop/edge-ai-soc/hls/sha256/sha256/solution1/.autopilot/db/clang.err.log 
Command       ap_eval done; 0.955 sec.
Execute       clang_tidy xilinx-systemc-detector -desc systemc-detector C:/Users/PC-CST-A3/Desktop/edge-ai-soc/hls/sha256/sha256/solution1/.autopilot/db/sha256.pp.0.cpp std=gnu++14 -target fpga  -directive=C:/Users/PC-CST-A3/Desktop/edge-ai-soc/hls/sha256/sha256/solution1/.autopilot/db/.systemc_flag 
INFO-FLOW: exec D:/Vitis_HLS/2022.1/win64/tools/clang-3.9-csynth/bin/clang-tidy -header-filter=.* --checks=-*,xilinx-systemc-detector -import-directive=C:/Users/PC-CST-A3/Desktop/edge-ai-soc/hls/sha256/sha256/solution1/.autopilot/db/.systemc_flag -fix-errors C:/Users/PC-CST-A3/Desktop/edge-ai-soc/hls/sha256/sha256/solution1/.autopilot/db/sha256.pp.0.cpp -- -std=gnu++14 -target fpga -fhls -ferror-limit=0
Command       clang_tidy done; 0.619 sec.
INFO-FLOW: Running: clang-tidy CDT preprocess 39
Execute       clang_tidy xilinx-directive2pragma -desc directive2pragma C:/Users/PC-CST-A3/Desktop/edge-ai-soc/hls/sha256/sha256/solution1/.autopilot/db/sha256.pp.0.cpp std=gnu++14 -target fpga  -directive=C:/Users/PC-CST-A3/Desktop/edge-ai-soc/hls/sha256/sha256/solution1/.autopilot/db/all.directive.json 
INFO-FLOW: exec D:/Vitis_HLS/2022.1/win64/tools/clang-3.9-csynth/bin/clang-tidy -header-filter=.* --checks=-*,xilinx-directive2pragma -import-directive=C:/Users/PC-CST-A3/Desktop/edge-ai-soc/hls/sha256/sha256/solution1/.autopilot/db/all.directive.json -fix-errors C:/Users/PC-CST-A3/Desktop/edge-ai-soc/hls/sha256/sha256/solution1/.autopilot/db/sha256.pp.0.cpp -- -std=gnu++14 -target fpga -fhls -ferror-limit=0
Command       clang_tidy done; 0.474 sec.
Execute       clang_tidy xilinx-remove-assert -desc remove-assert C:/Users/PC-CST-A3/Desktop/edge-ai-soc/hls/sha256/sha256/solution1/.autopilot/db/sha256.pp.0.cpp std=gnu++14 -target fpga  
INFO-FLOW: exec D:/Vitis_HLS/2022.1/win64/tools/clang-3.9-csynth/bin/clang-tidy -header-filter=.* --checks=-*,xilinx-remove-assert -fix-errors C:/Users/PC-CST-A3/Desktop/edge-ai-soc/hls/sha256/sha256/solution1/.autopilot/db/sha256.pp.0.cpp -- -std=gnu++14 -target fpga -fhls -ferror-limit=0
Command       clang_tidy done; 0.419 sec.
INFO-FLOW: Done: clang-tidy CDT preprocess 39 time: 0.9 seconds per iteration
INFO-FLOW: Calling xilinx-label-all-loops ... 
INFO-FLOW: Calling xilinx-aggregate-on-hls-vector ... 
Execute       clang_tidy -errorcheck -desc loop-label xilinx-label-all-loops,xilinx-aggregate-on-hls-vector,,xilinx-warn-mayneed-no-ctor-attribute C:/Users/PC-CST-A3/Desktop/edge-ai-soc/hls/sha256/sha256/solution1/.autopilot/db/sha256.pp.0.cpp std=gnu++14 -target fpga  
Execute         ap_eval exec -ignorestderr D:/Vitis_HLS/2022.1/win64/tools/clang-3.9-csynth/bin/clang-tidy -export-fixes=C:/Users/PC-CST-A3/Desktop/edge-ai-soc/hls/sha256/sha256/solution1/.autopilot/db/sha256.pp.0.cpp.clang-tidy.loop-label.diag.yml -header-filter=.* --checks=-*,xilinx-label-all-loops,xilinx-aggregate-on-hls-vector,,xilinx-warn-mayneed-no-ctor-attribute -fix-errors C:/Users/PC-CST-A3/Desktop/edge-ai-soc/hls/sha256/sha256/solution1/.autopilot/db/sha256.pp.0.cpp -- -std=gnu++14 -target fpga -fhls -ferror-limit=0 > C:/Users/PC-CST-A3/Desktop/edge-ai-soc/hls/sha256/sha256/solution1/.autopilot/db/sha256.pp.0.cpp.clang-tidy.loop-label.out.log 2> C:/Users/PC-CST-A3/Desktop/edge-ai-soc/hls/sha256/sha256/solution1/.autopilot/db/sha256.pp.0.cpp.clang-tidy.loop-label.err.log 
Command         ap_eval done; 0.756 sec.
Execute         source D:/Vitis_HLS/2022.1/tps/tcl/tcllib1.11.1/yaml/yaml.tcl 
Command       clang_tidy done; 0.805 sec.
Execute       get_config_dataflow -strict_mode 
Execute       ap_eval exec -ignorestderr D:/Vitis_HLS/2022.1/win64/tools/clang-3.9-csynth/bin/xilinx-dataflow-lawyer -export-fixes=C:/Users/PC-CST-A3/Desktop/edge-ai-soc/hls/sha256/sha256/solution1/.autopilot/db/sha256.pp.0.cpp.xilinx-dataflow-lawyer.diag.yml C:/Users/PC-CST-A3/Desktop/edge-ai-soc/hls/sha256/sha256/solution1/.autopilot/db/sha256.pp.0.cpp -- -std=gnu++14 -target fpga -fhls -ferror-limit=0 -fstrict-dataflow > C:/Users/PC-CST-A3/Desktop/edge-ai-soc/hls/sha256/sha256/solution1/.autopilot/db/sha256.pp.0.cpp.xilinx-dataflow-lawyer.out.log 2> C:/Users/PC-CST-A3/Desktop/edge-ai-soc/hls/sha256/sha256/solution1/.autopilot/db/sha256.pp.0.cpp.xilinx-dataflow-lawyer.err.log 
Command       ap_eval done; 0.505 sec.
Execute       ap_part_info -name xc7z020-clg484-1 -data info 
INFO-FLOW: compiling source code to llvm bc
Execute       ap_eval exec -ignorestderr D:/Vitis_HLS/2022.1/win64/tools/clang-3.9-csynth/bin/clang -foptimization-record-file=C:/Users/PC-CST-A3/Desktop/edge-ai-soc/hls/sha256/sha256/solution1/.autopilot/db/sha256.pp.0.cpp.clang.diag.yml -mllvm -pass-remarks-missed=reflow|pasta|unroll -mllvm -pass-remarks=reflow|pasta|unroll|inline -fno-limit-debug-info -fhls -flto -fno-exceptions -Wno-error=c++11-narrowing C:/Users/PC-CST-A3/Desktop/edge-ai-soc/hls/sha256/sha256/solution1/.autopilot/db/sha256.pp.0.cpp -fno-math-errno -c -emit-llvm -mllvm -disable-llvm-optzns -Werror=implicit-function-declaration -Werror=implicit-hls-streams -Werror=return-type -Wpragmas -Wunused-parameter -Wdump-hls-pragmas -fno-threadsafe-statics -fno-use-cxa-atexit -std=gnu++14 -target fpga64-xilinx-linux-gnu -D__VITIS_HLS__ -DAESL_SYN -D__SYNTHESIS__ -D__HLS_SYN__ -I D:/Vitis_HLS/2022.1/common/technology/autopilot -I D:/Vitis_HLS/2022.1/common/technology/autopilot/ap_sysc -include etc/autopilot_ssdm_op.h -D__DSP48E1__ -g -o C:/Users/PC-CST-A3/Desktop/edge-ai-soc/hls/sha256/sha256/solution1/.autopilot/db/sha256.bc -hls-platform-db-name=D:/Vitis_HLS/2022.1/common/technology/xilinx/common/platform.db -hls-platform-name=zynq_slow -device-resource-info=BRAM_280.000000_DSP_220.000000_FF_106400.000000_LUT_53200.000000_SLICE_13300.000000_URAM_0.000000 > C:/Users/PC-CST-A3/Desktop/edge-ai-soc/hls/sha256/sha256/solution1/.autopilot/db/sha256.pp.0.cpp.clang.out.log 2> C:/Users/PC-CST-A3/Desktop/edge-ai-soc/hls/sha256/sha256/solution1/.autopilot/db/sha256.pp.0.cpp.clang.err.log 
Command       ap_eval done; 0.776 sec.
INFO: [HLS 200-10] Analyzing design file 'src/sha256_top.cpp' ... 
INFO-FLOW: Compiling one TU...
Execute       get_config_compile -pragma_strict_mode 
INFO-FLOW: Handling src/sha256_top.cpp as C++
Execute       ap_part_info -name xc7z020-clg484-1 -data info 
INFO-FLOW: Running: GCC PP 39
INFO-FLOW: Source preprocessing
Execute       ap_eval exec -ignorestderr D:/Vitis_HLS/2022.1/win64/tools/clang-3.9-csynth/bin/clang src/sha256_top.cpp -foptimization-record-file=C:/Users/PC-CST-A3/Desktop/edge-ai-soc/hls/sha256/sha256/solution1/.autopilot/db/sha256_top.cpp.clang.diag.yml -mllvm -pass-remarks-missed=reflow|pasta|unroll -mllvm -pass-remarks=reflow|pasta|unroll|inline -fno-limit-debug-info --sysroot D:/Vitis_HLS/2022.1/tps/mingw/8.3.0/win64.o/nt -fhls -fno-exceptions -E -fno-math-errno -c -emit-llvm -mllvm -disable-llvm-optzns -Werror=implicit-function-declaration -Werror=implicit-hls-streams -Werror=return-type -Wpragmas -Wunused-parameter -Wdump-hls-pragmas -fno-threadsafe-statics -fno-use-cxa-atexit -std=gnu++14 -target fpga64-xilinx-mingw32 -fno-threadsafe-statics -fno-use-cxa-atexit -D__VITIS_HLS__ -DAESL_SYN -D__SYNTHESIS__ -D__HLS_SYN__ -I D:/Vitis_HLS/2022.1/common/technology/autopilot -I D:/Vitis_HLS/2022.1/common/technology/autopilot/ap_sysc -include etc/autopilot_ssdm_op.h -D__DSP48E1__ -I /usr/include/x86_64-linux-gnu -o C:/Users/PC-CST-A3/Desktop/edge-ai-soc/hls/sha256/sha256/solution1/.autopilot/db/sha256_top.pp.0.cpp -hls-platform-db-name=D:/Vitis_HLS/2022.1/common/technology/xilinx/common/platform.db -hls-platform-name=zynq_slow -device-resource-info=BRAM_280.000000_DSP_220.000000_FF_106400.000000_LUT_53200.000000_SLICE_13300.000000_URAM_0.000000 > C:/Users/PC-CST-A3/Desktop/edge-ai-soc/hls/sha256/sha256/solution1/.autopilot/db/sha256_top.cpp.clang.out.log 2> C:/Users/PC-CST-A3/Desktop/edge-ai-soc/hls/sha256/sha256/solution1/.autopilot/db/sha256_top.cpp.clang.err.log 
Command       ap_eval done; 0.263 sec.
INFO-FLOW: Done: GCC PP 39 time: 0.3 seconds per iteration
Execute       set_directive_top sha256_top -name=sha256_top 
INFO-FLOW: Source syntax check for synthesis
Execute       ap_eval exec -ignorestderr D:/Vitis_HLS/2022.1/win64/tools/clang-3.9-csynth/bin/clang -foptimization-record-file=C:/Users/PC-CST-A3/Desktop/edge-ai-soc/hls/sha256/sha256/solution1/.autopilot/db/clang.diag.yml -mllvm -pass-remarks-missed=reflow|pasta|unroll -mllvm -pass-remarks=reflow|pasta|unroll|inline -fsyntax-only -fhls -target fpga64-xilinx-linux-gnu C:/Users/PC-CST-A3/Desktop/edge-ai-soc/hls/sha256/sha256/solution1/.autopilot/db/sha256_top.pp.0.cpp -hls-platform-db-name=D:/Vitis_HLS/2022.1/common/technology/xilinx/common/platform.db -hls-platform-name=zynq_slow -device-resource-info=BRAM_280.000000_DSP_220.000000_FF_106400.000000_LUT_53200.000000_SLICE_13300.000000_URAM_0.000000 > C:/Users/PC-CST-A3/Desktop/edge-ai-soc/hls/sha256/sha256/solution1/.autopilot/db/clang.out.log 2> C:/Users/PC-CST-A3/Desktop/edge-ai-soc/hls/sha256/sha256/solution1/.autopilot/db/clang.err.log 
Command       ap_eval done; 0.542 sec.
Execute       clang_tidy xilinx-systemc-detector -desc systemc-detector C:/Users/PC-CST-A3/Desktop/edge-ai-soc/hls/sha256/sha256/solution1/.autopilot/db/sha256_top.pp.0.cpp std=gnu++14 -target fpga  -directive=C:/Users/PC-CST-A3/Desktop/edge-ai-soc/hls/sha256/sha256/solution1/.autopilot/db/.systemc_flag 
INFO-FLOW: exec D:/Vitis_HLS/2022.1/win64/tools/clang-3.9-csynth/bin/clang-tidy -header-filter=.* --checks=-*,xilinx-systemc-detector -import-directive=C:/Users/PC-CST-A3/Desktop/edge-ai-soc/hls/sha256/sha256/solution1/.autopilot/db/.systemc_flag -fix-errors C:/Users/PC-CST-A3/Desktop/edge-ai-soc/hls/sha256/sha256/solution1/.autopilot/db/sha256_top.pp.0.cpp -- -std=gnu++14 -target fpga -fhls -ferror-limit=0
Command       clang_tidy done; 0.461 sec.
INFO-FLOW: Running: clang-tidy CDT preprocess 39
Execute       clang_tidy xilinx-directive2pragma -desc directive2pragma C:/Users/PC-CST-A3/Desktop/edge-ai-soc/hls/sha256/sha256/solution1/.autopilot/db/sha256_top.pp.0.cpp std=gnu++14 -target fpga  -directive=C:/Users/PC-CST-A3/Desktop/edge-ai-soc/hls/sha256/sha256/solution1/.autopilot/db/all.directive.json 
INFO-FLOW: exec D:/Vitis_HLS/2022.1/win64/tools/clang-3.9-csynth/bin/clang-tidy -header-filter=.* --checks=-*,xilinx-directive2pragma -import-directive=C:/Users/PC-CST-A3/Desktop/edge-ai-soc/hls/sha256/sha256/solution1/.autopilot/db/all.directive.json -fix-errors C:/Users/PC-CST-A3/Desktop/edge-ai-soc/hls/sha256/sha256/solution1/.autopilot/db/sha256_top.pp.0.cpp -- -std=gnu++14 -target fpga -fhls -ferror-limit=0
Command       clang_tidy done; 0.689 sec.
Execute       clang_tidy xilinx-remove-assert -desc remove-assert C:/Users/PC-CST-A3/Desktop/edge-ai-soc/hls/sha256/sha256/solution1/.autopilot/db/sha256_top.pp.0.cpp std=gnu++14 -target fpga  
INFO-FLOW: exec D:/Vitis_HLS/2022.1/win64/tools/clang-3.9-csynth/bin/clang-tidy -header-filter=.* --checks=-*,xilinx-remove-assert -fix-errors C:/Users/PC-CST-A3/Desktop/edge-ai-soc/hls/sha256/sha256/solution1/.autopilot/db/sha256_top.pp.0.cpp -- -std=gnu++14 -target fpga -fhls -ferror-limit=0
Command       clang_tidy done; 0.418 sec.
INFO-FLOW: Done: clang-tidy CDT preprocess 39 time: 1.1 seconds per iteration
INFO-FLOW: Calling xilinx-label-all-loops ... 
INFO-FLOW: Calling xilinx-aggregate-on-hls-vector ... 
Execute       clang_tidy -errorcheck -desc loop-label xilinx-label-all-loops,xilinx-aggregate-on-hls-vector,,xilinx-warn-mayneed-no-ctor-attribute C:/Users/PC-CST-A3/Desktop/edge-ai-soc/hls/sha256/sha256/solution1/.autopilot/db/sha256_top.pp.0.cpp std=gnu++14 -target fpga  
Execute         ap_eval exec -ignorestderr D:/Vitis_HLS/2022.1/win64/tools/clang-3.9-csynth/bin/clang-tidy -export-fixes=C:/Users/PC-CST-A3/Desktop/edge-ai-soc/hls/sha256/sha256/solution1/.autopilot/db/sha256_top.pp.0.cpp.clang-tidy.loop-label.diag.yml -header-filter=.* --checks=-*,xilinx-label-all-loops,xilinx-aggregate-on-hls-vector,,xilinx-warn-mayneed-no-ctor-attribute -fix-errors C:/Users/PC-CST-A3/Desktop/edge-ai-soc/hls/sha256/sha256/solution1/.autopilot/db/sha256_top.pp.0.cpp -- -std=gnu++14 -target fpga -fhls -ferror-limit=0 > C:/Users/PC-CST-A3/Desktop/edge-ai-soc/hls/sha256/sha256/solution1/.autopilot/db/sha256_top.pp.0.cpp.clang-tidy.loop-label.out.log 2> C:/Users/PC-CST-A3/Desktop/edge-ai-soc/hls/sha256/sha256/solution1/.autopilot/db/sha256_top.pp.0.cpp.clang-tidy.loop-label.err.log 
Command         ap_eval done; 0.74 sec.
Command       clang_tidy done; 0.765 sec.
Execute       get_config_dataflow -strict_mode 
Execute       ap_eval exec -ignorestderr D:/Vitis_HLS/2022.1/win64/tools/clang-3.9-csynth/bin/xilinx-dataflow-lawyer -export-fixes=C:/Users/PC-CST-A3/Desktop/edge-ai-soc/hls/sha256/sha256/solution1/.autopilot/db/sha256_top.pp.0.cpp.xilinx-dataflow-lawyer.diag.yml C:/Users/PC-CST-A3/Desktop/edge-ai-soc/hls/sha256/sha256/solution1/.autopilot/db/sha256_top.pp.0.cpp -- -std=gnu++14 -target fpga -fhls -ferror-limit=0 -fstrict-dataflow > C:/Users/PC-CST-A3/Desktop/edge-ai-soc/hls/sha256/sha256/solution1/.autopilot/db/sha256_top.pp.0.cpp.xilinx-dataflow-lawyer.out.log 2> C:/Users/PC-CST-A3/Desktop/edge-ai-soc/hls/sha256/sha256/solution1/.autopilot/db/sha256_top.pp.0.cpp.xilinx-dataflow-lawyer.err.log 
Command       ap_eval done; 0.465 sec.
Execute       ap_part_info -name xc7z020-clg484-1 -data info 
INFO-FLOW: compiling source code to llvm bc
Execute       ap_eval exec -ignorestderr D:/Vitis_HLS/2022.1/win64/tools/clang-3.9-csynth/bin/clang -foptimization-record-file=C:/Users/PC-CST-A3/Desktop/edge-ai-soc/hls/sha256/sha256/solution1/.autopilot/db/sha256_top.pp.0.cpp.clang.diag.yml -mllvm -pass-remarks-missed=reflow|pasta|unroll -mllvm -pass-remarks=reflow|pasta|unroll|inline -fno-limit-debug-info -fhls -flto -fno-exceptions -Wno-error=c++11-narrowing C:/Users/PC-CST-A3/Desktop/edge-ai-soc/hls/sha256/sha256/solution1/.autopilot/db/sha256_top.pp.0.cpp -fno-math-errno -c -emit-llvm -mllvm -disable-llvm-optzns -Werror=implicit-function-declaration -Werror=implicit-hls-streams -Werror=return-type -Wpragmas -Wunused-parameter -Wdump-hls-pragmas -fno-threadsafe-statics -fno-use-cxa-atexit -std=gnu++14 -target fpga64-xilinx-linux-gnu -D__VITIS_HLS__ -DAESL_SYN -D__SYNTHESIS__ -D__HLS_SYN__ -I D:/Vitis_HLS/2022.1/common/technology/autopilot -I D:/Vitis_HLS/2022.1/common/technology/autopilot/ap_sysc -include etc/autopilot_ssdm_op.h -D__DSP48E1__ -g -o C:/Users/PC-CST-A3/Desktop/edge-ai-soc/hls/sha256/sha256/solution1/.autopilot/db/sha256_top.bc -hls-platform-db-name=D:/Vitis_HLS/2022.1/common/technology/xilinx/common/platform.db -hls-platform-name=zynq_slow -device-resource-info=BRAM_280.000000_DSP_220.000000_FF_106400.000000_LUT_53200.000000_SLICE_13300.000000_URAM_0.000000 > C:/Users/PC-CST-A3/Desktop/edge-ai-soc/hls/sha256/sha256/solution1/.autopilot/db/sha256_top.pp.0.cpp.clang.out.log 2> C:/Users/PC-CST-A3/Desktop/edge-ai-soc/hls/sha256/sha256/solution1/.autopilot/db/sha256_top.pp.0.cpp.clang.err.log 
Command       ap_eval done; 0.56 sec.
INFO: [HLS 200-111] Finished Source Code Analysis and Preprocessing: CPU user time: 0 seconds. CPU system time: 0 seconds. Elapsed time: 9.831 seconds; current allocated memory: 1.378 GB.
INFO-FLOW: Linking Debug ...
INFO-FLOW: Linking dut bc code.
Execute       run_link_or_opt -out C:/Users/PC-CST-A3/Desktop/edge-ai-soc/hls/sha256/sha256/solution1/.autopilot/db/a.g.ld.0.bc -args  "C:/Users/PC-CST-A3/Desktop/edge-ai-soc/hls/sha256/sha256/solution1/.autopilot/db/sha256.g.bc" "C:/Users/PC-CST-A3/Desktop/edge-ai-soc/hls/sha256/sha256/solution1/.autopilot/db/sha256_top.g.bc"  
Execute         ap_eval exec -ignorestderr D:/Vitis_HLS/2022.1/win64/tools/clang-3.9-csynth/bin/llvm-link C:/Users/PC-CST-A3/Desktop/edge-ai-soc/hls/sha256/sha256/solution1/.autopilot/db/sha256.g.bc C:/Users/PC-CST-A3/Desktop/edge-ai-soc/hls/sha256/sha256/solution1/.autopilot/db/sha256_top.g.bc -o C:/Users/PC-CST-A3/Desktop/edge-ai-soc/hls/sha256/sha256/solution1/.autopilot/db/a.g.ld.0.bc > C:/Users/PC-CST-A3/Desktop/edge-ai-soc/hls/sha256/sha256/solution1/.autopilot/db/a.g.ld.0.bc.llvm-link.out.log 2> C:/Users/PC-CST-A3/Desktop/edge-ai-soc/hls/sha256/sha256/solution1/.autopilot/db/a.g.ld.0.bc.llvm-link.err.log 
INFO-FLOW: 
Execute       run_link_or_opt -opt -out C:/Users/PC-CST-A3/Desktop/edge-ai-soc/hls/sha256/sha256/solution1/.autopilot/db/a.g.ld.1.lower.bc -args C:/Users/PC-CST-A3/Desktop/edge-ai-soc/hls/sha256/sha256/solution1/.autopilot/db/a.g.ld.0.bc -reflow-lower-math-intrinsics 
Execute         ap_eval exec -ignorestderr D:/Vitis_HLS/2022.1/win64/tools/clang-3.9-csynth/bin/opt -pass-remarks-missed=reflow|pasta|unroll -pass-remarks=reflow|pasta|unroll|inline -pass-remarks-output=C:/Users/PC-CST-A3/Desktop/edge-ai-soc/hls/sha256/sha256/solution1/.autopilot/db/a.g.ld.1.lower.bc.opt.diag.yml C:/Users/PC-CST-A3/Desktop/edge-ai-soc/hls/sha256/sha256/solution1/.autopilot/db/a.g.ld.0.bc -reflow-lower-math-intrinsics -o C:/Users/PC-CST-A3/Desktop/edge-ai-soc/hls/sha256/sha256/solution1/.autopilot/db/a.g.ld.1.lower.bc > C:/Users/PC-CST-A3/Desktop/edge-ai-soc/hls/sha256/sha256/solution1/.autopilot/db/a.g.ld.1.lower.bc.opt.out.log 2> C:/Users/PC-CST-A3/Desktop/edge-ai-soc/hls/sha256/sha256/solution1/.autopilot/db/a.g.ld.1.lower.bc.opt.err.log 
Command         ap_eval done; 0.231 sec.
INFO-FLOW: 
Command       run_link_or_opt done; 0.237 sec.
INFO-FLOW: Linking math bc lib
Execute       run_link_or_opt -out C:/Users/PC-CST-A3/Desktop/edge-ai-soc/hls/sha256/sha256/solution1/.autopilot/db/a.g.ld.2.m1.bc -args C:/Users/PC-CST-A3/Desktop/edge-ai-soc/hls/sha256/sha256/solution1/.autopilot/db/a.g.ld.1.lower.bc -only-needed D:/Vitis_HLS/2022.1/win64/lib/libhlsm_39.bc D:/Vitis_HLS/2022.1/win64/lib/libhlsmc++_39.bc 
Execute         ap_eval exec -ignorestderr D:/Vitis_HLS/2022.1/win64/tools/clang-3.9-csynth/bin/llvm-link C:/Users/PC-CST-A3/Desktop/edge-ai-soc/hls/sha256/sha256/solution1/.autopilot/db/a.g.ld.1.lower.bc -only-needed D:/Vitis_HLS/2022.1/win64/lib/libhlsm_39.bc D:/Vitis_HLS/2022.1/win64/lib/libhlsmc++_39.bc -o C:/Users/PC-CST-A3/Desktop/edge-ai-soc/hls/sha256/sha256/solution1/.autopilot/db/a.g.ld.2.m1.bc > C:/Users/PC-CST-A3/Desktop/edge-ai-soc/hls/sha256/sha256/solution1/.autopilot/db/a.g.ld.2.m1.bc.llvm-link.out.log 2> C:/Users/PC-CST-A3/Desktop/edge-ai-soc/hls/sha256/sha256/solution1/.autopilot/db/a.g.ld.2.m1.bc.llvm-link.err.log 
Command         ap_eval done; 2.563 sec.
INFO-FLOW: 
Command       run_link_or_opt done; 2.567 sec.
Execute       run_link_or_opt -opt -out C:/Users/PC-CST-A3/Desktop/edge-ai-soc/hls/sha256/sha256/solution1/.autopilot/db/a.g.ld.3.fpc.bc -args C:/Users/PC-CST-A3/Desktop/edge-ai-soc/hls/sha256/sha256/solution1/.autopilot/db/a.g.ld.2.m1.bc -reflow-globaldce -hls-top-function-name=sha256_top -reflow-float-conversion 
Execute         ap_eval exec -ignorestderr D:/Vitis_HLS/2022.1/win64/tools/clang-3.9-csynth/bin/opt -pass-remarks-missed=reflow|pasta|unroll -pass-remarks=reflow|pasta|unroll|inline -pass-remarks-output=C:/Users/PC-CST-A3/Desktop/edge-ai-soc/hls/sha256/sha256/solution1/.autopilot/db/a.g.ld.3.fpc.bc.opt.diag.yml C:/Users/PC-CST-A3/Desktop/edge-ai-soc/hls/sha256/sha256/solution1/.autopilot/db/a.g.ld.2.m1.bc -reflow-globaldce -hls-top-function-name=sha256_top -reflow-float-conversion -o C:/Users/PC-CST-A3/Desktop/edge-ai-soc/hls/sha256/sha256/solution1/.autopilot/db/a.g.ld.3.fpc.bc > C:/Users/PC-CST-A3/Desktop/edge-ai-soc/hls/sha256/sha256/solution1/.autopilot/db/a.g.ld.3.fpc.bc.opt.out.log 2> C:/Users/PC-CST-A3/Desktop/edge-ai-soc/hls/sha256/sha256/solution1/.autopilot/db/a.g.ld.3.fpc.bc.opt.err.log 
Command         ap_eval done; 0.918 sec.
INFO-FLOW: 
Command       run_link_or_opt done; 0.925 sec.
Execute       run_link_or_opt -out C:/Users/PC-CST-A3/Desktop/edge-ai-soc/hls/sha256/sha256/solution1/.autopilot/db/a.g.ld.4.m2.bc -args C:/Users/PC-CST-A3/Desktop/edge-ai-soc/hls/sha256/sha256/solution1/.autopilot/db/a.g.ld.3.fpc.bc -only-needed D:/Vitis_HLS/2022.1/win64/lib/libfloatconversion_39.bc 
Execute         ap_eval exec -ignorestderr D:/Vitis_HLS/2022.1/win64/tools/clang-3.9-csynth/bin/llvm-link C:/Users/PC-CST-A3/Desktop/edge-ai-soc/hls/sha256/sha256/solution1/.autopilot/db/a.g.ld.3.fpc.bc -only-needed D:/Vitis_HLS/2022.1/win64/lib/libfloatconversion_39.bc -o C:/Users/PC-CST-A3/Desktop/edge-ai-soc/hls/sha256/sha256/solution1/.autopilot/db/a.g.ld.4.m2.bc > C:/Users/PC-CST-A3/Desktop/edge-ai-soc/hls/sha256/sha256/solution1/.autopilot/db/a.g.ld.4.m2.bc.llvm-link.out.log 2> C:/Users/PC-CST-A3/Desktop/edge-ai-soc/hls/sha256/sha256/solution1/.autopilot/db/a.g.ld.4.m2.bc.llvm-link.err.log 
Command         ap_eval done; 0.115 sec.
INFO-FLOW: 
Command       run_link_or_opt done; 0.12 sec.
Execute       run_link_or_opt -opt -out C:/Users/PC-CST-A3/Desktop/edge-ai-soc/hls/sha256/sha256/solution1/.autopilot/db/a.g.ld.5.gdce.bc -args C:/Users/PC-CST-A3/Desktop/edge-ai-soc/hls/sha256/sha256/solution1/.autopilot/db/a.g.ld.4.m2.bc -reflow-globaldce -hls-top-function-name=sha256_top 
Execute         ap_eval exec -ignorestderr D:/Vitis_HLS/2022.1/win64/tools/clang-3.9-csynth/bin/opt -pass-remarks-missed=reflow|pasta|unroll -pass-remarks=reflow|pasta|unroll|inline -pass-remarks-output=C:/Users/PC-CST-A3/Desktop/edge-ai-soc/hls/sha256/sha256/solution1/.autopilot/db/a.g.ld.5.gdce.bc.opt.diag.yml C:/Users/PC-CST-A3/Desktop/edge-ai-soc/hls/sha256/sha256/solution1/.autopilot/db/a.g.ld.4.m2.bc -reflow-globaldce -hls-top-function-name=sha256_top -o C:/Users/PC-CST-A3/Desktop/edge-ai-soc/hls/sha256/sha256/solution1/.autopilot/db/a.g.ld.5.gdce.bc > C:/Users/PC-CST-A3/Desktop/edge-ai-soc/hls/sha256/sha256/solution1/.autopilot/db/a.g.ld.5.gdce.bc.opt.out.log 2> C:/Users/PC-CST-A3/Desktop/edge-ai-soc/hls/sha256/sha256/solution1/.autopilot/db/a.g.ld.5.gdce.bc.opt.err.log 
INFO-FLOW: 
Execute       get_solution -flow_target 
Execute       get_config_export -xo 
Execute       get_config_export -format 
Execute       get_config_rtl -module_prefix 
Execute       get_config_interface -default_slave_interface 
Execute       get_solution -flow_target 
Execute       get_config_export -xo 
Execute       get_config_export -format 
Execute       get_config_interface -m_axi_offset 
Execute       get_config_interface -m_axi_latency 
Execute       get_config_interface -m_axi_alignment_byte_size 
Execute       get_config_interface -m_axi_min_bitwidth 
Execute       get_config_interface -m_axi_max_bitwidth 
Execute       get_config_interface -m_axi_max_widen_bitwidth 
Execute       get_config_interface -m_axi_num_read_outstanding 
Execute       get_config_interface -m_axi_num_write_outstanding 
Execute       get_config_interface -m_axi_max_read_burst_length 
Execute       get_config_interface -m_axi_max_write_burst_length 
Execute       get_config_interface -m_axi_min_bitwidth 
Execute       get_config_interface -m_axi_max_bitwidth 
Execute       get_config_interface -m_axi_latency 
Execute       get_config_interface -m_axi_min_bitwidth 
Execute       get_config_interface -m_axi_max_bitwidth 
Execute       get_config_interface -m_axi_max_widen_bitwidth 
Execute       get_config_interface -m_axi_auto_max_ports 
Execute       get_config_interface -m_axi_num_read_outstanding 
Execute       get_config_interface -m_axi_num_write_outstanding 
Execute       get_config_interface -m_axi_max_read_burst_length 
Execute       get_config_interface -m_axi_max_write_burst_length 
Execute       get_config_interface -s_axilite_data64 
Execute       get_config_compile -instruction_warning_threshold 
Execute       get_config_compile -pipeline_loops 
Execute       get_config_interface -m_axi_alignment_byte_size 
Execute       get_config_compile -pragma_strict_mode 
Execute       get_config_compile -pipeline_style 
Execute       get_config_dataflow -strict_mode 
Execute       get_config_array_partition -throughput_driven 
Execute       send_msg_by_id INFO @200-777@%s Vivado 
INFO: [HLS 200-777] Using interface defaults for 'Vivado' flow target.
Execute       is_m_axi_addr64 
Execute       get_clock_period -ns -default 
INFO-FLOW: Doing LTO.
Execute       ap_eval exec -ignorestderr D:/Vitis_HLS/2022.1/win64/tools/clang-3.9-csynth/bin/clang -foptimization-record-file=C:/Users/PC-CST-A3/Desktop/edge-ai-soc/hls/sha256/sha256/solution1/.autopilot/db/a.g.ld.0.bc.clang.diag.yml -mllvm -pass-remarks-missed=reflow|pasta|unroll -mllvm -pass-remarks=reflow|pasta|unroll|inline -fhls -mllvm -hls-top-function-name=sha256_top -mllvm -hls-db-dir -mllvm C:/Users/PC-CST-A3/Desktop/edge-ai-soc/hls/sha256/sha256/solution1/.autopilot/db -emit-llvm -c -target fpga64-xilinx-none -mllvm -xcl-xmlinfo=C:/Users/PC-CST-A3/Desktop/edge-ai-soc/hls/sha256/sha256/solution1/.autopilot/db/kernel.internal.xml -mllvm -top-io-mapping-info=C:/Users/PC-CST-A3/Desktop/edge-ai-soc/hls/sha256/sha256/solution1/.autopilot/db/top-io-fe.xml -mllvm -hls-bitcode-version=3.1 -mllvm -reflow-enable-slave-interface-default-setting=true -mllvm -gen-kernel-xml=false -mllvm -default-maxi-offset=slave -mllvm -maxi-latency=0 -mllvm -hls-maxi-data-size-in-bits=8 -mllvm -hls-maxi-max-data-size-in-bits=1024 -mllvm -hls-max-widen-size-in-bits=0 -mllvm -xcl-kernel-max-mem-ports=0 -mllvm -maxi-read-trans=16 -mllvm -maxi-write-trans=16 -mllvm -maxi-read-burst-len=16 -mllvm -maxi-write-burst-len=16 -mllvm -reflow-enable-saxi-64bits=0 -mllvm -reflow-basic-block-instr-threshold=200000 -mllvm -reflow-auto-pipeline-threshold=64 -mllvm -assume-maxi-align=0 -mllvm -no-unaligned-maxi-accesses -mllvm -reflow-pipeline-style-llvm-setting=2 -mllvm -reflow-enable-dataflow-strict-mode-checking=1 -mllvm -reflow-auto-array-partition-mode=default -mllvm -reflow-enable-auto-array-partition=true -mllvm -reflow-enable-auto-parallel-performance-driven=true -mllvm -reflow-enable-partition-for-automation=true -mllvm -reflow-aggregate-bitwidth-threshold=4096 -mllvm -hls -mllvm -disable-inlined-alloca-merging=true -x ir C:/Users/PC-CST-A3/Desktop/edge-ai-soc/hls/sha256/sha256/solution1/.autopilot/db/a.g.ld.5.gdce.bc -o C:/Users/PC-CST-A3/Desktop/edge-ai-soc/hls/sha256/sha256/solution1/.autopilot/db/a.g.lto.bc -hls-platform-db-name=D:/Vitis_HLS/2022.1/common/technology/xilinx/common/platform.db -hls-platform-name=zynq_slow -device-resource-info=BRAM_280.000000_DSP_220.000000_FF_106400.000000_LUT_53200.000000_SLICE_13300.000000_URAM_0.000000 > C:/Users/PC-CST-A3/Desktop/edge-ai-soc/hls/sha256/sha256/solution1/.autopilot/db/a.g.ld.0.bc.clang.out.log 2> C:/Users/PC-CST-A3/Desktop/edge-ai-soc/hls/sha256/sha256/solution1/.autopilot/db/a.g.ld.0.bc.clang.err.log 
Command       ap_eval done; 0.787 sec.
INFO: [HLS 214-186] Unrolling loop 'LOAD_W' (src/sha256.cpp:33:10) in function 'sha256_process_block' completely with a factor of 16 (src/sha256.cpp:21:0)
INFO: [HLS 214-248] Applying array_partition to '_ZL1K': Complete partitioning on dimension 1. (src/sha256.h:42:0)
INFO: [HLS 214-248] Applying array_partition to 'W': Complete partitioning on dimension 1. (src/sha256.cpp:28:11)
INFO: [HLS 214-248] Applying array_partition to 'block': Complete partitioning on dimension 1. (src/sha256_top.cpp:55:18)
INFO: [HLS 214-115] Multiple burst writes of length 8 and bit width 32 in loop 'STORE_DIGEST'(src/sha256_top.cpp:70:19) has been inferred on bundle 'DATA'. These burst requests might be further partitioned into multiple requests during RTL generation, based on max_read_burst_length or max_write_burst_length settings. (src/sha256_top.cpp:70:19)
INFO-FLOW: DBG:PUTS: copy_raw_kernel_xml ap_link_39: kernel.xml not generated: C:/Users/PC-CST-A3/Desktop/edge-ai-soc/hls/sha256/sha256/solution1/.autopilot/db/kernel.internal.xml
INFO: [HLS 200-111] Finished Compiling Optimization and Transform: CPU user time: 0 seconds. CPU system time: 0 seconds. Elapsed time: 5.01 seconds; current allocated memory: 1.378 GB.
INFO: [HLS 200-111] Finished Checking Pragmas: CPU user time: 0 seconds. CPU system time: 0 seconds. Elapsed time: 0.008 seconds; current allocated memory: 1.378 GB.
Execute       opt_and_import_c a -opt_level=2 -skip_syncheck=0 -ng=0 -keep_printf=0 
Execute         cleanup_all_models 
INFO: [HLS 200-10] Starting code transformations ...
INFO-FLOW: Running Standard Transforms...
Execute         transform -hls -share-std-xform -demangle-name -inline-byval-memcpy -always-inline -promote-dbg-pointer -interface-preproc -mem2reg -scalarrepl -mem2reg -keep-read-access -instcombine -dce -promote-dbg-pointer -bitop-raise -loop-simplify -indvarspre -indvars -loop-simplify -xunroll -constprop -instcombine -simplifycfg -indvars -simplifycfg -dce -globaldce -basicaa -simplifycfg -mem2reg -globalopt -global-constprop -deadargelim -instcombine -simplifycfg -scalarrepl -instcombine -reassociate -licm -simplifycfg -loop-simplify -indvars -instcombine -simplifycfg -mem2reg -loop-simplify -indvars -instcombine -gvn -gvn -instcombine -adce -break-crit-edges -simplifycfg -loop-delete -global-array-opt -dce -dse -adce -find-syn-modules -top sha256_top -deadargelim -mem2reg -instcombine -dce -presyn-prepare -auto-rom-infer -interface-preproc -syn-check -check-rec-only -find-region -simplifycfg -func-extr -function-inline -globaldce -mem2reg -instcombine -dce -gvn -globaldce -adce -adse -constprop -instcombine -bit-constprop -instcombine -dce -simplifycfg -bitop-raise -simplifycfg -dce -loop-delete -reassociate -globalopt -global-privatize -mem2reg -dce -global-constprop -pointer-simplify -constprop -dce -func-inst -deadargelim -auto-shift-reg-idiom -promote-dbg-pointer -norm-name C:/Users/PC-CST-A3/Desktop/edge-ai-soc/hls/sha256/sha256/solution1/.autopilot/db/a.g.0.bc -o C:/Users/PC-CST-A3/Desktop/edge-ai-soc/hls/sha256/sha256/solution1/.autopilot/db/a.g.1.bc -f -phase std-opt 
Command         transform done; 0.462 sec.
INFO: [HLS 200-111] Finished Standard Transforms: CPU user time: 0 seconds. CPU system time: 0 seconds. Elapsed time: 0.481 seconds; current allocated memory: 1.378 GB.
INFO: [HLS 200-10] Checking synthesizability ...
INFO-FLOW: Checking Synthesizability 1/2..
Execute         transform -hls -syn-check -check-rec-only -scalarrepl -norm-name -dce -mem2reg -instcombine -function-uniquify -directive-preproc -mem2reg -dse -dce -auto-rom-infer -dce -pag -array-normalize -instcombine -dce -array-seg-normalize -instcombine -dce -data-pack -instcombine -dce -inst-simplify -array-flatten -instcombine -dce -array-burst -dce -deadargelim -promote-global-argument -simplifycfg -mem2reg -globaldce -dce -deadargelim -dce -instcombine -function-inline -globaldce -dce -doublePtrSimplify -doublePtrElim -dce -doublePtrSimplify -promote-dbg-pointer -dce -scalarrepl -dse -adse -instcombine -ptrLegalization -simplifycfg -dce -instcombine -pointer-simplify -ptrArgReplace -dce -instcombine -resolve-double-ptr -scalarrepl -norm-name -dce -mem2reg -instcombine -ptrLegalization -simplifycfg -deadargelim -instcombine -dce -inst-simplify -function-uniquify -directive-preproc -mem2reg -dse -dce -globaldce C:/Users/PC-CST-A3/Desktop/edge-ai-soc/hls/sha256/sha256/solution1/.autopilot/db/a.g.1.bc -o C:/Users/PC-CST-A3/Desktop/edge-ai-soc/hls/sha256/sha256/solution1/.autopilot/db/a.g.2.prechk.bc -f 
INFO-FLOW: Checking Synthesizability 2/2..
Execute         transform -syn-check C:/Users/PC-CST-A3/Desktop/edge-ai-soc/hls/sha256/sha256/solution1/.autopilot/db/a.g.2.prechk.bc -o C:/Users/PC-CST-A3/Desktop/edge-ai-soc/hls/sha256/sha256/solution1/.autopilot/db/a.g.2.bc -f -phase syn-check 
INFO: [HLS 200-111] Finished Checking Synthesizability: CPU user time: 0 seconds. CPU system time: 0 seconds. Elapsed time: 0.097 seconds; current allocated memory: 1.378 GB.
INFO-FLOW: Compiler optimizing ...
INFO-FLOW: Share syncheck's 1.bc for syn flow: copy C:/Users/PC-CST-A3/Desktop/edge-ai-soc/hls/sha256/sha256/solution1/.autopilot/db/a.g.1.bc to C:/Users/PC-CST-A3/Desktop/edge-ai-soc/hls/sha256/sha256/solution1/.autopilot/db/a.o.1.bc
INFO-FLOW: Presyn 1...
Execute         transform -hls -tmp C:/Users/PC-CST-A3/Desktop/edge-ai-soc/hls/sha256/sha256/solution1/.autopilot/db -interface-port-rename -function-uniquify -directive-preproc -mem2reg -dse -dce -scalarrepl -norm-name -deadargelim -mem2reg -instcombine -dce -simplifycfg -auto-rom-infer -dce -function-uniquify -resource-proc -clib-intrinsic-prepare -dce -func-buffer -dce -pag -array-normalize -func-legal -instcombine -gvn -constprop -dce -simplifycfg -mem2reg -globaldce -resolve-double-ptr -dce -deadargelim -dce -instcombine -ptrArgReplace -mem2reg -dce -array-seg-normalize -deadargelim -instcombine -dce -function-uniquify -directive-preproc -mem2reg -dse -dce -pointer-simplify -dce -port-alignment -dce -interface-preproc -data-pack -instcombine -dce -basicaa -aggr-aa -aggrmodref-aa -aggr-aa -gvn -gvn -basicaa -aggr-aa -aggrmodref-aa -aggr-aa -dse -adse -adce -loop-simplify -indvars -instcombine -gvn -loop-simplify -mem2reg -dce -find-region -instcombine -auto-loop-pipeline -inst-simplify -interface-preproc -cfgopt -instcombine -indvars -auto-loop-unroll -loop-simplify -loop-bound -xunroll -constprop -instcombine -simplifycfg -indvars -simplifycfg -dce -globaldce -clean-region -attach-range -gvn -inst-simplify -constprop -simplifycfg -dce -pointer-simplify -dce -globalopt -constprop -dce -array-promote -scalar-auto-dep-elim -constprop -dce -ptrArgReplace -mem2reg -simplifycfg -dce -instcombine -dce -array-transform-check -array-reshape -instcombine -simplifycfg -dce -ptrArgReplace -deadargelim -mem2reg -instcombine -simplifycfg -dce -indvars -loop-simplify -loop-bound -xunroll -constprop -instcombine -simplifycfg -indvars -simplifycfg -dce -globaldce -basicaa -aggr-aa -aggrmodref-aa -aggr-aa -dse -duplicate-dataflow-processes -globaldce -instcombine -array-partition -prepare-dynamic-array-partition -instcombine -simplifycfg -dce -ptrArgReplace -global-constprop -deadargelim -mem2reg -func-legal -dce -global-constprop -deadargelim -mem2reg -simplifycfg -dce -merge-param -deadargelim -globalopt -constprop -dce -array-promote -scalar-auto-dep-elim -constprop -dce -ptrArgReplace -mem2reg -simplifycfg -dce -mem-intrinsic-preproc -dce -global-internalize -global-privatize -mem2reg -globaldce -promote-global-argument -ptrArgReplace -mem2reg -dce -globalopt -mergereturn -simplify-global-access -mem2reg -dce -pointer-simplify -dce -functionattrs -basicaa -aggr-aa -aggrmodref-aa -aggr-aa -gvn -gvn -basicaa -aggr-aa -aggrmodref-aa -aggr-aa -dse -adse -adce -dce -norm-name -basicaa -aggr-aa -aggrmodref-aa -aggr-aa -accesses-merge -function-inline -complex-op-raise -inst-simplify -globaldce -func-inst -constprop -instcombine -simplifycfg -dce -func-legal -dce -loop-bound -arraycheck -bitwidthmin2 -bitwidthmin2 -on-by-dataflow -loop-delete -instcombine -simplifycfg -globaldce -dce -gvn -deadargelim -dce -loop-simplify -clean-region -simplifycfg -propagate-stable-arguments -loop-stream -instcombine -simplifycfg -dce -globaldce -duplicate-dataflow-processes -stream-intrinsic-preproc -dce -check-ap-stream -loop-simplify -eliminate-keepreads -extract-dataflow-in-loop -loop-simplify -dce -gvn -deadargelim -dse -duplicate-dataflow-processes -check-dataflow-syntax -legalize-stream-variable -legalize-global -extract-subproc -dce -dead-channel-elimination -canonicalize-gep -globaldce -dce -gvn -hls-dead-arg-elim -deadargelim -directive-preproc -annotate-dataflow-channels -canonicalize-dataflow -dce -globaldce -scalar-preprocessing -scalar-propagation2 -deadargelim -globaldce -mem2reg -check-dataflow-channels -function-stream -dce -globaldce -prop-fifo-spec -internal-stream-gen -canonicalize-gep -globaldce -dce -gvn -deadargelim -mergereturn -indvars -loop-simplify -instcombine -array-stream -array-seg-normalize -array-partition -func-legal -instcombine -simplifycfg -dce -bundle-memfifo-ops -deadargelim -function-uniquify -directive-preproc -mem2reg -dse -dce -group-axi-access -licm -simplifycfg -dce -loop-delete -hls-display -norm-name C:/Users/PC-CST-A3/Desktop/edge-ai-soc/hls/sha256/sha256/solution1/.autopilot/db/a.o.1.bc -o C:/Users/PC-CST-A3/Desktop/edge-ai-soc/hls/sha256/sha256/solution1/.autopilot/db/a.o.1.tmp.bc -f 
Command         transform done; 0.187 sec.
INFO-FLOW: Presyn 2...
Execute         transform -hls -keep-callgraph -scalarrepl -mem2reg -port-alignment -attach-range -dce -pipe-mux-gen -indvars -loop-bound -inst-simplify -instcombine -dce -merge-array-access -mem2reg -dce -clean-region -mergereturn -if-conv -instcombine -dce -constprop -basicaa -aggr-aa -aggrmodref-aa -aggr-aa -gvn -gvn -basicaa -aggr-aa -aggrmodref-aa -aggr-aa -dse -adse -adce -scalarrepl -mem2reg -global-constprop -deadargelim -deadargelim -instcombine -dce -simplifycfg -ptrArgReplace -mem2reg -function-inline -globaldce -mem2reg -instcombine -dce -expr-balance -instcombine -dce -bitwidthmin2 -bitwidthmin2 -interface-preproc -directive-preproc -inst-rectify -instcombine -dce -functionattrs -constprop -instcombine -bit-constprop -simplify-global-access -globalopt -globaldce -inst-simplify -instcombine -elimdeaddata -dce -loop-delete -simplifycfg -loop-simplify -auto-burst -barrier -norm-name C:/Users/PC-CST-A3/Desktop/edge-ai-soc/hls/sha256/sha256/solution1/.autopilot/db/a.o.1.tmp.bc -o C:/Users/PC-CST-A3/Desktop/edge-ai-soc/hls/sha256/sha256/solution1/.autopilot/db/a.o.2.bc -f -phase presyn 
INFO: [XFORM 203-11] Balancing expressions in function 'sha256_process_block' (src/sha256.cpp:19)...10 expression(s) balanced.
INFO: [HLS 200-111] Finished Loop, function and other optimizations: CPU user time: 1 seconds. CPU system time: 0 seconds. Elapsed time: 0.273 seconds; current allocated memory: 1.378 GB.
Execute         get_config_compile -enable_auto_rewind 
Execute         get_config_compile -enable_loop_extract 
INFO-FLOW: Building ssdm...
Execute         transform -hls -function-uniquify -auto-function-inline -globaldce -ptrArgReplace -mem2reg -dce -reset-lda -loop-simplify -indvars -aggr-aa -licm -loop-dep -loop-bound -licm -loop-simplify -loop-sink-hoist -flattenloopnest -array-flatten -gvn -instcombine -dce -array-map -dce -func-legal -gvn -adce -instcombine -cfgopt -simplifycfg -loop-simplify -array-burst -promote-global-argument -dce -array-seg-normalize -basicaa -aggrmodref-aa -globalsmodref-aa -aggr-aa -gvn -gvn -basicaa -aggrmodref-aa -globalsmodref-aa -aggr-aa -dse -adse -adce -licm -inst-simplify -dce -globaldce -instcombine -array-stream -eliminate-keepreads -instcombine -dce -deadargelim -doublePtrSimplify -doublePtrElim -dce -doublePtrSimplify -promote-dbg-pointer -dce -scalarrepl -mem2reg -norm-name -mem2reg -instcombine -dse -adse -adce -ptrLegalization -dce -auto-rom-infer -array-flatten -dce -instcombine -check-doubleptr -loop-rot -constprop -cfgopt -simplifycfg -loop-simplify -indvars -pointer-simplify -dce -loop-bound -loop-simplify -loop-preproc -constprop -global-constprop -gvn -mem2reg -instcombine -dce -loop-bound -loop-merge -dce -deadargelim -dce -canonicalize-dataflow -dce -deadargelim -globaldce -mem2reg -bram-byte-enable -load-elim -read-loop-dep -loop-simplify -loop-extract-inner -directive-preproc -bitwidthmin2 -bitwidthmin2 -read-loop-dep -interface-preproc -directive-preproc -interface-gen -bram-byte-enable-spec-prop -deadargelim -inst-simplify -dce -gvn -mem2reg -instcombine -dce -adse -loop-bound -instcombine -cfgopt -simplifycfg -loop-simplify -clean-region -io-protocol -find-region -mem2reg -bitop-raise -complex-op-raise -inst-simplify -inst-rectify -instcombine -adce -deadargelim -float-op-raise -loop-simplify -phi-opt -bitop-raise -cfgopt -simplifycfg -strip-dead-prototypes -interface-lower -bitop-lower -intrinsic-lower -auto-function-inline -basicaa -aggrmodref-aa -globalsmodref-aa -aggr-aa -inst-simplify -simplifycfg -loop-simplify -mergereturn -inst-simplify -inst-rectify -dce -load-elim -bitop-lower -float-op-raise -fma-raise -loop-rewind -pointer-simplify -dce -cfgopt -dce -loop-bound -loop-dep -read-loop-dep -dce -dyn-mem-reuse -dce -recurrence-min -dce -share-scalar-alloca -deadargelim -dce -check-stream -norm-name -legalize -validate-dataflow -inst-clarity -bitwidth -dump-loop-dep-to-ir -check-all-ssdm -cdfg-build C:/Users/PC-CST-A3/Desktop/edge-ai-soc/hls/sha256/sha256/solution1/.autopilot/db/a.o.2.bc -o C:/Users/PC-CST-A3/Desktop/edge-ai-soc/hls/sha256/sha256/solution1/.autopilot/db/a.o.3.bc -f -phase build-ssdm 
WARNING: [HLS 200-960] Cannot flatten loop 'HASH_BLOCKS' (src/sha256_top.cpp:50:9) in function 'sha256_top' the outer loop is not a perfect loop because there is nontrivial logic in the loop latch.
INFO: [HLS 200-472] Inferring partial write operation for 'H' (src/sha256_top.cpp:37:10)
INFO: [HLS 200-472] Inferring partial write operation for 'H' (src/sha256_top.cpp:38:10)
INFO: [HLS 200-472] Inferring partial write operation for 'H' (src/sha256_top.cpp:39:10)
INFO: [HLS 200-472] Inferring partial write operation for 'H' (src/sha256_top.cpp:40:10)
INFO: [HLS 200-472] Inferring partial write operation for 'H' (src/sha256_top.cpp:41:10)
INFO: [HLS 200-472] Inferring partial write operation for 'H' (src/sha256_top.cpp:42:10)
INFO: [HLS 200-472] Inferring partial write operation for 'H' (src/sha256_top.cpp:43:10)
INFO: [HLS 200-472] Inferring partial write operation for 'H' (src/sha256_top.cpp:44:10)
INFO: [HLS 200-472] Inferring partial write operation for 'H' (src/sha256.cpp:97:10)
INFO: [HLS 200-472] Inferring partial write operation for 'H' (src/sha256.cpp:98:10)
INFO: [HLS 200-472] Inferring partial write operation for 'H' (src/sha256.cpp:99:10)
INFO: [HLS 200-472] Inferring partial write operation for 'H' (src/sha256.cpp:100:10)
INFO: [HLS 200-472] Inferring partial write operation for 'H' (src/sha256.cpp:101:10)
INFO: [HLS 200-472] Inferring partial write operation for 'H' (src/sha256.cpp:102:10)
INFO: [HLS 200-472] Inferring partial write operation for 'H' (src/sha256.cpp:103:10)
INFO: [HLS 200-472] Inferring partial write operation for 'H' (src/sha256.cpp:104:10)
INFO: [HLS 200-444] Inferring multiple bus burst read of a total cumulative length 16 on port 'DATA' (src/sha256_top.cpp:60:13). These data requests might be further partitioned to multiple requests during RTL generation, based on max_read_burst_length or max_write_burst_length settings.
Command         transform done; 0.371 sec.
INFO: [HLS 200-111] Finished Architecture Synthesis: CPU user time: 0 seconds. CPU system time: 0 seconds. Elapsed time: 0.374 seconds; current allocated memory: 1.378 GB.
INFO-FLOW: Finish building internal data model.
Command       opt_and_import_c done; 1.241 sec.
Command     elaborate done; 16.129 sec.
Execute     ap_eval exec zip -j C:/Users/PC-CST-A3/Desktop/edge-ai-soc/hls/sha256/sha256/solution1/.autopilot/db/dut.hcp $dbDir/a.o.3.bc $dbDir/${topname}.rtl_wrap.cfg.tcl $dbDir/apatb_${topname}.cpp $dbDir/apatb_${topname}_util.cpp $dbDir/apatb_${topname}_ir.ll $dbDir/mapper_${topname}.cpp $dbDir/top-io-fe.xml $dbDir/kernel.internal.xml $workdir/../hls.app 
Command     ap_eval done; 0.164 sec.
Execute     autosyn -from_csynth_design=1 
INFO: [HLS 200-10] Starting hardware synthesis ...
INFO-FLOW: Synthesizing C/C++ design ...
INFO: [HLS 200-10] Synthesizing 'sha256_top' ...
Execute       ap_set_top_model sha256_top 
Execute       get_model_list sha256_top -filter all-wo-channel -topdown 
Execute       preproc_iomode -model sha256_top 
Execute       preproc_iomode -model sha256_top_Pipeline_STORE_DIGEST 
Execute       preproc_iomode -model sha256_process_block 
Execute       preproc_iomode -model sha256_process_block_Pipeline_COMPRESS 
Execute       preproc_iomode -model sha256_process_block_Pipeline_EXPAND_W 
Execute       preproc_iomode -model sha256_top_Pipeline_LOAD_BLOCK 
Execute       get_model_list sha256_top -filter all-wo-channel 
INFO-FLOW: Model list for configure: sha256_top_Pipeline_LOAD_BLOCK sha256_process_block_Pipeline_EXPAND_W sha256_process_block_Pipeline_COMPRESS sha256_process_block sha256_top_Pipeline_STORE_DIGEST sha256_top
INFO-FLOW: Configuring Module : sha256_top_Pipeline_LOAD_BLOCK ...
Execute       set_default_model sha256_top_Pipeline_LOAD_BLOCK 
Execute       apply_spec_resource_limit sha256_top_Pipeline_LOAD_BLOCK 
INFO-FLOW: Configuring Module : sha256_process_block_Pipeline_EXPAND_W ...
Execute       set_default_model sha256_process_block_Pipeline_EXPAND_W 
Execute       apply_spec_resource_limit sha256_process_block_Pipeline_EXPAND_W 
INFO-FLOW: Configuring Module : sha256_process_block_Pipeline_COMPRESS ...
Execute       set_default_model sha256_process_block_Pipeline_COMPRESS 
Execute       apply_spec_resource_limit sha256_process_block_Pipeline_COMPRESS 
INFO-FLOW: Configuring Module : sha256_process_block ...
Execute       set_default_model sha256_process_block 
Execute       apply_spec_resource_limit sha256_process_block 
INFO-FLOW: Configuring Module : sha256_top_Pipeline_STORE_DIGEST ...
Execute       set_default_model sha256_top_Pipeline_STORE_DIGEST 
Execute       apply_spec_resource_limit sha256_top_Pipeline_STORE_DIGEST 
INFO-FLOW: Configuring Module : sha256_top ...
Execute       set_default_model sha256_top 
Execute       apply_spec_resource_limit sha256_top 
INFO-FLOW: Model list for preprocess: sha256_top_Pipeline_LOAD_BLOCK sha256_process_block_Pipeline_EXPAND_W sha256_process_block_Pipeline_COMPRESS sha256_process_block sha256_top_Pipeline_STORE_DIGEST sha256_top
INFO-FLOW: Preprocessing Module: sha256_top_Pipeline_LOAD_BLOCK ...
Execute       set_default_model sha256_top_Pipeline_LOAD_BLOCK 
Execute       cdfg_preprocess -model sha256_top_Pipeline_LOAD_BLOCK 
Execute       rtl_gen_preprocess sha256_top_Pipeline_LOAD_BLOCK 
INFO-FLOW: Preprocessing Module: sha256_process_block_Pipeline_EXPAND_W ...
Execute       set_default_model sha256_process_block_Pipeline_EXPAND_W 
Execute       cdfg_preprocess -model sha256_process_block_Pipeline_EXPAND_W 
Execute       rtl_gen_preprocess sha256_process_block_Pipeline_EXPAND_W 
INFO-FLOW: Preprocessing Module: sha256_process_block_Pipeline_COMPRESS ...
Execute       set_default_model sha256_process_block_Pipeline_COMPRESS 
Execute       cdfg_preprocess -model sha256_process_block_Pipeline_COMPRESS 
Execute       rtl_gen_preprocess sha256_process_block_Pipeline_COMPRESS 
INFO-FLOW: Preprocessing Module: sha256_process_block ...
Execute       set_default_model sha256_process_block 
Execute       cdfg_preprocess -model sha256_process_block 
Execute       rtl_gen_preprocess sha256_process_block 
INFO-FLOW: Preprocessing Module: sha256_top_Pipeline_STORE_DIGEST ...
Execute       set_default_model sha256_top_Pipeline_STORE_DIGEST 
Execute       cdfg_preprocess -model sha256_top_Pipeline_STORE_DIGEST 
Execute       rtl_gen_preprocess sha256_top_Pipeline_STORE_DIGEST 
INFO-FLOW: Preprocessing Module: sha256_top ...
Execute       set_default_model sha256_top 
Execute       cdfg_preprocess -model sha256_top 
Execute       rtl_gen_preprocess sha256_top 
INFO-FLOW: Model list for synthesis: sha256_top_Pipeline_LOAD_BLOCK sha256_process_block_Pipeline_EXPAND_W sha256_process_block_Pipeline_COMPRESS sha256_process_block sha256_top_Pipeline_STORE_DIGEST sha256_top
INFO: [HLS 200-10] ----------------------------------------------------------------
INFO: [HLS 200-42] -- Implementing module 'sha256_top_Pipeline_LOAD_BLOCK' 
INFO: [HLS 200-10] ----------------------------------------------------------------
Execute       set_default_model sha256_top_Pipeline_LOAD_BLOCK 
Execute       schedule -model sha256_top_Pipeline_LOAD_BLOCK 
INFO: [SCHED 204-11] Starting scheduling ...
INFO: [SCHED 204-61] Pipelining loop 'LOAD_BLOCK'.
INFO: [HLS 200-1470] Pipelining result : Target II = 1, Final II = 1, Depth = 2, loop 'LOAD_BLOCK'
INFO: [SCHED 204-11] Finished scheduling.
Command       schedule done; 0.181 sec.
INFO: [HLS 200-111] Finished Scheduling: CPU user time: 0 seconds. CPU system time: 0 seconds. Elapsed time: 0.413 seconds; current allocated memory: 1.378 GB.
Execute       syn_report -verbosereport -o C:/Users/PC-CST-A3/Desktop/edge-ai-soc/hls/sha256/sha256/solution1/.autopilot/db/sha256_top_Pipeline_LOAD_BLOCK.verbose.sched.rpt 
Execute         AP::get_flow_target_display_name
Execute           get_solution -flow_target 
Execute       db_write -o C:/Users/PC-CST-A3/Desktop/edge-ai-soc/hls/sha256/sha256/solution1/.autopilot/db/sha256_top_Pipeline_LOAD_BLOCK.sched.adb -f 
INFO-FLOW: Finish scheduling sha256_top_Pipeline_LOAD_BLOCK.
Execute       set_default_model sha256_top_Pipeline_LOAD_BLOCK 
Execute       bind -model sha256_top_Pipeline_LOAD_BLOCK 
INFO: [BIND 205-100] Starting micro-architecture generation ...
INFO: [BIND 205-101] Performing variable lifetime analysis.
INFO: [BIND 205-101] Exploring resource sharing.
INFO: [BIND 205-101] Binding ...
INFO: [BIND 205-100] Finished micro-architecture generation.
INFO: [HLS 200-111] Finished Binding: CPU user time: 0 seconds. CPU system time: 0 seconds. Elapsed time: 0.145 seconds; current allocated memory: 1.378 GB.
Execute       syn_report -verbosereport -o C:/Users/PC-CST-A3/Desktop/edge-ai-soc/hls/sha256/sha256/solution1/.autopilot/db/sha256_top_Pipeline_LOAD_BLOCK.verbose.bind.rpt 
Execute         AP::get_flow_target_display_name
Execute           get_solution -flow_target 
Execute       db_write -o C:/Users/PC-CST-A3/Desktop/edge-ai-soc/hls/sha256/sha256/solution1/.autopilot/db/sha256_top_Pipeline_LOAD_BLOCK.bind.adb -f 
INFO-FLOW: Finish binding sha256_top_Pipeline_LOAD_BLOCK.
INFO: [HLS 200-10] ----------------------------------------------------------------
INFO: [HLS 200-42] -- Implementing module 'sha256_process_block_Pipeline_EXPAND_W' 
INFO: [HLS 200-10] ----------------------------------------------------------------
Execute       set_default_model sha256_process_block_Pipeline_EXPAND_W 
Execute       schedule -model sha256_process_block_Pipeline_EXPAND_W 
INFO: [SCHED 204-11] Starting scheduling ...
INFO: [SCHED 204-61] Pipelining loop 'EXPAND_W'.
INFO: [HLS 200-1470] Pipelining result : Target II = 2, Final II = 2, Depth = 3, loop 'EXPAND_W'
INFO: [SCHED 204-11] Finished scheduling.
Command       schedule done; 0.209 sec.
INFO: [HLS 200-111] Finished Scheduling: CPU user time: 0 seconds. CPU system time: 0 seconds. Elapsed time: 0.267 seconds; current allocated memory: 1.378 GB.
Execute       syn_report -verbosereport -o C:/Users/PC-CST-A3/Desktop/edge-ai-soc/hls/sha256/sha256/solution1/.autopilot/db/sha256_process_block_Pipeline_EXPAND_W.verbose.sched.rpt 
Execute         AP::get_flow_target_display_name
Execute           get_solution -flow_target 
Execute       db_write -o C:/Users/PC-CST-A3/Desktop/edge-ai-soc/hls/sha256/sha256/solution1/.autopilot/db/sha256_process_block_Pipeline_EXPAND_W.sched.adb -f 
INFO-FLOW: Finish scheduling sha256_process_block_Pipeline_EXPAND_W.
Execute       set_default_model sha256_process_block_Pipeline_EXPAND_W 
Execute       bind -model sha256_process_block_Pipeline_EXPAND_W 
INFO: [BIND 205-100] Starting micro-architecture generation ...
INFO: [BIND 205-101] Performing variable lifetime analysis.
INFO: [BIND 205-101] Exploring resource sharing.
INFO: [BIND 205-101] Binding ...
INFO: [BIND 205-100] Finished micro-architecture generation.
INFO: [HLS 200-111] Finished Binding: CPU user time: 0 seconds. CPU system time: 0 seconds. Elapsed time: 0.114 seconds; current allocated memory: 1.378 GB.
Execute       syn_report -verbosereport -o C:/Users/PC-CST-A3/Desktop/edge-ai-soc/hls/sha256/sha256/solution1/.autopilot/db/sha256_process_block_Pipeline_EXPAND_W.verbose.bind.rpt 
Execute         AP::get_flow_target_display_name
Execute           get_solution -flow_target 
Execute       db_write -o C:/Users/PC-CST-A3/Desktop/edge-ai-soc/hls/sha256/sha256/solution1/.autopilot/db/sha256_process_block_Pipeline_EXPAND_W.bind.adb -f 
INFO-FLOW: Finish binding sha256_process_block_Pipeline_EXPAND_W.
INFO: [HLS 200-10] ----------------------------------------------------------------
INFO: [HLS 200-42] -- Implementing module 'sha256_process_block_Pipeline_COMPRESS' 
INFO: [HLS 200-10] ----------------------------------------------------------------
Execute       set_default_model sha256_process_block_Pipeline_COMPRESS 
Execute       schedule -model sha256_process_block_Pipeline_COMPRESS 
INFO: [SCHED 204-11] Starting scheduling ...
INFO: [SCHED 204-61] Pipelining loop 'COMPRESS'.
INFO: [HLS 200-1470] Pipelining result : Target II = 2, Final II = 2, Depth = 4, loop 'COMPRESS'
INFO: [SCHED 204-11] Finished scheduling.
Command       schedule done; 0.111 sec.
INFO: [HLS 200-111] Finished Scheduling: CPU user time: 0 seconds. CPU system time: 0 seconds. Elapsed time: 0.224 seconds; current allocated memory: 1.378 GB.
Execute       syn_report -verbosereport -o C:/Users/PC-CST-A3/Desktop/edge-ai-soc/hls/sha256/sha256/solution1/.autopilot/db/sha256_process_block_Pipeline_COMPRESS.verbose.sched.rpt 
Execute         AP::get_flow_target_display_name
Execute           get_solution -flow_target 
Execute       db_write -o C:/Users/PC-CST-A3/Desktop/edge-ai-soc/hls/sha256/sha256/solution1/.autopilot/db/sha256_process_block_Pipeline_COMPRESS.sched.adb -f 
INFO-FLOW: Finish scheduling sha256_process_block_Pipeline_COMPRESS.
Execute       set_default_model sha256_process_block_Pipeline_COMPRESS 
Execute       bind -model sha256_process_block_Pipeline_COMPRESS 
INFO: [BIND 205-100] Starting micro-architecture generation ...
INFO: [BIND 205-101] Performing variable lifetime analysis.
INFO: [BIND 205-101] Exploring resource sharing.
INFO: [BIND 205-101] Binding ...
INFO: [BIND 205-100] Finished micro-architecture generation.
INFO: [HLS 200-111] Finished Binding: CPU user time: 0 seconds. CPU system time: 0 seconds. Elapsed time: 0.09 seconds; current allocated memory: 1.378 GB.
Execute       syn_report -verbosereport -o C:/Users/PC-CST-A3/Desktop/edge-ai-soc/hls/sha256/sha256/solution1/.autopilot/db/sha256_process_block_Pipeline_COMPRESS.verbose.bind.rpt 
Execute         AP::get_flow_target_display_name
Execute           get_solution -flow_target 
Execute       db_write -o C:/Users/PC-CST-A3/Desktop/edge-ai-soc/hls/sha256/sha256/solution1/.autopilot/db/sha256_process_block_Pipeline_COMPRESS.bind.adb -f 
INFO-FLOW: Finish binding sha256_process_block_Pipeline_COMPRESS.
INFO: [HLS 200-10] ----------------------------------------------------------------
INFO: [HLS 200-42] -- Implementing module 'sha256_process_block' 
INFO: [HLS 200-10] ----------------------------------------------------------------
Execute       set_default_model sha256_process_block 
Execute       schedule -model sha256_process_block 
INFO: [SCHED 204-11] Starting scheduling ...
INFO: [SCHED 204-11] Finished scheduling.
INFO: [HLS 200-111] Finished Scheduling: CPU user time: 1 seconds. CPU system time: 0 seconds. Elapsed time: 0.174 seconds; current allocated memory: 1.378 GB.
Execute       syn_report -verbosereport -o C:/Users/PC-CST-A3/Desktop/edge-ai-soc/hls/sha256/sha256/solution1/.autopilot/db/sha256_process_block.verbose.sched.rpt 
Execute         AP::get_flow_target_display_name
Execute           get_solution -flow_target 
Execute       db_write -o C:/Users/PC-CST-A3/Desktop/edge-ai-soc/hls/sha256/sha256/solution1/.autopilot/db/sha256_process_block.sched.adb -f 
INFO-FLOW: Finish scheduling sha256_process_block.
Execute       set_default_model sha256_process_block 
Execute       bind -model sha256_process_block 
INFO: [BIND 205-100] Starting micro-architecture generation ...
INFO: [BIND 205-101] Performing variable lifetime analysis.
INFO: [BIND 205-101] Exploring resource sharing.
INFO: [BIND 205-101] Binding ...
INFO: [BIND 205-100] Finished micro-architecture generation.
INFO: [HLS 200-111] Finished Binding: CPU user time: 0 seconds. CPU system time: 0 seconds. Elapsed time: 0.116 seconds; current allocated memory: 1.378 GB.
Execute       syn_report -verbosereport -o C:/Users/PC-CST-A3/Desktop/edge-ai-soc/hls/sha256/sha256/solution1/.autopilot/db/sha256_process_block.verbose.bind.rpt 
Execute         AP::get_flow_target_display_name
Execute           get_solution -flow_target 
Execute       db_write -o C:/Users/PC-CST-A3/Desktop/edge-ai-soc/hls/sha256/sha256/solution1/.autopilot/db/sha256_process_block.bind.adb -f 
INFO-FLOW: Finish binding sha256_process_block.
INFO: [HLS 200-10] ----------------------------------------------------------------
INFO: [HLS 200-42] -- Implementing module 'sha256_top_Pipeline_STORE_DIGEST' 
INFO: [HLS 200-10] ----------------------------------------------------------------
Execute       set_default_model sha256_top_Pipeline_STORE_DIGEST 
Execute       schedule -model sha256_top_Pipeline_STORE_DIGEST 
INFO: [SCHED 204-11] Starting scheduling ...
INFO: [SCHED 204-61] Pipelining loop 'STORE_DIGEST'.
INFO: [HLS 200-1470] Pipelining result : Target II = 1, Final II = 1, Depth = 3, loop 'STORE_DIGEST'
INFO: [SCHED 204-11] Finished scheduling.
INFO: [HLS 200-111] Finished Scheduling: CPU user time: 0 seconds. CPU system time: 0 seconds. Elapsed time: 0.163 seconds; current allocated memory: 1.378 GB.
Execute       syn_report -verbosereport -o C:/Users/PC-CST-A3/Desktop/edge-ai-soc/hls/sha256/sha256/solution1/.autopilot/db/sha256_top_Pipeline_STORE_DIGEST.verbose.sched.rpt 
Execute         AP::get_flow_target_display_name
Execute           get_solution -flow_target 
Execute       db_write -o C:/Users/PC-CST-A3/Desktop/edge-ai-soc/hls/sha256/sha256/solution1/.autopilot/db/sha256_top_Pipeline_STORE_DIGEST.sched.adb -f 
INFO-FLOW: Finish scheduling sha256_top_Pipeline_STORE_DIGEST.
Execute       set_default_model sha256_top_Pipeline_STORE_DIGEST 
Execute       bind -model sha256_top_Pipeline_STORE_DIGEST 
INFO: [BIND 205-100] Starting micro-architecture generation ...
INFO: [BIND 205-101] Performing variable lifetime analysis.
INFO: [BIND 205-101] Exploring resource sharing.
INFO: [BIND 205-101] Binding ...
INFO: [BIND 205-100] Finished micro-architecture generation.
INFO: [HLS 200-111] Finished Binding: CPU user time: 0 seconds. CPU system time: 0 seconds. Elapsed time: 0.043 seconds; current allocated memory: 1.378 GB.
Execute       syn_report -verbosereport -o C:/Users/PC-CST-A3/Desktop/edge-ai-soc/hls/sha256/sha256/solution1/.autopilot/db/sha256_top_Pipeline_STORE_DIGEST.verbose.bind.rpt 
Execute         AP::get_flow_target_display_name
Execute           get_solution -flow_target 
Execute       db_write -o C:/Users/PC-CST-A3/Desktop/edge-ai-soc/hls/sha256/sha256/solution1/.autopilot/db/sha256_top_Pipeline_STORE_DIGEST.bind.adb -f 
INFO-FLOW: Finish binding sha256_top_Pipeline_STORE_DIGEST.
INFO: [HLS 200-10] ----------------------------------------------------------------
INFO: [HLS 200-42] -- Implementing module 'sha256_top' 
INFO: [HLS 200-10] ----------------------------------------------------------------
Execute       set_default_model sha256_top 
Execute       schedule -model sha256_top 
INFO: [SCHED 204-11] Starting scheduling ...
INFO: [SCHED 204-11] Finished scheduling.
INFO: [HLS 200-111] Finished Scheduling: CPU user time: 0 seconds. CPU system time: 0 seconds. Elapsed time: 0.087 seconds; current allocated memory: 1.378 GB.
Execute       syn_report -verbosereport -o C:/Users/PC-CST-A3/Desktop/edge-ai-soc/hls/sha256/sha256/solution1/.autopilot/db/sha256_top.verbose.sched.rpt 
Execute         AP::get_flow_target_display_name
Execute           get_solution -flow_target 
Execute       db_write -o C:/Users/PC-CST-A3/Desktop/edge-ai-soc/hls/sha256/sha256/solution1/.autopilot/db/sha256_top.sched.adb -f 
INFO-FLOW: Finish scheduling sha256_top.
Execute       set_default_model sha256_top 
Execute       bind -model sha256_top 
INFO: [BIND 205-100] Starting micro-architecture generation ...
INFO: [BIND 205-101] Performing variable lifetime analysis.
INFO: [BIND 205-101] Exploring resource sharing.
INFO: [BIND 205-101] Binding ...
INFO: [BIND 205-100] Finished micro-architecture generation.
INFO: [HLS 200-111] Finished Binding: CPU user time: 0 seconds. CPU system time: 0 seconds. Elapsed time: 0.137 seconds; current allocated memory: 1.378 GB.
Execute       syn_report -verbosereport -o C:/Users/PC-CST-A3/Desktop/edge-ai-soc/hls/sha256/sha256/solution1/.autopilot/db/sha256_top.verbose.bind.rpt 
Execute         AP::get_flow_target_display_name
Execute           get_solution -flow_target 
Command       syn_report done; 0.154 sec.
Execute       db_write -o C:/Users/PC-CST-A3/Desktop/edge-ai-soc/hls/sha256/sha256/solution1/.autopilot/db/sha256_top.bind.adb -f 
INFO-FLOW: Finish binding sha256_top.
Execute       get_model_list sha256_top -filter all-wo-channel 
INFO-FLOW: Preprocessing for RTLGen ...
Execute       rtl_gen_preprocess sha256_top_Pipeline_LOAD_BLOCK 
Execute       rtl_gen_preprocess sha256_process_block_Pipeline_EXPAND_W 
Execute       rtl_gen_preprocess sha256_process_block_Pipeline_COMPRESS 
Execute       rtl_gen_preprocess sha256_process_block 
Execute       rtl_gen_preprocess sha256_top_Pipeline_STORE_DIGEST 
Execute       rtl_gen_preprocess sha256_top 
INFO-FLOW: Model list for RTL generation: sha256_top_Pipeline_LOAD_BLOCK sha256_process_block_Pipeline_EXPAND_W sha256_process_block_Pipeline_COMPRESS sha256_process_block sha256_top_Pipeline_STORE_DIGEST sha256_top
INFO: [HLS 200-10] ----------------------------------------------------------------
INFO: [HLS 200-10] -- Generating RTL for module 'sha256_top_Pipeline_LOAD_BLOCK' 
INFO: [HLS 200-10] ----------------------------------------------------------------
Execute       get_config_rtl -module_prefix 
Execute       get_config_rtl -module_auto_prefix 
Execute       get_config_rtl -module_prefix 
Execute       get_config_rtl -module_auto_prefix 
Execute       create_rtl_model sha256_top_Pipeline_LOAD_BLOCK -top_prefix sha256_top_ -sub_prefix sha256_top_ -mg_file C:/Users/PC-CST-A3/Desktop/edge-ai-soc/hls/sha256/sha256/solution1/.autopilot/db/sha256_top_Pipeline_LOAD_BLOCK.compgen.tcl 
INFO: [RTGEN 206-100] Finished creating RTL model for 'sha256_top_Pipeline_LOAD_BLOCK'.
INFO: [HLS 200-111] Finished Creating RTL model: CPU user time: 0 seconds. CPU system time: 0 seconds. Elapsed time: 0.36 seconds; current allocated memory: 1.378 GB.
Execute       source C:/Users/PC-CST-A3/Desktop/edge-ai-soc/hls/sha256/sha256/solution1/.autopilot/db/sha256_top.rtl_wrap.cfg.tcl 
Execute       gen_rtl sha256_top_Pipeline_LOAD_BLOCK -style xilinx -f -lang vhdl -o C:/Users/PC-CST-A3/Desktop/edge-ai-soc/hls/sha256/sha256/solution1/syn/vhdl/sha256_top_sha256_top_Pipeline_LOAD_BLOCK 
Execute       gen_rtl sha256_top_Pipeline_LOAD_BLOCK -style xilinx -f -lang vlog -o C:/Users/PC-CST-A3/Desktop/edge-ai-soc/hls/sha256/sha256/solution1/syn/verilog/sha256_top_sha256_top_Pipeline_LOAD_BLOCK 
Execute       syn_report -csynth -model sha256_top_Pipeline_LOAD_BLOCK -o C:/Users/PC-CST-A3/Desktop/edge-ai-soc/hls/sha256/sha256/solution1/syn/report/sha256_top_Pipeline_LOAD_BLOCK_csynth.rpt 
Execute         AP::get_flow_target_display_name
Execute           get_solution -flow_target 
Execute       syn_report -rtlxml -model sha256_top_Pipeline_LOAD_BLOCK -o C:/Users/PC-CST-A3/Desktop/edge-ai-soc/hls/sha256/sha256/solution1/syn/report/sha256_top_Pipeline_LOAD_BLOCK_csynth.xml 
Execute         get_solution -flow_target
Execute           get_solution -flow_target 
Execute       syn_report -verbosereport -model sha256_top_Pipeline_LOAD_BLOCK -o C:/Users/PC-CST-A3/Desktop/edge-ai-soc/hls/sha256/sha256/solution1/.autopilot/db/sha256_top_Pipeline_LOAD_BLOCK.verbose.rpt 
Execute         AP::get_flow_target_display_name
Execute           get_solution -flow_target 
Execute       db_write -model sha256_top_Pipeline_LOAD_BLOCK -f -o C:/Users/PC-CST-A3/Desktop/edge-ai-soc/hls/sha256/sha256/solution1/.autopilot/db/sha256_top_Pipeline_LOAD_BLOCK.adb 
Execute       db_write -model sha256_top_Pipeline_LOAD_BLOCK -bindview -o C:/Users/PC-CST-A3/Desktop/edge-ai-soc/hls/sha256/sha256/solution1/.autopilot/db/design.bindinfo.xml 
Execute       gen_tb_info sha256_top_Pipeline_LOAD_BLOCK -p C:/Users/PC-CST-A3/Desktop/edge-ai-soc/hls/sha256/sha256/solution1/.autopilot/db -o C:/Users/PC-CST-A3/Desktop/edge-ai-soc/hls/sha256/sha256/solution1/.autopilot/db/sha256_top_Pipeline_LOAD_BLOCK 
INFO: [HLS 200-10] ----------------------------------------------------------------
INFO: [HLS 200-10] -- Generating RTL for module 'sha256_process_block_Pipeline_EXPAND_W' 
INFO: [HLS 200-10] ----------------------------------------------------------------
Execute       get_config_rtl -module_prefix 
Execute       get_config_rtl -module_auto_prefix 
Execute       get_config_rtl -module_prefix 
Execute       get_config_rtl -module_auto_prefix 
Execute       create_rtl_model sha256_process_block_Pipeline_EXPAND_W -top_prefix sha256_top_ -sub_prefix sha256_top_ -mg_file C:/Users/PC-CST-A3/Desktop/edge-ai-soc/hls/sha256/sha256/solution1/.autopilot/db/sha256_process_block_Pipeline_EXPAND_W.compgen.tcl 
INFO: [HLS 200-1030] Apply Unified Pipeline Control on module 'sha256_process_block_Pipeline_EXPAND_W' pipeline 'EXPAND_W' pipeline type 'loop pipeline'
INFO: [RTGEN 206-100] Generating core module 'mux_647_32_1_1': 4 instance(s).
INFO: [RTGEN 206-100] Finished creating RTL model for 'sha256_process_block_Pipeline_EXPAND_W'.
INFO: [HLS 200-111] Finished Creating RTL model: CPU user time: 0 seconds. CPU system time: 0 seconds. Elapsed time: 0.46 seconds; current allocated memory: 1.378 GB.
Execute       source C:/Users/PC-CST-A3/Desktop/edge-ai-soc/hls/sha256/sha256/solution1/.autopilot/db/sha256_top.rtl_wrap.cfg.tcl 
Execute       gen_rtl sha256_process_block_Pipeline_EXPAND_W -style xilinx -f -lang vhdl -o C:/Users/PC-CST-A3/Desktop/edge-ai-soc/hls/sha256/sha256/solution1/syn/vhdl/sha256_top_sha256_process_block_Pipeline_EXPAND_W 
Execute       gen_rtl sha256_process_block_Pipeline_EXPAND_W -style xilinx -f -lang vlog -o C:/Users/PC-CST-A3/Desktop/edge-ai-soc/hls/sha256/sha256/solution1/syn/verilog/sha256_top_sha256_process_block_Pipeline_EXPAND_W 
Execute       syn_report -csynth -model sha256_process_block_Pipeline_EXPAND_W -o C:/Users/PC-CST-A3/Desktop/edge-ai-soc/hls/sha256/sha256/solution1/syn/report/sha256_process_block_Pipeline_EXPAND_W_csynth.rpt 
Execute         AP::get_flow_target_display_name
Execute           get_solution -flow_target 
Execute       syn_report -rtlxml -model sha256_process_block_Pipeline_EXPAND_W -o C:/Users/PC-CST-A3/Desktop/edge-ai-soc/hls/sha256/sha256/solution1/syn/report/sha256_process_block_Pipeline_EXPAND_W_csynth.xml 
Execute         get_solution -flow_target
Execute           get_solution -flow_target 
Execute       syn_report -verbosereport -model sha256_process_block_Pipeline_EXPAND_W -o C:/Users/PC-CST-A3/Desktop/edge-ai-soc/hls/sha256/sha256/solution1/.autopilot/db/sha256_process_block_Pipeline_EXPAND_W.verbose.rpt 
Execute         AP::get_flow_target_display_name
Execute           get_solution -flow_target 
Command       syn_report done; 0.723 sec.
Execute       db_write -model sha256_process_block_Pipeline_EXPAND_W -f -o C:/Users/PC-CST-A3/Desktop/edge-ai-soc/hls/sha256/sha256/solution1/.autopilot/db/sha256_process_block_Pipeline_EXPAND_W.adb 
Execute       db_write -model sha256_process_block_Pipeline_EXPAND_W -bindview -o C:/Users/PC-CST-A3/Desktop/edge-ai-soc/hls/sha256/sha256/solution1/.autopilot/db/design.bindinfo.xml 
Execute       gen_tb_info sha256_process_block_Pipeline_EXPAND_W -p C:/Users/PC-CST-A3/Desktop/edge-ai-soc/hls/sha256/sha256/solution1/.autopilot/db -o C:/Users/PC-CST-A3/Desktop/edge-ai-soc/hls/sha256/sha256/solution1/.autopilot/db/sha256_process_block_Pipeline_EXPAND_W 
INFO: [HLS 200-10] ----------------------------------------------------------------
INFO: [HLS 200-10] -- Generating RTL for module 'sha256_process_block_Pipeline_COMPRESS' 
INFO: [HLS 200-10] ----------------------------------------------------------------
Execute       get_config_rtl -module_prefix 
Execute       get_config_rtl -module_auto_prefix 
Execute       get_config_rtl -module_prefix 
Execute       get_config_rtl -module_auto_prefix 
Execute       create_rtl_model sha256_process_block_Pipeline_COMPRESS -top_prefix sha256_top_ -sub_prefix sha256_top_ -mg_file C:/Users/PC-CST-A3/Desktop/edge-ai-soc/hls/sha256/sha256/solution1/.autopilot/db/sha256_process_block_Pipeline_COMPRESS.compgen.tcl 
INFO: [HLS 200-1030] Apply Unified Pipeline Control on module 'sha256_process_block_Pipeline_COMPRESS' pipeline 'COMPRESS' pipeline type 'loop pipeline'
WARNING: [RTGEN 206-101] RTL name 'mux_647_32_1_1' is changed to 'mux_647_32_1_1_x' due to conflict.
INFO: [RTGEN 206-100] Generating core module 'mux_647_32_1_1': 1 instance(s).
INFO: [RTGEN 206-100] Generating core module 'mux_647_32_1_1_x': 1 instance(s).
INFO: [RTGEN 206-100] Finished creating RTL model for 'sha256_process_block_Pipeline_COMPRESS'.
INFO: [HLS 200-111] Finished Creating RTL model: CPU user time: 1 seconds. CPU system time: 1 seconds. Elapsed time: 1.413 seconds; current allocated memory: 1.378 GB.
Execute       source C:/Users/PC-CST-A3/Desktop/edge-ai-soc/hls/sha256/sha256/solution1/.autopilot/db/sha256_top.rtl_wrap.cfg.tcl 
Execute       gen_rtl sha256_process_block_Pipeline_COMPRESS -style xilinx -f -lang vhdl -o C:/Users/PC-CST-A3/Desktop/edge-ai-soc/hls/sha256/sha256/solution1/syn/vhdl/sha256_top_sha256_process_block_Pipeline_COMPRESS 
Execute       gen_rtl sha256_process_block_Pipeline_COMPRESS -style xilinx -f -lang vlog -o C:/Users/PC-CST-A3/Desktop/edge-ai-soc/hls/sha256/sha256/solution1/syn/verilog/sha256_top_sha256_process_block_Pipeline_COMPRESS 
Execute       syn_report -csynth -model sha256_process_block_Pipeline_COMPRESS -o C:/Users/PC-CST-A3/Desktop/edge-ai-soc/hls/sha256/sha256/solution1/syn/report/sha256_process_block_Pipeline_COMPRESS_csynth.rpt 
Execute         AP::get_flow_target_display_name
Execute           get_solution -flow_target 
Execute       syn_report -rtlxml -model sha256_process_block_Pipeline_COMPRESS -o C:/Users/PC-CST-A3/Desktop/edge-ai-soc/hls/sha256/sha256/solution1/syn/report/sha256_process_block_Pipeline_COMPRESS_csynth.xml 
Execute         get_solution -flow_target
Execute           get_solution -flow_target 
Execute       syn_report -verbosereport -model sha256_process_block_Pipeline_COMPRESS -o C:/Users/PC-CST-A3/Desktop/edge-ai-soc/hls/sha256/sha256/solution1/.autopilot/db/sha256_process_block_Pipeline_COMPRESS.verbose.rpt 
Execute         AP::get_flow_target_display_name
Execute           get_solution -flow_target 
Command       syn_report done; 0.116 sec.
Execute       db_write -model sha256_process_block_Pipeline_COMPRESS -f -o C:/Users/PC-CST-A3/Desktop/edge-ai-soc/hls/sha256/sha256/solution1/.autopilot/db/sha256_process_block_Pipeline_COMPRESS.adb 
Command       db_write done; 0.106 sec.
Execute       db_write -model sha256_process_block_Pipeline_COMPRESS -bindview -o C:/Users/PC-CST-A3/Desktop/edge-ai-soc/hls/sha256/sha256/solution1/.autopilot/db/design.bindinfo.xml 
Execute       gen_tb_info sha256_process_block_Pipeline_COMPRESS -p C:/Users/PC-CST-A3/Desktop/edge-ai-soc/hls/sha256/sha256/solution1/.autopilot/db -o C:/Users/PC-CST-A3/Desktop/edge-ai-soc/hls/sha256/sha256/solution1/.autopilot/db/sha256_process_block_Pipeline_COMPRESS 
INFO: [HLS 200-10] ----------------------------------------------------------------
INFO: [HLS 200-10] -- Generating RTL for module 'sha256_process_block' 
INFO: [HLS 200-10] ----------------------------------------------------------------
Execute       get_config_rtl -module_prefix 
Execute       get_config_rtl -module_auto_prefix 
Execute       get_config_rtl -module_prefix 
Execute       get_config_rtl -module_auto_prefix 
Execute       create_rtl_model sha256_process_block -top_prefix sha256_top_ -sub_prefix sha256_top_ -mg_file C:/Users/PC-CST-A3/Desktop/edge-ai-soc/hls/sha256/sha256/solution1/.autopilot/db/sha256_process_block.compgen.tcl 
INFO: [RTGEN 206-100] Finished creating RTL model for 'sha256_process_block'.
INFO: [HLS 200-111] Finished Creating RTL model: CPU user time: 0 seconds. CPU system time: 0 seconds. Elapsed time: 0.584 seconds; current allocated memory: 1.378 GB.
Execute       source C:/Users/PC-CST-A3/Desktop/edge-ai-soc/hls/sha256/sha256/solution1/.autopilot/db/sha256_top.rtl_wrap.cfg.tcl 
Execute       gen_rtl sha256_process_block -style xilinx -f -lang vhdl -o C:/Users/PC-CST-A3/Desktop/edge-ai-soc/hls/sha256/sha256/solution1/syn/vhdl/sha256_top_sha256_process_block 
Execute       gen_rtl sha256_process_block -style xilinx -f -lang vlog -o C:/Users/PC-CST-A3/Desktop/edge-ai-soc/hls/sha256/sha256/solution1/syn/verilog/sha256_top_sha256_process_block 
Execute       syn_report -csynth -model sha256_process_block -o C:/Users/PC-CST-A3/Desktop/edge-ai-soc/hls/sha256/sha256/solution1/syn/report/sha256_process_block_csynth.rpt 
Execute         AP::get_flow_target_display_name
Execute           get_solution -flow_target 
Execute       syn_report -rtlxml -model sha256_process_block -o C:/Users/PC-CST-A3/Desktop/edge-ai-soc/hls/sha256/sha256/solution1/syn/report/sha256_process_block_csynth.xml 
Execute         get_solution -flow_target
Execute           get_solution -flow_target 
Execute       syn_report -verbosereport -model sha256_process_block -o C:/Users/PC-CST-A3/Desktop/edge-ai-soc/hls/sha256/sha256/solution1/.autopilot/db/sha256_process_block.verbose.rpt 
Execute         AP::get_flow_target_display_name
Execute           get_solution -flow_target 
Command       syn_report done; 0.133 sec.
Execute       db_write -model sha256_process_block -f -o C:/Users/PC-CST-A3/Desktop/edge-ai-soc/hls/sha256/sha256/solution1/.autopilot/db/sha256_process_block.adb 
Execute       db_write -model sha256_process_block -bindview -o C:/Users/PC-CST-A3/Desktop/edge-ai-soc/hls/sha256/sha256/solution1/.autopilot/db/design.bindinfo.xml 
Execute       gen_tb_info sha256_process_block -p C:/Users/PC-CST-A3/Desktop/edge-ai-soc/hls/sha256/sha256/solution1/.autopilot/db -o C:/Users/PC-CST-A3/Desktop/edge-ai-soc/hls/sha256/sha256/solution1/.autopilot/db/sha256_process_block 
INFO: [HLS 200-10] ----------------------------------------------------------------
INFO: [HLS 200-10] -- Generating RTL for module 'sha256_top_Pipeline_STORE_DIGEST' 
INFO: [HLS 200-10] ----------------------------------------------------------------
Execute       get_config_rtl -module_prefix 
Execute       get_config_rtl -module_auto_prefix 
Execute       get_config_rtl -module_prefix 
Execute       get_config_rtl -module_auto_prefix 
Execute       create_rtl_model sha256_top_Pipeline_STORE_DIGEST -top_prefix sha256_top_ -sub_prefix sha256_top_ -mg_file C:/Users/PC-CST-A3/Desktop/edge-ai-soc/hls/sha256/sha256/solution1/.autopilot/db/sha256_top_Pipeline_STORE_DIGEST.compgen.tcl 
INFO: [HLS 200-1030] Apply Unified Pipeline Control on module 'sha256_top_Pipeline_STORE_DIGEST' pipeline 'STORE_DIGEST' pipeline type 'loop pipeline'
WARNING: [RTGEN 206-101] Setting dangling out port 'sha256_top_Pipeline_STORE_DIGEST/m_axi_DATA_AWVALID' to 0.
WARNING: [RTGEN 206-101] Setting dangling out port 'sha256_top_Pipeline_STORE_DIGEST/m_axi_DATA_AWADDR' to 0.
WARNING: [RTGEN 206-101] Setting dangling out port 'sha256_top_Pipeline_STORE_DIGEST/m_axi_DATA_AWID' to 0.
WARNING: [RTGEN 206-101] Setting dangling out port 'sha256_top_Pipeline_STORE_DIGEST/m_axi_DATA_AWLEN' to 0.
WARNING: [RTGEN 206-101] Setting dangling out port 'sha256_top_Pipeline_STORE_DIGEST/m_axi_DATA_AWSIZE' to 0.
WARNING: [RTGEN 206-101] Setting dangling out port 'sha256_top_Pipeline_STORE_DIGEST/m_axi_DATA_AWBURST' to 0.
WARNING: [RTGEN 206-101] Setting dangling out port 'sha256_top_Pipeline_STORE_DIGEST/m_axi_DATA_AWLOCK' to 0.
WARNING: [RTGEN 206-101] Setting dangling out port 'sha256_top_Pipeline_STORE_DIGEST/m_axi_DATA_AWCACHE' to 0.
WARNING: [RTGEN 206-101] Setting dangling out port 'sha256_top_Pipeline_STORE_DIGEST/m_axi_DATA_AWPROT' to 0.
WARNING: [RTGEN 206-101] Setting dangling out port 'sha256_top_Pipeline_STORE_DIGEST/m_axi_DATA_AWQOS' to 0.
WARNING: [RTGEN 206-101] Setting dangling out port 'sha256_top_Pipeline_STORE_DIGEST/m_axi_DATA_AWREGION' to 0.
WARNING: [RTGEN 206-101] Setting dangling out port 'sha256_top_Pipeline_STORE_DIGEST/m_axi_DATA_AWUSER' to 0.
WARNING: [RTGEN 206-101] Setting dangling out port 'sha256_top_Pipeline_STORE_DIGEST/m_axi_DATA_BREADY' to 0.
INFO: [RTGEN 206-100] Finished creating RTL model for 'sha256_top_Pipeline_STORE_DIGEST'.
Command       create_rtl_model done; 0.398 sec.
INFO: [HLS 200-111] Finished Creating RTL model: CPU user time: 0 seconds. CPU system time: 0 seconds. Elapsed time: 0.813 seconds; current allocated memory: 1.378 GB.
Execute       source C:/Users/PC-CST-A3/Desktop/edge-ai-soc/hls/sha256/sha256/solution1/.autopilot/db/sha256_top.rtl_wrap.cfg.tcl 
Execute       gen_rtl sha256_top_Pipeline_STORE_DIGEST -style xilinx -f -lang vhdl -o C:/Users/PC-CST-A3/Desktop/edge-ai-soc/hls/sha256/sha256/solution1/syn/vhdl/sha256_top_sha256_top_Pipeline_STORE_DIGEST 
Execute       gen_rtl sha256_top_Pipeline_STORE_DIGEST -style xilinx -f -lang vlog -o C:/Users/PC-CST-A3/Desktop/edge-ai-soc/hls/sha256/sha256/solution1/syn/verilog/sha256_top_sha256_top_Pipeline_STORE_DIGEST 
Execute       syn_report -csynth -model sha256_top_Pipeline_STORE_DIGEST -o C:/Users/PC-CST-A3/Desktop/edge-ai-soc/hls/sha256/sha256/solution1/syn/report/sha256_top_Pipeline_STORE_DIGEST_csynth.rpt 
Execute         AP::get_flow_target_display_name
Execute           get_solution -flow_target 
Execute       syn_report -rtlxml -model sha256_top_Pipeline_STORE_DIGEST -o C:/Users/PC-CST-A3/Desktop/edge-ai-soc/hls/sha256/sha256/solution1/syn/report/sha256_top_Pipeline_STORE_DIGEST_csynth.xml 
Execute         get_solution -flow_target
Execute           get_solution -flow_target 
Execute       syn_report -verbosereport -model sha256_top_Pipeline_STORE_DIGEST -o C:/Users/PC-CST-A3/Desktop/edge-ai-soc/hls/sha256/sha256/solution1/.autopilot/db/sha256_top_Pipeline_STORE_DIGEST.verbose.rpt 
Execute         AP::get_flow_target_display_name
Execute           get_solution -flow_target 
Execute       db_write -model sha256_top_Pipeline_STORE_DIGEST -f -o C:/Users/PC-CST-A3/Desktop/edge-ai-soc/hls/sha256/sha256/solution1/.autopilot/db/sha256_top_Pipeline_STORE_DIGEST.adb 
Execute       db_write -model sha256_top_Pipeline_STORE_DIGEST -bindview -o C:/Users/PC-CST-A3/Desktop/edge-ai-soc/hls/sha256/sha256/solution1/.autopilot/db/design.bindinfo.xml 
Execute       gen_tb_info sha256_top_Pipeline_STORE_DIGEST -p C:/Users/PC-CST-A3/Desktop/edge-ai-soc/hls/sha256/sha256/solution1/.autopilot/db -o C:/Users/PC-CST-A3/Desktop/edge-ai-soc/hls/sha256/sha256/solution1/.autopilot/db/sha256_top_Pipeline_STORE_DIGEST 
INFO: [HLS 200-10] ----------------------------------------------------------------
INFO: [HLS 200-10] -- Generating RTL for module 'sha256_top' 
INFO: [HLS 200-10] ----------------------------------------------------------------
Execute       get_config_rtl -module_prefix 
Execute       get_config_rtl -module_prefix 
Execute       get_config_rtl -module_auto_prefix 
Execute       create_rtl_model sha256_top -top_prefix  -sub_prefix sha256_top_ -mg_file C:/Users/PC-CST-A3/Desktop/edge-ai-soc/hls/sha256/sha256/solution1/.autopilot/db/sha256_top.compgen.tcl 
WARNING: [RTGEN 206-101] Design contains AXI ports. Reset is fixed to synchronous and active low.
INFO: [RTGEN 206-500] Setting interface mode on port 'sha256_top/DATA' to 'm_axi'.
INFO: [RTGEN 206-500] Setting interface mode on port 'sha256_top/message' to 's_axilite & ap_none'.
INFO: [RTGEN 206-500] Setting interface mode on port 'sha256_top/digest' to 's_axilite & ap_none'.
INFO: [RTGEN 206-500] Setting interface mode on port 'sha256_top/msg_len_words' to 's_axilite & ap_none'.
INFO: [RTGEN 206-500] Setting interface mode on function 'sha256_top' to 's_axilite & ap_ctrl_hs'.
INFO: [RTGEN 206-100] Bundling port 'message', 'digest', 'msg_len_words' and 'return' to AXI-Lite port CTRL.
INFO: [RTGEN 206-100] Finished creating RTL model for 'sha256_top'.
Command       create_rtl_model done; 0.123 sec.
INFO: [HLS 200-111] Finished Creating RTL model: CPU user time: 0 seconds. CPU system time: 0 seconds. Elapsed time: 0.267 seconds; current allocated memory: 1.378 GB.
Execute       source C:/Users/PC-CST-A3/Desktop/edge-ai-soc/hls/sha256/sha256/solution1/.autopilot/db/sha256_top.rtl_wrap.cfg.tcl 
Execute       gen_rtl sha256_top -istop -style xilinx -f -lang vhdl -o C:/Users/PC-CST-A3/Desktop/edge-ai-soc/hls/sha256/sha256/solution1/syn/vhdl/sha256_top 
Execute       gen_rtl sha256_top -istop -style xilinx -f -lang vlog -o C:/Users/PC-CST-A3/Desktop/edge-ai-soc/hls/sha256/sha256/solution1/syn/verilog/sha256_top 
Execute       syn_report -csynth -model sha256_top -o C:/Users/PC-CST-A3/Desktop/edge-ai-soc/hls/sha256/sha256/solution1/syn/report/sha256_top_csynth.rpt 
Execute         AP::get_flow_target_display_name
Execute           get_solution -flow_target 
Execute       syn_report -rtlxml -model sha256_top -o C:/Users/PC-CST-A3/Desktop/edge-ai-soc/hls/sha256/sha256/solution1/syn/report/sha256_top_csynth.xml 
Execute         get_solution -flow_target
Execute           get_solution -flow_target 
Execute       syn_report -verbosereport -model sha256_top -o C:/Users/PC-CST-A3/Desktop/edge-ai-soc/hls/sha256/sha256/solution1/.autopilot/db/sha256_top.verbose.rpt 
Execute         AP::get_flow_target_display_name
Execute           get_solution -flow_target 
Command       syn_report done; 0.185 sec.
Execute       db_write -model sha256_top -f -o C:/Users/PC-CST-A3/Desktop/edge-ai-soc/hls/sha256/sha256/solution1/.autopilot/db/sha256_top.adb 
Command       db_write done; 0.394 sec.
Execute       db_write -model sha256_top -bindview -o C:/Users/PC-CST-A3/Desktop/edge-ai-soc/hls/sha256/sha256/solution1/.autopilot/db/design.bindinfo.xml 
Execute       gen_tb_info sha256_top -p C:/Users/PC-CST-A3/Desktop/edge-ai-soc/hls/sha256/sha256/solution1/.autopilot/db -o C:/Users/PC-CST-A3/Desktop/edge-ai-soc/hls/sha256/sha256/solution1/.autopilot/db/sha256_top 
Execute       export_constraint_db -f -tool general -o C:/Users/PC-CST-A3/Desktop/edge-ai-soc/hls/sha256/sha256/solution1/.autopilot/db/sha256_top.constraint.tcl 
Execute       syn_report -designview -model sha256_top -o C:/Users/PC-CST-A3/Desktop/edge-ai-soc/hls/sha256/sha256/solution1/.autopilot/db/sha256_top.design.xml 
Execute       syn_report -csynthDesign -model sha256_top -o C:/Users/PC-CST-A3/Desktop/edge-ai-soc/hls/sha256/sha256/solution1/syn/report/csynth.rpt 
Execute         AP::get_flow_target_display_name
Execute           get_solution -flow_target 
Execute       get_config_rtl -disable_wave_debug 
Execute       syn_report -wcfg -model sha256_top -o C:/Users/PC-CST-A3/Desktop/edge-ai-soc/hls/sha256/sha256/solution1/.autopilot/db/sha256_top_dataflow_ana.wcfg 
Execute       syn_report -protoinst -model sha256_top -o C:/Users/PC-CST-A3/Desktop/edge-ai-soc/hls/sha256/sha256/solution1/.autopilot/db/sha256_top.protoinst 
Execute       get_config_debug -directory 
Execute       sc_get_clocks sha256_top 
Execute       get_config_export -vivado_clock 
Execute       get_config_rtl -module_prefix 
Execute       get_config_rtl -module_prefix 
Execute       get_config_rtl -module_auto_prefix 
Execute       sc_get_portdomain sha256_top 
INFO-FLOW: Model list for RTL component generation: sha256_top_Pipeline_LOAD_BLOCK sha256_process_block_Pipeline_EXPAND_W sha256_process_block_Pipeline_COMPRESS sha256_process_block sha256_top_Pipeline_STORE_DIGEST sha256_top
INFO-FLOW: Handling components in module [sha256_top_Pipeline_LOAD_BLOCK] ... 
Execute       source C:/Users/PC-CST-A3/Desktop/edge-ai-soc/hls/sha256/sha256/solution1/.autopilot/db/sha256_top_Pipeline_LOAD_BLOCK.compgen.tcl 
INFO-FLOW: Handling components in module [sha256_process_block_Pipeline_EXPAND_W] ... 
Execute       source C:/Users/PC-CST-A3/Desktop/edge-ai-soc/hls/sha256/sha256/solution1/.autopilot/db/sha256_process_block_Pipeline_EXPAND_W.compgen.tcl 
INFO-FLOW: Found component sha256_top_mux_647_32_1_1.
INFO-FLOW: Append model sha256_top_mux_647_32_1_1
INFO-FLOW: Found component sha256_top_flow_control_loop_pipe_sequential_init.
INFO-FLOW: Append model sha256_top_flow_control_loop_pipe_sequential_init
INFO-FLOW: Handling components in module [sha256_process_block_Pipeline_COMPRESS] ... 
Execute       source C:/Users/PC-CST-A3/Desktop/edge-ai-soc/hls/sha256/sha256/solution1/.autopilot/db/sha256_process_block_Pipeline_COMPRESS.compgen.tcl 
INFO-FLOW: Found component sha256_top_mux_647_32_1_1_x.
INFO-FLOW: Append model sha256_top_mux_647_32_1_1_x
INFO-FLOW: Found component sha256_top_flow_control_loop_pipe_sequential_init.
INFO-FLOW: Append model sha256_top_flow_control_loop_pipe_sequential_init
INFO-FLOW: Handling components in module [sha256_process_block] ... 
Execute       source C:/Users/PC-CST-A3/Desktop/edge-ai-soc/hls/sha256/sha256/solution1/.autopilot/db/sha256_process_block.compgen.tcl 
INFO-FLOW: Handling components in module [sha256_top_Pipeline_STORE_DIGEST] ... 
Execute       source C:/Users/PC-CST-A3/Desktop/edge-ai-soc/hls/sha256/sha256/solution1/.autopilot/db/sha256_top_Pipeline_STORE_DIGEST.compgen.tcl 
INFO-FLOW: Found component sha256_top_flow_control_loop_pipe_sequential_init.
INFO-FLOW: Append model sha256_top_flow_control_loop_pipe_sequential_init
INFO-FLOW: Handling components in module [sha256_top] ... 
Execute       source C:/Users/PC-CST-A3/Desktop/edge-ai-soc/hls/sha256/sha256/solution1/.autopilot/db/sha256_top.compgen.tcl 
INFO-FLOW: Found component sha256_top_H_RAM_AUTO_1R1W.
INFO-FLOW: Append model sha256_top_H_RAM_AUTO_1R1W
INFO-FLOW: Found component sha256_top_DATA_m_axi.
INFO-FLOW: Append model sha256_top_DATA_m_axi
INFO-FLOW: Found component sha256_top_CTRL_s_axi.
INFO-FLOW: Append model sha256_top_CTRL_s_axi
INFO-FLOW: Append model sha256_top_Pipeline_LOAD_BLOCK
INFO-FLOW: Append model sha256_process_block_Pipeline_EXPAND_W
INFO-FLOW: Append model sha256_process_block_Pipeline_COMPRESS
INFO-FLOW: Append model sha256_process_block
INFO-FLOW: Append model sha256_top_Pipeline_STORE_DIGEST
INFO-FLOW: Append model sha256_top
INFO-FLOW: Generating RTL model list ...
INFO-FLOW: All models in this session: sha256_top_mux_647_32_1_1 sha256_top_flow_control_loop_pipe_sequential_init sha256_top_mux_647_32_1_1_x sha256_top_flow_control_loop_pipe_sequential_init sha256_top_flow_control_loop_pipe_sequential_init sha256_top_H_RAM_AUTO_1R1W sha256_top_DATA_m_axi sha256_top_CTRL_s_axi sha256_top_Pipeline_LOAD_BLOCK sha256_process_block_Pipeline_EXPAND_W sha256_process_block_Pipeline_COMPRESS sha256_process_block sha256_top_Pipeline_STORE_DIGEST sha256_top
INFO-FLOW: Generating C:/Users/PC-CST-A3/Desktop/edge-ai-soc/hls/sha256/sha256/solution1/.autopilot/db/autopilot.rtl.models.txt file...
INFO-FLOW: To file: write model sha256_top_mux_647_32_1_1
INFO-FLOW: To file: write model sha256_top_flow_control_loop_pipe_sequential_init
INFO-FLOW: To file: write model sha256_top_mux_647_32_1_1_x
INFO-FLOW: To file: write model sha256_top_flow_control_loop_pipe_sequential_init
INFO-FLOW: To file: write model sha256_top_flow_control_loop_pipe_sequential_init
INFO-FLOW: To file: write model sha256_top_H_RAM_AUTO_1R1W
INFO-FLOW: To file: write model sha256_top_DATA_m_axi
INFO-FLOW: To file: write model sha256_top_CTRL_s_axi
INFO-FLOW: To file: write model sha256_top_Pipeline_LOAD_BLOCK
INFO-FLOW: To file: write model sha256_process_block_Pipeline_EXPAND_W
INFO-FLOW: To file: write model sha256_process_block_Pipeline_COMPRESS
INFO-FLOW: To file: write model sha256_process_block
INFO-FLOW: To file: write model sha256_top_Pipeline_STORE_DIGEST
INFO-FLOW: To file: write model sha256_top
INFO-FLOW: Generating C:/Users/PC-CST-A3/Desktop/edge-ai-soc/hls/sha256/sha256/solution1/.autopilot/db/autopilot.rtl.models.tcl file...
INFO-FLOW: Finished generating RTL model list.


INFO-FLOW: RTL Generation done.
INFO-FLOW: CAS Generation done.
INFO-FLOW: CBC Generation done.
INFO-FLOW: DBG:PROC: ::AESL_AUTOMG::auto_generate_csynth_design
Execute       get_top 
Execute       get_config_export -ipname 
Execute       get_config_export -xo 
Execute       get_config_export -format 
Execute       get_config_rtl -module_auto_prefix 
INFO-FLOW: DBG:PUTS: read_platform_lib C:/Users/PC-CST-A3/Desktop/edge-ai-soc/hls/sha256/sha256/solution1/.autopilot/db/global.setting.tcl
Execute       source D:/Vitis_HLS/2022.1/common/technology/generic/autopilot/common.gen 
Execute         source D:/Vitis_HLS/2022.1/common/technology/generic/autopilot/APCoreGen.gen 
Execute       source D:/Vitis_HLS/2022.1/common/technology/generic/autopilot/op.gen 
Execute       source D:/Vitis_HLS/2022.1/common/technology/generic/autopilot/op_simcore.gen 
Execute       source D:/Vitis_HLS/2022.1/common/technology/generic/autopilot/interface.gen 
Execute       source C:/Users/PC-CST-A3/Desktop/edge-ai-soc/hls/sha256/sha256/solution1/.autopilot/db/global.setting.tcl 
Execute       source D:/Vitis_HLS/2022.1/common/technology/xilinx/common/xilinx.gen 
Execute         source D:/Vitis_HLS/2022.1/common/technology/xilinx/interface/plb46.gen 
Execute         source D:/Vitis_HLS/2022.1/common/technology/xilinx/interface/axi4.gen 
Execute         source D:/Vitis_HLS/2022.1/common/technology/xilinx/interface/nativeAXI4.gen 
Execute           source D:/Vitis_HLS/2022.1/common/technology/xilinx/interface/saxilite.gen 
Execute         source D:/Vitis_HLS/2022.1/common/technology/xilinx/scripts/xilinxcoregen.gen 
Execute         source D:/Vitis_HLS/2022.1/common/technology/xilinx/interface/XilEDKCoreGen.gen 
Execute         source D:/Vitis_HLS/2022.1/common/technology/xilinx/ip/dds_compiler.gen 
Execute         source D:/Vitis_HLS/2022.1/common/technology/xilinx/ip/util.gen 
Execute         source D:/Vitis_HLS/2022.1/common/technology/xilinx/ip/xfft.gen 
Execute         source D:/Vitis_HLS/2022.1/common/technology/xilinx/ip/xfir.gen 
Execute         source D:/Vitis_HLS/2022.1/common/technology/xilinx/DSP48/dsp48.gen 
INFO-FLOW: DBG:PUTS:   using AESL_AUTOCG::g_clock_period=10.000 (was NA)
INFO-FLOW: DBG:PROC: ::AESL_AUTOMG::generate_ip_cores gen_sim_model='1' gen_fp_models='0' gen_for_export='0' dstSCDir='' dstVhdlDir='C:/Users/PC-CST-A3/Desktop/edge-ai-soc/hls/sha256/sha256/solution1/.autopilot/db/vhdl' dstVlogDir='C:/Users/PC-CST-A3/Desktop/edge-ai-soc/hls/sha256/sha256/solution1/.autopilot/db/vlog' tclDir='C:/Users/PC-CST-A3/Desktop/edge-ai-soc/hls/sha256/sha256/solution1/.autopilot/db' modelList='sha256_top_mux_647_32_1_1
sha256_top_flow_control_loop_pipe_sequential_init
sha256_top_mux_647_32_1_1_x
sha256_top_flow_control_loop_pipe_sequential_init
sha256_top_flow_control_loop_pipe_sequential_init
sha256_top_H_RAM_AUTO_1R1W
sha256_top_DATA_m_axi
sha256_top_CTRL_s_axi
sha256_top_Pipeline_LOAD_BLOCK
sha256_process_block_Pipeline_EXPAND_W
sha256_process_block_Pipeline_COMPRESS
sha256_process_block
sha256_top_Pipeline_STORE_DIGEST
sha256_top
' expOnly='0'
Execute       source C:/Users/PC-CST-A3/Desktop/edge-ai-soc/hls/sha256/sha256/solution1/.autopilot/db/global.setting.tcl 
Execute       ap_part_info -name xc7z020-clg484-1 -data names -quiet 
Execute       ap_part_info -name xc7z020-clg484-1 -data info -quiet 
Execute       source C:/Users/PC-CST-A3/Desktop/edge-ai-soc/hls/sha256/sha256/solution1/.autopilot/db/global.setting.tcl 
Execute       source C:/Users/PC-CST-A3/Desktop/edge-ai-soc/hls/sha256/sha256/solution1/.autopilot/db/global.setting.tcl 
Execute       source C:/Users/PC-CST-A3/Desktop/edge-ai-soc/hls/sha256/sha256/solution1/.autopilot/db/sha256_top_Pipeline_LOAD_BLOCK.compgen.tcl 
Execute       source C:/Users/PC-CST-A3/Desktop/edge-ai-soc/hls/sha256/sha256/solution1/.autopilot/db/sha256_process_block_Pipeline_EXPAND_W.compgen.tcl 
Execute         ap_part_info -name xc7z020-clg484-1 -data names -quiet 
Execute         ap_part_info -name xc7z020-clg484-1 -data info -quiet 
Execute       source C:/Users/PC-CST-A3/Desktop/edge-ai-soc/hls/sha256/sha256/solution1/.autopilot/db/sha256_process_block_Pipeline_COMPRESS.compgen.tcl 
Execute         ap_part_info -name xc7z020-clg484-1 -data names -quiet 
Execute         ap_part_info -name xc7z020-clg484-1 -data info -quiet 
Execute       source C:/Users/PC-CST-A3/Desktop/edge-ai-soc/hls/sha256/sha256/solution1/.autopilot/db/sha256_process_block.compgen.tcl 
Execute       source C:/Users/PC-CST-A3/Desktop/edge-ai-soc/hls/sha256/sha256/solution1/.autopilot/db/sha256_top_Pipeline_STORE_DIGEST.compgen.tcl 
Execute       source C:/Users/PC-CST-A3/Desktop/edge-ai-soc/hls/sha256/sha256/solution1/.autopilot/db/sha256_top.compgen.tcl 
INFO: [RTMG 210-278] Implementing memory 'sha256_top_H_RAM_AUTO_1R1W_ram (RAM)' using auto RAMs.
Execute         ap_part_info -name xc7z020-clg484-1 -data names -quiet 
Execute         ap_part_info -name xc7z020-clg484-1 -data info -quiet 
Execute         source ./CTRL.slave.tcl 
INFO: [HLS 200-111] Finished Generating all RTL models: CPU user time: 1 seconds. CPU system time: 0 seconds. Elapsed time: 1.95 seconds; current allocated memory: 1.378 GB.
INFO-FLOW: DBG:PROC: ::HLSREPORTS::create_csynth_xml bind_info_var='bind_info' RtlSubPrefix='sha256_top_' outfile=''
INFO-FLOW: Running: create_csynth_xml read xml data
INFO-FLOW: Done: create_csynth_xml read xml data time: 0 seconds per iteration
INFO-FLOW: Running: create_csynth_xml bind info
INFO-FLOW: Done: create_csynth_xml bind info time: 0 seconds per iteration
INFO-FLOW: Running: create_csynth_xml config info
Execute       get_config_op mul -impl 
Execute       get_config_op mul -latency 
Execute       get_config_op mul -precision 
Execute       get_config_op add -impl 
Execute       get_config_op add -latency 
Execute       get_config_op add -precision 
Execute       get_config_op sub -impl 
Execute       get_config_op sub -latency 
Execute       get_config_op sub -precision 
Execute       get_config_op fadd -impl 
Execute       get_config_op fadd -latency 
Execute       get_config_op fadd -precision 
Execute       get_config_op fsub -impl 
Execute       get_config_op fsub -latency 
Execute       get_config_op fsub -precision 
Execute       get_config_op fdiv -impl 
Execute       get_config_op fdiv -latency 
Execute       get_config_op fdiv -precision 
Execute       get_config_op fexp -impl 
Execute       get_config_op fexp -latency 
Execute       get_config_op fexp -precision 
Execute       get_config_op flog -impl 
Execute       get_config_op flog -latency 
Execute       get_config_op flog -precision 
Execute       get_config_op fmul -impl 
Execute       get_config_op fmul -latency 
Execute       get_config_op fmul -precision 
Execute       get_config_op frsqrt -impl 
Execute       get_config_op frsqrt -latency 
Execute       get_config_op frsqrt -precision 
Execute       get_config_op frecip -impl 
Execute       get_config_op frecip -latency 
Execute       get_config_op frecip -precision 
Execute       get_config_op fsqrt -impl 
Execute       get_config_op fsqrt -latency 
Execute       get_config_op fsqrt -precision 
Execute       get_config_op dadd -impl 
Execute       get_config_op dadd -latency 
Execute       get_config_op dadd -precision 
Execute       get_config_op dsub -impl 
Execute       get_config_op dsub -latency 
Execute       get_config_op dsub -precision 
Execute       get_config_op ddiv -impl 
Execute       get_config_op ddiv -latency 
Execute       get_config_op ddiv -precision 
Execute       get_config_op dexp -impl 
Execute       get_config_op dexp -latency 
Execute       get_config_op dexp -precision 
Execute       get_config_op dlog -impl 
Execute       get_config_op dlog -latency 
Execute       get_config_op dlog -precision 
Execute       get_config_op dmul -impl 
Execute       get_config_op dmul -latency 
Execute       get_config_op dmul -precision 
Execute       get_config_op drsqrt -impl 
Execute       get_config_op drsqrt -latency 
Execute       get_config_op drsqrt -precision 
Execute       get_config_op drecip -impl 
Execute       get_config_op drecip -latency 
Execute       get_config_op drecip -precision 
Execute       get_config_op dsqrt -impl 
Execute       get_config_op dsqrt -latency 
Execute       get_config_op dsqrt -precision 
Execute       get_config_op hadd -impl 
Execute       get_config_op hadd -latency 
Execute       get_config_op hadd -precision 
Execute       get_config_op hsub -impl 
Execute       get_config_op hsub -latency 
Execute       get_config_op hsub -precision 
Execute       get_config_op hdiv -impl 
Execute       get_config_op hdiv -latency 
Execute       get_config_op hdiv -precision 
Execute       get_config_op hmul -impl 
Execute       get_config_op hmul -latency 
Execute       get_config_op hmul -precision 
Execute       get_config_op hsqrt -impl 
Execute       get_config_op hsqrt -latency 
Execute       get_config_op hsqrt -precision 
Execute       get_config_op facc -impl 
Execute       get_config_op facc -latency 
Execute       get_config_op facc -precision 
Execute       get_config_op fmacc -impl 
Execute       get_config_op fmacc -latency 
Execute       get_config_op fmacc -precision 
Execute       get_config_op fmadd -impl 
Execute       get_config_op fmadd -latency 
Execute       get_config_op fmadd -precision 
Execute       get_config_storage fifo -auto_srl_max_bits 
Execute       get_config_storage fifo -auto_srl_max_depth 
Execute       get_config_storage fifo -impl 
Execute       get_solution -flow_target 
Execute       get_config_array_partition -complete_threshold 
Execute       get_config_array_partition -throughput_driven 
Execute       get_config_compile -enable_auto_rewind 
Execute       get_config_compile -ignore_long_run_time 
Execute       get_config_compile -name_max_length 
Execute       get_config_compile -no_signed_zeros 
Execute       get_config_compile -pipeline_loops 
Execute       get_config_compile -pipeline_style 
Execute       get_config_compile -pragma_strict_mode 
Execute       get_config_compile -pre_tcl 
Execute       get_config_compile -unsafe_math_optimizations 
Execute       get_config_dataflow -default_channel 
Execute       get_config_dataflow -disable_fifo_sizing_opt 
Execute       get_config_dataflow -fifo_depth 
Execute       get_config_dataflow -override_user_fifo_depth 
Execute       get_config_dataflow -scalar_fifo_depth 
Execute       get_config_dataflow -start_fifo_depth 
Execute       get_config_dataflow -strict_mode 
Execute       get_config_dataflow -strict_stable_sync 
Execute       get_config_dataflow -task_level_fifo_depth 
Execute       get_config_debug -directory 
Execute       get_config_debug -enable 
Execute       get_config_export -description 
Execute       get_config_export -display_name 
Execute       get_config_export -format 
Execute       get_config_export -ip_xdc_file 
Execute       get_config_export -ip_xdc_ooc_file 
Execute       get_config_export -ipname 
Execute       get_config_export -library 
Execute       get_config_export -output 
Execute       get_config_export -rtl 
Execute       get_config_export -taxonomy 
Execute       get_config_export -vendor 
Execute       get_config_export -version 
Execute       get_config_export -vivado_clock 
Execute       get_config_export -vivado_impl_strategy 
Execute       get_config_export -vivado_max_timing_paths 
Execute       get_config_export -vivado_optimization_level 
Execute       get_config_export -vivado_pblock 
Execute       get_config_export -vivado_phys_opt 
Execute       get_config_export -vivado_report_level 
Execute       get_config_export -vivado_synth_design_args 
Execute       get_config_export -vivado_synth_strategy 
Execute       get_config_interface -clock_enable 
Execute       get_config_interface -default_slave_interface 
Execute       get_config_interface -m_axi_addr64 
Execute       get_config_interface -m_axi_alignment_byte_size 
Execute       get_config_interface -m_axi_auto_max_ports 
Execute       get_config_interface -m_axi_buffer_impl 
Execute       get_config_interface -m_axi_conservative_mode 
Execute       get_config_interface -m_axi_flush_mode 
Execute       get_config_interface -m_axi_latency 
Execute       get_config_interface -m_axi_max_bitwidth 
Execute       get_config_interface -m_axi_max_read_burst_length 
Execute       get_config_interface -m_axi_max_widen_bitwidth 
Execute       get_config_interface -m_axi_max_write_burst_length 
Execute       get_config_interface -m_axi_min_bitwidth 
Execute       get_config_interface -m_axi_num_read_outstanding 
Execute       get_config_interface -m_axi_num_write_outstanding 
Execute       get_config_interface -m_axi_offset 
Execute       get_config_interface -register_io 
Execute       get_config_interface -s_axilite_auto_restart_counter 
Execute       get_config_interface -s_axilite_data64 
Execute       get_config_interface -s_axilite_interrupt_mode 
Execute       get_config_interface -s_axilite_mailbox 
Execute       get_config_interface -s_axilite_status_regs 
Execute       get_config_interface -s_axilite_sw_reset 
Execute       get_config_rtl -deadlock_detection 
Execute       get_config_rtl -header 
Execute       get_config_rtl -kernel_profile 
Execute       get_config_rtl -module_auto_prefix 
Execute       get_config_rtl -module_prefix 
Execute       get_config_rtl -mult_keep_attribute 
Execute       get_config_rtl -register_all_io 
Execute       get_config_rtl -register_reset_num 
Execute       get_config_rtl -reset 
Execute       get_config_rtl -reset_async 
Execute       get_config_rtl -reset_level 
Execute       get_config_schedule -enable_dsp_full_reg 
Execute       get_config_unroll -tripcount_threshold 
INFO-FLOW: Done: create_csynth_xml config info time: 0.3 seconds per iteration
INFO-FLOW: Running: create_csynth_xml write xml
INFO-FLOW: Done: create_csynth_xml write xml time: 0 seconds per iteration
INFO-FLOW: DBG:PUTS:      create_csynth_xml wrote csynth_xml=C:/Users/PC-CST-A3/Desktop/edge-ai-soc/hls/sha256/sha256/solution1/syn/report/csynth.xml
INFO-FLOW: DBG:PROC: ::AP::DESIGN_DATA::generate_json generate_bd_files='0' generate_xo_files='0' modelList='sha256_top_mux_647_32_1_1
sha256_top_flow_control_loop_pipe_sequential_init
sha256_top_mux_647_32_1_1_x
sha256_top_flow_control_loop_pipe_sequential_init
sha256_top_flow_control_loop_pipe_sequential_init
sha256_top_H_RAM_AUTO_1R1W
sha256_top_DATA_m_axi
sha256_top_CTRL_s_axi
sha256_top_Pipeline_LOAD_BLOCK
sha256_process_block_Pipeline_EXPAND_W
sha256_process_block_Pipeline_COMPRESS
sha256_process_block
sha256_top_Pipeline_STORE_DIGEST
sha256_top
' rtl_lang='both' bootstrap_tcl='false' outdir='' outfilename=''
Execute       source C:/Users/PC-CST-A3/Desktop/edge-ai-soc/hls/sha256/sha256/solution1/.autopilot/db/global.setting.tcl 
Execute       source C:/Users/PC-CST-A3/Desktop/edge-ai-soc/hls/sha256/sha256/solution1/.autopilot/db/global.setting.tcl 
Execute       get_solution -flow_target 
Execute       get_config_export -xo 
Execute       get_config_export -format 
Execute       source C:/Users/PC-CST-A3/Desktop/edge-ai-soc/hls/sha256/sha256/solution1/.autopilot/db/top-io-be.tcl 
Execute       source C:/Users/PC-CST-A3/Desktop/edge-ai-soc/hls/sha256/sha256/solution1/.autopilot/db/sha256_top.tbgen.tcl 
Execute       source C:/Users/PC-CST-A3/Desktop/edge-ai-soc/hls/sha256/sha256/solution1/.autopilot/db/sha256_top.compgen.dataonly.tcl 
Execute       get_config_interface -s_axilite_interrupt_mode 
Execute       source C:/Users/PC-CST-A3/Desktop/edge-ai-soc/hls/sha256/sha256/solution1/.autopilot/db/sha256_top.compgen.dataonly.tcl 
Execute       source C:/Users/PC-CST-A3/Desktop/edge-ai-soc/hls/sha256/sha256/solution1/.autopilot/db/sha256_top.rtl_wrap.cfg.tcl 
Execute       source C:/Users/PC-CST-A3/Desktop/edge-ai-soc/hls/sha256/sha256/solution1/.autopilot/db/sha256_top.compgen.dataonly.tcl 
Execute       get_config_export -format 
Execute       get_config_export -vendor 
Execute       get_config_export -library 
Execute       get_config_export -version 
Execute       get_config_export -ipname 
Execute       get_config_export -taxonomy 
Execute       get_config_export -description 
Execute       get_config_export -display_name 
Execute       source C:/Users/PC-CST-A3/Desktop/edge-ai-soc/hls/sha256/sha256/solution1/.autopilot/db/sha256_top_Pipeline_LOAD_BLOCK.tbgen.tcl 
Execute       source C:/Users/PC-CST-A3/Desktop/edge-ai-soc/hls/sha256/sha256/solution1/.autopilot/db/sha256_process_block_Pipeline_EXPAND_W.tbgen.tcl 
Execute       source C:/Users/PC-CST-A3/Desktop/edge-ai-soc/hls/sha256/sha256/solution1/.autopilot/db/sha256_process_block_Pipeline_COMPRESS.tbgen.tcl 
Execute       source C:/Users/PC-CST-A3/Desktop/edge-ai-soc/hls/sha256/sha256/solution1/.autopilot/db/sha256_process_block.tbgen.tcl 
Execute       source C:/Users/PC-CST-A3/Desktop/edge-ai-soc/hls/sha256/sha256/solution1/.autopilot/db/sha256_top_Pipeline_STORE_DIGEST.tbgen.tcl 
Execute       source C:/Users/PC-CST-A3/Desktop/edge-ai-soc/hls/sha256/sha256/solution1/.autopilot/db/sha256_top.tbgen.tcl 
Execute       source C:/Users/PC-CST-A3/Desktop/edge-ai-soc/hls/sha256/sha256/solution1/.autopilot/db/global.setting.tcl 
Execute       ap_part_info -name xc7z020-clg484-1 -data names -quiet 
Execute       ap_part_info -name xc7z020-clg484-1 -data info -quiet 
Execute       get_solution -flow_target 
Execute       get_config_rtl -kernel_profile 
Execute       get_config_rtl -kernel_profile 
Execute       get_config_rtl -stall_sig_gen 
Execute       get_config_rtl -profile 
Execute       source C:/Users/PC-CST-A3/Desktop/edge-ai-soc/hls/sha256/sha256/solution1/.autopilot/db/sha256_top.constraint.tcl 
Execute       sc_get_clocks sha256_top 
Execute       source C:/Users/PC-CST-A3/Desktop/edge-ai-soc/hls/sha256/sha256/solution1/.autopilot/db/global.setting.tcl 
Execute       get_config_export -ip_xdc_file 
Execute       get_config_export -ip_xdc_ooc_file 
Execute       get_config_debug -directory 
INFO-FLOW: DBG:PROC: ::HLSREPORTS::add_csynth_report_sections bind_info_dict='adapter_nodes {{BINDTYPE adapter DISPLAY {bind_adapter axilite} ID {} IMPL {} LATENCY {} OPTYPE {} PRAGMA yes RTLNAME CTRL_s_axi_U SOURCE {} VARIABLE {} MODULE sha256_top LOOP {} BUNDLEDNAME CTRL DSP 0 BRAM 0 URAM 0} {BINDTYPE adapter DISPLAY {bind_adapter axi_master} ID {} IMPL {} LATENCY {} OPTYPE {} PRAGMA yes RTLNAME DATA_m_axi_U SOURCE {} VARIABLE {} MODULE sha256_top LOOP {} BUNDLEDNAME DATA DSP 0 BRAM 0 URAM 0}} report_dict {TOPINST sha256_top MODULE2INSTS {sha256_top sha256_top sha256_top_Pipeline_LOAD_BLOCK grp_sha256_top_Pipeline_LOAD_BLOCK_fu_305 sha256_process_block grp_sha256_process_block_fu_330 sha256_process_block_Pipeline_EXPAND_W grp_sha256_process_block_Pipeline_EXPAND_W_fu_457 sha256_process_block_Pipeline_COMPRESS grp_sha256_process_block_Pipeline_COMPRESS_fu_541 sha256_top_Pipeline_STORE_DIGEST grp_sha256_top_Pipeline_STORE_DIGEST_fu_351} INST2MODULE {sha256_top sha256_top grp_sha256_top_Pipeline_LOAD_BLOCK_fu_305 sha256_top_Pipeline_LOAD_BLOCK grp_sha256_process_block_fu_330 sha256_process_block grp_sha256_process_block_Pipeline_EXPAND_W_fu_457 sha256_process_block_Pipeline_EXPAND_W grp_sha256_process_block_Pipeline_COMPRESS_fu_541 sha256_process_block_Pipeline_COMPRESS grp_sha256_top_Pipeline_STORE_DIGEST_fu_351 sha256_top_Pipeline_STORE_DIGEST} INSTDATA {sha256_top {DEPTH 1 CHILDREN {grp_sha256_top_Pipeline_LOAD_BLOCK_fu_305 grp_sha256_process_block_fu_330 grp_sha256_top_Pipeline_STORE_DIGEST_fu_351}} grp_sha256_top_Pipeline_LOAD_BLOCK_fu_305 {DEPTH 2 CHILDREN {}} grp_sha256_process_block_fu_330 {DEPTH 2 CHILDREN {grp_sha256_process_block_Pipeline_EXPAND_W_fu_457 grp_sha256_process_block_Pipeline_COMPRESS_fu_541}} grp_sha256_process_block_Pipeline_EXPAND_W_fu_457 {DEPTH 3 CHILDREN {}} grp_sha256_process_block_Pipeline_COMPRESS_fu_541 {DEPTH 3 CHILDREN {}} grp_sha256_top_Pipeline_STORE_DIGEST_fu_351 {DEPTH 2 CHILDREN {}}} MODULEDATA {sha256_top_Pipeline_LOAD_BLOCK {BINDINFO {{BINDTYPE op ID {} IMPL fabric LATENCY 0 OPTYPE add PRAGMA {} RTLNAME add_ln58_fu_355_p2 SOURCE src/sha256_top.cpp:58 VARIABLE add_ln58 LOOP LOAD_BLOCK BUNDLEDNAME {} DSP 0 BRAM 0 URAM 0 DISPNAME {bind_op add}}} AREA {DSP 0 BRAM 0 URAM 0}} sha256_process_block_Pipeline_EXPAND_W {BINDINFO {{BINDTYPE op ID {} IMPL fabric LATENCY 0 OPTYPE add PRAGMA {} RTLNAME add_ln46_fu_1754_p2 SOURCE src/sha256.cpp:46 VARIABLE add_ln46 LOOP EXPAND_W BUNDLEDNAME {} DSP 0 BRAM 0 URAM 0 DISPNAME {bind_op add}} {BINDTYPE op ID {} IMPL fabric LATENCY 0 OPTYPE add PRAGMA {} RTLNAME add_ln39_fu_2013_p2 SOURCE src/sha256.cpp:39 VARIABLE add_ln39 LOOP EXPAND_W BUNDLEDNAME {} DSP 0 BRAM 0 URAM 0 DISPNAME {bind_op add}}} AREA {DSP 0 BRAM 0 URAM 0}} sha256_process_block_Pipeline_COMPRESS {BINDINFO {{BINDTYPE op ID {} IMPL fabric LATENCY 0 OPTYPE add PRAGMA {} RTLNAME add_ln66_fu_950_p2 SOURCE src/sha256.cpp:66 VARIABLE add_ln66 LOOP COMPRESS BUNDLEDNAME {} DSP 0 BRAM 0 URAM 0 DISPNAME {bind_op add}} {BINDTYPE op ID {} IMPL fabric LATENCY 0 OPTYPE add PRAGMA {} RTLNAME e_2_fu_1324_p2 SOURCE src/sha256.cpp:87 VARIABLE e_2 LOOP COMPRESS BUNDLEDNAME {} DSP 0 BRAM 0 URAM 0 DISPNAME {bind_op add}}} AREA {DSP 0 BRAM 0 URAM 0}} sha256_process_block {BINDINFO {{BINDTYPE op ID {} IMPL fabric LATENCY 0 OPTYPE add PRAGMA {} RTLNAME add_ln97_fu_825_p2 SOURCE src/sha256.cpp:97 VARIABLE add_ln97 LOOP {} BUNDLEDNAME {} DSP 0 BRAM 0 URAM 0 DISPNAME {bind_op add}} {BINDTYPE op ID {} IMPL fabric LATENCY 0 OPTYPE add PRAGMA {} RTLNAME add_ln98_fu_831_p2 SOURCE src/sha256.cpp:98 VARIABLE add_ln98 LOOP {} BUNDLEDNAME {} DSP 0 BRAM 0 URAM 0 DISPNAME {bind_op add}} {BINDTYPE op ID {} IMPL fabric LATENCY 0 OPTYPE add PRAGMA {} RTLNAME add_ln99_fu_843_p2 SOURCE src/sha256.cpp:99 VARIABLE add_ln99 LOOP {} BUNDLEDNAME {} DSP 0 BRAM 0 URAM 0 DISPNAME {bind_op add}} {BINDTYPE op ID {} IMPL fabric LATENCY 0 OPTYPE add PRAGMA {} RTLNAME add_ln100_fu_849_p2 SOURCE src/sha256.cpp:100 VARIABLE add_ln100 LOOP {} BUNDLEDNAME {} DSP 0 BRAM 0 URAM 0 DISPNAME {bind_op add}} {BINDTYPE op ID {} IMPL fabric LATENCY 0 OPTYPE add PRAGMA {} RTLNAME add_ln101_fu_861_p2 SOURCE src/sha256.cpp:101 VARIABLE add_ln101 LOOP {} BUNDLEDNAME {} DSP 0 BRAM 0 URAM 0 DISPNAME {bind_op add}} {BINDTYPE op ID {} IMPL fabric LATENCY 0 OPTYPE add PRAGMA {} RTLNAME add_ln102_fu_867_p2 SOURCE src/sha256.cpp:102 VARIABLE add_ln102 LOOP {} BUNDLEDNAME {} DSP 0 BRAM 0 URAM 0 DISPNAME {bind_op add}} {BINDTYPE op ID {} IMPL fabric LATENCY 0 OPTYPE add PRAGMA {} RTLNAME add_ln103_fu_879_p2 SOURCE src/sha256.cpp:103 VARIABLE add_ln103 LOOP {} BUNDLEDNAME {} DSP 0 BRAM 0 URAM 0 DISPNAME {bind_op add}} {BINDTYPE op ID {} IMPL fabric LATENCY 0 OPTYPE add PRAGMA {} RTLNAME add_ln104_fu_885_p2 SOURCE src/sha256.cpp:104 VARIABLE add_ln104 LOOP {} BUNDLEDNAME {} DSP 0 BRAM 0 URAM 0 DISPNAME {bind_op add}}} AREA {DSP 0 BRAM 0 URAM 0}} sha256_top_Pipeline_STORE_DIGEST {BINDINFO {{BINDTYPE op ID {} IMPL fabric LATENCY 0 OPTYPE add PRAGMA {} RTLNAME add_ln70_fu_101_p2 SOURCE src/sha256_top.cpp:70 VARIABLE add_ln70 LOOP STORE_DIGEST BUNDLEDNAME {} DSP 0 BRAM 0 URAM 0 DISPNAME {bind_op add}}} AREA {DSP 0 BRAM 0 URAM 0}} sha256_top {BINDINFO {{BINDTYPE storage ID {} IMPL auto LATENCY 1 OPTYPE ram_t2p PRAGMA {} RTLNAME H_U SOURCE src/sha256_top.cpp:36 VARIABLE H LOOP {} BUNDLEDNAME {} DSP 0 BRAM 0 URAM 0 DISPNAME {bind_storage ram_t2p}} {BINDTYPE op ID {} IMPL fabric LATENCY 0 OPTYPE sub PRAGMA {} RTLNAME sub_ln49_fu_377_p2 SOURCE src/sha256_top.cpp:49 VARIABLE sub_ln49 LOOP {} BUNDLEDNAME {} DSP 0 BRAM 0 URAM 0 DISPNAME {bind_op sub}} {BINDTYPE op ID {} IMPL fabric LATENCY 0 OPTYPE sub PRAGMA {} RTLNAME sub_ln49_1_fu_397_p2 SOURCE src/sha256_top.cpp:49 VARIABLE sub_ln49_1 LOOP {} BUNDLEDNAME {} DSP 0 BRAM 0 URAM 0 DISPNAME {bind_op sub}} {BINDTYPE op ID {} IMPL fabric LATENCY 0 OPTYPE add PRAGMA {} RTLNAME add_ln52_fu_451_p2 SOURCE src/sha256_top.cpp:52 VARIABLE add_ln52 LOOP HASH_BLOCKS BUNDLEDNAME {} DSP 0 BRAM 0 URAM 0 DISPNAME {bind_op add}} {BINDTYPE op ID {} IMPL fabric LATENCY 0 OPTYPE add PRAGMA {} RTLNAME add_ln60_fu_464_p2 SOURCE src/sha256_top.cpp:60 VARIABLE add_ln60 LOOP HASH_BLOCKS BUNDLEDNAME {} DSP 0 BRAM 0 URAM 0 DISPNAME {bind_op add}} {BINDTYPE op ID {} IMPL fabric LATENCY 0 OPTYPE add PRAGMA {} RTLNAME add_ln64_fu_469_p2 SOURCE src/sha256_top.cpp:64 VARIABLE add_ln64 LOOP HASH_BLOCKS BUNDLEDNAME {} DSP 0 BRAM 0 URAM 0 DISPNAME {bind_op add}}} AREA {DSP 0 BRAM 0 URAM 0}}}}'
INFO-FLOW: DBG:PUTS:      update_csynth_reports json2rpt_hw_sw_interfaces
Execute       send_msg_by_id INFO @200-1603@%s  and missed bursts 
INFO: [HLS 200-1603] Design has inferred MAXI bursts and missed bursts, see Vitis HLS GUI synthesis summary report for detailed information.
INFO-FLOW: Running: gen_csynth_sec_pragma
INFO-FLOW: Done: gen_csynth_sec_pragma time: 0 seconds per iteration
INFO-FLOW: DBG:PUTS:      update_csynth_reports wrote xml
INFO-FLOW: DBG:PUTS:      update_csynth_reports appended to csynth rpt file
INFO: [HLS 200-111] Finished Updating report files: CPU user time: 1 seconds. CPU system time: 0 seconds. Elapsed time: 1.041 seconds; current allocated memory: 1.378 GB.
INFO: [VHDL 208-304] Generating VHDL RTL for sha256_top.
INFO: [VLOG 209-307] Generating Verilog RTL for sha256_top.
Execute       syn_report -model sha256_top -printsummary 
INFO: [HLS 200-790] **** Loop Constraint Status: All loop constraints were satisfied.
INFO: [HLS 200-789] **** Estimated Fmax: 114.29 MHz
Command     autosyn done; 8.839 sec.
Command   csynth_design done; 25.153 sec.
INFO: [HLS 200-111] Finished Command csynth_design CPU user time: 5 seconds. CPU system time: 1 seconds. Elapsed time: 25.153 seconds; current allocated memory: 0.000 MB.
Command ap_source done; 28.823 sec.
Execute cleanup_all 
INFO-FLOW: Workspace C:/Users/PC-CST-A3/Desktop/edge-ai-soc/hls/sha256/sha256/solution1 opened at Sun Aug 23 12:51:32 +0530 2026
Execute     ap_set_clock -name default -period 10 -default=false 
INFO: [SYN 201-201] Setting up clock 'default' with a period of 10ns.
Execute     ap_set_clock -name default -uncertainty 1.25 -unit ns 
INFO: [SYN 201-201] Setting up clock 'default' with an uncertainty of 1.25ns.
Execute     set_part xc7z020-clg484-1 
Execute       create_platform xc7z020-clg484-1 -board  
DBG:HLSDevice: Trying to load device library: D:/Vitis_HLS/2022.1\lib\win64.o\librdi_hlsvwrap.dll
DBG:HLSDevice: first parts/arch.xml in RDI_DATADIR: D:/Vivado/2022.1/data/parts/arch.xml
DBG:HLSDevice: init success
INFO: [HLS 200-1611] Setting target device to 'xc7z020-clg484-1'
Command       create_platform done; 3.71 sec.
Execute       source D:/Vitis_HLS/2022.1/common/technology/xilinx/common/xilinx.gen 
Execute         source D:/Vitis_HLS/2022.1/common/technology/xilinx/interface/plb46.gen 
Execute         source D:/Vitis_HLS/2022.1/common/technology/xilinx/interface/axi4.gen 
Execute         source D:/Vitis_HLS/2022.1/common/technology/xilinx/interface/nativeAXI4.gen 
Execute           source D:/Vitis_HLS/2022.1/common/technology/xilinx/interface/saxilite.gen 
Execute         source D:/Vitis_HLS/2022.1/common/technology/xilinx/scripts/xilinxcoregen.gen 
Execute         source D:/Vitis_HLS/2022.1/common/technology/xilinx/interface/XilEDKCoreGen.gen 
Execute         source D:/Vitis_HLS/2022.1/common/technology/xilinx/ip/dds_compiler.gen 
Execute         source D:/Vitis_HLS/2022.1/common/technology/xilinx/ip/util.gen 
Execute         source D:/Vitis_HLS/2022.1/common/technology/xilinx/ip/xfft.gen 
Execute         source D:/Vitis_HLS/2022.1/common/technology/xilinx/ip/xfir.gen 
Execute         source D:/Vitis_HLS/2022.1/common/technology/xilinx/DSP48/dsp48.gen 
Command       ap_source done; 0.113 sec.
Execute       ap_part_info -name xc7z020-clg484-1 -data info 
Execute       config_compile -quiet -complex-mul-dsp=0 
Command     set_part done; 3.87 sec.
Execute     send_msg_by_id INFO @200-1505@%s%s  vivado 
INFO: [HLS 200-1505] Using flow_target 'vivado'
Execute     get_config_interface -m_axi_latency 
Execute     get_config_interface -m_axi_alignment_byte_size 
Execute     get_config_interface -m_axi_max_widen_bitwidth 
Execute     get_config_interface -default_interface 
Execute     get_config_rtl -register_reset_num 
Command   open_solution done; 3.919 sec.
Execute   set_part xc7z020-clg484-1 
INFO: [HLS 200-1510] Running: set_part xc7z020-clg484-1 
Execute     create_platform xc7z020-clg484-1 -board  
Execute     source D:/Vitis_HLS/2022.1/common/technology/xilinx/common/xilinx.gen 
Execute       source D:/Vitis_HLS/2022.1/common/technology/xilinx/interface/plb46.gen 
Execute       source D:/Vitis_HLS/2022.1/common/technology/xilinx/interface/axi4.gen 
Execute       source D:/Vitis_HLS/2022.1/common/technology/xilinx/interface/nativeAXI4.gen 
Execute         source D:/Vitis_HLS/2022.1/common/technology/xilinx/interface/saxilite.gen 
Execute       source D:/Vitis_HLS/2022.1/common/technology/xilinx/scripts/xilinxcoregen.gen 
Execute       source D:/Vitis_HLS/2022.1/common/technology/xilinx/interface/XilEDKCoreGen.gen 
Execute       source D:/Vitis_HLS/2022.1/common/technology/xilinx/ip/dds_compiler.gen 
Execute       source D:/Vitis_HLS/2022.1/common/technology/xilinx/ip/util.gen 
Execute       source D:/Vitis_HLS/2022.1/common/technology/xilinx/ip/xfft.gen 
Execute       source D:/Vitis_HLS/2022.1/common/technology/xilinx/ip/xfir.gen 
Execute       source D:/Vitis_HLS/2022.1/common/technology/xilinx/DSP48/dsp48.gen 
Command     ap_source done; 0.106 sec.
Execute     ap_part_info -name xc7z020-clg484-1 -data info 
Execute     config_compile -quiet -complex-mul-dsp=0 
Command   set_part done; 0.181 sec.
Execute   create_clock -period 10 -name default 
INFO: [HLS 200-1510] Running: create_clock -period 10 -name default 
Execute   set_clock_uncertainty 1.25ns 
INFO: [HLS 200-1510] Running: set_clock_uncertainty 1.25ns 
Execute   source ./sha256/solution1/directives.tcl 
INFO: [HLS 200-1510] Running: source ./sha256/solution1/directives.tcl
Execute     set_directive_top -name sha256_top sha256_top 
INFO: [HLS 200-1510] Running: set_directive_top -name sha256_top sha256_top 
Execute   export_design -rtl verilog -format ip_catalog 
INFO: [HLS 200-1510] Running: export_design -rtl verilog -format ip_catalog 
Execute     get_config_export -description 
Execute     get_config_export -display_name 
Execute     get_config_export -ipname 
Execute     get_config_export -library 
Execute     get_config_export -output 
Execute     get_config_export -taxonomy 
Execute     get_config_export -vendor 
Execute     get_config_export -version 
Execute     get_config_export -xo 
Execute     config_export -format=ip_catalog -rtl=verilog 
INFO-FLOW: DBG:PUTS: export_design_wrap: -format ip_catalog -rtl verilog
Execute     source C:/Users/PC-CST-A3/Desktop/edge-ai-soc/hls/sha256/sha256/solution1/.autopilot/db/global.setting.tcl 
Execute     get_config_export -vivado_clock 
Execute     get_top 
Execute     get_config_export -ipname 
Execute     get_config_export -xo 
Execute     get_config_export -format 
Execute     get_config_rtl -module_auto_prefix 
Execute     get_config_export -xo 
Execute     get_config_export -format 
Execute     get_solution -flow_target 
Execute     get_config_export -xo 
Execute     get_config_export -format 
INFO-FLOW: DBG:PUTS:   auto_impl: pack: -export -rtl verilog
INFO-FLOW: DBG:PROC: ::AESL_AUTOIMPL::auto_impl args='-export -rtl verilog'
Execute     source C:/Users/PC-CST-A3/Desktop/edge-ai-soc/hls/sha256/sha256/solution1/.autopilot/db/global.setting.tcl 
INFO: [IMPL 213-8] Exporting RTL as a Vivado IP.
Execute     source C:/Users/PC-CST-A3/Desktop/edge-ai-soc/hls/sha256/sha256/solution1/.autopilot/db/global.setting.tcl 
INFO-FLOW: DBG:PUTS: automg_wrap -export -pcore_version 1.00.a -rtl vlog -tool Vivado -impltomg_flag
INFO-FLOW: DBG:PROC: ::AESL_AUTOMG::auto_generate args='-export -pcore_version 1.00.a -rtl vlog -tool Vivado -impltomg_flag'
INFO-FLOW: DBG:PUTS:     auto_generate -export -pcore_version 1.00.a -rtl vlog -tool Vivado -impltomg_flag
Execute     get_config_export -xo 
Execute     get_config_export -format 
Execute     get_config_export -ip_xdc_file 
Execute     get_config_export -ip_xdc_ooc_file 
Execute     source C:/Users/PC-CST-A3/Desktop/edge-ai-soc/hls/sha256/sha256/solution1/.autopilot/db/global.setting.tcl 
INFO-FLOW: DBG:PUTS: read_platform_lib C:/Users/PC-CST-A3/Desktop/edge-ai-soc/hls/sha256/sha256/solution1/.autopilot/db/global.setting.tcl
Execute     source D:/Vitis_HLS/2022.1/common/technology/generic/autopilot/common.gen 
Execute       source D:/Vitis_HLS/2022.1/common/technology/generic/autopilot/APCoreGen.gen 
Execute     source D:/Vitis_HLS/2022.1/common/technology/generic/autopilot/op.gen 
Execute     source D:/Vitis_HLS/2022.1/common/technology/generic/autopilot/op_simcore.gen 
Execute     source D:/Vitis_HLS/2022.1/common/technology/generic/autopilot/interface.gen 
Execute     source C:/Users/PC-CST-A3/Desktop/edge-ai-soc/hls/sha256/sha256/solution1/.autopilot/db/global.setting.tcl 
Execute     source D:/Vitis_HLS/2022.1/common/technology/xilinx/common/xilinx.gen 
Execute       source D:/Vitis_HLS/2022.1/common/technology/xilinx/interface/plb46.gen 
Execute       source D:/Vitis_HLS/2022.1/common/technology/xilinx/interface/axi4.gen 
Execute       source D:/Vitis_HLS/2022.1/common/technology/xilinx/interface/nativeAXI4.gen 
Execute         source D:/Vitis_HLS/2022.1/common/technology/xilinx/interface/saxilite.gen 
Execute       source D:/Vitis_HLS/2022.1/common/technology/xilinx/scripts/xilinxcoregen.gen 
Execute       source D:/Vitis_HLS/2022.1/common/technology/xilinx/interface/XilEDKCoreGen.gen 
Execute       source D:/Vitis_HLS/2022.1/common/technology/xilinx/ip/dds_compiler.gen 
Execute       source D:/Vitis_HLS/2022.1/common/technology/xilinx/ip/util.gen 
Execute       source D:/Vitis_HLS/2022.1/common/technology/xilinx/ip/xfft.gen 
Execute       source D:/Vitis_HLS/2022.1/common/technology/xilinx/ip/xfir.gen 
Execute       source D:/Vitis_HLS/2022.1/common/technology/xilinx/DSP48/dsp48.gen 
Command     ap_source done; 0.105 sec.
INFO-FLOW: DBG:PUTS:   using AESL_AUTOCG::g_clock_period=10.000 (was NA)
INFO-FLOW: DBG:PUTS:       initCTypeInfo top_module=sha256_top xml_exists=0
Execute     source C:/Users/PC-CST-A3/Desktop/edge-ai-soc/hls/sha256/sha256/solution1/.autopilot/db/sha256_top.rtl_wrap.cfg.tcl 
Execute     source C:/Users/PC-CST-A3/Desktop/edge-ai-soc/hls/sha256/sha256/solution1/.autopilot/db/sha256_top.rtl_wrap.cfg.tcl 
Execute     source C:/Users/PC-CST-A3/Desktop/edge-ai-soc/hls/sha256/sha256/solution1/.autopilot/db/sha256_top.rtl_wrap.cfg.tcl 
Execute     source C:/Users/PC-CST-A3/Desktop/edge-ai-soc/hls/sha256/sha256/solution1/.autopilot/db/sha256_top.tbgen.tcl 
Execute     source C:/Users/PC-CST-A3/Desktop/edge-ai-soc/hls/sha256/sha256/solution1/.autopilot/db/sha256_top.tbgen.tcl 
Execute     get_config_rtl -deadlock_detection 
Execute     source C:/Users/PC-CST-A3/Desktop/edge-ai-soc/hls/sha256/sha256/solution1/.autopilot/db/global.setting.tcl 
Execute     source C:/Users/PC-CST-A3/Desktop/edge-ai-soc/hls/sha256/sha256/solution1/.autopilot/db/sha256_top.tbgen.tcl 
Execute     get_config_rtl -module_prefix 
INFO-FLOW: DBG:PUTS:       cosim_export_main adding deadlock detection to sha256_top
INFO-FLOW: DBG:PUTS: Skipping loadAnalyze_DB, #g_database=4
INFO-FLOW: DBG:PUTS:       generate_json generate_bd_files=0 generate_xo_files=false #modelList=14 #gSsdmPorts=0
INFO-FLOW: DBG:PROC: ::AP::DESIGN_DATA::generate_json generate_bd_files='0' generate_xo_files='false' modelList='sha256_top_mux_647_32_1_1
sha256_top_flow_control_loop_pipe_sequential_init
sha256_top_mux_647_32_1_1_x
sha256_top_flow_control_loop_pipe_sequential_init
sha256_top_flow_control_loop_pipe_sequential_init
sha256_top_H_RAM_AUTO_1R1W
sha256_top_DATA_m_axi
sha256_top_CTRL_s_axi
sha256_top_Pipeline_LOAD_BLOCK
sha256_process_block_Pipeline_EXPAND_W
sha256_process_block_Pipeline_COMPRESS
sha256_process_block
sha256_top_Pipeline_STORE_DIGEST
sha256_top
' rtl_lang='vlog' bootstrap_tcl='false' outdir='' outfilename=''
Execute     source D:/Vitis_HLS/2022.1/tps/tcl/tcllib1.11.1/yaml/huddle.tcl 
Execute     source D:/Vitis_HLS/2022.1/tps/tcl/tcllib1.11.1/yaml/json2huddle.tcl 
Execute     source C:/Users/PC-CST-A3/Desktop/edge-ai-soc/hls/sha256/sha256/solution1/.autopilot/db/global.setting.tcl 
Execute     source C:/Users/PC-CST-A3/Desktop/edge-ai-soc/hls/sha256/sha256/solution1/.autopilot/db/global.setting.tcl 
Execute     get_solution -flow_target 
Execute     get_config_export -xo 
Execute     get_config_export -format 
Execute     source C:/Users/PC-CST-A3/Desktop/edge-ai-soc/hls/sha256/sha256/solution1/.autopilot/db/top-io-be.tcl 
Execute     source C:/Users/PC-CST-A3/Desktop/edge-ai-soc/hls/sha256/sha256/solution1/.autopilot/db/sha256_top.tbgen.tcl 
Execute     source C:/Users/PC-CST-A3/Desktop/edge-ai-soc/hls/sha256/sha256/solution1/.autopilot/db/sha256_top.compgen.dataonly.tcl 
Execute     get_config_interface -s_axilite_interrupt_mode 
Execute     source C:/Users/PC-CST-A3/Desktop/edge-ai-soc/hls/sha256/sha256/solution1/.autopilot/db/sha256_top.compgen.dataonly.tcl 
Execute     source C:/Users/PC-CST-A3/Desktop/edge-ai-soc/hls/sha256/sha256/solution1/.autopilot/db/sha256_top.rtl_wrap.cfg.tcl 
Execute     source C:/Users/PC-CST-A3/Desktop/edge-ai-soc/hls/sha256/sha256/solution1/.autopilot/db/sha256_top.compgen.dataonly.tcl 
Execute     get_config_export -format 
Execute     get_config_export -vendor 
Execute     get_config_export -library 
Execute     get_config_export -version 
Execute     get_config_export -ipname 
Execute     get_config_export -taxonomy 
Execute     get_config_export -description 
Execute     get_config_export -display_name 
Execute     source C:/Users/PC-CST-A3/Desktop/edge-ai-soc/hls/sha256/sha256/solution1/.autopilot/db/sha256_top_Pipeline_LOAD_BLOCK.tbgen.tcl 
Execute     source C:/Users/PC-CST-A3/Desktop/edge-ai-soc/hls/sha256/sha256/solution1/.autopilot/db/sha256_process_block_Pipeline_EXPAND_W.tbgen.tcl 
Execute     source C:/Users/PC-CST-A3/Desktop/edge-ai-soc/hls/sha256/sha256/solution1/.autopilot/db/sha256_process_block_Pipeline_COMPRESS.tbgen.tcl 
Execute     source C:/Users/PC-CST-A3/Desktop/edge-ai-soc/hls/sha256/sha256/solution1/.autopilot/db/sha256_process_block.tbgen.tcl 
Execute     source C:/Users/PC-CST-A3/Desktop/edge-ai-soc/hls/sha256/sha256/solution1/.autopilot/db/sha256_top_Pipeline_STORE_DIGEST.tbgen.tcl 
Execute     source C:/Users/PC-CST-A3/Desktop/edge-ai-soc/hls/sha256/sha256/solution1/.autopilot/db/sha256_top.tbgen.tcl 
Execute     source C:/Users/PC-CST-A3/Desktop/edge-ai-soc/hls/sha256/sha256/solution1/.autopilot/db/global.setting.tcl 
Execute     ap_part_info -name xc7z020-clg484-1 -data names -quiet 
Execute     ap_part_info -name xc7z020-clg484-1 -data info -quiet 
Execute     get_solution -flow_target 
Execute     get_config_rtl -kernel_profile 
Execute     get_config_rtl -kernel_profile 
Execute     get_config_rtl -stall_sig_gen 
Execute     get_config_rtl -profile 
Execute     source C:/Users/PC-CST-A3/Desktop/edge-ai-soc/hls/sha256/sha256/solution1/.autopilot/db/sha256_top.constraint.tcl 
Execute     sc_get_clocks sha256_top 
Execute     source C:/Users/PC-CST-A3/Desktop/edge-ai-soc/hls/sha256/sha256/solution1/.autopilot/db/global.setting.tcl 
Execute     get_config_export -ip_xdc_file 
Execute     get_config_export -ip_xdc_ooc_file 
Execute     get_config_debug -directory 
Execute     get_config_rtl -deadlock_detection 
Execute     source C:/Users/PC-CST-A3/Desktop/edge-ai-soc/hls/sha256/sha256/solution1/.autopilot/db/global.setting.tcl 
Execute     source C:/Users/PC-CST-A3/Desktop/edge-ai-soc/hls/sha256/sha256/solution1/.autopilot/db/sha256_top.tbgen.tcl 
Execute     get_config_rtl -module_prefix 
INFO-FLOW: DBG:PUTS:       cosim_export_main adding deadlock detection to sha256_top
INFO-FLOW: DBG:PUTS:       copy ip_driver_dir 1_0 C:/Users/PC-CST-A3/Desktop/edge-ai-soc/hls/sha256/sha256/solution1/.autopilot/db/driver
Execute     get_config_export -format 
INFO-FLOW: DBG:PUTS:       generate_ip_script #gSsdmPorts=0 g_lang=vlog is_sdaccel=false is_sdsoc=true xo_file=
Execute     ap_part_info -name xc7z020-clg484-1 -data names -quiet 
Execute     ap_part_info -name xc7z020-clg484-1 -data info -quiet 
Execute     ap_part_info -name xc7z020-clg484-1 -data names -quiet 
Execute     ap_part_info -name xc7z020-clg484-1 -data info -quiet 
Execute     source C:/Users/PC-CST-A3/Desktop/edge-ai-soc/hls/sha256/sha256/solution1/.autopilot/db/sha256_top.tbgen.tcl 
Execute     source C:/Users/PC-CST-A3/Desktop/edge-ai-soc/hls/sha256/sha256/solution1/.autopilot/db/sha256_top.compgen.dataonly.tcl 
Execute     get_config_interface -s_axilite_interrupt_mode 
Execute     source C:/Users/PC-CST-A3/Desktop/edge-ai-soc/hls/sha256/sha256/solution1/.autopilot/db/sha256_top.compgen.dataonly.tcl 
Execute     source C:/Users/PC-CST-A3/Desktop/edge-ai-soc/hls/sha256/sha256/solution1/.autopilot/db/global.setting.tcl 
Execute     get_config_debug -directory 
INFO-FLOW: DBG:PUTS:       generate_top_info
INFO-FLOW: DBG:PUTS:       prepArgInfo -> loadAnalyze_DB top_module=sha256_top
Execute     source C:/Users/PC-CST-A3/Desktop/edge-ai-soc/hls/sha256/sha256/solution1/.autopilot/db/sha256_top.rtl_wrap.cfg.tcl 
Execute     source C:/Users/PC-CST-A3/Desktop/edge-ai-soc/hls/sha256/sha256/solution1/.autopilot/db/sha256_top.rtl_wrap.cfg.tcl 
Execute     source C:/Users/PC-CST-A3/Desktop/edge-ai-soc/hls/sha256/sha256/solution1/.autopilot/db/sha256_top.rtl_wrap.cfg.tcl 
Execute     source C:/Users/PC-CST-A3/Desktop/edge-ai-soc/hls/sha256/sha256/solution1/.autopilot/db/sha256_top.tbgen.tcl 
Execute     source C:/Users/PC-CST-A3/Desktop/edge-ai-soc/hls/sha256/sha256/solution1/.autopilot/db/sha256_top.tbgen.tcl 
Execute     ap_part_info -name xc7z020-clg484-1 -data names -quiet 
Execute     ap_part_info -name xc7z020-clg484-1 -data info -quiet 
Execute     source C:/Users/PC-CST-A3/Desktop/edge-ai-soc/hls/sha256/sha256/solution1/.autopilot/db/global.setting.tcl 
Execute     ap_part_info -name xc7z020-clg484-1 -data names -quiet 
Execute     ap_part_info -name xc7z020-clg484-1 -data info -quiet 
Execute     ap_part_info -name xc7z020-clg484-1 -data names -quiet 
Execute     ap_part_info -name xc7z020-clg484-1 -data info -quiet 
Execute     source C:/Users/PC-CST-A3/Desktop/edge-ai-soc/hls/sha256/sha256/solution1/.autopilot/db/sha256_top.tbgen.tcl 
Execute     source C:/Users/PC-CST-A3/Desktop/edge-ai-soc/hls/sha256/sha256/solution1/.autopilot/db/global.setting.tcl 
Execute     get_config_export -ip_xdc_ooc_file 
Execute     get_config_export -ip_xdc_file 
Execute     source C:/Users/PC-CST-A3/Desktop/edge-ai-soc/hls/sha256/sha256/solution1/.autopilot/db/sha256_top.constraint.tcl 
INFO-FLOW: DBG:PUTS:       generate_ipi_example_script
Execute     ap_part_info -name xc7z020-clg484-1 -data names -quiet 
Execute     ap_part_info -name xc7z020-clg484-1 -data info -quiet 
Execute     ap_part_info -name xc7z020-clg484-1 -data names -quiet 
Execute     ap_part_info -name xc7z020-clg484-1 -data info -quiet 
INFO-FLOW: DBG:PUTS:       generate_syn_sh
Execute     ap_part_info -name xc7z020-clg484-1 -data names -quiet 
Execute     ap_part_info -name xc7z020-clg484-1 -data info -quiet 
Execute     source C:/Users/PC-CST-A3/Desktop/edge-ai-soc/hls/sha256/sha256/solution1/.autopilot/db/global.setting.tcl 
INFO-FLOW: DBG:PUTS:       generate_imp_constraints
Execute     ap_part_info -name xc7z020-clg484-1 -data names -quiet 
Execute     ap_part_info -name xc7z020-clg484-1 -data info -quiet 
Execute     source C:/Users/PC-CST-A3/Desktop/edge-ai-soc/hls/sha256/sha256/solution1/.autopilot/db/sha256_top.constraint.tcl 
Execute     source C:/Users/PC-CST-A3/Desktop/edge-ai-soc/hls/sha256/sha256/solution1/.autopilot/db/sha256_top.tbgen.tcl 
INFO-FLOW: DBG:PUTS:       delete-temp-dirs (skipped for debug)
Execute     ap_part_info -name xc7z020-clg484-1 -data names -quiet 
Execute     ap_part_info -name xc7z020-clg484-1 -data info -quiet 
INFO-FLOW: DBG:PUTS: read_platform_lib C:/Users/PC-CST-A3/Desktop/edge-ai-soc/hls/sha256/sha256/solution1/.autopilot/db/global.setting.tcl
Execute     source D:/Vitis_HLS/2022.1/common/technology/generic/autopilot/common.gen 
Execute       source D:/Vitis_HLS/2022.1/common/technology/generic/autopilot/APCoreGen.gen 
Execute     source D:/Vitis_HLS/2022.1/common/technology/generic/autopilot/op.gen 
Execute     source D:/Vitis_HLS/2022.1/common/technology/generic/autopilot/op_simcore.gen 
Execute     source D:/Vitis_HLS/2022.1/common/technology/generic/autopilot/interface.gen 
Execute     source C:/Users/PC-CST-A3/Desktop/edge-ai-soc/hls/sha256/sha256/solution1/.autopilot/db/global.setting.tcl 
Execute     source D:/Vitis_HLS/2022.1/common/technology/xilinx/common/xilinx.gen 
Execute       source D:/Vitis_HLS/2022.1/common/technology/xilinx/interface/plb46.gen 
Execute       source D:/Vitis_HLS/2022.1/common/technology/xilinx/interface/axi4.gen 
Execute       source D:/Vitis_HLS/2022.1/common/technology/xilinx/interface/nativeAXI4.gen 
Execute         source D:/Vitis_HLS/2022.1/common/technology/xilinx/interface/saxilite.gen 
Execute       source D:/Vitis_HLS/2022.1/common/technology/xilinx/scripts/xilinxcoregen.gen 
Execute       source D:/Vitis_HLS/2022.1/common/technology/xilinx/interface/XilEDKCoreGen.gen 
Execute       source D:/Vitis_HLS/2022.1/common/technology/xilinx/ip/dds_compiler.gen 
Execute       source D:/Vitis_HLS/2022.1/common/technology/xilinx/ip/util.gen 
Execute       source D:/Vitis_HLS/2022.1/common/technology/xilinx/ip/xfft.gen 
Execute       source D:/Vitis_HLS/2022.1/common/technology/xilinx/ip/xfir.gen 
Execute       source D:/Vitis_HLS/2022.1/common/technology/xilinx/DSP48/dsp48.gen 
Command     ap_source done; 0.101 sec.
INFO-FLOW: DBG:PUTS:     IP package: exec C:/Users/PC-CST-A3/Desktop/edge-ai-soc/hls/sha256/sha256/solution1/impl/ip/pack.bat
INFO-FLOW: DBG:PUTS:     IP package: success C:/Users/PC-CST-A3/Desktop/edge-ai-soc/hls/sha256/sha256/solution1/impl/ip/pack.bat
Execute     get_config_export -output 
Execute     send_msg_by_id INFO @200-802@%s sha256/solution1/impl/export.zip 
INFO: [HLS 200-802] Generated output file sha256/solution1/impl/export.zip
Command   export_design done; 30.179 sec.
INFO: [HLS 200-111] Finished Command export_design CPU user time: 2 seconds. CPU system time: 1 seconds. Elapsed time: 30.179 seconds; current allocated memory: 587.941 MB.
Command ap_source done; 34.366 sec.
Execute cleanup_all 
