

================================================================
== Vitis HLS Report for 'sha256_top'
================================================================
* Date:           Sun Aug 23 12:50:47 2026

* Version:        2022.1 (Build 3526262 on Mon Apr 18 15:48:16 MDT 2022)
* Project:        sha256
* Solution:       solution1 (Vivado IP Flow Target)
* Product family: zynq
* Target device:  xc7z020-clg484-1


================================================================
== Performance Estimates
================================================================
+ Timing: 
    * Summary: 
    +--------+----------+----------+------------+
    |  Clock |  Target  | Estimated| Uncertainty|
    +--------+----------+----------+------------+
    |ap_clk  |  10.00 ns|  8.750 ns|     1.25 ns|
    +--------+----------+----------+------------+

+ Latency: 
    * Summary: 
    +---------+---------+----------+----------+-----+-----+---------+
    |  Latency (cycles) |  Latency (absolute) |  Interval | Pipeline|
    |   min   |   max   |    min   |    max   | min | max |   Type  |
    +---------+---------+----------+----------+-----+-----+---------+
    |        ?|        ?|         ?|         ?|    ?|    ?|       no|
    +---------+---------+----------+----------+-----+-----+---------+

    + Detail: 
        * Instance: 
        +---------------------------------------------+----------------------------------+---------+---------+----------+----------+-----+-----+---------+
        |                                             |                                  |  Latency (cycles) |  Latency (absolute) |  Interval | Pipeline|
        |                   Instance                  |              Module              |   min   |   max   |    min   |    max   | min | max |   Type  |
        +---------------------------------------------+----------------------------------+---------+---------+----------+----------+-----+-----+---------+
        |grp_sha256_top_Pipeline_LOAD_BLOCK_fu_305    |sha256_top_Pipeline_LOAD_BLOCK    |       24|       24|  0.240 us|  0.240 us|   24|   24|       no|
        |grp_sha256_process_block_fu_330              |sha256_process_block              |      238|      238|  2.380 us|  2.380 us|  238|  238|       no|
        |grp_sha256_top_Pipeline_STORE_DIGEST_fu_351  |sha256_top_Pipeline_STORE_DIGEST  |       11|       11|  0.110 us|  0.110 us|   11|   11|       no|
        +---------------------------------------------+----------------------------------+---------+---------+----------+----------+-----+-----+---------+

        * Loop: 
        +---------------+---------+---------+----------+-----------+-----------+------+----------+
        |               |  Latency (cycles) | Iteration|  Initiation Interval  | Trip |          |
        |   Loop Name   |   min   |   max   |  Latency |  achieved |   target  | Count| Pipelined|
        +---------------+---------+---------+----------+-----------+-----------+------+----------+
        |- HASH_BLOCKS  |        ?|        ?|       267|          -|          -|     ?|        no|
        +---------------+---------+---------+----------+-----------+-----------+------+----------+



================================================================
== Utilization Estimates
================================================================
* Summary: 
+-----------------+---------+-----+--------+-------+-----+
|       Name      | BRAM_18K| DSP |   FF   |  LUT  | URAM|
+-----------------+---------+-----+--------+-------+-----+
|DSP              |        -|    -|       -|      -|    -|
|Expression       |        -|    -|       0|    265|    -|
|FIFO             |        -|    -|       -|      -|    -|
|Instance         |        0|    -|    3990|   5126|    -|
|Memory           |        0|    -|      64|      4|    0|
|Multiplexer      |        -|    -|       -|    398|    -|
|Register         |        -|    -|     967|      -|    -|
+-----------------+---------+-----+--------+-------+-----+
|Total            |        0|    0|    5021|   5793|    0|
+-----------------+---------+-----+--------+-------+-----+
|Available        |      280|  220|  106400|  53200|    0|
+-----------------+---------+-----+--------+-------+-----+
|Utilization (%)  |        0|    0|       4|     10|    0|
+-----------------+---------+-----+--------+-------+-----+

+ Detail: 
    * Instance: 
    +---------------------------------------------+----------------------------------+---------+----+------+------+-----+
    |                   Instance                  |              Module              | BRAM_18K| DSP|  FF  |  LUT | URAM|
    +---------------------------------------------+----------------------------------+---------+----+------+------+-----+
    |CTRL_s_axi_U                                 |CTRL_s_axi                        |        0|   0|   214|   360|    0|
    |DATA_m_axi_U                                 |DATA_m_axi                        |        0|   0|   718|  1318|    0|
    |grp_sha256_process_block_fu_330              |sha256_process_block              |        0|   0|  2484|  3254|    0|
    |grp_sha256_top_Pipeline_LOAD_BLOCK_fu_305    |sha256_top_Pipeline_LOAD_BLOCK    |        0|   0|   532|   123|    0|
    |grp_sha256_top_Pipeline_STORE_DIGEST_fu_351  |sha256_top_Pipeline_STORE_DIGEST  |        0|   0|    42|    71|    0|
    +---------------------------------------------+----------------------------------+---------+----+------+------+-----+
    |Total                                        |                                  |        0|   0|  3990|  5126|    0|
    +---------------------------------------------+----------------------------------+---------+----+------+------+-----+

    * DSP: 
    N/A

    * Memory: 
    +-------+-----------------+---------+----+----+-----+------+-----+------+-------------+
    | Memory|      Module     | BRAM_18K| FF | LUT| URAM| Words| Bits| Banks| W*Bits*Banks|
    +-------+-----------------+---------+----+----+-----+------+-----+------+-------------+
    |H_U    |H_RAM_AUTO_1R1W  |        0|  64|   4|    0|     8|   32|     1|          256|
    +-------+-----------------+---------+----+----+-----+------+-----+------+-------------+
    |Total  |                 |        0|  64|   4|    0|     8|   32|     1|          256|
    +-------+-----------------+---------+----+----+-----+------+-----+------+-------------+

    * FIFO: 
    N/A

    * Expression: 
    +----------------------+----------+----+---+----+------------+------------+
    |     Variable Name    | Operation| DSP| FF| LUT| Bitwidth P0| Bitwidth P1|
    +----------------------+----------+----+---+----+------------+------------+
    |add_ln52_fu_451_p2    |         +|   0|  0|  35|          28|           1|
    |add_ln60_fu_464_p2    |         +|   0|  0|  70|          63|          63|
    |add_ln64_fu_469_p2    |         +|   0|  0|  39|          32|           5|
    |sub_ln49_1_fu_397_p2  |         -|   0|  0|  36|           1|          29|
    |sub_ln49_fu_377_p2    |         -|   0|  0|  39|           1|          32|
    |icmp_ln52_fu_446_p2   |      icmp|   0|  0|  17|          29|          29|
    |num_blocks_fu_417_p3  |    select|   0|  0|  29|           1|          29|
    +----------------------+----------+----+---+----+------------+------------+
    |Total                 |          |   0|  0| 265|         155|         188|
    +----------------------+----------+----+---+----+------------+------------+

    * Multiplexer: 
    +----------------+----+-----------+-----+-----------+
    |      Name      | LUT| Input Size| Bits| Total Bits|
    +----------------+----+-----------+-----+-----------+
    |DATA_ARVALID    |   9|          2|    1|          2|
    |DATA_AWADDR     |  14|          3|   64|        192|
    |DATA_AWLEN      |  14|          3|   32|         96|
    |DATA_AWVALID    |  14|          3|    1|          3|
    |DATA_BREADY     |  14|          3|    1|          3|
    |DATA_RREADY     |   9|          2|    1|          2|
    |DATA_WVALID     |   9|          2|    1|          2|
    |DATA_blk_n_AW   |   9|          2|    1|          2|
    |DATA_blk_n_B    |   9|          2|    1|          2|
    |H_address0      |  37|          7|    3|         21|
    |H_address1      |  31|          6|    3|         18|
    |H_ce0           |  20|          4|    1|          4|
    |H_ce1           |  14|          3|    1|          3|
    |H_d0            |  31|          6|   32|        192|
    |H_d1            |  31|          6|   32|        192|
    |H_we0           |  14|          3|    1|          3|
    |H_we1           |  14|          3|    1|          3|
    |ap_NS_fsm       |  87|         18|    1|         18|
    |b_fu_120        |   9|          2|   28|         56|
    |msg_ptr_fu_124  |   9|          2|   32|         64|
    +----------------+----+-----------+-----+-----------+
    |Total           | 398|         82|  238|        878|
    +----------------+----+-----------+-----+-----------+

    * Register: 
    +----------------------------------------------------------+----+----+-----+-----------+
    |                           Name                           | FF | LUT| Bits| Const Bits|
    +----------------------------------------------------------+----+----+-----+-----------+
    |add_ln60_reg_706                                          |  63|   0|   63|          0|
    |ap_CS_fsm                                                 |  17|   0|   17|          0|
    |b_fu_120                                                  |  28|   0|   28|          0|
    |block_10_loc_fu_168                                       |  32|   0|   32|          0|
    |block_11_loc_fu_172                                       |  32|   0|   32|          0|
    |block_12_loc_fu_176                                       |  32|   0|   32|          0|
    |block_13_loc_fu_180                                       |  32|   0|   32|          0|
    |block_14_loc_fu_184                                       |  32|   0|   32|          0|
    |block_15_loc_fu_188                                       |  32|   0|   32|          0|
    |block_1_loc_fu_132                                        |  32|   0|   32|          0|
    |block_2_loc_fu_136                                        |  32|   0|   32|          0|
    |block_3_loc_fu_140                                        |  32|   0|   32|          0|
    |block_4_loc_fu_144                                        |  32|   0|   32|          0|
    |block_5_loc_fu_148                                        |  32|   0|   32|          0|
    |block_6_loc_fu_152                                        |  32|   0|   32|          0|
    |block_7_loc_fu_156                                        |  32|   0|   32|          0|
    |block_8_loc_fu_160                                        |  32|   0|   32|          0|
    |block_9_loc_fu_164                                        |  32|   0|   32|          0|
    |block_loc_fu_128                                          |  32|   0|   32|          0|
    |digest_read_reg_678                                       |  64|   0|   64|          0|
    |grp_sha256_process_block_fu_330_ap_start_reg              |   1|   0|    1|          0|
    |grp_sha256_top_Pipeline_LOAD_BLOCK_fu_305_ap_start_reg    |   1|   0|    1|          0|
    |grp_sha256_top_Pipeline_STORE_DIGEST_fu_351_ap_start_reg  |   1|   0|    1|          0|
    |msg_ptr_fu_124                                            |  32|   0|   32|          0|
    |msg_ptr_load_reg_701                                      |  32|   0|   32|          0|
    |num_blocks_reg_683                                        |  29|   0|   29|          0|
    |sext_ln52_reg_693                                         |  63|   0|   63|          0|
    |trunc_ln1_reg_688                                         |  62|   0|   62|          0|
    |trunc_ln2_reg_711                                         |  62|   0|   62|          0|
    +----------------------------------------------------------+----+----+-----+-----------+
    |Total                                                     | 967|   0|  967|          0|
    +----------------------------------------------------------+----+----+-----+-----------+



================================================================
== Interface
================================================================
* Summary: 
+---------------------+-----+-----+------------+--------------+--------------+
|      RTL Ports      | Dir | Bits|  Protocol  | Source Object|    C Type    |
+---------------------+-----+-----+------------+--------------+--------------+
|s_axi_CTRL_AWVALID   |   in|    1|       s_axi|          CTRL|        scalar|
|s_axi_CTRL_AWREADY   |  out|    1|       s_axi|          CTRL|        scalar|
|s_axi_CTRL_AWADDR    |   in|    6|       s_axi|          CTRL|        scalar|
|s_axi_CTRL_WVALID    |   in|    1|       s_axi|          CTRL|        scalar|
|s_axi_CTRL_WREADY    |  out|    1|       s_axi|          CTRL|        scalar|
|s_axi_CTRL_WDATA     |   in|   32|       s_axi|          CTRL|        scalar|
|s_axi_CTRL_WSTRB     |   in|    4|       s_axi|          CTRL|        scalar|
|s_axi_CTRL_ARVALID   |   in|    1|       s_axi|          CTRL|        scalar|
|s_axi_CTRL_ARREADY   |  out|    1|       s_axi|          CTRL|        scalar|
|s_axi_CTRL_ARADDR    |   in|    6|       s_axi|          CTRL|        scalar|
|s_axi_CTRL_RVALID    |  out|    1|       s_axi|          CTRL|        scalar|
|s_axi_CTRL_RREADY    |   in|    1|       s_axi|          CTRL|        scalar|
|s_axi_CTRL_RDATA     |  out|   32|       s_axi|          CTRL|        scalar|
|s_axi_CTRL_RRESP     |  out|    2|       s_axi|          CTRL|        scalar|
|s_axi_CTRL_BVALID    |  out|    1|       s_axi|          CTRL|        scalar|
|s_axi_CTRL_BREADY    |   in|    1|       s_axi|          CTRL|        scalar|
|s_axi_CTRL_BRESP     |  out|    2|       s_axi|          CTRL|        scalar|
|ap_clk               |   in|    1|  ap_ctrl_hs|    sha256_top|  return value|
|ap_rst_n             |   in|    1|  ap_ctrl_hs|    sha256_top|  return value|
|interrupt            |  out|    1|  ap_ctrl_hs|    sha256_top|  return value|
|m_axi_DATA_AWVALID   |  out|    1|       m_axi|          DATA|       pointer|
|m_axi_DATA_AWREADY   |   in|    1|       m_axi|          DATA|       pointer|
|m_axi_DATA_AWADDR    |  out|   64|       m_axi|          DATA|       pointer|
|m_axi_DATA_AWID      |  out|    1|       m_axi|          DATA|       pointer|
|m_axi_DATA_AWLEN     |  out|    8|       m_axi|          DATA|       pointer|
|m_axi_DATA_AWSIZE    |  out|    3|       m_axi|          DATA|       pointer|
|m_axi_DATA_AWBURST   |  out|    2|       m_axi|          DATA|       pointer|
|m_axi_DATA_AWLOCK    |  out|    2|       m_axi|          DATA|       pointer|
|m_axi_DATA_AWCACHE   |  out|    4|       m_axi|          DATA|       pointer|
|m_axi_DATA_AWPROT    |  out|    3|       m_axi|          DATA|       pointer|
|m_axi_DATA_AWQOS     |  out|    4|       m_axi|          DATA|       pointer|
|m_axi_DATA_AWREGION  |  out|    4|       m_axi|          DATA|       pointer|
|m_axi_DATA_AWUSER    |  out|    1|       m_axi|          DATA|       pointer|
|m_axi_DATA_WVALID    |  out|    1|       m_axi|          DATA|       pointer|
|m_axi_DATA_WREADY    |   in|    1|       m_axi|          DATA|       pointer|
|m_axi_DATA_WDATA     |  out|   32|       m_axi|          DATA|       pointer|
|m_axi_DATA_WSTRB     |  out|    4|       m_axi|          DATA|       pointer|
|m_axi_DATA_WLAST     |  out|    1|       m_axi|          DATA|       pointer|
|m_axi_DATA_WID       |  out|    1|       m_axi|          DATA|       pointer|
|m_axi_DATA_WUSER     |  out|    1|       m_axi|          DATA|       pointer|
|m_axi_DATA_ARVALID   |  out|    1|       m_axi|          DATA|       pointer|
|m_axi_DATA_ARREADY   |   in|    1|       m_axi|          DATA|       pointer|
|m_axi_DATA_ARADDR    |  out|   64|       m_axi|          DATA|       pointer|
|m_axi_DATA_ARID      |  out|    1|       m_axi|          DATA|       pointer|
|m_axi_DATA_ARLEN     |  out|    8|       m_axi|          DATA|       pointer|
|m_axi_DATA_ARSIZE    |  out|    3|       m_axi|          DATA|       pointer|
|m_axi_DATA_ARBURST   |  out|    2|       m_axi|          DATA|       pointer|
|m_axi_DATA_ARLOCK    |  out|    2|       m_axi|          DATA|       pointer|
|m_axi_DATA_ARCACHE   |  out|    4|       m_axi|          DATA|       pointer|
|m_axi_DATA_ARPROT    |  out|    3|       m_axi|          DATA|       pointer|
|m_axi_DATA_ARQOS     |  out|    4|       m_axi|          DATA|       pointer|
|m_axi_DATA_ARREGION  |  out|    4|       m_axi|          DATA|       pointer|
|m_axi_DATA_ARUSER    |  out|    1|       m_axi|          DATA|       pointer|
|m_axi_DATA_RVALID    |   in|    1|       m_axi|          DATA|       pointer|
|m_axi_DATA_RREADY    |  out|    1|       m_axi|          DATA|       pointer|
|m_axi_DATA_RDATA     |   in|   32|       m_axi|          DATA|       pointer|
|m_axi_DATA_RLAST     |   in|    1|       m_axi|          DATA|       pointer|
|m_axi_DATA_RID       |   in|    1|       m_axi|          DATA|       pointer|
|m_axi_DATA_RUSER     |   in|    1|       m_axi|          DATA|       pointer|
|m_axi_DATA_RRESP     |   in|    2|       m_axi|          DATA|       pointer|
|m_axi_DATA_BVALID    |   in|    1|       m_axi|          DATA|       pointer|
|m_axi_DATA_BREADY    |  out|    1|       m_axi|          DATA|       pointer|
|m_axi_DATA_BRESP     |   in|    2|       m_axi|          DATA|       pointer|
|m_axi_DATA_BID       |   in|    1|       m_axi|          DATA|       pointer|
|m_axi_DATA_BUSER     |   in|    1|       m_axi|          DATA|       pointer|
+---------------------+-----+-----+------------+--------------+--------------+

============================================================
+ Verbose Summary: Synthesis Manager
============================================================
InlineROM: 1
ExposeGlobal: 0
============================================================
+ Verbose Summary: CDFG Model
============================================================
IsTopModel: 1
ResetActiveHigh: 1
IsCombinational: 2
IsDatapathOnly: 2
HasWiredReturn: 1
HasMFsm: 0
HasVarLatency: 1
IsPipeline: 0
IsRtlPipelined: 0
IsInstanceOverlapped: 0
IsDontTouch: 0
HasImplIP: 0
IsGatedGlobalClock: 0


============================================================
+ Verbose Summary: Schedule
============================================================
* Number of FSM states : 17
* Pipeline : 0
* Dataflow Pipeline: 0

* FSM state transitions: 
1 --> 2 
2 --> 3 
3 --> 4 
4 --> 5 
5 --> 6 10 
6 --> 7 
7 --> 8 
8 --> 9 
9 --> 5 
10 --> 11 
11 --> 12 
12 --> 13 
13 --> 14 
14 --> 15 
15 --> 16 
16 --> 17 
17 --> 

* FSM state operations: 

State 1 <SV = 0> <Delay = 4.64>
ST_1 : Operation 18 [1/1] (0.00ns)   --->   "%b = alloca i32 1"   --->   Operation 18 'alloca' 'b' <Predicate = true> <Delay = 0.00>
ST_1 : Operation 19 [1/1] (0.00ns)   --->   "%msg_ptr = alloca i32 1"   --->   Operation 19 'alloca' 'msg_ptr' <Predicate = true> <Delay = 0.00>
ST_1 : Operation 20 [1/1] (0.00ns)   --->   "%block_loc = alloca i64 1"   --->   Operation 20 'alloca' 'block_loc' <Predicate = true> <Delay = 0.00>
ST_1 : Operation 21 [1/1] (0.00ns)   --->   "%block_1_loc = alloca i64 1"   --->   Operation 21 'alloca' 'block_1_loc' <Predicate = true> <Delay = 0.00>
ST_1 : Operation 22 [1/1] (0.00ns)   --->   "%block_2_loc = alloca i64 1"   --->   Operation 22 'alloca' 'block_2_loc' <Predicate = true> <Delay = 0.00>
ST_1 : Operation 23 [1/1] (0.00ns)   --->   "%block_3_loc = alloca i64 1"   --->   Operation 23 'alloca' 'block_3_loc' <Predicate = true> <Delay = 0.00>
ST_1 : Operation 24 [1/1] (0.00ns)   --->   "%block_4_loc = alloca i64 1"   --->   Operation 24 'alloca' 'block_4_loc' <Predicate = true> <Delay = 0.00>
ST_1 : Operation 25 [1/1] (0.00ns)   --->   "%block_5_loc = alloca i64 1"   --->   Operation 25 'alloca' 'block_5_loc' <Predicate = true> <Delay = 0.00>
ST_1 : Operation 26 [1/1] (0.00ns)   --->   "%block_6_loc = alloca i64 1"   --->   Operation 26 'alloca' 'block_6_loc' <Predicate = true> <Delay = 0.00>
ST_1 : Operation 27 [1/1] (0.00ns)   --->   "%block_7_loc = alloca i64 1"   --->   Operation 27 'alloca' 'block_7_loc' <Predicate = true> <Delay = 0.00>
ST_1 : Operation 28 [1/1] (0.00ns)   --->   "%block_8_loc = alloca i64 1"   --->   Operation 28 'alloca' 'block_8_loc' <Predicate = true> <Delay = 0.00>
ST_1 : Operation 29 [1/1] (0.00ns)   --->   "%block_9_loc = alloca i64 1"   --->   Operation 29 'alloca' 'block_9_loc' <Predicate = true> <Delay = 0.00>
ST_1 : Operation 30 [1/1] (0.00ns)   --->   "%block_10_loc = alloca i64 1"   --->   Operation 30 'alloca' 'block_10_loc' <Predicate = true> <Delay = 0.00>
ST_1 : Operation 31 [1/1] (0.00ns)   --->   "%block_11_loc = alloca i64 1"   --->   Operation 31 'alloca' 'block_11_loc' <Predicate = true> <Delay = 0.00>
ST_1 : Operation 32 [1/1] (0.00ns)   --->   "%block_12_loc = alloca i64 1"   --->   Operation 32 'alloca' 'block_12_loc' <Predicate = true> <Delay = 0.00>
ST_1 : Operation 33 [1/1] (0.00ns)   --->   "%block_13_loc = alloca i64 1"   --->   Operation 33 'alloca' 'block_13_loc' <Predicate = true> <Delay = 0.00>
ST_1 : Operation 34 [1/1] (0.00ns)   --->   "%block_14_loc = alloca i64 1"   --->   Operation 34 'alloca' 'block_14_loc' <Predicate = true> <Delay = 0.00>
ST_1 : Operation 35 [1/1] (0.00ns)   --->   "%block_15_loc = alloca i64 1"   --->   Operation 35 'alloca' 'block_15_loc' <Predicate = true> <Delay = 0.00>
ST_1 : Operation 36 [1/1] (2.32ns)   --->   "%H = alloca i64 1" [src/sha256_top.cpp:36]   --->   Operation 36 'alloca' 'H' <Predicate = true> <Delay = 2.32> <CoreInst = "RAM">   --->   Core 82 'RAM' <Latency = 1> <II = 1> <Delay = 2.32> <Storage> <Opcode : 'load' 'store'> <Ports = 2> <Width = 32> <Depth = 8> <RAM>
ST_1 : Operation 37 [1/1] (0.00ns)   --->   "%H_addr = getelementptr i32 %H, i64 0, i64 0" [src/sha256_top.cpp:37]   --->   Operation 37 'getelementptr' 'H_addr' <Predicate = true> <Delay = 0.00>
ST_1 : Operation 38 [1/1] (2.32ns)   --->   "%store_ln37 = store i32 1779033703, i3 %H_addr" [src/sha256_top.cpp:37]   --->   Operation 38 'store' 'store_ln37' <Predicate = true> <Delay = 2.32> <CoreInst = "RAM">   --->   Core 82 'RAM' <Latency = 1> <II = 1> <Delay = 2.32> <Storage> <Opcode : 'load' 'store'> <Ports = 2> <Width = 32> <Depth = 8> <RAM>
ST_1 : Operation 39 [1/1] (0.00ns)   --->   "%H_addr_1 = getelementptr i32 %H, i64 0, i64 1" [src/sha256_top.cpp:38]   --->   Operation 39 'getelementptr' 'H_addr_1' <Predicate = true> <Delay = 0.00>
ST_1 : Operation 40 [1/1] (2.32ns)   --->   "%store_ln38 = store i32 3144134277, i3 %H_addr_1" [src/sha256_top.cpp:38]   --->   Operation 40 'store' 'store_ln38' <Predicate = true> <Delay = 2.32> <CoreInst = "RAM">   --->   Core 82 'RAM' <Latency = 1> <II = 1> <Delay = 2.32> <Storage> <Opcode : 'load' 'store'> <Ports = 2> <Width = 32> <Depth = 8> <RAM>
ST_1 : Operation 41 [1/1] (1.58ns)   --->   "%store_ln52 = store i32 0, i32 %msg_ptr" [src/sha256_top.cpp:52]   --->   Operation 41 'store' 'store_ln52' <Predicate = true> <Delay = 1.58>
ST_1 : Operation 42 [1/1] (1.58ns)   --->   "%store_ln52 = store i28 0, i28 %b" [src/sha256_top.cpp:52]   --->   Operation 42 'store' 'store_ln52' <Predicate = true> <Delay = 1.58>

State 2 <SV = 1> <Delay = 2.32>
ST_2 : Operation 43 [1/1] (0.00ns)   --->   "%H_addr_2 = getelementptr i32 %H, i64 0, i64 2" [src/sha256_top.cpp:39]   --->   Operation 43 'getelementptr' 'H_addr_2' <Predicate = true> <Delay = 0.00>
ST_2 : Operation 44 [1/1] (2.32ns)   --->   "%store_ln39 = store i32 1013904242, i3 %H_addr_2" [src/sha256_top.cpp:39]   --->   Operation 44 'store' 'store_ln39' <Predicate = true> <Delay = 2.32> <CoreInst = "RAM">   --->   Core 82 'RAM' <Latency = 1> <II = 1> <Delay = 2.32> <Storage> <Opcode : 'load' 'store'> <Ports = 2> <Width = 32> <Depth = 8> <RAM>
ST_2 : Operation 45 [1/1] (0.00ns)   --->   "%H_addr_3 = getelementptr i32 %H, i64 0, i64 3" [src/sha256_top.cpp:40]   --->   Operation 45 'getelementptr' 'H_addr_3' <Predicate = true> <Delay = 0.00>
ST_2 : Operation 46 [1/1] (2.32ns)   --->   "%store_ln40 = store i32 2773480762, i3 %H_addr_3" [src/sha256_top.cpp:40]   --->   Operation 46 'store' 'store_ln40' <Predicate = true> <Delay = 2.32> <CoreInst = "RAM">   --->   Core 82 'RAM' <Latency = 1> <II = 1> <Delay = 2.32> <Storage> <Opcode : 'load' 'store'> <Ports = 2> <Width = 32> <Depth = 8> <RAM>

State 3 <SV = 2> <Delay = 2.32>
ST_3 : Operation 47 [1/1] (0.00ns)   --->   "%H_addr_4 = getelementptr i32 %H, i64 0, i64 4" [src/sha256_top.cpp:41]   --->   Operation 47 'getelementptr' 'H_addr_4' <Predicate = true> <Delay = 0.00>
ST_3 : Operation 48 [1/1] (2.32ns)   --->   "%store_ln41 = store i32 1359893119, i3 %H_addr_4" [src/sha256_top.cpp:41]   --->   Operation 48 'store' 'store_ln41' <Predicate = true> <Delay = 2.32> <CoreInst = "RAM">   --->   Core 82 'RAM' <Latency = 1> <II = 1> <Delay = 2.32> <Storage> <Opcode : 'load' 'store'> <Ports = 2> <Width = 32> <Depth = 8> <RAM>
ST_3 : Operation 49 [1/1] (0.00ns)   --->   "%H_addr_5 = getelementptr i32 %H, i64 0, i64 5" [src/sha256_top.cpp:42]   --->   Operation 49 'getelementptr' 'H_addr_5' <Predicate = true> <Delay = 0.00>
ST_3 : Operation 50 [1/1] (2.32ns)   --->   "%store_ln42 = store i32 2600822924, i3 %H_addr_5" [src/sha256_top.cpp:42]   --->   Operation 50 'store' 'store_ln42' <Predicate = true> <Delay = 2.32> <CoreInst = "RAM">   --->   Core 82 'RAM' <Latency = 1> <II = 1> <Delay = 2.32> <Storage> <Opcode : 'load' 'store'> <Ports = 2> <Width = 32> <Depth = 8> <RAM>

State 4 <SV = 3> <Delay = 6.78>
ST_4 : Operation 51 [1/1] (1.00ns)   --->   "%msg_len_words_read = read i32 @_ssdm_op_Read.s_axilite.i32, i32 %msg_len_words"   --->   Operation 51 'read' 'msg_len_words_read' <Predicate = true> <Delay = 1.00> <CoreInst = "s_axilite">   --->   Core 114 's_axilite' <Latency = 0> <II = 1> <Delay = 1.00> <Adapter> <Opcode : 'read' 'write'>
ST_4 : Operation 52 [1/1] (1.00ns)   --->   "%digest_read = read i64 @_ssdm_op_Read.s_axilite.i64, i64 %digest"   --->   Operation 52 'read' 'digest_read' <Predicate = true> <Delay = 1.00> <CoreInst = "s_axilite">   --->   Core 114 's_axilite' <Latency = 0> <II = 1> <Delay = 1.00> <Adapter> <Opcode : 'read' 'write'>
ST_4 : Operation 53 [1/1] (1.00ns)   --->   "%message_read = read i64 @_ssdm_op_Read.s_axilite.i64, i64 %message"   --->   Operation 53 'read' 'message_read' <Predicate = true> <Delay = 1.00> <CoreInst = "s_axilite">   --->   Core 114 's_axilite' <Latency = 0> <II = 1> <Delay = 1.00> <Adapter> <Opcode : 'read' 'write'>
ST_4 : Operation 54 [1/1] (0.00ns)   --->   "%spectopmodule_ln18 = spectopmodule void @_ssdm_op_SpecTopModule, void @empty_12" [src/sha256_top.cpp:18]   --->   Operation 54 'spectopmodule' 'spectopmodule_ln18' <Predicate = true> <Delay = 0.00>
ST_4 : Operation 55 [1/1] (0.00ns)   --->   "%specinterface_ln0 = specinterface void @_ssdm_op_SpecInterface, i32 %DATA, void @empty_2, i32 0, i32 0, void @empty_0, i32 0, i32 256, void @empty_3, void @empty_4, void @empty_0, i32 16, i32 16, i32 16, i32 16, void @empty_0, void @empty_0, i32 4294967295, i32 0"   --->   Operation 55 'specinterface' 'specinterface_ln0' <Predicate = true> <Delay = 0.00>
ST_4 : Operation 56 [1/1] (0.00ns)   --->   "%specbitsmap_ln0 = specbitsmap void @_ssdm_op_SpecBitsMap, i32 %DATA"   --->   Operation 56 'specbitsmap' 'specbitsmap_ln0' <Predicate = true> <Delay = 0.00>
ST_4 : Operation 57 [1/1] (0.00ns)   --->   "%specinterface_ln0 = specinterface void @_ssdm_op_SpecInterface, i64 %message, void @empty_5, i32 0, i32 0, void @empty_0, i32 0, i32 0, void @empty_6, void @empty_7, void @empty_0, i32 0, i32 0, i32 0, i32 0, void @empty_0, void @empty_8, i32 4294967295, i32 0"   --->   Operation 57 'specinterface' 'specinterface_ln0' <Predicate = true> <Delay = 0.00>
ST_4 : Operation 58 [1/1] (0.00ns)   --->   "%specinterface_ln0 = specinterface void @_ssdm_op_SpecInterface, i64 %message, void @empty_9, i32 0, i32 0, void @empty_0, i32 0, i32 0, void @empty_0, void @empty_0, void @empty_0, i32 0, i32 0, i32 0, i32 0, void @empty_0, void @empty_8, i32 4294967295, i32 0"   --->   Operation 58 'specinterface' 'specinterface_ln0' <Predicate = true> <Delay = 0.00>
ST_4 : Operation 59 [1/1] (0.00ns)   --->   "%specinterface_ln0 = specinterface void @_ssdm_op_SpecInterface, i64 %digest, void @empty_5, i32 0, i32 0, void @empty_0, i32 0, i32 0, void @empty_6, void @empty_10, void @empty_0, i32 0, i32 0, i32 0, i32 0, void @empty_0, void @empty_8, i32 4294967295, i32 0"   --->   Operation 59 'specinterface' 'specinterface_ln0' <Predicate = true> <Delay = 0.00>
ST_4 : Operation 60 [1/1] (0.00ns)   --->   "%specinterface_ln0 = specinterface void @_ssdm_op_SpecInterface, i64 %digest, void @empty_9, i32 0, i32 0, void @empty_0, i32 0, i32 0, void @empty_0, void @empty_0, void @empty_0, i32 0, i32 0, i32 0, i32 0, void @empty_0, void @empty_8, i32 4294967295, i32 0"   --->   Operation 60 'specinterface' 'specinterface_ln0' <Predicate = true> <Delay = 0.00>
ST_4 : Operation 61 [1/1] (0.00ns)   --->   "%specbitsmap_ln0 = specbitsmap void @_ssdm_op_SpecBitsMap, i32 %msg_len_words"   --->   Operation 61 'specbitsmap' 'specbitsmap_ln0' <Predicate = true> <Delay = 0.00>
ST_4 : Operation 62 [1/1] (0.00ns)   --->   "%specinterface_ln0 = specinterface void @_ssdm_op_SpecInterface, i32 %msg_len_words, void @empty_5, i32 0, i32 0, void @empty_0, i32 0, i32 0, void @empty_6, void @empty_11, void @empty_0, i32 0, i32 0, i32 0, i32 0, void @empty_0, void @empty_0, i32 4294967295, i32 0"   --->   Operation 62 'specinterface' 'specinterface_ln0' <Predicate = true> <Delay = 0.00>
ST_4 : Operation 63 [1/1] (0.00ns)   --->   "%specinterface_ln0 = specinterface void @_ssdm_op_SpecInterface, i32 %msg_len_words, void @empty_9, i32 0, i32 0, void @empty_0, i32 0, i32 0, void @empty_0, void @empty_0, void @empty_0, i32 0, i32 0, i32 0, i32 0, void @empty_0, void @empty_0, i32 4294967295, i32 0"   --->   Operation 63 'specinterface' 'specinterface_ln0' <Predicate = true> <Delay = 0.00>
ST_4 : Operation 64 [1/1] (0.00ns)   --->   "%specinterface_ln0 = specinterface void @_ssdm_op_SpecInterface, i32 0, void @empty_5, i32 0, i32 0, void @empty_0, i32 0, i32 0, void @empty_6, void @empty_0, void @empty_0, i32 0, i32 0, i32 0, i32 0, void @empty_0, void @empty_0, i32 4294967295, i32 0"   --->   Operation 64 'specinterface' 'specinterface_ln0' <Predicate = true> <Delay = 0.00>
ST_4 : Operation 65 [1/1] (0.00ns)   --->   "%H_addr_6 = getelementptr i32 %H, i64 0, i64 6" [src/sha256_top.cpp:43]   --->   Operation 65 'getelementptr' 'H_addr_6' <Predicate = true> <Delay = 0.00>
ST_4 : Operation 66 [1/1] (2.32ns)   --->   "%store_ln43 = store i32 528734635, i3 %H_addr_6" [src/sha256_top.cpp:43]   --->   Operation 66 'store' 'store_ln43' <Predicate = true> <Delay = 2.32> <CoreInst = "RAM">   --->   Core 82 'RAM' <Latency = 1> <II = 1> <Delay = 2.32> <Storage> <Opcode : 'load' 'store'> <Ports = 2> <Width = 32> <Depth = 8> <RAM>
ST_4 : Operation 67 [1/1] (0.00ns)   --->   "%H_addr_7 = getelementptr i32 %H, i64 0, i64 7" [src/sha256_top.cpp:44]   --->   Operation 67 'getelementptr' 'H_addr_7' <Predicate = true> <Delay = 0.00>
ST_4 : Operation 68 [1/1] (2.32ns)   --->   "%store_ln44 = store i32 1541459225, i3 %H_addr_7" [src/sha256_top.cpp:44]   --->   Operation 68 'store' 'store_ln44' <Predicate = true> <Delay = 2.32> <CoreInst = "RAM">   --->   Core 82 'RAM' <Latency = 1> <II = 1> <Delay = 2.32> <Storage> <Opcode : 'load' 'store'> <Ports = 2> <Width = 32> <Depth = 8> <RAM>
ST_4 : Operation 69 [1/1] (0.00ns)   --->   "%tmp = bitselect i1 @_ssdm_op_BitSelect.i1.i32.i32, i32 %msg_len_words_read, i32 31" [src/sha256_top.cpp:49]   --->   Operation 69 'bitselect' 'tmp' <Predicate = true> <Delay = 0.00>
ST_4 : Operation 70 [1/1] (2.55ns)   --->   "%sub_ln49 = sub i32 0, i32 %msg_len_words_read" [src/sha256_top.cpp:49]   --->   Operation 70 'sub' 'sub_ln49' <Predicate = true> <Delay = 2.55> <CoreInst = "Adder">   --->   Core 1 'Adder' <Latency = 0> <II = 1> <Delay = 2.55> <FuncUnit> <Opcode : 'add' 'sub'> <InPorts = 2> <OutPorts = 1>
ST_4 : Operation 71 [1/1] (0.00ns)   --->   "%trunc_ln49_1 = partselect i28 @_ssdm_op_PartSelect.i28.i32.i32.i32, i32 %sub_ln49, i32 4, i32 31" [src/sha256_top.cpp:49]   --->   Operation 71 'partselect' 'trunc_ln49_1' <Predicate = true> <Delay = 0.00>
ST_4 : Operation 72 [1/1] (0.00ns)   --->   "%zext_ln49 = zext i28 %trunc_ln49_1" [src/sha256_top.cpp:49]   --->   Operation 72 'zext' 'zext_ln49' <Predicate = true> <Delay = 0.00>
ST_4 : Operation 73 [1/1] (2.43ns)   --->   "%sub_ln49_1 = sub i29 0, i29 %zext_ln49" [src/sha256_top.cpp:49]   --->   Operation 73 'sub' 'sub_ln49_1' <Predicate = true> <Delay = 2.43> <CoreInst = "Adder">   --->   Core 1 'Adder' <Latency = 0> <II = 1> <Delay = 2.46> <FuncUnit> <Opcode : 'add' 'sub'> <InPorts = 2> <OutPorts = 1>
ST_4 : Operation 74 [1/1] (0.00ns)   --->   "%trunc_ln49_2 = partselect i28 @_ssdm_op_PartSelect.i28.i32.i32.i32, i32 %msg_len_words_read, i32 4, i32 31" [src/sha256_top.cpp:49]   --->   Operation 74 'partselect' 'trunc_ln49_2' <Predicate = true> <Delay = 0.00>
ST_4 : Operation 75 [1/1] (0.00ns)   --->   "%zext_ln49_1 = zext i28 %trunc_ln49_2" [src/sha256_top.cpp:49]   --->   Operation 75 'zext' 'zext_ln49_1' <Predicate = true> <Delay = 0.00>
ST_4 : Operation 76 [1/1] (0.80ns)   --->   "%num_blocks = select i1 %tmp, i29 %sub_ln49_1, i29 %zext_ln49_1" [src/sha256_top.cpp:49]   --->   Operation 76 'select' 'num_blocks' <Predicate = true> <Delay = 0.80> <CoreInst = "Sel">   --->   Core 73 'Sel' <Latency = 0> <II = 1> <Delay = 0.80> <FuncUnit> <Opcode : 'select'> <InPorts = 3> <OutPorts = 1>
ST_4 : Operation 77 [1/1] (0.00ns)   --->   "%trunc_ln1 = partselect i62 @_ssdm_op_PartSelect.i62.i64.i32.i32, i64 %message_read, i32 2, i32 63" [src/sha256_top.cpp:52]   --->   Operation 77 'partselect' 'trunc_ln1' <Predicate = true> <Delay = 0.00>
ST_4 : Operation 78 [1/1] (0.00ns)   --->   "%sext_ln52 = sext i62 %trunc_ln1" [src/sha256_top.cpp:52]   --->   Operation 78 'sext' 'sext_ln52' <Predicate = true> <Delay = 0.00>
ST_4 : Operation 79 [1/1] (0.00ns)   --->   "%br_ln52 = br void %LOAD_BLOCK" [src/sha256_top.cpp:52]   --->   Operation 79 'br' 'br_ln52' <Predicate = true> <Delay = 0.00>

State 5 <SV = 4> <Delay = 4.14>
ST_5 : Operation 80 [1/1] (0.00ns)   --->   "%b_load = load i28 %b" [src/sha256_top.cpp:52]   --->   Operation 80 'load' 'b_load' <Predicate = true> <Delay = 0.00>
ST_5 : Operation 81 [1/1] (0.00ns)   --->   "%zext_ln52_1 = zext i28 %b_load" [src/sha256_top.cpp:52]   --->   Operation 81 'zext' 'zext_ln52_1' <Predicate = true> <Delay = 0.00>
ST_5 : Operation 82 [1/1] (2.46ns)   --->   "%icmp_ln52 = icmp_slt  i29 %zext_ln52_1, i29 %num_blocks" [src/sha256_top.cpp:52]   --->   Operation 82 'icmp' 'icmp_ln52' <Predicate = true> <Delay = 2.46> <CoreInst = "Cmp">   --->   Core 9 'Cmp' <Latency = 0> <II = 1> <Delay = 2.46> <FuncUnit> <Opcode : 'icmp'> <InPorts = 2> <OutPorts = 1>
ST_5 : Operation 83 [1/1] (2.43ns)   --->   "%add_ln52 = add i28 %b_load, i28 1" [src/sha256_top.cpp:52]   --->   Operation 83 'add' 'add_ln52' <Predicate = true> <Delay = 2.43> <CoreInst = "Adder">   --->   Core 1 'Adder' <Latency = 0> <II = 1> <Delay = 2.43> <FuncUnit> <Opcode : 'add' 'sub'> <InPorts = 2> <OutPorts = 1>
ST_5 : Operation 84 [1/1] (0.00ns)   --->   "%br_ln52 = br i1 %icmp_ln52, void %STORE_DIGEST.loopexit, void %LOAD_BLOCK.split" [src/sha256_top.cpp:52]   --->   Operation 84 'br' 'br_ln52' <Predicate = true> <Delay = 0.00>
ST_5 : Operation 85 [1/1] (0.00ns)   --->   "%msg_ptr_load = load i32 %msg_ptr" [src/sha256_top.cpp:64]   --->   Operation 85 'load' 'msg_ptr_load' <Predicate = (icmp_ln52)> <Delay = 0.00>
ST_5 : Operation 86 [1/1] (0.00ns)   --->   "%zext_ln52 = zext i32 %msg_ptr_load" [src/sha256_top.cpp:52]   --->   Operation 86 'zext' 'zext_ln52' <Predicate = (icmp_ln52)> <Delay = 0.00>
ST_5 : Operation 87 [1/1] (3.46ns)   --->   "%add_ln60 = add i63 %sext_ln52, i63 %zext_ln52" [src/sha256_top.cpp:60]   --->   Operation 87 'add' 'add_ln60' <Predicate = (icmp_ln52)> <Delay = 3.46> <CoreInst = "Adder">   --->   Core 1 'Adder' <Latency = 0> <II = 1> <Delay = 3.49> <FuncUnit> <Opcode : 'add' 'sub'> <InPorts = 2> <OutPorts = 1>
ST_5 : Operation 88 [1/1] (2.55ns)   --->   "%add_ln64 = add i32 %msg_ptr_load, i32 16" [src/sha256_top.cpp:64]   --->   Operation 88 'add' 'add_ln64' <Predicate = (icmp_ln52)> <Delay = 2.55> <CoreInst = "Adder">   --->   Core 1 'Adder' <Latency = 0> <II = 1> <Delay = 2.55> <FuncUnit> <Opcode : 'add' 'sub'> <InPorts = 2> <OutPorts = 1>
ST_5 : Operation 89 [1/1] (1.58ns)   --->   "%store_ln52 = store i32 %add_ln64, i32 %msg_ptr" [src/sha256_top.cpp:52]   --->   Operation 89 'store' 'store_ln52' <Predicate = (icmp_ln52)> <Delay = 1.58>
ST_5 : Operation 90 [1/1] (1.58ns)   --->   "%store_ln52 = store i28 %add_ln52, i28 %b" [src/sha256_top.cpp:52]   --->   Operation 90 'store' 'store_ln52' <Predicate = (icmp_ln52)> <Delay = 1.58>
ST_5 : Operation 91 [1/1] (0.00ns)   --->   "%trunc_ln2 = partselect i62 @_ssdm_op_PartSelect.i62.i64.i32.i32, i64 %digest_read, i32 2, i32 63" [src/sha256_top.cpp:70]   --->   Operation 91 'partselect' 'trunc_ln2' <Predicate = (!icmp_ln52)> <Delay = 0.00>

State 6 <SV = 5> <Delay = 8.75>
ST_6 : Operation 92 [2/2] (8.75ns)   --->   "%call_ln60 = call void @sha256_top_Pipeline_LOAD_BLOCK, i32 %DATA, i63 %add_ln60, i62 %trunc_ln1, i32 %msg_ptr_load, i32 %block_15_loc, i32 %block_14_loc, i32 %block_13_loc, i32 %block_12_loc, i32 %block_11_loc, i32 %block_10_loc, i32 %block_9_loc, i32 %block_8_loc, i32 %block_7_loc, i32 %block_6_loc, i32 %block_5_loc, i32 %block_4_loc, i32 %block_3_loc, i32 %block_2_loc, i32 %block_1_loc, i32 %block_loc" [src/sha256_top.cpp:60]   --->   Operation 92 'call' 'call_ln60' <Predicate = true> <Delay = 8.75> <CoreType = "Generic">   --->   Core 0 '' <Latency = 0> <II = 1> <Delay = 1.00> <Generic> <Opcode : >

State 7 <SV = 6> <Delay = 0.00>
ST_7 : Operation 93 [1/2] (0.00ns)   --->   "%call_ln60 = call void @sha256_top_Pipeline_LOAD_BLOCK, i32 %DATA, i63 %add_ln60, i62 %trunc_ln1, i32 %msg_ptr_load, i32 %block_15_loc, i32 %block_14_loc, i32 %block_13_loc, i32 %block_12_loc, i32 %block_11_loc, i32 %block_10_loc, i32 %block_9_loc, i32 %block_8_loc, i32 %block_7_loc, i32 %block_6_loc, i32 %block_5_loc, i32 %block_4_loc, i32 %block_3_loc, i32 %block_2_loc, i32 %block_1_loc, i32 %block_loc" [src/sha256_top.cpp:60]   --->   Operation 93 'call' 'call_ln60' <Predicate = true> <Delay = 0.00> <CoreType = "Generic">   --->   Core 0 '' <Latency = 0> <II = 1> <Delay = 1.00> <Generic> <Opcode : >

State 8 <SV = 7> <Delay = 5.68>
ST_8 : Operation 94 [1/1] (0.00ns)   --->   "%block_15_loc_load = load i32 %block_15_loc"   --->   Operation 94 'load' 'block_15_loc_load' <Predicate = true> <Delay = 0.00>
ST_8 : Operation 95 [1/1] (0.00ns)   --->   "%block_14_loc_load = load i32 %block_14_loc"   --->   Operation 95 'load' 'block_14_loc_load' <Predicate = true> <Delay = 0.00>
ST_8 : Operation 96 [1/1] (0.00ns)   --->   "%block_13_loc_load = load i32 %block_13_loc"   --->   Operation 96 'load' 'block_13_loc_load' <Predicate = true> <Delay = 0.00>
ST_8 : Operation 97 [1/1] (0.00ns)   --->   "%block_12_loc_load = load i32 %block_12_loc"   --->   Operation 97 'load' 'block_12_loc_load' <Predicate = true> <Delay = 0.00>
ST_8 : Operation 98 [1/1] (0.00ns)   --->   "%block_11_loc_load = load i32 %block_11_loc"   --->   Operation 98 'load' 'block_11_loc_load' <Predicate = true> <Delay = 0.00>
ST_8 : Operation 99 [1/1] (0.00ns)   --->   "%block_10_loc_load = load i32 %block_10_loc"   --->   Operation 99 'load' 'block_10_loc_load' <Predicate = true> <Delay = 0.00>
ST_8 : Operation 100 [1/1] (0.00ns)   --->   "%block_9_loc_load = load i32 %block_9_loc"   --->   Operation 100 'load' 'block_9_loc_load' <Predicate = true> <Delay = 0.00>
ST_8 : Operation 101 [1/1] (0.00ns)   --->   "%block_8_loc_load = load i32 %block_8_loc"   --->   Operation 101 'load' 'block_8_loc_load' <Predicate = true> <Delay = 0.00>
ST_8 : Operation 102 [1/1] (0.00ns)   --->   "%block_7_loc_load = load i32 %block_7_loc"   --->   Operation 102 'load' 'block_7_loc_load' <Predicate = true> <Delay = 0.00>
ST_8 : Operation 103 [1/1] (0.00ns)   --->   "%block_6_loc_load = load i32 %block_6_loc"   --->   Operation 103 'load' 'block_6_loc_load' <Predicate = true> <Delay = 0.00>
ST_8 : Operation 104 [1/1] (0.00ns)   --->   "%block_5_loc_load = load i32 %block_5_loc"   --->   Operation 104 'load' 'block_5_loc_load' <Predicate = true> <Delay = 0.00>
ST_8 : Operation 105 [1/1] (0.00ns)   --->   "%block_4_loc_load = load i32 %block_4_loc"   --->   Operation 105 'load' 'block_4_loc_load' <Predicate = true> <Delay = 0.00>
ST_8 : Operation 106 [1/1] (0.00ns)   --->   "%block_3_loc_load = load i32 %block_3_loc"   --->   Operation 106 'load' 'block_3_loc_load' <Predicate = true> <Delay = 0.00>
ST_8 : Operation 107 [1/1] (0.00ns)   --->   "%block_2_loc_load = load i32 %block_2_loc"   --->   Operation 107 'load' 'block_2_loc_load' <Predicate = true> <Delay = 0.00>
ST_8 : Operation 108 [1/1] (0.00ns)   --->   "%block_1_loc_load = load i32 %block_1_loc"   --->   Operation 108 'load' 'block_1_loc_load' <Predicate = true> <Delay = 0.00>
ST_8 : Operation 109 [1/1] (0.00ns)   --->   "%block_loc_load = load i32 %block_loc"   --->   Operation 109 'load' 'block_loc_load' <Predicate = true> <Delay = 0.00>
ST_8 : Operation 110 [2/2] (5.68ns)   --->   "%call_ln64 = call void @sha256_process_block, i32 %block_14_loc_load, i32 %block_13_loc_load, i32 %block_12_loc_load, i32 %block_11_loc_load, i32 %block_10_loc_load, i32 %block_9_loc_load, i32 %block_8_loc_load, i32 %block_7_loc_load, i32 %block_6_loc_load, i32 %block_5_loc_load, i32 %block_4_loc_load, i32 %block_3_loc_load, i32 %block_2_loc_load, i32 %block_1_loc_load, i32 %block_loc_load, i32 %block_15_loc_load, i32 %H" [src/sha256_top.cpp:64]   --->   Operation 110 'call' 'call_ln64' <Predicate = true> <Delay = 5.68> <CoreType = "Generic">   --->   Core 0 '' <Latency = 0> <II = 1> <Delay = 1.00> <Generic> <Opcode : >

State 9 <SV = 8> <Delay = 0.00>
ST_9 : Operation 111 [1/1] (0.00ns)   --->   "%specloopname_ln50 = specloopname void @_ssdm_op_SpecLoopName, void @empty_15" [src/sha256_top.cpp:50]   --->   Operation 111 'specloopname' 'specloopname_ln50' <Predicate = true> <Delay = 0.00>
ST_9 : Operation 112 [1/2] (0.00ns)   --->   "%call_ln64 = call void @sha256_process_block, i32 %block_14_loc_load, i32 %block_13_loc_load, i32 %block_12_loc_load, i32 %block_11_loc_load, i32 %block_10_loc_load, i32 %block_9_loc_load, i32 %block_8_loc_load, i32 %block_7_loc_load, i32 %block_6_loc_load, i32 %block_5_loc_load, i32 %block_4_loc_load, i32 %block_3_loc_load, i32 %block_2_loc_load, i32 %block_1_loc_load, i32 %block_loc_load, i32 %block_15_loc_load, i32 %H" [src/sha256_top.cpp:64]   --->   Operation 112 'call' 'call_ln64' <Predicate = true> <Delay = 0.00> <CoreType = "Generic">   --->   Core 0 '' <Latency = 0> <II = 1> <Delay = 1.00> <Generic> <Opcode : >
ST_9 : Operation 113 [1/1] (0.00ns)   --->   "%br_ln52 = br void %LOAD_BLOCK" [src/sha256_top.cpp:52]   --->   Operation 113 'br' 'br_ln52' <Predicate = true> <Delay = 0.00>

State 10 <SV = 5> <Delay = 8.75>
ST_10 : Operation 114 [1/1] (0.00ns)   --->   "%sext_ln70 = sext i62 %trunc_ln2" [src/sha256_top.cpp:70]   --->   Operation 114 'sext' 'sext_ln70' <Predicate = true> <Delay = 0.00>
ST_10 : Operation 115 [1/1] (0.00ns)   --->   "%DATA_addr = getelementptr i32 %DATA, i64 %sext_ln70" [src/sha256_top.cpp:70]   --->   Operation 115 'getelementptr' 'DATA_addr' <Predicate = true> <Delay = 0.00>
ST_10 : Operation 116 [1/1] (8.75ns)   --->   "%empty = writereq i1 @_ssdm_op_WriteReq.m_axi.p1i32, i64 %DATA_addr, i32 8" [src/sha256_top.cpp:70]   --->   Operation 116 'writereq' 'empty' <Predicate = true> <Delay = 8.75> <CoreInst = "m_axi">   --->   Core 113 'm_axi' <Latency = 0> <II = 1> <Delay = 1.00> <Adapter> <Opcode : 'read' 'write' 'readreq' 'writereq' 'writeresp'>

State 11 <SV = 6> <Delay = 0.00>
ST_11 : Operation 117 [2/2] (0.00ns)   --->   "%call_ln70 = call void @sha256_top_Pipeline_STORE_DIGEST, i32 %DATA, i62 %trunc_ln2, i32 %H" [src/sha256_top.cpp:70]   --->   Operation 117 'call' 'call_ln70' <Predicate = true> <Delay = 0.00> <CoreType = "Generic">   --->   Core 0 '' <Latency = 0> <II = 1> <Delay = 1.00> <Generic> <Opcode : >

State 12 <SV = 7> <Delay = 0.00>
ST_12 : Operation 118 [1/2] (0.00ns)   --->   "%call_ln70 = call void @sha256_top_Pipeline_STORE_DIGEST, i32 %DATA, i62 %trunc_ln2, i32 %H" [src/sha256_top.cpp:70]   --->   Operation 118 'call' 'call_ln70' <Predicate = true> <Delay = 0.00> <CoreType = "Generic">   --->   Core 0 '' <Latency = 0> <II = 1> <Delay = 1.00> <Generic> <Opcode : >

State 13 <SV = 8> <Delay = 8.75>
ST_13 : Operation 119 [5/5] (8.75ns)   --->   "%empty_25 = writeresp i1 @_ssdm_op_WriteResp.m_axi.p1i32, i64 %DATA_addr" [src/sha256_top.cpp:74]   --->   Operation 119 'writeresp' 'empty_25' <Predicate = true> <Delay = 8.75> <CoreInst = "m_axi">   --->   Core 113 'm_axi' <Latency = 0> <II = 1> <Delay = 1.00> <Adapter> <Opcode : 'read' 'write' 'readreq' 'writereq' 'writeresp'>

State 14 <SV = 9> <Delay = 8.75>
ST_14 : Operation 120 [4/5] (8.75ns)   --->   "%empty_25 = writeresp i1 @_ssdm_op_WriteResp.m_axi.p1i32, i64 %DATA_addr" [src/sha256_top.cpp:74]   --->   Operation 120 'writeresp' 'empty_25' <Predicate = true> <Delay = 8.75> <CoreInst = "m_axi">   --->   Core 113 'm_axi' <Latency = 0> <II = 1> <Delay = 1.00> <Adapter> <Opcode : 'read' 'write' 'readreq' 'writereq' 'writeresp'>

State 15 <SV = 10> <Delay = 8.75>
ST_15 : Operation 121 [3/5] (8.75ns)   --->   "%empty_25 = writeresp i1 @_ssdm_op_WriteResp.m_axi.p1i32, i64 %DATA_addr" [src/sha256_top.cpp:74]   --->   Operation 121 'writeresp' 'empty_25' <Predicate = true> <Delay = 8.75> <CoreInst = "m_axi">   --->   Core 113 'm_axi' <Latency = 0> <II = 1> <Delay = 1.00> <Adapter> <Opcode : 'read' 'write' 'readreq' 'writereq' 'writeresp'>

State 16 <SV = 11> <Delay = 8.75>
ST_16 : Operation 122 [2/5] (8.75ns)   --->   "%empty_25 = writeresp i1 @_ssdm_op_WriteResp.m_axi.p1i32, i64 %DATA_addr" [src/sha256_top.cpp:74]   --->   Operation 122 'writeresp' 'empty_25' <Predicate = true> <Delay = 8.75> <CoreInst = "m_axi">   --->   Core 113 'm_axi' <Latency = 0> <II = 1> <Delay = 1.00> <Adapter> <Opcode : 'read' 'write' 'readreq' 'writereq' 'writeresp'>

State 17 <SV = 12> <Delay = 8.75>
ST_17 : Operation 123 [1/5] (8.75ns)   --->   "%empty_25 = writeresp i1 @_ssdm_op_WriteResp.m_axi.p1i32, i64 %DATA_addr" [src/sha256_top.cpp:74]   --->   Operation 123 'writeresp' 'empty_25' <Predicate = true> <Delay = 8.75> <CoreInst = "m_axi">   --->   Core 113 'm_axi' <Latency = 0> <II = 1> <Delay = 1.00> <Adapter> <Opcode : 'read' 'write' 'readreq' 'writereq' 'writeresp'>
ST_17 : Operation 124 [1/1] (0.00ns)   --->   "%ret_ln74 = ret" [src/sha256_top.cpp:74]   --->   Operation 124 'ret' 'ret_ln74' <Predicate = true> <Delay = 0.00>


============================================================
+ Verbose Summary: Binding
============================================================
STG Binding: 
---------------- STG Properties BEGIN ----------------
- Is combinational: 0
- Is one-state seq: 0
- Is datapath-only: 0
- Is pipelined: 0
- Is top level: 1
Port [ Return ] is wired: 1; IO mode=ap_ctrl_hs:ce=0
Port [ DATA]:  wired=1; compound=1; hidden=0; nouse=0; global=0; static=0; extern=0; dir=2; type=4; pingpong=0; private_global=0; IO mode=m_axi:ce=0
Port [ message]:  wired=1; compound=0; hidden=0; nouse=0; global=0; static=0; extern=0; dir=0; type=0; pingpong=0; private_global=0; IO mode=ap_none:ce=0
Port [ digest]:  wired=1; compound=0; hidden=0; nouse=0; global=0; static=0; extern=0; dir=0; type=0; pingpong=0; private_global=0; IO mode=ap_none:ce=0
Port [ msg_len_words]:  wired=1; compound=0; hidden=0; nouse=0; global=0; static=0; extern=0; dir=0; type=0; pingpong=0; private_global=0; IO mode=ap_none:ce=0
---------------- STG Properties END ------------------

---------------- Datapath Model BEGIN ----------------

<LifeTime>
<method=bitvector/>
b                  (alloca       ) [ 011111111100000000]
msg_ptr            (alloca       ) [ 011111111100000000]
block_loc          (alloca       ) [ 001111111100000000]
block_1_loc        (alloca       ) [ 001111111100000000]
block_2_loc        (alloca       ) [ 001111111100000000]
block_3_loc        (alloca       ) [ 001111111100000000]
block_4_loc        (alloca       ) [ 001111111100000000]
block_5_loc        (alloca       ) [ 001111111100000000]
block_6_loc        (alloca       ) [ 001111111100000000]
block_7_loc        (alloca       ) [ 001111111100000000]
block_8_loc        (alloca       ) [ 001111111100000000]
block_9_loc        (alloca       ) [ 001111111100000000]
block_10_loc       (alloca       ) [ 001111111100000000]
block_11_loc       (alloca       ) [ 001111111100000000]
block_12_loc       (alloca       ) [ 001111111100000000]
block_13_loc       (alloca       ) [ 001111111100000000]
block_14_loc       (alloca       ) [ 001111111100000000]
block_15_loc       (alloca       ) [ 001111111100000000]
H                  (alloca       ) [ 001111111111100000]
H_addr             (getelementptr) [ 000000000000000000]
store_ln37         (store        ) [ 000000000000000000]
H_addr_1           (getelementptr) [ 000000000000000000]
store_ln38         (store        ) [ 000000000000000000]
store_ln52         (store        ) [ 000000000000000000]
store_ln52         (store        ) [ 000000000000000000]
H_addr_2           (getelementptr) [ 000000000000000000]
store_ln39         (store        ) [ 000000000000000000]
H_addr_3           (getelementptr) [ 000000000000000000]
store_ln40         (store        ) [ 000000000000000000]
H_addr_4           (getelementptr) [ 000000000000000000]
store_ln41         (store        ) [ 000000000000000000]
H_addr_5           (getelementptr) [ 000000000000000000]
store_ln42         (store        ) [ 000000000000000000]
msg_len_words_read (read         ) [ 000000000000000000]
digest_read        (read         ) [ 000001111100000000]
message_read       (read         ) [ 000000000000000000]
spectopmodule_ln18 (spectopmodule) [ 000000000000000000]
specinterface_ln0  (specinterface) [ 000000000000000000]
specbitsmap_ln0    (specbitsmap  ) [ 000000000000000000]
specinterface_ln0  (specinterface) [ 000000000000000000]
specinterface_ln0  (specinterface) [ 000000000000000000]
specinterface_ln0  (specinterface) [ 000000000000000000]
specinterface_ln0  (specinterface) [ 000000000000000000]
specbitsmap_ln0    (specbitsmap  ) [ 000000000000000000]
specinterface_ln0  (specinterface) [ 000000000000000000]
specinterface_ln0  (specinterface) [ 000000000000000000]
specinterface_ln0  (specinterface) [ 000000000000000000]
H_addr_6           (getelementptr) [ 000000000000000000]
store_ln43         (store        ) [ 000000000000000000]
H_addr_7           (getelementptr) [ 000000000000000000]
store_ln44         (store        ) [ 000000000000000000]
tmp                (bitselect    ) [ 000000000000000000]
sub_ln49           (sub          ) [ 000000000000000000]
trunc_ln49_1       (partselect   ) [ 000000000000000000]
zext_ln49          (zext         ) [ 000000000000000000]
sub_ln49_1         (sub          ) [ 000000000000000000]
trunc_ln49_2       (partselect   ) [ 000000000000000000]
zext_ln49_1        (zext         ) [ 000000000000000000]
num_blocks         (select       ) [ 000001111100000000]
trunc_ln1          (partselect   ) [ 000001111100000000]
sext_ln52          (sext         ) [ 000001111100000000]
br_ln52            (br           ) [ 000000000000000000]
b_load             (load         ) [ 000000000000000000]
zext_ln52_1        (zext         ) [ 000000000000000000]
icmp_ln52          (icmp         ) [ 000001111100000000]
add_ln52           (add          ) [ 000000000000000000]
br_ln52            (br           ) [ 000000000000000000]
msg_ptr_load       (load         ) [ 000000110000000000]
zext_ln52          (zext         ) [ 000000000000000000]
add_ln60           (add          ) [ 000000110000000000]
add_ln64           (add          ) [ 000000000000000000]
store_ln52         (store        ) [ 000000000000000000]
store_ln52         (store        ) [ 000000000000000000]
trunc_ln2          (partselect   ) [ 000000000011100000]
call_ln60          (call         ) [ 000000000000000000]
block_15_loc_load  (load         ) [ 000000000100000000]
block_14_loc_load  (load         ) [ 000000000100000000]
block_13_loc_load  (load         ) [ 000000000100000000]
block_12_loc_load  (load         ) [ 000000000100000000]
block_11_loc_load  (load         ) [ 000000000100000000]
block_10_loc_load  (load         ) [ 000000000100000000]
block_9_loc_load   (load         ) [ 000000000100000000]
block_8_loc_load   (load         ) [ 000000000100000000]
block_7_loc_load   (load         ) [ 000000000100000000]
block_6_loc_load   (load         ) [ 000000000100000000]
block_5_loc_load   (load         ) [ 000000000100000000]
block_4_loc_load   (load         ) [ 000000000100000000]
block_3_loc_load   (load         ) [ 000000000100000000]
block_2_loc_load   (load         ) [ 000000000100000000]
block_1_loc_load   (load         ) [ 000000000100000000]
block_loc_load     (load         ) [ 000000000100000000]
specloopname_ln50  (specloopname ) [ 000000000000000000]
call_ln64          (call         ) [ 000000000000000000]
br_ln52            (br           ) [ 000000000000000000]
sext_ln70          (sext         ) [ 000000000000000000]
DATA_addr          (getelementptr) [ 000000000001111111]
empty              (writereq     ) [ 000000000000000000]
call_ln70          (call         ) [ 000000000000000000]
empty_25           (writeresp    ) [ 000000000000000000]
ret_ln74           (ret          ) [ 000000000000000000]
</LifeTime>

<model>

<comp_list>
<comp id="0" class="1000" name="DATA">
<pin_list>
<pin id="1" dir="1" index="0" bw="1" slack="0"/>
</pin_list>
<bind>
<StgValue><ssdm name="DATA"/></StgValue>
</bind>
</comp>

<comp id="2" class="1000" name="message">
<pin_list>
<pin id="3" dir="1" index="0" bw="1" slack="0"/>
</pin_list>
<bind>
<StgValue><ssdm name="message"/></StgValue>
</bind>
</comp>

<comp id="4" class="1000" name="digest">
<pin_list>
<pin id="5" dir="1" index="0" bw="1" slack="0"/>
</pin_list>
<bind>
<StgValue><ssdm name="digest"/></StgValue>
</bind>
</comp>

<comp id="6" class="1000" name="msg_len_words">
<pin_list>
<pin id="7" dir="1" index="0" bw="1" slack="0"/>
</pin_list>
<bind>
<StgValue><ssdm name="msg_len_words"/></StgValue>
</bind>
</comp>

<comp id="8" class="1001" name="const_8">
<pin_list>
<pin id="9" dir="1" index="0" bw="1" slack="0"/>
</pin_list>
<bind>
<StgValue><ssdm name=""/></StgValue>
</bind>
</comp>

<comp id="10" class="1001" name="const_10">
<pin_list>
<pin id="11" dir="1" index="0" bw="1" slack="0"/>
</pin_list>
<bind>
<StgValue><ssdm name=""/></StgValue>
</bind>
</comp>

<comp id="12" class="1001" name="const_12">
<pin_list>
<pin id="13" dir="1" index="0" bw="1" slack="0"/>
</pin_list>
<bind>
<StgValue><ssdm name=""/></StgValue>
</bind>
</comp>

<comp id="14" class="1001" name="const_14">
<pin_list>
<pin id="15" dir="1" index="0" bw="1" slack="0"/>
</pin_list>
<bind>
<StgValue><ssdm name=""/></StgValue>
</bind>
</comp>

<comp id="16" class="1001" name="const_16">
<pin_list>
<pin id="17" dir="1" index="0" bw="1" slack="0"/>
</pin_list>
<bind>
<StgValue><ssdm name=""/></StgValue>
</bind>
</comp>

<comp id="18" class="1001" name="const_18">
<pin_list>
<pin id="19" dir="1" index="0" bw="1" slack="0"/>
</pin_list>
<bind>
<StgValue><ssdm name=""/></StgValue>
</bind>
</comp>

<comp id="20" class="1001" name="const_20">
<pin_list>
<pin id="21" dir="1" index="0" bw="1" slack="0"/>
</pin_list>
<bind>
<StgValue><ssdm name=""/></StgValue>
</bind>
</comp>

<comp id="22" class="1001" name="const_22">
<pin_list>
<pin id="23" dir="1" index="0" bw="1" slack="0"/>
</pin_list>
<bind>
<StgValue><ssdm name=""/></StgValue>
</bind>
</comp>

<comp id="24" class="1001" name="const_24">
<pin_list>
<pin id="25" dir="1" index="0" bw="1" slack="0"/>
</pin_list>
<bind>
<StgValue><ssdm name=""/></StgValue>
</bind>
</comp>

<comp id="26" class="1001" name="const_26">
<pin_list>
<pin id="27" dir="1" index="0" bw="1" slack="0"/>
</pin_list>
<bind>
<StgValue><ssdm name=""/></StgValue>
</bind>
</comp>

<comp id="28" class="1001" name="const_28">
<pin_list>
<pin id="29" dir="1" index="0" bw="1" slack="0"/>
</pin_list>
<bind>
<StgValue><ssdm name=""/></StgValue>
</bind>
</comp>

<comp id="30" class="1001" name="const_30">
<pin_list>
<pin id="31" dir="1" index="0" bw="1" slack="0"/>
</pin_list>
<bind>
<StgValue><ssdm name=""/></StgValue>
</bind>
</comp>

<comp id="32" class="1001" name="const_32">
<pin_list>
<pin id="33" dir="1" index="0" bw="1" slack="0"/>
</pin_list>
<bind>
<StgValue><ssdm name=""/></StgValue>
</bind>
</comp>

<comp id="34" class="1001" name="const_34">
<pin_list>
<pin id="35" dir="1" index="0" bw="1" slack="0"/>
</pin_list>
<bind>
<StgValue><ssdm name=""/></StgValue>
</bind>
</comp>

<comp id="36" class="1001" name="const_36">
<pin_list>
<pin id="37" dir="1" index="0" bw="1" slack="0"/>
</pin_list>
<bind>
<StgValue><ssdm name=""/></StgValue>
</bind>
</comp>

<comp id="38" class="1001" name="const_38">
<pin_list>
<pin id="39" dir="1" index="0" bw="1" slack="0"/>
</pin_list>
<bind>
<StgValue><ssdm name="_ssdm_op_Read.s_axilite.i32"/></StgValue>
</bind>
</comp>

<comp id="40" class="1001" name="const_40">
<pin_list>
<pin id="41" dir="1" index="0" bw="1" slack="0"/>
</pin_list>
<bind>
<StgValue><ssdm name="_ssdm_op_Read.s_axilite.i64"/></StgValue>
</bind>
</comp>

<comp id="42" class="1001" name="const_42">
<pin_list>
<pin id="43" dir="1" index="0" bw="1" slack="2147483647"/>
</pin_list>
<bind>
<StgValue><ssdm name="_ssdm_op_SpecTopModule"/></StgValue>
</bind>
</comp>

<comp id="44" class="1001" name="const_44">
<pin_list>
<pin id="45" dir="1" index="0" bw="1" slack="2147483647"/>
</pin_list>
<bind>
<StgValue><ssdm name="empty_12"/></StgValue>
</bind>
</comp>

<comp id="46" class="1001" name="const_46">
<pin_list>
<pin id="47" dir="1" index="0" bw="1" slack="2147483647"/>
</pin_list>
<bind>
<StgValue><ssdm name="_ssdm_op_SpecInterface"/></StgValue>
</bind>
</comp>

<comp id="48" class="1001" name="const_48">
<pin_list>
<pin id="49" dir="1" index="0" bw="1" slack="2147483647"/>
</pin_list>
<bind>
<StgValue><ssdm name="empty_2"/></StgValue>
</bind>
</comp>

<comp id="50" class="1001" name="const_50">
<pin_list>
<pin id="51" dir="1" index="0" bw="1" slack="2147483647"/>
</pin_list>
<bind>
<StgValue><ssdm name="empty_0"/></StgValue>
</bind>
</comp>

<comp id="52" class="1001" name="const_52">
<pin_list>
<pin id="53" dir="1" index="0" bw="1" slack="2147483647"/>
</pin_list>
<bind>
<StgValue><ssdm name=""/></StgValue>
</bind>
</comp>

<comp id="54" class="1001" name="const_54">
<pin_list>
<pin id="55" dir="1" index="0" bw="1" slack="2147483647"/>
</pin_list>
<bind>
<StgValue><ssdm name="empty_3"/></StgValue>
</bind>
</comp>

<comp id="56" class="1001" name="const_56">
<pin_list>
<pin id="57" dir="1" index="0" bw="1" slack="2147483647"/>
</pin_list>
<bind>
<StgValue><ssdm name="empty_4"/></StgValue>
</bind>
</comp>

<comp id="58" class="1001" name="const_58">
<pin_list>
<pin id="59" dir="1" index="0" bw="1" slack="0"/>
</pin_list>
<bind>
<StgValue><ssdm name=""/></StgValue>
</bind>
</comp>

<comp id="60" class="1001" name="const_60">
<pin_list>
<pin id="61" dir="1" index="0" bw="1" slack="2147483647"/>
</pin_list>
<bind>
<StgValue><ssdm name=""/></StgValue>
</bind>
</comp>

<comp id="62" class="1001" name="const_62">
<pin_list>
<pin id="63" dir="1" index="0" bw="1" slack="2147483647"/>
</pin_list>
<bind>
<StgValue><ssdm name="_ssdm_op_SpecBitsMap"/></StgValue>
</bind>
</comp>

<comp id="64" class="1001" name="const_64">
<pin_list>
<pin id="65" dir="1" index="0" bw="1" slack="2147483647"/>
</pin_list>
<bind>
<StgValue><ssdm name="empty_5"/></StgValue>
</bind>
</comp>

<comp id="66" class="1001" name="const_66">
<pin_list>
<pin id="67" dir="1" index="0" bw="1" slack="2147483647"/>
</pin_list>
<bind>
<StgValue><ssdm name="empty_6"/></StgValue>
</bind>
</comp>

<comp id="68" class="1001" name="const_68">
<pin_list>
<pin id="69" dir="1" index="0" bw="1" slack="2147483647"/>
</pin_list>
<bind>
<StgValue><ssdm name="empty_7"/></StgValue>
</bind>
</comp>

<comp id="70" class="1001" name="const_70">
<pin_list>
<pin id="71" dir="1" index="0" bw="1" slack="2147483647"/>
</pin_list>
<bind>
<StgValue><ssdm name="empty_8"/></StgValue>
</bind>
</comp>

<comp id="72" class="1001" name="const_72">
<pin_list>
<pin id="73" dir="1" index="0" bw="1" slack="2147483647"/>
</pin_list>
<bind>
<StgValue><ssdm name="empty_9"/></StgValue>
</bind>
</comp>

<comp id="74" class="1001" name="const_74">
<pin_list>
<pin id="75" dir="1" index="0" bw="1" slack="2147483647"/>
</pin_list>
<bind>
<StgValue><ssdm name="empty_10"/></StgValue>
</bind>
</comp>

<comp id="76" class="1001" name="const_76">
<pin_list>
<pin id="77" dir="1" index="0" bw="1" slack="2147483647"/>
</pin_list>
<bind>
<StgValue><ssdm name="empty_11"/></StgValue>
</bind>
</comp>

<comp id="78" class="1001" name="const_78">
<pin_list>
<pin id="79" dir="1" index="0" bw="1" slack="0"/>
</pin_list>
<bind>
<StgValue><ssdm name=""/></StgValue>
</bind>
</comp>

<comp id="80" class="1001" name="const_80">
<pin_list>
<pin id="81" dir="1" index="0" bw="1" slack="0"/>
</pin_list>
<bind>
<StgValue><ssdm name=""/></StgValue>
</bind>
</comp>

<comp id="82" class="1001" name="const_82">
<pin_list>
<pin id="83" dir="1" index="0" bw="1" slack="0"/>
</pin_list>
<bind>
<StgValue><ssdm name=""/></StgValue>
</bind>
</comp>

<comp id="84" class="1001" name="const_84">
<pin_list>
<pin id="85" dir="1" index="0" bw="1" slack="0"/>
</pin_list>
<bind>
<StgValue><ssdm name=""/></StgValue>
</bind>
</comp>

<comp id="86" class="1001" name="const_86">
<pin_list>
<pin id="87" dir="1" index="0" bw="1" slack="0"/>
</pin_list>
<bind>
<StgValue><ssdm name="_ssdm_op_BitSelect.i1.i32.i32"/></StgValue>
</bind>
</comp>

<comp id="88" class="1001" name="const_88">
<pin_list>
<pin id="89" dir="1" index="0" bw="1" slack="0"/>
</pin_list>
<bind>
<StgValue><ssdm name=""/></StgValue>
</bind>
</comp>

<comp id="90" class="1001" name="const_90">
<pin_list>
<pin id="91" dir="1" index="0" bw="1" slack="0"/>
</pin_list>
<bind>
<StgValue><ssdm name="_ssdm_op_PartSelect.i28.i32.i32.i32"/></StgValue>
</bind>
</comp>

<comp id="92" class="1001" name="const_92">
<pin_list>
<pin id="93" dir="1" index="0" bw="1" slack="0"/>
</pin_list>
<bind>
<StgValue><ssdm name=""/></StgValue>
</bind>
</comp>

<comp id="94" class="1001" name="const_94">
<pin_list>
<pin id="95" dir="1" index="0" bw="1" slack="0"/>
</pin_list>
<bind>
<StgValue><ssdm name=""/></StgValue>
</bind>
</comp>

<comp id="96" class="1001" name="const_96">
<pin_list>
<pin id="97" dir="1" index="0" bw="1" slack="0"/>
</pin_list>
<bind>
<StgValue><ssdm name="_ssdm_op_PartSelect.i62.i64.i32.i32"/></StgValue>
</bind>
</comp>

<comp id="98" class="1001" name="const_98">
<pin_list>
<pin id="99" dir="1" index="0" bw="1" slack="0"/>
</pin_list>
<bind>
<StgValue><ssdm name=""/></StgValue>
</bind>
</comp>

<comp id="100" class="1001" name="const_100">
<pin_list>
<pin id="101" dir="1" index="0" bw="1" slack="0"/>
</pin_list>
<bind>
<StgValue><ssdm name=""/></StgValue>
</bind>
</comp>

<comp id="102" class="1001" name="const_102">
<pin_list>
<pin id="103" dir="1" index="0" bw="1" slack="0"/>
</pin_list>
<bind>
<StgValue><ssdm name=""/></StgValue>
</bind>
</comp>

<comp id="104" class="1001" name="const_104">
<pin_list>
<pin id="105" dir="1" index="0" bw="1" slack="0"/>
</pin_list>
<bind>
<StgValue><ssdm name="sha256_top_Pipeline_LOAD_BLOCK"/></StgValue>
</bind>
</comp>

<comp id="106" class="1001" name="const_106">
<pin_list>
<pin id="107" dir="1" index="0" bw="1" slack="0"/>
</pin_list>
<bind>
<StgValue><ssdm name="sha256_process_block"/></StgValue>
</bind>
</comp>

<comp id="108" class="1001" name="const_108">
<pin_list>
<pin id="109" dir="1" index="0" bw="1" slack="2147483647"/>
</pin_list>
<bind>
<StgValue><ssdm name="_ssdm_op_SpecLoopName"/></StgValue>
</bind>
</comp>

<comp id="110" class="1001" name="const_110">
<pin_list>
<pin id="111" dir="1" index="0" bw="1" slack="2147483647"/>
</pin_list>
<bind>
<StgValue><ssdm name="empty_15"/></StgValue>
</bind>
</comp>

<comp id="112" class="1001" name="const_112">
<pin_list>
<pin id="113" dir="1" index="0" bw="1" slack="0"/>
</pin_list>
<bind>
<StgValue><ssdm name="_ssdm_op_WriteReq.m_axi.p1i32"/></StgValue>
</bind>
</comp>

<comp id="114" class="1001" name="const_114">
<pin_list>
<pin id="115" dir="1" index="0" bw="1" slack="0"/>
</pin_list>
<bind>
<StgValue><ssdm name=""/></StgValue>
</bind>
</comp>

<comp id="116" class="1001" name="const_116">
<pin_list>
<pin id="117" dir="1" index="0" bw="1" slack="0"/>
</pin_list>
<bind>
<StgValue><ssdm name="sha256_top_Pipeline_STORE_DIGEST"/></StgValue>
</bind>
</comp>

<comp id="118" class="1001" name="const_118">
<pin_list>
<pin id="119" dir="1" index="0" bw="1" slack="0"/>
</pin_list>
<bind>
<StgValue><ssdm name="_ssdm_op_WriteResp.m_axi.p1i32"/></StgValue>
</bind>
</comp>

<comp id="120" class="1004" name="b_fu_120">
<pin_list>
<pin id="121" dir="0" index="0" bw="1" slack="0"/>
<pin id="122" dir="1" index="1" bw="28" slack="0"/>
</pin_list>
<bind>
<opcode="alloca(26) " fcode="alloca"/>
<opset="b/1 "/>
</bind>
</comp>

<comp id="124" class="1004" name="msg_ptr_fu_124">
<pin_list>
<pin id="125" dir="0" index="0" bw="1" slack="0"/>
<pin id="126" dir="1" index="1" bw="32" slack="0"/>
</pin_list>
<bind>
<opcode="alloca(26) " fcode="alloca"/>
<opset="msg_ptr/1 "/>
</bind>
</comp>

<comp id="128" class="1004" name="block_loc_fu_128">
<pin_list>
<pin id="129" dir="0" index="0" bw="1" slack="0"/>
<pin id="130" dir="1" index="1" bw="32" slack="5"/>
</pin_list>
<bind>
<opcode="alloca(26) " fcode="alloca"/>
<opset="block_loc/1 "/>
</bind>
</comp>

<comp id="132" class="1004" name="block_1_loc_fu_132">
<pin_list>
<pin id="133" dir="0" index="0" bw="1" slack="0"/>
<pin id="134" dir="1" index="1" bw="32" slack="5"/>
</pin_list>
<bind>
<opcode="alloca(26) " fcode="alloca"/>
<opset="block_1_loc/1 "/>
</bind>
</comp>

<comp id="136" class="1004" name="block_2_loc_fu_136">
<pin_list>
<pin id="137" dir="0" index="0" bw="1" slack="0"/>
<pin id="138" dir="1" index="1" bw="32" slack="5"/>
</pin_list>
<bind>
<opcode="alloca(26) " fcode="alloca"/>
<opset="block_2_loc/1 "/>
</bind>
</comp>

<comp id="140" class="1004" name="block_3_loc_fu_140">
<pin_list>
<pin id="141" dir="0" index="0" bw="1" slack="0"/>
<pin id="142" dir="1" index="1" bw="32" slack="5"/>
</pin_list>
<bind>
<opcode="alloca(26) " fcode="alloca"/>
<opset="block_3_loc/1 "/>
</bind>
</comp>

<comp id="144" class="1004" name="block_4_loc_fu_144">
<pin_list>
<pin id="145" dir="0" index="0" bw="1" slack="0"/>
<pin id="146" dir="1" index="1" bw="32" slack="5"/>
</pin_list>
<bind>
<opcode="alloca(26) " fcode="alloca"/>
<opset="block_4_loc/1 "/>
</bind>
</comp>

<comp id="148" class="1004" name="block_5_loc_fu_148">
<pin_list>
<pin id="149" dir="0" index="0" bw="1" slack="0"/>
<pin id="150" dir="1" index="1" bw="32" slack="5"/>
</pin_list>
<bind>
<opcode="alloca(26) " fcode="alloca"/>
<opset="block_5_loc/1 "/>
</bind>
</comp>

<comp id="152" class="1004" name="block_6_loc_fu_152">
<pin_list>
<pin id="153" dir="0" index="0" bw="1" slack="0"/>
<pin id="154" dir="1" index="1" bw="32" slack="5"/>
</pin_list>
<bind>
<opcode="alloca(26) " fcode="alloca"/>
<opset="block_6_loc/1 "/>
</bind>
</comp>

<comp id="156" class="1004" name="block_7_loc_fu_156">
<pin_list>
<pin id="157" dir="0" index="0" bw="1" slack="0"/>
<pin id="158" dir="1" index="1" bw="32" slack="5"/>
</pin_list>
<bind>
<opcode="alloca(26) " fcode="alloca"/>
<opset="block_7_loc/1 "/>
</bind>
</comp>

<comp id="160" class="1004" name="block_8_loc_fu_160">
<pin_list>
<pin id="161" dir="0" index="0" bw="1" slack="0"/>
<pin id="162" dir="1" index="1" bw="32" slack="5"/>
</pin_list>
<bind>
<opcode="alloca(26) " fcode="alloca"/>
<opset="block_8_loc/1 "/>
</bind>
</comp>

<comp id="164" class="1004" name="block_9_loc_fu_164">
<pin_list>
<pin id="165" dir="0" index="0" bw="1" slack="0"/>
<pin id="166" dir="1" index="1" bw="32" slack="5"/>
</pin_list>
<bind>
<opcode="alloca(26) " fcode="alloca"/>
<opset="block_9_loc/1 "/>
</bind>
</comp>

<comp id="168" class="1004" name="block_10_loc_fu_168">
<pin_list>
<pin id="169" dir="0" index="0" bw="1" slack="0"/>
<pin id="170" dir="1" index="1" bw="32" slack="5"/>
</pin_list>
<bind>
<opcode="alloca(26) " fcode="alloca"/>
<opset="block_10_loc/1 "/>
</bind>
</comp>

<comp id="172" class="1004" name="block_11_loc_fu_172">
<pin_list>
<pin id="173" dir="0" index="0" bw="1" slack="0"/>
<pin id="174" dir="1" index="1" bw="32" slack="5"/>
</pin_list>
<bind>
<opcode="alloca(26) " fcode="alloca"/>
<opset="block_11_loc/1 "/>
</bind>
</comp>

<comp id="176" class="1004" name="block_12_loc_fu_176">
<pin_list>
<pin id="177" dir="0" index="0" bw="1" slack="0"/>
<pin id="178" dir="1" index="1" bw="32" slack="5"/>
</pin_list>
<bind>
<opcode="alloca(26) " fcode="alloca"/>
<opset="block_12_loc/1 "/>
</bind>
</comp>

<comp id="180" class="1004" name="block_13_loc_fu_180">
<pin_list>
<pin id="181" dir="0" index="0" bw="1" slack="0"/>
<pin id="182" dir="1" index="1" bw="32" slack="5"/>
</pin_list>
<bind>
<opcode="alloca(26) " fcode="alloca"/>
<opset="block_13_loc/1 "/>
</bind>
</comp>

<comp id="184" class="1004" name="block_14_loc_fu_184">
<pin_list>
<pin id="185" dir="0" index="0" bw="1" slack="0"/>
<pin id="186" dir="1" index="1" bw="32" slack="5"/>
</pin_list>
<bind>
<opcode="alloca(26) " fcode="alloca"/>
<opset="block_14_loc/1 "/>
</bind>
</comp>

<comp id="188" class="1004" name="block_15_loc_fu_188">
<pin_list>
<pin id="189" dir="0" index="0" bw="1" slack="0"/>
<pin id="190" dir="1" index="1" bw="32" slack="5"/>
</pin_list>
<bind>
<opcode="alloca(26) " fcode="alloca"/>
<opset="block_15_loc/1 "/>
</bind>
</comp>

<comp id="192" class="1004" name="H_alloca_fu_192">
<pin_list>
<pin id="193" dir="0" index="0" bw="1" slack="0"/>
<pin id="194" dir="1" index="1" bw="32" slack="0"/>
</pin_list>
<bind>
<opcode="alloca(26) " fcode="alloca"/>
<opset="H/1 "/>
</bind>
</comp>

<comp id="196" class="1004" name="msg_len_words_read_read_fu_196">
<pin_list>
<pin id="197" dir="0" index="0" bw="32" slack="0"/>
<pin id="198" dir="0" index="1" bw="32" slack="0"/>
<pin id="199" dir="1" index="2" bw="32" slack="0"/>
</pin_list>
<bind>
<opcode="read(1150) " fcode="read"/>
<opset="msg_len_words_read/4 "/>
</bind>
</comp>

<comp id="202" class="1004" name="digest_read_read_fu_202">
<pin_list>
<pin id="203" dir="0" index="0" bw="64" slack="0"/>
<pin id="204" dir="0" index="1" bw="64" slack="0"/>
<pin id="205" dir="1" index="2" bw="64" slack="1"/>
</pin_list>
<bind>
<opcode="read(1150) " fcode="read"/>
<opset="digest_read/4 "/>
</bind>
</comp>

<comp id="208" class="1004" name="message_read_read_fu_208">
<pin_list>
<pin id="209" dir="0" index="0" bw="64" slack="0"/>
<pin id="210" dir="0" index="1" bw="64" slack="0"/>
<pin id="211" dir="1" index="2" bw="64" slack="0"/>
</pin_list>
<bind>
<opcode="read(1150) " fcode="read"/>
<opset="message_read/4 "/>
</bind>
</comp>

<comp id="214" class="1004" name="grp_writeresp_fu_214">
<pin_list>
<pin id="215" dir="0" index="0" bw="1" slack="0"/>
<pin id="216" dir="0" index="1" bw="32" slack="0"/>
<pin id="217" dir="0" index="2" bw="5" slack="0"/>
<pin id="218" dir="1" index="3" bw="1" slack="2147483647"/>
</pin_list>
<bind>
<opcode="writereq(1155) writeresp(1158) " fcode="writeresp"/>
<opset="empty/10 empty_25/13 "/>
</bind>
</comp>

<comp id="222" class="1004" name="H_addr_gep_fu_222">
<pin_list>
<pin id="223" dir="0" index="0" bw="32" slack="0"/>
<pin id="224" dir="0" index="1" bw="1" slack="0"/>
<pin id="225" dir="0" index="2" bw="1" slack="0"/>
<pin id="226" dir="1" index="3" bw="3" slack="0"/>
</pin_list>
<bind>
<opcode="getelementptr(29) " fcode="getelementptr"/>
<opset="H_addr/1 "/>
</bind>
</comp>

<comp id="230" class="1004" name="grp_access_fu_230">
<pin_list>
<pin id="231" dir="0" index="0" bw="3" slack="0"/>
<pin id="232" dir="0" index="1" bw="32" slack="0"/>
<pin id="233" dir="0" index="2" bw="0" slack="0"/>
<pin id="235" dir="0" index="4" bw="3" slack="0"/>
<pin id="236" dir="0" index="5" bw="32" slack="2147483647"/>
<pin id="237" dir="0" index="6" bw="0" slack="2147483647"/>
<pin id="234" dir="1" index="3" bw="32" slack="2147483647"/>
<pin id="238" dir="1" index="7" bw="32" slack="2147483647"/>
</pin_list>
<bind>
<opcode="store(28) " fcode="store"/>
<opset="store_ln37/1 store_ln38/1 store_ln39/2 store_ln40/2 store_ln41/3 store_ln42/3 store_ln43/4 store_ln44/4 "/>
</bind>
</comp>

<comp id="241" class="1004" name="H_addr_1_gep_fu_241">
<pin_list>
<pin id="242" dir="0" index="0" bw="32" slack="0"/>
<pin id="243" dir="0" index="1" bw="1" slack="0"/>
<pin id="244" dir="0" index="2" bw="1" slack="0"/>
<pin id="245" dir="1" index="3" bw="3" slack="0"/>
</pin_list>
<bind>
<opcode="getelementptr(29) " fcode="getelementptr"/>
<opset="H_addr_1/1 "/>
</bind>
</comp>

<comp id="251" class="1004" name="H_addr_2_gep_fu_251">
<pin_list>
<pin id="252" dir="0" index="0" bw="32" slack="2147483647"/>
<pin id="253" dir="0" index="1" bw="1" slack="0"/>
<pin id="254" dir="0" index="2" bw="3" slack="0"/>
<pin id="255" dir="1" index="3" bw="3" slack="0"/>
</pin_list>
<bind>
<opcode="getelementptr(29) " fcode="getelementptr"/>
<opset="H_addr_2/2 "/>
</bind>
</comp>

<comp id="260" class="1004" name="H_addr_3_gep_fu_260">
<pin_list>
<pin id="261" dir="0" index="0" bw="32" slack="2147483647"/>
<pin id="262" dir="0" index="1" bw="1" slack="0"/>
<pin id="263" dir="0" index="2" bw="3" slack="0"/>
<pin id="264" dir="1" index="3" bw="3" slack="0"/>
</pin_list>
<bind>
<opcode="getelementptr(29) " fcode="getelementptr"/>
<opset="H_addr_3/2 "/>
</bind>
</comp>

<comp id="269" class="1004" name="H_addr_4_gep_fu_269">
<pin_list>
<pin id="270" dir="0" index="0" bw="32" slack="2147483647"/>
<pin id="271" dir="0" index="1" bw="1" slack="0"/>
<pin id="272" dir="0" index="2" bw="4" slack="0"/>
<pin id="273" dir="1" index="3" bw="3" slack="0"/>
</pin_list>
<bind>
<opcode="getelementptr(29) " fcode="getelementptr"/>
<opset="H_addr_4/3 "/>
</bind>
</comp>

<comp id="278" class="1004" name="H_addr_5_gep_fu_278">
<pin_list>
<pin id="279" dir="0" index="0" bw="32" slack="2147483647"/>
<pin id="280" dir="0" index="1" bw="1" slack="0"/>
<pin id="281" dir="0" index="2" bw="4" slack="0"/>
<pin id="282" dir="1" index="3" bw="3" slack="0"/>
</pin_list>
<bind>
<opcode="getelementptr(29) " fcode="getelementptr"/>
<opset="H_addr_5/3 "/>
</bind>
</comp>

<comp id="287" class="1004" name="H_addr_6_gep_fu_287">
<pin_list>
<pin id="288" dir="0" index="0" bw="32" slack="2147483647"/>
<pin id="289" dir="0" index="1" bw="1" slack="0"/>
<pin id="290" dir="0" index="2" bw="4" slack="0"/>
<pin id="291" dir="1" index="3" bw="3" slack="0"/>
</pin_list>
<bind>
<opcode="getelementptr(29) " fcode="getelementptr"/>
<opset="H_addr_6/4 "/>
</bind>
</comp>

<comp id="296" class="1004" name="H_addr_7_gep_fu_296">
<pin_list>
<pin id="297" dir="0" index="0" bw="32" slack="2147483647"/>
<pin id="298" dir="0" index="1" bw="1" slack="0"/>
<pin id="299" dir="0" index="2" bw="4" slack="0"/>
<pin id="300" dir="1" index="3" bw="3" slack="0"/>
</pin_list>
<bind>
<opcode="getelementptr(29) " fcode="getelementptr"/>
<opset="H_addr_7/4 "/>
</bind>
</comp>

<comp id="305" class="1004" name="grp_sha256_top_Pipeline_LOAD_BLOCK_fu_305">
<pin_list>
<pin id="306" dir="0" index="0" bw="0" slack="0"/>
<pin id="307" dir="0" index="1" bw="32" slack="0"/>
<pin id="308" dir="0" index="2" bw="63" slack="1"/>
<pin id="309" dir="0" index="3" bw="62" slack="2"/>
<pin id="310" dir="0" index="4" bw="32" slack="1"/>
<pin id="311" dir="0" index="5" bw="32" slack="5"/>
<pin id="312" dir="0" index="6" bw="32" slack="5"/>
<pin id="313" dir="0" index="7" bw="32" slack="5"/>
<pin id="314" dir="0" index="8" bw="32" slack="5"/>
<pin id="315" dir="0" index="9" bw="32" slack="5"/>
<pin id="316" dir="0" index="10" bw="32" slack="5"/>
<pin id="317" dir="0" index="11" bw="32" slack="5"/>
<pin id="318" dir="0" index="12" bw="32" slack="5"/>
<pin id="319" dir="0" index="13" bw="32" slack="5"/>
<pin id="320" dir="0" index="14" bw="32" slack="5"/>
<pin id="321" dir="0" index="15" bw="32" slack="5"/>
<pin id="322" dir="0" index="16" bw="32" slack="5"/>
<pin id="323" dir="0" index="17" bw="32" slack="5"/>
<pin id="324" dir="0" index="18" bw="32" slack="5"/>
<pin id="325" dir="0" index="19" bw="32" slack="5"/>
<pin id="326" dir="0" index="20" bw="32" slack="5"/>
<pin id="327" dir="1" index="21" bw="0" slack="2147483647"/>
</pin_list>
<bind>
<opcode="call(48) " fcode="call"/>
<opset="call_ln60/6 "/>
</bind>
</comp>

<comp id="330" class="1004" name="grp_sha256_process_block_fu_330">
<pin_list>
<pin id="331" dir="0" index="0" bw="0" slack="0"/>
<pin id="332" dir="0" index="1" bw="32" slack="0"/>
<pin id="333" dir="0" index="2" bw="32" slack="0"/>
<pin id="334" dir="0" index="3" bw="32" slack="0"/>
<pin id="335" dir="0" index="4" bw="32" slack="0"/>
<pin id="336" dir="0" index="5" bw="32" slack="0"/>
<pin id="337" dir="0" index="6" bw="32" slack="0"/>
<pin id="338" dir="0" index="7" bw="32" slack="0"/>
<pin id="339" dir="0" index="8" bw="32" slack="0"/>
<pin id="340" dir="0" index="9" bw="32" slack="0"/>
<pin id="341" dir="0" index="10" bw="32" slack="0"/>
<pin id="342" dir="0" index="11" bw="32" slack="0"/>
<pin id="343" dir="0" index="12" bw="32" slack="0"/>
<pin id="344" dir="0" index="13" bw="32" slack="0"/>
<pin id="345" dir="0" index="14" bw="32" slack="0"/>
<pin id="346" dir="0" index="15" bw="32" slack="0"/>
<pin id="347" dir="0" index="16" bw="32" slack="0"/>
<pin id="348" dir="0" index="17" bw="32" slack="2147483647"/>
<pin id="349" dir="1" index="18" bw="0" slack="2147483647"/>
</pin_list>
<bind>
<opcode="call(48) " fcode="call"/>
<opset="call_ln64/8 "/>
</bind>
</comp>

<comp id="351" class="1004" name="grp_sha256_top_Pipeline_STORE_DIGEST_fu_351">
<pin_list>
<pin id="352" dir="0" index="0" bw="0" slack="0"/>
<pin id="353" dir="0" index="1" bw="32" slack="0"/>
<pin id="354" dir="0" index="2" bw="62" slack="2"/>
<pin id="355" dir="0" index="3" bw="32" slack="2147483647"/>
<pin id="356" dir="1" index="4" bw="0" slack="2147483647"/>
</pin_list>
<bind>
<opcode="call(48) " fcode="call"/>
<opset="call_ln70/11 "/>
</bind>
</comp>

<comp id="359" class="1004" name="store_ln52_store_fu_359">
<pin_list>
<pin id="360" dir="0" index="0" bw="1" slack="0"/>
<pin id="361" dir="0" index="1" bw="32" slack="0"/>
<pin id="362" dir="1" index="2" bw="0" slack="2147483647"/>
</pin_list>
<bind>
<opcode="store(28) " fcode="store"/>
<opset="store_ln52/1 "/>
</bind>
</comp>

<comp id="364" class="1004" name="store_ln52_store_fu_364">
<pin_list>
<pin id="365" dir="0" index="0" bw="1" slack="0"/>
<pin id="366" dir="0" index="1" bw="28" slack="0"/>
<pin id="367" dir="1" index="2" bw="0" slack="2147483647"/>
</pin_list>
<bind>
<opcode="store(28) " fcode="store"/>
<opset="store_ln52/1 "/>
</bind>
</comp>

<comp id="369" class="1004" name="tmp_fu_369">
<pin_list>
<pin id="370" dir="0" index="0" bw="1" slack="0"/>
<pin id="371" dir="0" index="1" bw="32" slack="0"/>
<pin id="372" dir="0" index="2" bw="6" slack="0"/>
<pin id="373" dir="1" index="3" bw="1" slack="0"/>
</pin_list>
<bind>
<opcode="bitselect(1000) " fcode="bitselect"/>
<opset="tmp/4 "/>
</bind>
</comp>

<comp id="377" class="1004" name="sub_ln49_fu_377">
<pin_list>
<pin id="378" dir="0" index="0" bw="1" slack="0"/>
<pin id="379" dir="0" index="1" bw="32" slack="0"/>
<pin id="380" dir="1" index="2" bw="32" slack="0"/>
</pin_list>
<bind>
<opcode="sub(10) " fcode="sub"/>
<opset="sub_ln49/4 "/>
</bind>
</comp>

<comp id="383" class="1004" name="trunc_ln49_1_fu_383">
<pin_list>
<pin id="384" dir="0" index="0" bw="28" slack="0"/>
<pin id="385" dir="0" index="1" bw="32" slack="0"/>
<pin id="386" dir="0" index="2" bw="4" slack="0"/>
<pin id="387" dir="0" index="3" bw="6" slack="0"/>
<pin id="388" dir="1" index="4" bw="28" slack="0"/>
</pin_list>
<bind>
<opcode="partselect(1002) " fcode="partselect"/>
<opset="trunc_ln49_1/4 "/>
</bind>
</comp>

<comp id="393" class="1004" name="zext_ln49_fu_393">
<pin_list>
<pin id="394" dir="0" index="0" bw="28" slack="0"/>
<pin id="395" dir="1" index="1" bw="29" slack="0"/>
</pin_list>
<bind>
<opcode="zext(34) " fcode="zext"/>
<opset="zext_ln49/4 "/>
</bind>
</comp>

<comp id="397" class="1004" name="sub_ln49_1_fu_397">
<pin_list>
<pin id="398" dir="0" index="0" bw="1" slack="0"/>
<pin id="399" dir="0" index="1" bw="28" slack="0"/>
<pin id="400" dir="1" index="2" bw="29" slack="0"/>
</pin_list>
<bind>
<opcode="sub(10) " fcode="sub"/>
<opset="sub_ln49_1/4 "/>
</bind>
</comp>

<comp id="403" class="1004" name="trunc_ln49_2_fu_403">
<pin_list>
<pin id="404" dir="0" index="0" bw="28" slack="0"/>
<pin id="405" dir="0" index="1" bw="32" slack="0"/>
<pin id="406" dir="0" index="2" bw="4" slack="0"/>
<pin id="407" dir="0" index="3" bw="6" slack="0"/>
<pin id="408" dir="1" index="4" bw="28" slack="0"/>
</pin_list>
<bind>
<opcode="partselect(1002) " fcode="partselect"/>
<opset="trunc_ln49_2/4 "/>
</bind>
</comp>

<comp id="413" class="1004" name="zext_ln49_1_fu_413">
<pin_list>
<pin id="414" dir="0" index="0" bw="28" slack="0"/>
<pin id="415" dir="1" index="1" bw="29" slack="0"/>
</pin_list>
<bind>
<opcode="zext(34) " fcode="zext"/>
<opset="zext_ln49_1/4 "/>
</bind>
</comp>

<comp id="417" class="1004" name="num_blocks_fu_417">
<pin_list>
<pin id="418" dir="0" index="0" bw="1" slack="0"/>
<pin id="419" dir="0" index="1" bw="29" slack="0"/>
<pin id="420" dir="0" index="2" bw="29" slack="0"/>
<pin id="421" dir="1" index="3" bw="29" slack="1"/>
</pin_list>
<bind>
<opcode="select(49) " fcode="select"/>
<opset="num_blocks/4 "/>
</bind>
</comp>

<comp id="425" class="1004" name="trunc_ln1_fu_425">
<pin_list>
<pin id="426" dir="0" index="0" bw="62" slack="0"/>
<pin id="427" dir="0" index="1" bw="64" slack="0"/>
<pin id="428" dir="0" index="2" bw="3" slack="0"/>
<pin id="429" dir="0" index="3" bw="7" slack="0"/>
<pin id="430" dir="1" index="4" bw="62" slack="0"/>
</pin_list>
<bind>
<opcode="partselect(1002) " fcode="partselect"/>
<opset="trunc_ln1/4 "/>
</bind>
</comp>

<comp id="435" class="1004" name="sext_ln52_fu_435">
<pin_list>
<pin id="436" dir="0" index="0" bw="62" slack="0"/>
<pin id="437" dir="1" index="1" bw="63" slack="1"/>
</pin_list>
<bind>
<opcode="sext(35) " fcode="sext"/>
<opset="sext_ln52/4 "/>
</bind>
</comp>

<comp id="439" class="1004" name="b_load_load_fu_439">
<pin_list>
<pin id="440" dir="0" index="0" bw="28" slack="4"/>
<pin id="441" dir="1" index="1" bw="28" slack="0"/>
</pin_list>
<bind>
<opcode="load(27) " fcode="load"/>
<opset="b_load/5 "/>
</bind>
</comp>

<comp id="442" class="1004" name="zext_ln52_1_fu_442">
<pin_list>
<pin id="443" dir="0" index="0" bw="28" slack="0"/>
<pin id="444" dir="1" index="1" bw="29" slack="0"/>
</pin_list>
<bind>
<opcode="zext(34) " fcode="zext"/>
<opset="zext_ln52_1/5 "/>
</bind>
</comp>

<comp id="446" class="1004" name="icmp_ln52_fu_446">
<pin_list>
<pin id="447" dir="0" index="0" bw="29" slack="0"/>
<pin id="448" dir="0" index="1" bw="29" slack="1"/>
<pin id="449" dir="1" index="2" bw="1" slack="2147483647"/>
</pin_list>
<bind>
<opcode="icmp(45) " fcode="icmp"/>
<opset="icmp_ln52/5 "/>
</bind>
</comp>

<comp id="451" class="1004" name="add_ln52_fu_451">
<pin_list>
<pin id="452" dir="0" index="0" bw="28" slack="0"/>
<pin id="453" dir="0" index="1" bw="1" slack="0"/>
<pin id="454" dir="1" index="2" bw="28" slack="0"/>
</pin_list>
<bind>
<opcode="add(8) " fcode="add"/>
<opset="add_ln52/5 "/>
</bind>
</comp>

<comp id="457" class="1004" name="msg_ptr_load_load_fu_457">
<pin_list>
<pin id="458" dir="0" index="0" bw="32" slack="4"/>
<pin id="459" dir="1" index="1" bw="32" slack="0"/>
</pin_list>
<bind>
<opcode="load(27) " fcode="load"/>
<opset="msg_ptr_load/5 "/>
</bind>
</comp>

<comp id="460" class="1004" name="zext_ln52_fu_460">
<pin_list>
<pin id="461" dir="0" index="0" bw="32" slack="0"/>
<pin id="462" dir="1" index="1" bw="63" slack="0"/>
</pin_list>
<bind>
<opcode="zext(34) " fcode="zext"/>
<opset="zext_ln52/5 "/>
</bind>
</comp>

<comp id="464" class="1004" name="add_ln60_fu_464">
<pin_list>
<pin id="465" dir="0" index="0" bw="62" slack="1"/>
<pin id="466" dir="0" index="1" bw="32" slack="0"/>
<pin id="467" dir="1" index="2" bw="63" slack="1"/>
</pin_list>
<bind>
<opcode="add(8) " fcode="add"/>
<opset="add_ln60/5 "/>
</bind>
</comp>

<comp id="469" class="1004" name="add_ln64_fu_469">
<pin_list>
<pin id="470" dir="0" index="0" bw="32" slack="0"/>
<pin id="471" dir="0" index="1" bw="6" slack="0"/>
<pin id="472" dir="1" index="2" bw="32" slack="0"/>
</pin_list>
<bind>
<opcode="add(8) " fcode="add"/>
<opset="add_ln64/5 "/>
</bind>
</comp>

<comp id="475" class="1004" name="store_ln52_store_fu_475">
<pin_list>
<pin id="476" dir="0" index="0" bw="32" slack="0"/>
<pin id="477" dir="0" index="1" bw="32" slack="4"/>
<pin id="478" dir="1" index="2" bw="0" slack="2147483647"/>
</pin_list>
<bind>
<opcode="store(28) " fcode="store"/>
<opset="store_ln52/5 "/>
</bind>
</comp>

<comp id="480" class="1004" name="store_ln52_store_fu_480">
<pin_list>
<pin id="481" dir="0" index="0" bw="28" slack="0"/>
<pin id="482" dir="0" index="1" bw="28" slack="4"/>
<pin id="483" dir="1" index="2" bw="0" slack="2147483647"/>
</pin_list>
<bind>
<opcode="store(28) " fcode="store"/>
<opset="store_ln52/5 "/>
</bind>
</comp>

<comp id="485" class="1004" name="trunc_ln2_fu_485">
<pin_list>
<pin id="486" dir="0" index="0" bw="62" slack="0"/>
<pin id="487" dir="0" index="1" bw="64" slack="1"/>
<pin id="488" dir="0" index="2" bw="3" slack="0"/>
<pin id="489" dir="0" index="3" bw="7" slack="0"/>
<pin id="490" dir="1" index="4" bw="62" slack="1"/>
</pin_list>
<bind>
<opcode="partselect(1002) " fcode="partselect"/>
<opset="trunc_ln2/5 "/>
</bind>
</comp>

<comp id="494" class="1004" name="block_15_loc_load_load_fu_494">
<pin_list>
<pin id="495" dir="0" index="0" bw="32" slack="7"/>
<pin id="496" dir="1" index="1" bw="32" slack="0"/>
</pin_list>
<bind>
<opcode="load(27) " fcode="load"/>
<opset="block_15_loc_load/8 "/>
</bind>
</comp>

<comp id="498" class="1004" name="block_14_loc_load_load_fu_498">
<pin_list>
<pin id="499" dir="0" index="0" bw="32" slack="7"/>
<pin id="500" dir="1" index="1" bw="32" slack="0"/>
</pin_list>
<bind>
<opcode="load(27) " fcode="load"/>
<opset="block_14_loc_load/8 "/>
</bind>
</comp>

<comp id="502" class="1004" name="block_13_loc_load_load_fu_502">
<pin_list>
<pin id="503" dir="0" index="0" bw="32" slack="7"/>
<pin id="504" dir="1" index="1" bw="32" slack="0"/>
</pin_list>
<bind>
<opcode="load(27) " fcode="load"/>
<opset="block_13_loc_load/8 "/>
</bind>
</comp>

<comp id="506" class="1004" name="block_12_loc_load_load_fu_506">
<pin_list>
<pin id="507" dir="0" index="0" bw="32" slack="7"/>
<pin id="508" dir="1" index="1" bw="32" slack="0"/>
</pin_list>
<bind>
<opcode="load(27) " fcode="load"/>
<opset="block_12_loc_load/8 "/>
</bind>
</comp>

<comp id="510" class="1004" name="block_11_loc_load_load_fu_510">
<pin_list>
<pin id="511" dir="0" index="0" bw="32" slack="7"/>
<pin id="512" dir="1" index="1" bw="32" slack="0"/>
</pin_list>
<bind>
<opcode="load(27) " fcode="load"/>
<opset="block_11_loc_load/8 "/>
</bind>
</comp>

<comp id="514" class="1004" name="block_10_loc_load_load_fu_514">
<pin_list>
<pin id="515" dir="0" index="0" bw="32" slack="7"/>
<pin id="516" dir="1" index="1" bw="32" slack="0"/>
</pin_list>
<bind>
<opcode="load(27) " fcode="load"/>
<opset="block_10_loc_load/8 "/>
</bind>
</comp>

<comp id="518" class="1004" name="block_9_loc_load_load_fu_518">
<pin_list>
<pin id="519" dir="0" index="0" bw="32" slack="7"/>
<pin id="520" dir="1" index="1" bw="32" slack="0"/>
</pin_list>
<bind>
<opcode="load(27) " fcode="load"/>
<opset="block_9_loc_load/8 "/>
</bind>
</comp>

<comp id="522" class="1004" name="block_8_loc_load_load_fu_522">
<pin_list>
<pin id="523" dir="0" index="0" bw="32" slack="7"/>
<pin id="524" dir="1" index="1" bw="32" slack="0"/>
</pin_list>
<bind>
<opcode="load(27) " fcode="load"/>
<opset="block_8_loc_load/8 "/>
</bind>
</comp>

<comp id="526" class="1004" name="block_7_loc_load_load_fu_526">
<pin_list>
<pin id="527" dir="0" index="0" bw="32" slack="7"/>
<pin id="528" dir="1" index="1" bw="32" slack="0"/>
</pin_list>
<bind>
<opcode="load(27) " fcode="load"/>
<opset="block_7_loc_load/8 "/>
</bind>
</comp>

<comp id="530" class="1004" name="block_6_loc_load_load_fu_530">
<pin_list>
<pin id="531" dir="0" index="0" bw="32" slack="7"/>
<pin id="532" dir="1" index="1" bw="32" slack="0"/>
</pin_list>
<bind>
<opcode="load(27) " fcode="load"/>
<opset="block_6_loc_load/8 "/>
</bind>
</comp>

<comp id="534" class="1004" name="block_5_loc_load_load_fu_534">
<pin_list>
<pin id="535" dir="0" index="0" bw="32" slack="7"/>
<pin id="536" dir="1" index="1" bw="32" slack="0"/>
</pin_list>
<bind>
<opcode="load(27) " fcode="load"/>
<opset="block_5_loc_load/8 "/>
</bind>
</comp>

<comp id="538" class="1004" name="block_4_loc_load_load_fu_538">
<pin_list>
<pin id="539" dir="0" index="0" bw="32" slack="7"/>
<pin id="540" dir="1" index="1" bw="32" slack="0"/>
</pin_list>
<bind>
<opcode="load(27) " fcode="load"/>
<opset="block_4_loc_load/8 "/>
</bind>
</comp>

<comp id="542" class="1004" name="block_3_loc_load_load_fu_542">
<pin_list>
<pin id="543" dir="0" index="0" bw="32" slack="7"/>
<pin id="544" dir="1" index="1" bw="32" slack="0"/>
</pin_list>
<bind>
<opcode="load(27) " fcode="load"/>
<opset="block_3_loc_load/8 "/>
</bind>
</comp>

<comp id="546" class="1004" name="block_2_loc_load_load_fu_546">
<pin_list>
<pin id="547" dir="0" index="0" bw="32" slack="7"/>
<pin id="548" dir="1" index="1" bw="32" slack="0"/>
</pin_list>
<bind>
<opcode="load(27) " fcode="load"/>
<opset="block_2_loc_load/8 "/>
</bind>
</comp>

<comp id="550" class="1004" name="block_1_loc_load_load_fu_550">
<pin_list>
<pin id="551" dir="0" index="0" bw="32" slack="7"/>
<pin id="552" dir="1" index="1" bw="32" slack="0"/>
</pin_list>
<bind>
<opcode="load(27) " fcode="load"/>
<opset="block_1_loc_load/8 "/>
</bind>
</comp>

<comp id="554" class="1004" name="block_loc_load_load_fu_554">
<pin_list>
<pin id="555" dir="0" index="0" bw="32" slack="7"/>
<pin id="556" dir="1" index="1" bw="32" slack="0"/>
</pin_list>
<bind>
<opcode="load(27) " fcode="load"/>
<opset="block_loc_load/8 "/>
</bind>
</comp>

<comp id="558" class="1004" name="sext_ln70_fu_558">
<pin_list>
<pin id="559" dir="0" index="0" bw="62" slack="1"/>
<pin id="560" dir="1" index="1" bw="64" slack="0"/>
</pin_list>
<bind>
<opcode="sext(35) " fcode="sext"/>
<opset="sext_ln70/10 "/>
</bind>
</comp>

<comp id="561" class="1004" name="DATA_addr_fu_561">
<pin_list>
<pin id="562" dir="0" index="0" bw="64" slack="0"/>
<pin id="563" dir="0" index="1" bw="64" slack="0"/>
<pin id="564" dir="1" index="2" bw="64" slack="0"/>
</pin_list>
<bind>
<opcode="getelementptr(29) " fcode="getelementptr"/>
<opset="DATA_addr/10 "/>
</bind>
</comp>

<comp id="568" class="1005" name="b_reg_568">
<pin_list>
<pin id="569" dir="0" index="0" bw="28" slack="0"/>
<pin id="570" dir="1" index="1" bw="28" slack="0"/>
</pin_list>
<bind>
<opset="b "/>
</bind>
</comp>

<comp id="575" class="1005" name="msg_ptr_reg_575">
<pin_list>
<pin id="576" dir="0" index="0" bw="32" slack="0"/>
<pin id="577" dir="1" index="1" bw="32" slack="0"/>
</pin_list>
<bind>
<opset="msg_ptr "/>
</bind>
</comp>

<comp id="582" class="1005" name="block_loc_reg_582">
<pin_list>
<pin id="583" dir="0" index="0" bw="32" slack="5"/>
<pin id="584" dir="1" index="1" bw="32" slack="5"/>
</pin_list>
<bind>
<opset="block_loc "/>
</bind>
</comp>

<comp id="588" class="1005" name="block_1_loc_reg_588">
<pin_list>
<pin id="589" dir="0" index="0" bw="32" slack="5"/>
<pin id="590" dir="1" index="1" bw="32" slack="5"/>
</pin_list>
<bind>
<opset="block_1_loc "/>
</bind>
</comp>

<comp id="594" class="1005" name="block_2_loc_reg_594">
<pin_list>
<pin id="595" dir="0" index="0" bw="32" slack="5"/>
<pin id="596" dir="1" index="1" bw="32" slack="5"/>
</pin_list>
<bind>
<opset="block_2_loc "/>
</bind>
</comp>

<comp id="600" class="1005" name="block_3_loc_reg_600">
<pin_list>
<pin id="601" dir="0" index="0" bw="32" slack="5"/>
<pin id="602" dir="1" index="1" bw="32" slack="5"/>
</pin_list>
<bind>
<opset="block_3_loc "/>
</bind>
</comp>

<comp id="606" class="1005" name="block_4_loc_reg_606">
<pin_list>
<pin id="607" dir="0" index="0" bw="32" slack="5"/>
<pin id="608" dir="1" index="1" bw="32" slack="5"/>
</pin_list>
<bind>
<opset="block_4_loc "/>
</bind>
</comp>

<comp id="612" class="1005" name="block_5_loc_reg_612">
<pin_list>
<pin id="613" dir="0" index="0" bw="32" slack="5"/>
<pin id="614" dir="1" index="1" bw="32" slack="5"/>
</pin_list>
<bind>
<opset="block_5_loc "/>
</bind>
</comp>

<comp id="618" class="1005" name="block_6_loc_reg_618">
<pin_list>
<pin id="619" dir="0" index="0" bw="32" slack="5"/>
<pin id="620" dir="1" index="1" bw="32" slack="5"/>
</pin_list>
<bind>
<opset="block_6_loc "/>
</bind>
</comp>

<comp id="624" class="1005" name="block_7_loc_reg_624">
<pin_list>
<pin id="625" dir="0" index="0" bw="32" slack="5"/>
<pin id="626" dir="1" index="1" bw="32" slack="5"/>
</pin_list>
<bind>
<opset="block_7_loc "/>
</bind>
</comp>

<comp id="630" class="1005" name="block_8_loc_reg_630">
<pin_list>
<pin id="631" dir="0" index="0" bw="32" slack="5"/>
<pin id="632" dir="1" index="1" bw="32" slack="5"/>
</pin_list>
<bind>
<opset="block_8_loc "/>
</bind>
</comp>

<comp id="636" class="1005" name="block_9_loc_reg_636">
<pin_list>
<pin id="637" dir="0" index="0" bw="32" slack="5"/>
<pin id="638" dir="1" index="1" bw="32" slack="5"/>
</pin_list>
<bind>
<opset="block_9_loc "/>
</bind>
</comp>

<comp id="642" class="1005" name="block_10_loc_reg_642">
<pin_list>
<pin id="643" dir="0" index="0" bw="32" slack="5"/>
<pin id="644" dir="1" index="1" bw="32" slack="5"/>
</pin_list>
<bind>
<opset="block_10_loc "/>
</bind>
</comp>

<comp id="648" class="1005" name="block_11_loc_reg_648">
<pin_list>
<pin id="649" dir="0" index="0" bw="32" slack="5"/>
<pin id="650" dir="1" index="1" bw="32" slack="5"/>
</pin_list>
<bind>
<opset="block_11_loc "/>
</bind>
</comp>

<comp id="654" class="1005" name="block_12_loc_reg_654">
<pin_list>
<pin id="655" dir="0" index="0" bw="32" slack="5"/>
<pin id="656" dir="1" index="1" bw="32" slack="5"/>
</pin_list>
<bind>
<opset="block_12_loc "/>
</bind>
</comp>

<comp id="660" class="1005" name="block_13_loc_reg_660">
<pin_list>
<pin id="661" dir="0" index="0" bw="32" slack="5"/>
<pin id="662" dir="1" index="1" bw="32" slack="5"/>
</pin_list>
<bind>
<opset="block_13_loc "/>
</bind>
</comp>

<comp id="666" class="1005" name="block_14_loc_reg_666">
<pin_list>
<pin id="667" dir="0" index="0" bw="32" slack="5"/>
<pin id="668" dir="1" index="1" bw="32" slack="5"/>
</pin_list>
<bind>
<opset="block_14_loc "/>
</bind>
</comp>

<comp id="672" class="1005" name="block_15_loc_reg_672">
<pin_list>
<pin id="673" dir="0" index="0" bw="32" slack="5"/>
<pin id="674" dir="1" index="1" bw="32" slack="5"/>
</pin_list>
<bind>
<opset="block_15_loc "/>
</bind>
</comp>

<comp id="678" class="1005" name="digest_read_reg_678">
<pin_list>
<pin id="679" dir="0" index="0" bw="64" slack="1"/>
<pin id="680" dir="1" index="1" bw="64" slack="1"/>
</pin_list>
<bind>
<opset="digest_read "/>
</bind>
</comp>

<comp id="683" class="1005" name="num_blocks_reg_683">
<pin_list>
<pin id="684" dir="0" index="0" bw="29" slack="1"/>
<pin id="685" dir="1" index="1" bw="29" slack="1"/>
</pin_list>
<bind>
<opset="num_blocks "/>
</bind>
</comp>

<comp id="688" class="1005" name="trunc_ln1_reg_688">
<pin_list>
<pin id="689" dir="0" index="0" bw="62" slack="2"/>
<pin id="690" dir="1" index="1" bw="62" slack="2"/>
</pin_list>
<bind>
<opset="trunc_ln1 "/>
</bind>
</comp>

<comp id="693" class="1005" name="sext_ln52_reg_693">
<pin_list>
<pin id="694" dir="0" index="0" bw="63" slack="1"/>
<pin id="695" dir="1" index="1" bw="63" slack="1"/>
</pin_list>
<bind>
<opset="sext_ln52 "/>
</bind>
</comp>

<comp id="701" class="1005" name="msg_ptr_load_reg_701">
<pin_list>
<pin id="702" dir="0" index="0" bw="32" slack="1"/>
<pin id="703" dir="1" index="1" bw="32" slack="1"/>
</pin_list>
<bind>
<opset="msg_ptr_load "/>
</bind>
</comp>

<comp id="706" class="1005" name="add_ln60_reg_706">
<pin_list>
<pin id="707" dir="0" index="0" bw="63" slack="1"/>
<pin id="708" dir="1" index="1" bw="63" slack="1"/>
</pin_list>
<bind>
<opset="add_ln60 "/>
</bind>
</comp>

<comp id="711" class="1005" name="trunc_ln2_reg_711">
<pin_list>
<pin id="712" dir="0" index="0" bw="62" slack="1"/>
<pin id="713" dir="1" index="1" bw="62" slack="1"/>
</pin_list>
<bind>
<opset="trunc_ln2 "/>
</bind>
</comp>

<comp id="765" class="1005" name="DATA_addr_reg_765">
<pin_list>
<pin id="766" dir="0" index="0" bw="32" slack="3"/>
<pin id="767" dir="1" index="1" bw="32" slack="3"/>
</pin_list>
<bind>
<opset="DATA_addr "/>
</bind>
</comp>

</comp_list>

<net_list>
<net id="123"><net_src comp="8" pin="0"/><net_sink comp="120" pin=0"/></net>

<net id="127"><net_src comp="8" pin="0"/><net_sink comp="124" pin=0"/></net>

<net id="131"><net_src comp="10" pin="0"/><net_sink comp="128" pin=0"/></net>

<net id="135"><net_src comp="10" pin="0"/><net_sink comp="132" pin=0"/></net>

<net id="139"><net_src comp="10" pin="0"/><net_sink comp="136" pin=0"/></net>

<net id="143"><net_src comp="10" pin="0"/><net_sink comp="140" pin=0"/></net>

<net id="147"><net_src comp="10" pin="0"/><net_sink comp="144" pin=0"/></net>

<net id="151"><net_src comp="10" pin="0"/><net_sink comp="148" pin=0"/></net>

<net id="155"><net_src comp="10" pin="0"/><net_sink comp="152" pin=0"/></net>

<net id="159"><net_src comp="10" pin="0"/><net_sink comp="156" pin=0"/></net>

<net id="163"><net_src comp="10" pin="0"/><net_sink comp="160" pin=0"/></net>

<net id="167"><net_src comp="10" pin="0"/><net_sink comp="164" pin=0"/></net>

<net id="171"><net_src comp="10" pin="0"/><net_sink comp="168" pin=0"/></net>

<net id="175"><net_src comp="10" pin="0"/><net_sink comp="172" pin=0"/></net>

<net id="179"><net_src comp="10" pin="0"/><net_sink comp="176" pin=0"/></net>

<net id="183"><net_src comp="10" pin="0"/><net_sink comp="180" pin=0"/></net>

<net id="187"><net_src comp="10" pin="0"/><net_sink comp="184" pin=0"/></net>

<net id="191"><net_src comp="10" pin="0"/><net_sink comp="188" pin=0"/></net>

<net id="195"><net_src comp="10" pin="0"/><net_sink comp="192" pin=0"/></net>

<net id="200"><net_src comp="38" pin="0"/><net_sink comp="196" pin=0"/></net>

<net id="201"><net_src comp="6" pin="0"/><net_sink comp="196" pin=1"/></net>

<net id="206"><net_src comp="40" pin="0"/><net_sink comp="202" pin=0"/></net>

<net id="207"><net_src comp="4" pin="0"/><net_sink comp="202" pin=1"/></net>

<net id="212"><net_src comp="40" pin="0"/><net_sink comp="208" pin=0"/></net>

<net id="213"><net_src comp="2" pin="0"/><net_sink comp="208" pin=1"/></net>

<net id="219"><net_src comp="112" pin="0"/><net_sink comp="214" pin=0"/></net>

<net id="220"><net_src comp="114" pin="0"/><net_sink comp="214" pin=2"/></net>

<net id="221"><net_src comp="118" pin="0"/><net_sink comp="214" pin=0"/></net>

<net id="227"><net_src comp="192" pin="1"/><net_sink comp="222" pin=0"/></net>

<net id="228"><net_src comp="12" pin="0"/><net_sink comp="222" pin=1"/></net>

<net id="229"><net_src comp="12" pin="0"/><net_sink comp="222" pin=2"/></net>

<net id="239"><net_src comp="14" pin="0"/><net_sink comp="230" pin=4"/></net>

<net id="240"><net_src comp="222" pin="3"/><net_sink comp="230" pin=2"/></net>

<net id="246"><net_src comp="192" pin="1"/><net_sink comp="241" pin=0"/></net>

<net id="247"><net_src comp="12" pin="0"/><net_sink comp="241" pin=1"/></net>

<net id="248"><net_src comp="10" pin="0"/><net_sink comp="241" pin=2"/></net>

<net id="249"><net_src comp="16" pin="0"/><net_sink comp="230" pin=1"/></net>

<net id="250"><net_src comp="241" pin="3"/><net_sink comp="230" pin=0"/></net>

<net id="256"><net_src comp="12" pin="0"/><net_sink comp="251" pin=1"/></net>

<net id="257"><net_src comp="22" pin="0"/><net_sink comp="251" pin=2"/></net>

<net id="258"><net_src comp="24" pin="0"/><net_sink comp="230" pin=4"/></net>

<net id="259"><net_src comp="251" pin="3"/><net_sink comp="230" pin=2"/></net>

<net id="265"><net_src comp="12" pin="0"/><net_sink comp="260" pin=1"/></net>

<net id="266"><net_src comp="26" pin="0"/><net_sink comp="260" pin=2"/></net>

<net id="267"><net_src comp="28" pin="0"/><net_sink comp="230" pin=1"/></net>

<net id="268"><net_src comp="260" pin="3"/><net_sink comp="230" pin=0"/></net>

<net id="274"><net_src comp="12" pin="0"/><net_sink comp="269" pin=1"/></net>

<net id="275"><net_src comp="30" pin="0"/><net_sink comp="269" pin=2"/></net>

<net id="276"><net_src comp="32" pin="0"/><net_sink comp="230" pin=4"/></net>

<net id="277"><net_src comp="269" pin="3"/><net_sink comp="230" pin=2"/></net>

<net id="283"><net_src comp="12" pin="0"/><net_sink comp="278" pin=1"/></net>

<net id="284"><net_src comp="34" pin="0"/><net_sink comp="278" pin=2"/></net>

<net id="285"><net_src comp="36" pin="0"/><net_sink comp="230" pin=1"/></net>

<net id="286"><net_src comp="278" pin="3"/><net_sink comp="230" pin=0"/></net>

<net id="292"><net_src comp="12" pin="0"/><net_sink comp="287" pin=1"/></net>

<net id="293"><net_src comp="78" pin="0"/><net_sink comp="287" pin=2"/></net>

<net id="294"><net_src comp="80" pin="0"/><net_sink comp="230" pin=4"/></net>

<net id="295"><net_src comp="287" pin="3"/><net_sink comp="230" pin=2"/></net>

<net id="301"><net_src comp="12" pin="0"/><net_sink comp="296" pin=1"/></net>

<net id="302"><net_src comp="82" pin="0"/><net_sink comp="296" pin=2"/></net>

<net id="303"><net_src comp="84" pin="0"/><net_sink comp="230" pin=1"/></net>

<net id="304"><net_src comp="296" pin="3"/><net_sink comp="230" pin=0"/></net>

<net id="328"><net_src comp="104" pin="0"/><net_sink comp="305" pin=0"/></net>

<net id="329"><net_src comp="0" pin="0"/><net_sink comp="305" pin=1"/></net>

<net id="350"><net_src comp="106" pin="0"/><net_sink comp="330" pin=0"/></net>

<net id="357"><net_src comp="116" pin="0"/><net_sink comp="351" pin=0"/></net>

<net id="358"><net_src comp="0" pin="0"/><net_sink comp="351" pin=1"/></net>

<net id="363"><net_src comp="18" pin="0"/><net_sink comp="359" pin=0"/></net>

<net id="368"><net_src comp="20" pin="0"/><net_sink comp="364" pin=0"/></net>

<net id="374"><net_src comp="86" pin="0"/><net_sink comp="369" pin=0"/></net>

<net id="375"><net_src comp="196" pin="2"/><net_sink comp="369" pin=1"/></net>

<net id="376"><net_src comp="88" pin="0"/><net_sink comp="369" pin=2"/></net>

<net id="381"><net_src comp="18" pin="0"/><net_sink comp="377" pin=0"/></net>

<net id="382"><net_src comp="196" pin="2"/><net_sink comp="377" pin=1"/></net>

<net id="389"><net_src comp="90" pin="0"/><net_sink comp="383" pin=0"/></net>

<net id="390"><net_src comp="377" pin="2"/><net_sink comp="383" pin=1"/></net>

<net id="391"><net_src comp="92" pin="0"/><net_sink comp="383" pin=2"/></net>

<net id="392"><net_src comp="88" pin="0"/><net_sink comp="383" pin=3"/></net>

<net id="396"><net_src comp="383" pin="4"/><net_sink comp="393" pin=0"/></net>

<net id="401"><net_src comp="94" pin="0"/><net_sink comp="397" pin=0"/></net>

<net id="402"><net_src comp="393" pin="1"/><net_sink comp="397" pin=1"/></net>

<net id="409"><net_src comp="90" pin="0"/><net_sink comp="403" pin=0"/></net>

<net id="410"><net_src comp="196" pin="2"/><net_sink comp="403" pin=1"/></net>

<net id="411"><net_src comp="92" pin="0"/><net_sink comp="403" pin=2"/></net>

<net id="412"><net_src comp="88" pin="0"/><net_sink comp="403" pin=3"/></net>

<net id="416"><net_src comp="403" pin="4"/><net_sink comp="413" pin=0"/></net>

<net id="422"><net_src comp="369" pin="3"/><net_sink comp="417" pin=0"/></net>

<net id="423"><net_src comp="397" pin="2"/><net_sink comp="417" pin=1"/></net>

<net id="424"><net_src comp="413" pin="1"/><net_sink comp="417" pin=2"/></net>

<net id="431"><net_src comp="96" pin="0"/><net_sink comp="425" pin=0"/></net>

<net id="432"><net_src comp="208" pin="2"/><net_sink comp="425" pin=1"/></net>

<net id="433"><net_src comp="98" pin="0"/><net_sink comp="425" pin=2"/></net>

<net id="434"><net_src comp="100" pin="0"/><net_sink comp="425" pin=3"/></net>

<net id="438"><net_src comp="425" pin="4"/><net_sink comp="435" pin=0"/></net>

<net id="445"><net_src comp="439" pin="1"/><net_sink comp="442" pin=0"/></net>

<net id="450"><net_src comp="442" pin="1"/><net_sink comp="446" pin=0"/></net>

<net id="455"><net_src comp="439" pin="1"/><net_sink comp="451" pin=0"/></net>

<net id="456"><net_src comp="102" pin="0"/><net_sink comp="451" pin=1"/></net>

<net id="463"><net_src comp="457" pin="1"/><net_sink comp="460" pin=0"/></net>

<net id="468"><net_src comp="460" pin="1"/><net_sink comp="464" pin=1"/></net>

<net id="473"><net_src comp="457" pin="1"/><net_sink comp="469" pin=0"/></net>

<net id="474"><net_src comp="58" pin="0"/><net_sink comp="469" pin=1"/></net>

<net id="479"><net_src comp="469" pin="2"/><net_sink comp="475" pin=0"/></net>

<net id="484"><net_src comp="451" pin="2"/><net_sink comp="480" pin=0"/></net>

<net id="491"><net_src comp="96" pin="0"/><net_sink comp="485" pin=0"/></net>

<net id="492"><net_src comp="98" pin="0"/><net_sink comp="485" pin=2"/></net>

<net id="493"><net_src comp="100" pin="0"/><net_sink comp="485" pin=3"/></net>

<net id="497"><net_src comp="494" pin="1"/><net_sink comp="330" pin=16"/></net>

<net id="501"><net_src comp="498" pin="1"/><net_sink comp="330" pin=1"/></net>

<net id="505"><net_src comp="502" pin="1"/><net_sink comp="330" pin=2"/></net>

<net id="509"><net_src comp="506" pin="1"/><net_sink comp="330" pin=3"/></net>

<net id="513"><net_src comp="510" pin="1"/><net_sink comp="330" pin=4"/></net>

<net id="517"><net_src comp="514" pin="1"/><net_sink comp="330" pin=5"/></net>

<net id="521"><net_src comp="518" pin="1"/><net_sink comp="330" pin=6"/></net>

<net id="525"><net_src comp="522" pin="1"/><net_sink comp="330" pin=7"/></net>

<net id="529"><net_src comp="526" pin="1"/><net_sink comp="330" pin=8"/></net>

<net id="533"><net_src comp="530" pin="1"/><net_sink comp="330" pin=9"/></net>

<net id="537"><net_src comp="534" pin="1"/><net_sink comp="330" pin=10"/></net>

<net id="541"><net_src comp="538" pin="1"/><net_sink comp="330" pin=11"/></net>

<net id="545"><net_src comp="542" pin="1"/><net_sink comp="330" pin=12"/></net>

<net id="549"><net_src comp="546" pin="1"/><net_sink comp="330" pin=13"/></net>

<net id="553"><net_src comp="550" pin="1"/><net_sink comp="330" pin=14"/></net>

<net id="557"><net_src comp="554" pin="1"/><net_sink comp="330" pin=15"/></net>

<net id="565"><net_src comp="0" pin="0"/><net_sink comp="561" pin=0"/></net>

<net id="566"><net_src comp="558" pin="1"/><net_sink comp="561" pin=1"/></net>

<net id="567"><net_src comp="561" pin="2"/><net_sink comp="214" pin=1"/></net>

<net id="571"><net_src comp="120" pin="1"/><net_sink comp="568" pin=0"/></net>

<net id="572"><net_src comp="568" pin="1"/><net_sink comp="364" pin=1"/></net>

<net id="573"><net_src comp="568" pin="1"/><net_sink comp="439" pin=0"/></net>

<net id="574"><net_src comp="568" pin="1"/><net_sink comp="480" pin=1"/></net>

<net id="578"><net_src comp="124" pin="1"/><net_sink comp="575" pin=0"/></net>

<net id="579"><net_src comp="575" pin="1"/><net_sink comp="359" pin=1"/></net>

<net id="580"><net_src comp="575" pin="1"/><net_sink comp="457" pin=0"/></net>

<net id="581"><net_src comp="575" pin="1"/><net_sink comp="475" pin=1"/></net>

<net id="585"><net_src comp="128" pin="1"/><net_sink comp="582" pin=0"/></net>

<net id="586"><net_src comp="582" pin="1"/><net_sink comp="305" pin=20"/></net>

<net id="587"><net_src comp="582" pin="1"/><net_sink comp="554" pin=0"/></net>

<net id="591"><net_src comp="132" pin="1"/><net_sink comp="588" pin=0"/></net>

<net id="592"><net_src comp="588" pin="1"/><net_sink comp="305" pin=19"/></net>

<net id="593"><net_src comp="588" pin="1"/><net_sink comp="550" pin=0"/></net>

<net id="597"><net_src comp="136" pin="1"/><net_sink comp="594" pin=0"/></net>

<net id="598"><net_src comp="594" pin="1"/><net_sink comp="305" pin=18"/></net>

<net id="599"><net_src comp="594" pin="1"/><net_sink comp="546" pin=0"/></net>

<net id="603"><net_src comp="140" pin="1"/><net_sink comp="600" pin=0"/></net>

<net id="604"><net_src comp="600" pin="1"/><net_sink comp="305" pin=17"/></net>

<net id="605"><net_src comp="600" pin="1"/><net_sink comp="542" pin=0"/></net>

<net id="609"><net_src comp="144" pin="1"/><net_sink comp="606" pin=0"/></net>

<net id="610"><net_src comp="606" pin="1"/><net_sink comp="305" pin=16"/></net>

<net id="611"><net_src comp="606" pin="1"/><net_sink comp="538" pin=0"/></net>

<net id="615"><net_src comp="148" pin="1"/><net_sink comp="612" pin=0"/></net>

<net id="616"><net_src comp="612" pin="1"/><net_sink comp="305" pin=15"/></net>

<net id="617"><net_src comp="612" pin="1"/><net_sink comp="534" pin=0"/></net>

<net id="621"><net_src comp="152" pin="1"/><net_sink comp="618" pin=0"/></net>

<net id="622"><net_src comp="618" pin="1"/><net_sink comp="305" pin=14"/></net>

<net id="623"><net_src comp="618" pin="1"/><net_sink comp="530" pin=0"/></net>

<net id="627"><net_src comp="156" pin="1"/><net_sink comp="624" pin=0"/></net>

<net id="628"><net_src comp="624" pin="1"/><net_sink comp="305" pin=13"/></net>

<net id="629"><net_src comp="624" pin="1"/><net_sink comp="526" pin=0"/></net>

<net id="633"><net_src comp="160" pin="1"/><net_sink comp="630" pin=0"/></net>

<net id="634"><net_src comp="630" pin="1"/><net_sink comp="305" pin=12"/></net>

<net id="635"><net_src comp="630" pin="1"/><net_sink comp="522" pin=0"/></net>

<net id="639"><net_src comp="164" pin="1"/><net_sink comp="636" pin=0"/></net>

<net id="640"><net_src comp="636" pin="1"/><net_sink comp="305" pin=11"/></net>

<net id="641"><net_src comp="636" pin="1"/><net_sink comp="518" pin=0"/></net>

<net id="645"><net_src comp="168" pin="1"/><net_sink comp="642" pin=0"/></net>

<net id="646"><net_src comp="642" pin="1"/><net_sink comp="305" pin=10"/></net>

<net id="647"><net_src comp="642" pin="1"/><net_sink comp="514" pin=0"/></net>

<net id="651"><net_src comp="172" pin="1"/><net_sink comp="648" pin=0"/></net>

<net id="652"><net_src comp="648" pin="1"/><net_sink comp="305" pin=9"/></net>

<net id="653"><net_src comp="648" pin="1"/><net_sink comp="510" pin=0"/></net>

<net id="657"><net_src comp="176" pin="1"/><net_sink comp="654" pin=0"/></net>

<net id="658"><net_src comp="654" pin="1"/><net_sink comp="305" pin=8"/></net>

<net id="659"><net_src comp="654" pin="1"/><net_sink comp="506" pin=0"/></net>

<net id="663"><net_src comp="180" pin="1"/><net_sink comp="660" pin=0"/></net>

<net id="664"><net_src comp="660" pin="1"/><net_sink comp="305" pin=7"/></net>

<net id="665"><net_src comp="660" pin="1"/><net_sink comp="502" pin=0"/></net>

<net id="669"><net_src comp="184" pin="1"/><net_sink comp="666" pin=0"/></net>

<net id="670"><net_src comp="666" pin="1"/><net_sink comp="305" pin=6"/></net>

<net id="671"><net_src comp="666" pin="1"/><net_sink comp="498" pin=0"/></net>

<net id="675"><net_src comp="188" pin="1"/><net_sink comp="672" pin=0"/></net>

<net id="676"><net_src comp="672" pin="1"/><net_sink comp="305" pin=5"/></net>

<net id="677"><net_src comp="672" pin="1"/><net_sink comp="494" pin=0"/></net>

<net id="681"><net_src comp="202" pin="2"/><net_sink comp="678" pin=0"/></net>

<net id="682"><net_src comp="678" pin="1"/><net_sink comp="485" pin=1"/></net>

<net id="686"><net_src comp="417" pin="3"/><net_sink comp="683" pin=0"/></net>

<net id="687"><net_src comp="683" pin="1"/><net_sink comp="446" pin=1"/></net>

<net id="691"><net_src comp="425" pin="4"/><net_sink comp="688" pin=0"/></net>

<net id="692"><net_src comp="688" pin="1"/><net_sink comp="305" pin=3"/></net>

<net id="696"><net_src comp="435" pin="1"/><net_sink comp="693" pin=0"/></net>

<net id="697"><net_src comp="693" pin="1"/><net_sink comp="464" pin=0"/></net>

<net id="704"><net_src comp="457" pin="1"/><net_sink comp="701" pin=0"/></net>

<net id="705"><net_src comp="701" pin="1"/><net_sink comp="305" pin=4"/></net>

<net id="709"><net_src comp="464" pin="2"/><net_sink comp="706" pin=0"/></net>

<net id="710"><net_src comp="706" pin="1"/><net_sink comp="305" pin=2"/></net>

<net id="714"><net_src comp="485" pin="4"/><net_sink comp="711" pin=0"/></net>

<net id="715"><net_src comp="711" pin="1"/><net_sink comp="558" pin=0"/></net>

<net id="716"><net_src comp="711" pin="1"/><net_sink comp="351" pin=2"/></net>

<net id="768"><net_src comp="561" pin="2"/><net_sink comp="765" pin=0"/></net>

<net id="769"><net_src comp="765" pin="1"/><net_sink comp="214" pin=1"/></net>

</net_list>

</model> 
---------------- Datapath Model END ------------------

* FSMD analyzer results:
  - Output states:
	Port: DATA | {10 11 12 13 14 15 16 17 }
 - Input state : 
	Port: sha256_top : DATA | {6 7 }
	Port: sha256_top : message | {4 }
	Port: sha256_top : digest | {4 }
	Port: sha256_top : msg_len_words | {4 }
  - Chain level:
	State 1
		H_addr : 1
		store_ln37 : 2
		H_addr_1 : 1
		store_ln38 : 2
		store_ln52 : 1
		store_ln52 : 1
	State 2
		store_ln39 : 1
		store_ln40 : 1
	State 3
		store_ln41 : 1
		store_ln42 : 1
	State 4
		store_ln43 : 1
		store_ln44 : 1
		trunc_ln49_1 : 1
		zext_ln49 : 2
		sub_ln49_1 : 3
		zext_ln49_1 : 1
		num_blocks : 4
		sext_ln52 : 1
	State 5
		zext_ln52_1 : 1
		icmp_ln52 : 2
		add_ln52 : 1
		br_ln52 : 3
		zext_ln52 : 1
		add_ln60 : 2
		add_ln64 : 1
		store_ln52 : 2
		store_ln52 : 2
	State 6
	State 7
	State 8
		call_ln64 : 1
	State 9
	State 10
		DATA_addr : 1
		empty : 2
	State 11
	State 12
	State 13
	State 14
	State 15
	State 16
	State 17


============================================================
+ Verbose Summary: Datapath Resource usage 
============================================================

* Functional unit list:
|----------|---------------------------------------------|---------|---------|---------|
| Operation|               Functional Unit               |  Delay  |    FF   |   LUT   |
|----------|---------------------------------------------|---------|---------|---------|
|          |  grp_sha256_top_Pipeline_LOAD_BLOCK_fu_305  |  1.588  |   553   |    31   |
|   call   |       grp_sha256_process_block_fu_330       | 36.8448 |   6837  |   3130  |
|          | grp_sha256_top_Pipeline_STORE_DIGEST_fu_351 |  1.588  |   136   |    31   |
|----------|---------------------------------------------|---------|---------|---------|
|          |               add_ln52_fu_451               |    0    |    0    |    35   |
|    add   |               add_ln60_fu_464               |    0    |    0    |    69   |
|          |               add_ln64_fu_469               |    0    |    0    |    39   |
|----------|---------------------------------------------|---------|---------|---------|
|    sub   |               sub_ln49_fu_377               |    0    |    0    |    39   |
|          |              sub_ln49_1_fu_397              |    0    |    0    |    35   |
|----------|---------------------------------------------|---------|---------|---------|
|  select  |              num_blocks_fu_417              |    0    |    0    |    29   |
|----------|---------------------------------------------|---------|---------|---------|
|   icmp   |               icmp_ln52_fu_446              |    0    |    0    |    17   |
|----------|---------------------------------------------|---------|---------|---------|
|          |        msg_len_words_read_read_fu_196       |    0    |    0    |    0    |
|   read   |           digest_read_read_fu_202           |    0    |    0    |    0    |
|          |           message_read_read_fu_208          |    0    |    0    |    0    |
|----------|---------------------------------------------|---------|---------|---------|
| writeresp|             grp_writeresp_fu_214            |    0    |    0    |    0    |
|----------|---------------------------------------------|---------|---------|---------|
| bitselect|                  tmp_fu_369                 |    0    |    0    |    0    |
|----------|---------------------------------------------|---------|---------|---------|
|          |             trunc_ln49_1_fu_383             |    0    |    0    |    0    |
|partselect|             trunc_ln49_2_fu_403             |    0    |    0    |    0    |
|          |               trunc_ln1_fu_425              |    0    |    0    |    0    |
|          |               trunc_ln2_fu_485              |    0    |    0    |    0    |
|----------|---------------------------------------------|---------|---------|---------|
|          |               zext_ln49_fu_393              |    0    |    0    |    0    |
|   zext   |              zext_ln49_1_fu_413             |    0    |    0    |    0    |
|          |              zext_ln52_1_fu_442             |    0    |    0    |    0    |
|          |               zext_ln52_fu_460              |    0    |    0    |    0    |
|----------|---------------------------------------------|---------|---------|---------|
|   sext   |               sext_ln52_fu_435              |    0    |    0    |    0    |
|          |               sext_ln70_fu_558              |    0    |    0    |    0    |
|----------|---------------------------------------------|---------|---------|---------|
|   Total  |                                             | 40.0208 |   7526  |   3455  |
|----------|---------------------------------------------|---------|---------|---------|

Memories:
+----+--------+--------+--------+--------+
|    |  BRAM  |   FF   |   LUT  |  URAM  |
+----+--------+--------+--------+--------+
|  H |    0   |   64   |    4   |    0   |
+----+--------+--------+--------+--------+
|Total|    0   |   64   |    4   |    0   |
+----+--------+--------+--------+--------+

* Register list:
+--------------------+--------+
|                    |   FF   |
+--------------------+--------+
|  DATA_addr_reg_765 |   32   |
|  add_ln60_reg_706  |   63   |
|      b_reg_568     |   28   |
|block_10_loc_reg_642|   32   |
|block_11_loc_reg_648|   32   |
|block_12_loc_reg_654|   32   |
|block_13_loc_reg_660|   32   |
|block_14_loc_reg_666|   32   |
|block_15_loc_reg_672|   32   |
| block_1_loc_reg_588|   32   |
| block_2_loc_reg_594|   32   |
| block_3_loc_reg_600|   32   |
| block_4_loc_reg_606|   32   |
| block_5_loc_reg_612|   32   |
| block_6_loc_reg_618|   32   |
| block_7_loc_reg_624|   32   |
| block_8_loc_reg_630|   32   |
| block_9_loc_reg_636|   32   |
|  block_loc_reg_582 |   32   |
| digest_read_reg_678|   64   |
|msg_ptr_load_reg_701|   32   |
|   msg_ptr_reg_575  |   32   |
| num_blocks_reg_683 |   29   |
|  sext_ln52_reg_693 |   63   |
|  trunc_ln1_reg_688 |   62   |
|  trunc_ln2_reg_711 |   62   |
+--------------------+--------+
|        Total       |   979  |
+--------------------+--------+

* Multiplexer (MUX) list: 
|----------------------|------|------|------|--------||---------||---------|
|         Comp         |  Pin | Size |  BW  | S x BW ||  Delay  ||   LUT   |
|----------------------|------|------|------|--------||---------||---------|
| grp_writeresp_fu_214 |  p0  |   2  |   1  |    2   |
| grp_writeresp_fu_214 |  p1  |   2  |  32  |   64   ||    9    |
|   grp_access_fu_230  |  p0  |   4  |   3  |   12   ||    20   |
|   grp_access_fu_230  |  p1  |   4  |  32  |   128  ||    9    |
|   grp_access_fu_230  |  p2  |   4  |   0  |    0   ||    20   |
|   grp_access_fu_230  |  p4  |   4  |   3  |   12   ||    9    |
|----------------------|------|------|------|--------||---------||---------|
|         Total        |      |      |      |   218  || 10.4824 ||    67   |
|----------------------|------|------|------|--------||---------||---------|



* Summary:
+-----------+--------+--------+--------+--------+--------+
|           |  BRAM  |  Delay |   FF   |   LUT  |  URAM  |
+-----------+--------+--------+--------+--------+--------+
|  Function |    -   |   40   |  7526  |  3455  |    -   |
|   Memory  |    0   |    -   |   64   |    4   |    0   |
|Multiplexer|    -   |   10   |    -   |   67   |    -   |
|  Register |    -   |    -   |   979  |    -   |    -   |
+-----------+--------+--------+--------+--------+--------+
|   Total   |    0   |   50   |  8569  |  3526  |    0   |
+-----------+--------+--------+--------+--------+--------+
