

================================================================
== Vitis HLS Report for 'sha256_process_block'
================================================================
* Date:           Sun Aug 23 12:50:46 2026

* Version:        2022.1 (Build 3526262 on Mon Apr 18 15:48:16 MDT 2022)
* Project:        sha256
* Solution:       solution1 (Vivado IP Flow Target)
* Product family: zynq
* Target device:  xc7z020-clg484-1


================================================================
== Performance Estimates
================================================================
+ Timing: 
    * Summary: 
    +--------+----------+----------+------------+
    |  Clock |  Target  | Estimated| Uncertainty|
    +--------+----------+----------+------------+
    |ap_clk  |  10.00 ns|  8.511 ns|     1.25 ns|
    +--------+----------+----------+------------+

+ Latency: 
    * Summary: 
    +---------+---------+----------+----------+-----+-----+---------+
    |  Latency (cycles) |  Latency (absolute) |  Interval | Pipeline|
    |   min   |   max   |    min   |    max   | min | max |   Type  |
    +---------+---------+----------+----------+-----+-----+---------+
    |      238|      238|  2.380 us|  2.380 us|  238|  238|       no|
    +---------+---------+----------+----------+-----+-----+---------+

    + Detail: 
        * Instance: 
        +---------------------------------------------------+----------------------------------------+---------+---------+----------+----------+-----+-----+---------+
        |                                                   |                                        |  Latency (cycles) |  Latency (absolute) |  Interval | Pipeline|
        |                      Instance                     |                 Module                 |   min   |   max   |    min   |    max   | min | max |   Type  |
        +---------------------------------------------------+----------------------------------------+---------+---------+----------+----------+-----+-----+---------+
        |grp_sha256_process_block_Pipeline_EXPAND_W_fu_457  |sha256_process_block_Pipeline_EXPAND_W  |       98|       98|  0.980 us|  0.980 us|   98|   98|       no|
        |grp_sha256_process_block_Pipeline_COMPRESS_fu_541  |sha256_process_block_Pipeline_COMPRESS  |      131|      131|  1.310 us|  1.310 us|  131|  131|       no|
        +---------------------------------------------------+----------------------------------------+---------+---------+----------+----------+-----+-----+---------+

        * Loop: 
        N/A



================================================================
== Utilization Estimates
================================================================
* Summary: 
+-----------------+---------+-----+--------+-------+-----+
|       Name      | BRAM_18K| DSP |   FF   |  LUT  | URAM|
+-----------------+---------+-----+--------+-------+-----+
|DSP              |        -|    -|       -|      -|    -|
|Expression       |        -|    -|       0|    312|    -|
|FIFO             |        -|    -|       -|      -|    -|
|Instance         |        -|    -|    2216|   2737|    -|
|Memory           |        -|    -|       -|      -|    -|
|Multiplexer      |        -|    -|       -|    205|    -|
|Register         |        -|    -|     268|      -|    -|
+-----------------+---------+-----+--------+-------+-----+
|Total            |        0|    0|    2484|   3254|    0|
+-----------------+---------+-----+--------+-------+-----+
|Available        |      280|  220|  106400|  53200|    0|
+-----------------+---------+-----+--------+-------+-----+
|Utilization (%)  |        0|    0|       2|      6|    0|
+-----------------+---------+-----+--------+-------+-----+

+ Detail: 
    * Instance: 
    +---------------------------------------------------+----------------------------------------+---------+----+------+------+-----+
    |                      Instance                     |                 Module                 | BRAM_18K| DSP|  FF  |  LUT | URAM|
    +---------------------------------------------------+----------------------------------------+---------+----+------+------+-----+
    |grp_sha256_process_block_Pipeline_COMPRESS_fu_541  |sha256_process_block_Pipeline_COMPRESS  |        0|   0|   558|  1319|    0|
    |grp_sha256_process_block_Pipeline_EXPAND_W_fu_457  |sha256_process_block_Pipeline_EXPAND_W  |        0|   0|  1658|  1418|    0|
    +---------------------------------------------------+----------------------------------------+---------+----+------+------+-----+
    |Total                                              |                                        |        0|   0|  2216|  2737|    0|
    +---------------------------------------------------+----------------------------------------+---------+----+------+------+-----+

    * DSP: 
    N/A

    * Memory: 
    N/A

    * FIFO: 
    N/A

    * Expression: 
    +---------------------+----------+----+---+----+------------+------------+
    |    Variable Name    | Operation| DSP| FF| LUT| Bitwidth P0| Bitwidth P1|
    +---------------------+----------+----+---+----+------------+------------+
    |add_ln100_fu_849_p2  |         +|   0|  0|  39|          32|          32|
    |add_ln101_fu_861_p2  |         +|   0|  0|  39|          32|          32|
    |add_ln102_fu_867_p2  |         +|   0|  0|  39|          32|          32|
    |add_ln103_fu_879_p2  |         +|   0|  0|  39|          32|          32|
    |add_ln104_fu_885_p2  |         +|   0|  0|  39|          32|          32|
    |add_ln97_fu_825_p2   |         +|   0|  0|  39|          32|          32|
    |add_ln98_fu_831_p2   |         +|   0|  0|  39|          32|          32|
    |add_ln99_fu_843_p2   |         +|   0|  0|  39|          32|          32|
    +---------------------+----------+----+---+----+------------+------------+
    |Total                |          |   0|  0| 312|         256|         256|
    +---------------------+----------+----+---+----+------------+------------+

    * Multiplexer: 
    +------------+----+-----------+-----+-----------+
    |    Name    | LUT| Input Size| Bits| Total Bits|
    +------------+----+-----------+-----+-----------+
    |H_address0  |  48|          9|    3|         27|
    |H_address1  |  48|          9|    3|         27|
    |H_d0        |  25|          5|   32|        160|
    |H_d1        |  25|          5|   32|        160|
    |ap_NS_fsm   |  59|         11|    1|         11|
    +------------+----+-----------+-----+-----------+
    |Total       | 205|         39|   71|        385|
    +------------+----+-----------+-----+-----------+

    * Register: 
    +----------------------------------------------------------------+----+----+-----+-----------+
    |                              Name                              | FF | LUT| Bits| Const Bits|
    +----------------------------------------------------------------+----+----+-----+-----------+
    |a_reg_1237                                                      |  32|   0|   32|          0|
    |ap_CS_fsm                                                       |  10|   0|   10|          0|
    |b_reg_1243                                                      |  32|   0|   32|          0|
    |c_reg_1355                                                      |  32|   0|   32|          0|
    |d_reg_1361                                                      |  32|   0|   32|          0|
    |e_reg_1377                                                      |  32|   0|   32|          0|
    |f_reg_1383                                                      |  32|   0|   32|          0|
    |g_reg_1543                                                      |  32|   0|   32|          0|
    |grp_sha256_process_block_Pipeline_COMPRESS_fu_541_ap_start_reg  |   1|   0|    1|          0|
    |grp_sha256_process_block_Pipeline_EXPAND_W_fu_457_ap_start_reg  |   1|   0|    1|          0|
    |h_reg_1549                                                      |  32|   0|   32|          0|
    +----------------------------------------------------------------+----+----+-----+-----------+
    |Total                                                           | 268|   0|  268|          0|
    +----------------------------------------------------------------+----+----+-----+-----------+



================================================================
== Interface
================================================================
* Summary: 
+---------------+-----+-----+------------+----------------------+--------------+
|   RTL Ports   | Dir | Bits|  Protocol  |     Source Object    |    C Type    |
+---------------+-----+-----+------------+----------------------+--------------+
|ap_clk         |   in|    1|  ap_ctrl_hs|  sha256_process_block|  return value|
|ap_rst         |   in|    1|  ap_ctrl_hs|  sha256_process_block|  return value|
|ap_start       |   in|    1|  ap_ctrl_hs|  sha256_process_block|  return value|
|ap_done        |  out|    1|  ap_ctrl_hs|  sha256_process_block|  return value|
|ap_idle        |  out|    1|  ap_ctrl_hs|  sha256_process_block|  return value|
|ap_ready       |  out|    1|  ap_ctrl_hs|  sha256_process_block|  return value|
|block_read     |   in|   32|     ap_none|            block_read|        scalar|
|block_read_79  |   in|   32|     ap_none|         block_read_79|        scalar|
|block_read_80  |   in|   32|     ap_none|         block_read_80|        scalar|
|block_read_81  |   in|   32|     ap_none|         block_read_81|        scalar|
|block_read_82  |   in|   32|     ap_none|         block_read_82|        scalar|
|block_read_83  |   in|   32|     ap_none|         block_read_83|        scalar|
|block_read_84  |   in|   32|     ap_none|         block_read_84|        scalar|
|block_read_85  |   in|   32|     ap_none|         block_read_85|        scalar|
|block_read_86  |   in|   32|     ap_none|         block_read_86|        scalar|
|block_read_87  |   in|   32|     ap_none|         block_read_87|        scalar|
|block_read_88  |   in|   32|     ap_none|         block_read_88|        scalar|
|block_read_89  |   in|   32|     ap_none|         block_read_89|        scalar|
|block_read_90  |   in|   32|     ap_none|         block_read_90|        scalar|
|block_read_91  |   in|   32|     ap_none|         block_read_91|        scalar|
|block_read_92  |   in|   32|     ap_none|         block_read_92|        scalar|
|block_read_93  |   in|   32|     ap_none|         block_read_93|        scalar|
|H_address0     |  out|    3|   ap_memory|                     H|         array|
|H_ce0          |  out|    1|   ap_memory|                     H|         array|
|H_we0          |  out|    1|   ap_memory|                     H|         array|
|H_d0           |  out|   32|   ap_memory|                     H|         array|
|H_q0           |   in|   32|   ap_memory|                     H|         array|
|H_address1     |  out|    3|   ap_memory|                     H|         array|
|H_ce1          |  out|    1|   ap_memory|                     H|         array|
|H_we1          |  out|    1|   ap_memory|                     H|         array|
|H_d1           |  out|   32|   ap_memory|                     H|         array|
|H_q1           |   in|   32|   ap_memory|                     H|         array|
+---------------+-----+-----+------------+----------------------+--------------+

============================================================
+ Verbose Summary: Synthesis Manager
============================================================
InlineROM: 1
ExposeGlobal: 0
============================================================
+ Verbose Summary: CDFG Model
============================================================
IsTopModel: 0
ResetActiveHigh: 1
IsCombinational: 2
IsDatapathOnly: 2
HasWiredReturn: 1
HasMFsm: 0
HasVarLatency: 1
IsPipeline: 0
IsRtlPipelined: 0
IsInstanceOverlapped: 0
IsDontTouch: 0
HasImplIP: 0
IsGatedGlobalClock: 0


============================================================
+ Verbose Summary: Schedule
============================================================
* Number of FSM states : 10
* Pipeline : 0
* Dataflow Pipeline: 0

* FSM state transitions: 
1 --> 2 
2 --> 3 
3 --> 4 
4 --> 5 
5 --> 6 
6 --> 7 
7 --> 8 
8 --> 9 
9 --> 10 
10 --> 

* FSM state operations: 

State 1 <SV = 0> <Delay = 2.32>
ST_1 : Operation 11 [1/1] (0.00ns)   --->   "%c_3_loc = alloca i64 1"   --->   Operation 11 'alloca' 'c_3_loc' <Predicate = true> <Delay = 0.00>
ST_1 : Operation 12 [1/1] (0.00ns)   --->   "%b_3_loc = alloca i64 1"   --->   Operation 12 'alloca' 'b_3_loc' <Predicate = true> <Delay = 0.00>
ST_1 : Operation 13 [1/1] (0.00ns)   --->   "%a_3_loc = alloca i64 1"   --->   Operation 13 'alloca' 'a_3_loc' <Predicate = true> <Delay = 0.00>
ST_1 : Operation 14 [1/1] (0.00ns)   --->   "%d_1_loc = alloca i64 1"   --->   Operation 14 'alloca' 'd_1_loc' <Predicate = true> <Delay = 0.00>
ST_1 : Operation 15 [1/1] (0.00ns)   --->   "%e_3_loc = alloca i64 1"   --->   Operation 15 'alloca' 'e_3_loc' <Predicate = true> <Delay = 0.00>
ST_1 : Operation 16 [1/1] (0.00ns)   --->   "%f_3_loc = alloca i64 1"   --->   Operation 16 'alloca' 'f_3_loc' <Predicate = true> <Delay = 0.00>
ST_1 : Operation 17 [1/1] (0.00ns)   --->   "%g_3_loc = alloca i64 1"   --->   Operation 17 'alloca' 'g_3_loc' <Predicate = true> <Delay = 0.00>
ST_1 : Operation 18 [1/1] (0.00ns)   --->   "%h_1_loc = alloca i64 1"   --->   Operation 18 'alloca' 'h_1_loc' <Predicate = true> <Delay = 0.00>
ST_1 : Operation 19 [1/1] (0.00ns)   --->   "%W_loc = alloca i64 1"   --->   Operation 19 'alloca' 'W_loc' <Predicate = true> <Delay = 0.00>
ST_1 : Operation 20 [1/1] (0.00ns)   --->   "%W_1_loc = alloca i64 1"   --->   Operation 20 'alloca' 'W_1_loc' <Predicate = true> <Delay = 0.00>
ST_1 : Operation 21 [1/1] (0.00ns)   --->   "%W_2_loc = alloca i64 1"   --->   Operation 21 'alloca' 'W_2_loc' <Predicate = true> <Delay = 0.00>
ST_1 : Operation 22 [1/1] (0.00ns)   --->   "%W_3_loc = alloca i64 1"   --->   Operation 22 'alloca' 'W_3_loc' <Predicate = true> <Delay = 0.00>
ST_1 : Operation 23 [1/1] (0.00ns)   --->   "%W_4_loc = alloca i64 1"   --->   Operation 23 'alloca' 'W_4_loc' <Predicate = true> <Delay = 0.00>
ST_1 : Operation 24 [1/1] (0.00ns)   --->   "%W_5_loc = alloca i64 1"   --->   Operation 24 'alloca' 'W_5_loc' <Predicate = true> <Delay = 0.00>
ST_1 : Operation 25 [1/1] (0.00ns)   --->   "%W_6_loc = alloca i64 1"   --->   Operation 25 'alloca' 'W_6_loc' <Predicate = true> <Delay = 0.00>
ST_1 : Operation 26 [1/1] (0.00ns)   --->   "%W_7_loc = alloca i64 1"   --->   Operation 26 'alloca' 'W_7_loc' <Predicate = true> <Delay = 0.00>
ST_1 : Operation 27 [1/1] (0.00ns)   --->   "%W_8_loc = alloca i64 1"   --->   Operation 27 'alloca' 'W_8_loc' <Predicate = true> <Delay = 0.00>
ST_1 : Operation 28 [1/1] (0.00ns)   --->   "%W_9_loc = alloca i64 1"   --->   Operation 28 'alloca' 'W_9_loc' <Predicate = true> <Delay = 0.00>
ST_1 : Operation 29 [1/1] (0.00ns)   --->   "%W_10_loc = alloca i64 1"   --->   Operation 29 'alloca' 'W_10_loc' <Predicate = true> <Delay = 0.00>
ST_1 : Operation 30 [1/1] (0.00ns)   --->   "%W_11_loc = alloca i64 1"   --->   Operation 30 'alloca' 'W_11_loc' <Predicate = true> <Delay = 0.00>
ST_1 : Operation 31 [1/1] (0.00ns)   --->   "%W_12_loc = alloca i64 1"   --->   Operation 31 'alloca' 'W_12_loc' <Predicate = true> <Delay = 0.00>
ST_1 : Operation 32 [1/1] (0.00ns)   --->   "%W_13_loc = alloca i64 1"   --->   Operation 32 'alloca' 'W_13_loc' <Predicate = true> <Delay = 0.00>
ST_1 : Operation 33 [1/1] (0.00ns)   --->   "%W_14_loc = alloca i64 1"   --->   Operation 33 'alloca' 'W_14_loc' <Predicate = true> <Delay = 0.00>
ST_1 : Operation 34 [1/1] (0.00ns)   --->   "%W_15_loc = alloca i64 1"   --->   Operation 34 'alloca' 'W_15_loc' <Predicate = true> <Delay = 0.00>
ST_1 : Operation 35 [1/1] (0.00ns)   --->   "%W_16_loc = alloca i64 1"   --->   Operation 35 'alloca' 'W_16_loc' <Predicate = true> <Delay = 0.00>
ST_1 : Operation 36 [1/1] (0.00ns)   --->   "%W_17_loc = alloca i64 1"   --->   Operation 36 'alloca' 'W_17_loc' <Predicate = true> <Delay = 0.00>
ST_1 : Operation 37 [1/1] (0.00ns)   --->   "%W_18_loc = alloca i64 1"   --->   Operation 37 'alloca' 'W_18_loc' <Predicate = true> <Delay = 0.00>
ST_1 : Operation 38 [1/1] (0.00ns)   --->   "%W_19_loc = alloca i64 1"   --->   Operation 38 'alloca' 'W_19_loc' <Predicate = true> <Delay = 0.00>
ST_1 : Operation 39 [1/1] (0.00ns)   --->   "%W_20_loc = alloca i64 1"   --->   Operation 39 'alloca' 'W_20_loc' <Predicate = true> <Delay = 0.00>
ST_1 : Operation 40 [1/1] (0.00ns)   --->   "%W_21_loc = alloca i64 1"   --->   Operation 40 'alloca' 'W_21_loc' <Predicate = true> <Delay = 0.00>
ST_1 : Operation 41 [1/1] (0.00ns)   --->   "%W_22_loc = alloca i64 1"   --->   Operation 41 'alloca' 'W_22_loc' <Predicate = true> <Delay = 0.00>
ST_1 : Operation 42 [1/1] (0.00ns)   --->   "%W_23_loc = alloca i64 1"   --->   Operation 42 'alloca' 'W_23_loc' <Predicate = true> <Delay = 0.00>
ST_1 : Operation 43 [1/1] (0.00ns)   --->   "%W_24_loc = alloca i64 1"   --->   Operation 43 'alloca' 'W_24_loc' <Predicate = true> <Delay = 0.00>
ST_1 : Operation 44 [1/1] (0.00ns)   --->   "%W_25_loc = alloca i64 1"   --->   Operation 44 'alloca' 'W_25_loc' <Predicate = true> <Delay = 0.00>
ST_1 : Operation 45 [1/1] (0.00ns)   --->   "%W_26_loc = alloca i64 1"   --->   Operation 45 'alloca' 'W_26_loc' <Predicate = true> <Delay = 0.00>
ST_1 : Operation 46 [1/1] (0.00ns)   --->   "%W_27_loc = alloca i64 1"   --->   Operation 46 'alloca' 'W_27_loc' <Predicate = true> <Delay = 0.00>
ST_1 : Operation 47 [1/1] (0.00ns)   --->   "%W_28_loc = alloca i64 1"   --->   Operation 47 'alloca' 'W_28_loc' <Predicate = true> <Delay = 0.00>
ST_1 : Operation 48 [1/1] (0.00ns)   --->   "%W_29_loc = alloca i64 1"   --->   Operation 48 'alloca' 'W_29_loc' <Predicate = true> <Delay = 0.00>
ST_1 : Operation 49 [1/1] (0.00ns)   --->   "%W_30_loc = alloca i64 1"   --->   Operation 49 'alloca' 'W_30_loc' <Predicate = true> <Delay = 0.00>
ST_1 : Operation 50 [1/1] (0.00ns)   --->   "%W_31_loc = alloca i64 1"   --->   Operation 50 'alloca' 'W_31_loc' <Predicate = true> <Delay = 0.00>
ST_1 : Operation 51 [1/1] (0.00ns)   --->   "%W_32_loc = alloca i64 1"   --->   Operation 51 'alloca' 'W_32_loc' <Predicate = true> <Delay = 0.00>
ST_1 : Operation 52 [1/1] (0.00ns)   --->   "%W_33_loc = alloca i64 1"   --->   Operation 52 'alloca' 'W_33_loc' <Predicate = true> <Delay = 0.00>
ST_1 : Operation 53 [1/1] (0.00ns)   --->   "%W_34_loc = alloca i64 1"   --->   Operation 53 'alloca' 'W_34_loc' <Predicate = true> <Delay = 0.00>
ST_1 : Operation 54 [1/1] (0.00ns)   --->   "%W_35_loc = alloca i64 1"   --->   Operation 54 'alloca' 'W_35_loc' <Predicate = true> <Delay = 0.00>
ST_1 : Operation 55 [1/1] (0.00ns)   --->   "%W_36_loc = alloca i64 1"   --->   Operation 55 'alloca' 'W_36_loc' <Predicate = true> <Delay = 0.00>
ST_1 : Operation 56 [1/1] (0.00ns)   --->   "%W_37_loc = alloca i64 1"   --->   Operation 56 'alloca' 'W_37_loc' <Predicate = true> <Delay = 0.00>
ST_1 : Operation 57 [1/1] (0.00ns)   --->   "%W_38_loc = alloca i64 1"   --->   Operation 57 'alloca' 'W_38_loc' <Predicate = true> <Delay = 0.00>
ST_1 : Operation 58 [1/1] (0.00ns)   --->   "%W_39_loc = alloca i64 1"   --->   Operation 58 'alloca' 'W_39_loc' <Predicate = true> <Delay = 0.00>
ST_1 : Operation 59 [1/1] (0.00ns)   --->   "%W_40_loc = alloca i64 1"   --->   Operation 59 'alloca' 'W_40_loc' <Predicate = true> <Delay = 0.00>
ST_1 : Operation 60 [1/1] (0.00ns)   --->   "%W_41_loc = alloca i64 1"   --->   Operation 60 'alloca' 'W_41_loc' <Predicate = true> <Delay = 0.00>
ST_1 : Operation 61 [1/1] (0.00ns)   --->   "%W_42_loc = alloca i64 1"   --->   Operation 61 'alloca' 'W_42_loc' <Predicate = true> <Delay = 0.00>
ST_1 : Operation 62 [1/1] (0.00ns)   --->   "%W_43_loc = alloca i64 1"   --->   Operation 62 'alloca' 'W_43_loc' <Predicate = true> <Delay = 0.00>
ST_1 : Operation 63 [1/1] (0.00ns)   --->   "%W_44_loc = alloca i64 1"   --->   Operation 63 'alloca' 'W_44_loc' <Predicate = true> <Delay = 0.00>
ST_1 : Operation 64 [1/1] (0.00ns)   --->   "%W_45_loc = alloca i64 1"   --->   Operation 64 'alloca' 'W_45_loc' <Predicate = true> <Delay = 0.00>
ST_1 : Operation 65 [1/1] (0.00ns)   --->   "%W_46_loc = alloca i64 1"   --->   Operation 65 'alloca' 'W_46_loc' <Predicate = true> <Delay = 0.00>
ST_1 : Operation 66 [1/1] (0.00ns)   --->   "%W_47_loc = alloca i64 1"   --->   Operation 66 'alloca' 'W_47_loc' <Predicate = true> <Delay = 0.00>
ST_1 : Operation 67 [1/1] (0.00ns)   --->   "%H_addr = getelementptr i32 %H, i64 0, i64 0" [src/sha256.cpp:20]   --->   Operation 67 'getelementptr' 'H_addr' <Predicate = true> <Delay = 0.00>
ST_1 : Operation 68 [2/2] (2.32ns)   --->   "%a = load i3 %H_addr" [src/sha256.cpp:52]   --->   Operation 68 'load' 'a' <Predicate = true> <Delay = 2.32> <CoreInst = "RAM">   --->   Core 82 'RAM' <Latency = 1> <II = 1> <Delay = 2.32> <Storage> <Opcode : 'load' 'store'> <Ports = 2> <Width = 32> <Depth = 8> <RAM>
ST_1 : Operation 69 [1/1] (0.00ns)   --->   "%H_addr_8 = getelementptr i32 %H, i64 0, i64 1" [src/sha256.cpp:53]   --->   Operation 69 'getelementptr' 'H_addr_8' <Predicate = true> <Delay = 0.00>
ST_1 : Operation 70 [2/2] (2.32ns)   --->   "%b = load i3 %H_addr_8" [src/sha256.cpp:53]   --->   Operation 70 'load' 'b' <Predicate = true> <Delay = 2.32> <CoreInst = "RAM">   --->   Core 82 'RAM' <Latency = 1> <II = 1> <Delay = 2.32> <Storage> <Opcode : 'load' 'store'> <Ports = 2> <Width = 32> <Depth = 8> <RAM>

State 2 <SV = 1> <Delay = 2.32>
ST_2 : Operation 71 [1/2] (2.32ns)   --->   "%a = load i3 %H_addr" [src/sha256.cpp:52]   --->   Operation 71 'load' 'a' <Predicate = true> <Delay = 2.32> <CoreInst = "RAM">   --->   Core 82 'RAM' <Latency = 1> <II = 1> <Delay = 2.32> <Storage> <Opcode : 'load' 'store'> <Ports = 2> <Width = 32> <Depth = 8> <RAM>
ST_2 : Operation 72 [1/2] (2.32ns)   --->   "%b = load i3 %H_addr_8" [src/sha256.cpp:53]   --->   Operation 72 'load' 'b' <Predicate = true> <Delay = 2.32> <CoreInst = "RAM">   --->   Core 82 'RAM' <Latency = 1> <II = 1> <Delay = 2.32> <Storage> <Opcode : 'load' 'store'> <Ports = 2> <Width = 32> <Depth = 8> <RAM>
ST_2 : Operation 73 [1/1] (0.00ns)   --->   "%H_addr_9 = getelementptr i32 %H, i64 0, i64 2" [src/sha256.cpp:54]   --->   Operation 73 'getelementptr' 'H_addr_9' <Predicate = true> <Delay = 0.00>
ST_2 : Operation 74 [2/2] (2.32ns)   --->   "%c = load i3 %H_addr_9" [src/sha256.cpp:54]   --->   Operation 74 'load' 'c' <Predicate = true> <Delay = 2.32> <CoreInst = "RAM">   --->   Core 82 'RAM' <Latency = 1> <II = 1> <Delay = 2.32> <Storage> <Opcode : 'load' 'store'> <Ports = 2> <Width = 32> <Depth = 8> <RAM>
ST_2 : Operation 75 [1/1] (0.00ns)   --->   "%H_addr_10 = getelementptr i32 %H, i64 0, i64 3" [src/sha256.cpp:55]   --->   Operation 75 'getelementptr' 'H_addr_10' <Predicate = true> <Delay = 0.00>
ST_2 : Operation 76 [2/2] (2.32ns)   --->   "%d = load i3 %H_addr_10" [src/sha256.cpp:55]   --->   Operation 76 'load' 'd' <Predicate = true> <Delay = 2.32> <CoreInst = "RAM">   --->   Core 82 'RAM' <Latency = 1> <II = 1> <Delay = 2.32> <Storage> <Opcode : 'load' 'store'> <Ports = 2> <Width = 32> <Depth = 8> <RAM>

State 3 <SV = 2> <Delay = 5.68>
ST_3 : Operation 77 [1/1] (0.00ns)   --->   "%block_read_48 = read i32 @_ssdm_op_Read.ap_auto.i32, i32 %block_read_93"   --->   Operation 77 'read' 'block_read_48' <Predicate = true> <Delay = 0.00>
ST_3 : Operation 78 [1/1] (0.00ns)   --->   "%block_read_49 = read i32 @_ssdm_op_Read.ap_auto.i32, i32 %block_read_92"   --->   Operation 78 'read' 'block_read_49' <Predicate = true> <Delay = 0.00>
ST_3 : Operation 79 [1/1] (0.00ns)   --->   "%block_read_50 = read i32 @_ssdm_op_Read.ap_auto.i32, i32 %block_read_91"   --->   Operation 79 'read' 'block_read_50' <Predicate = true> <Delay = 0.00>
ST_3 : Operation 80 [1/1] (0.00ns)   --->   "%block_read_51 = read i32 @_ssdm_op_Read.ap_auto.i32, i32 %block_read_90"   --->   Operation 80 'read' 'block_read_51' <Predicate = true> <Delay = 0.00>
ST_3 : Operation 81 [1/1] (0.00ns)   --->   "%block_read_52 = read i32 @_ssdm_op_Read.ap_auto.i32, i32 %block_read_89"   --->   Operation 81 'read' 'block_read_52' <Predicate = true> <Delay = 0.00>
ST_3 : Operation 82 [1/1] (0.00ns)   --->   "%block_read_53 = read i32 @_ssdm_op_Read.ap_auto.i32, i32 %block_read_88"   --->   Operation 82 'read' 'block_read_53' <Predicate = true> <Delay = 0.00>
ST_3 : Operation 83 [1/1] (0.00ns)   --->   "%block_read_54 = read i32 @_ssdm_op_Read.ap_auto.i32, i32 %block_read_87"   --->   Operation 83 'read' 'block_read_54' <Predicate = true> <Delay = 0.00>
ST_3 : Operation 84 [1/1] (0.00ns)   --->   "%block_read_55 = read i32 @_ssdm_op_Read.ap_auto.i32, i32 %block_read_86"   --->   Operation 84 'read' 'block_read_55' <Predicate = true> <Delay = 0.00>
ST_3 : Operation 85 [1/1] (0.00ns)   --->   "%block_read_56 = read i32 @_ssdm_op_Read.ap_auto.i32, i32 %block_read_85"   --->   Operation 85 'read' 'block_read_56' <Predicate = true> <Delay = 0.00>
ST_3 : Operation 86 [1/1] (0.00ns)   --->   "%block_read_57 = read i32 @_ssdm_op_Read.ap_auto.i32, i32 %block_read_84"   --->   Operation 86 'read' 'block_read_57' <Predicate = true> <Delay = 0.00>
ST_3 : Operation 87 [1/1] (0.00ns)   --->   "%block_read_58 = read i32 @_ssdm_op_Read.ap_auto.i32, i32 %block_read_83"   --->   Operation 87 'read' 'block_read_58' <Predicate = true> <Delay = 0.00>
ST_3 : Operation 88 [1/1] (0.00ns)   --->   "%block_read_59 = read i32 @_ssdm_op_Read.ap_auto.i32, i32 %block_read_82"   --->   Operation 88 'read' 'block_read_59' <Predicate = true> <Delay = 0.00>
ST_3 : Operation 89 [1/1] (0.00ns)   --->   "%block_read_60 = read i32 @_ssdm_op_Read.ap_auto.i32, i32 %block_read_81"   --->   Operation 89 'read' 'block_read_60' <Predicate = true> <Delay = 0.00>
ST_3 : Operation 90 [1/1] (0.00ns)   --->   "%block_read_61 = read i32 @_ssdm_op_Read.ap_auto.i32, i32 %block_read_80"   --->   Operation 90 'read' 'block_read_61' <Predicate = true> <Delay = 0.00>
ST_3 : Operation 91 [1/1] (0.00ns)   --->   "%block_read_62 = read i32 @_ssdm_op_Read.ap_auto.i32, i32 %block_read_79"   --->   Operation 91 'read' 'block_read_62' <Predicate = true> <Delay = 0.00>
ST_3 : Operation 92 [1/1] (0.00ns)   --->   "%block_read_63 = read i32 @_ssdm_op_Read.ap_auto.i32, i32 %block_read"   --->   Operation 92 'read' 'block_read_63' <Predicate = true> <Delay = 0.00>
ST_3 : Operation 93 [2/2] (5.68ns)   --->   "%call_ln0 = call void @sha256_process_block_Pipeline_EXPAND_W, i32 %block_read_62, i32 %block_read_61, i32 %block_read_60, i32 %block_read_59, i32 %block_read_58, i32 %block_read_57, i32 %block_read_56, i32 %block_read_55, i32 %block_read_54, i32 %block_read_53, i32 %block_read_52, i32 %block_read_51, i32 %block_read_50, i32 %block_read_49, i32 %block_read_48, i32 %block_read_63, i32 %W_47_loc, i32 %W_46_loc, i32 %W_45_loc, i32 %W_44_loc, i32 %W_43_loc, i32 %W_42_loc, i32 %W_41_loc, i32 %W_40_loc, i32 %W_39_loc, i32 %W_38_loc, i32 %W_37_loc, i32 %W_36_loc, i32 %W_35_loc, i32 %W_34_loc, i32 %W_33_loc, i32 %W_32_loc, i32 %W_31_loc, i32 %W_30_loc, i32 %W_29_loc, i32 %W_28_loc, i32 %W_27_loc, i32 %W_26_loc, i32 %W_25_loc, i32 %W_24_loc, i32 %W_23_loc, i32 %W_22_loc, i32 %W_21_loc, i32 %W_20_loc, i32 %W_19_loc, i32 %W_18_loc, i32 %W_17_loc, i32 %W_16_loc, i32 %W_15_loc, i32 %W_14_loc, i32 %W_13_loc, i32 %W_12_loc, i32 %W_11_loc, i32 %W_10_loc, i32 %W_9_loc, i32 %W_8_loc, i32 %W_7_loc, i32 %W_6_loc, i32 %W_5_loc, i32 %W_4_loc, i32 %W_3_loc, i32 %W_2_loc, i32 %W_1_loc, i32 %W_loc"   --->   Operation 93 'call' 'call_ln0' <Predicate = true> <Delay = 5.68> <CoreType = "Generic">   --->   Core 0 '' <Latency = 0> <II = 1> <Delay = 1.00> <Generic> <Opcode : >
ST_3 : Operation 94 [1/2] (2.32ns)   --->   "%c = load i3 %H_addr_9" [src/sha256.cpp:54]   --->   Operation 94 'load' 'c' <Predicate = true> <Delay = 2.32> <CoreInst = "RAM">   --->   Core 82 'RAM' <Latency = 1> <II = 1> <Delay = 2.32> <Storage> <Opcode : 'load' 'store'> <Ports = 2> <Width = 32> <Depth = 8> <RAM>
ST_3 : Operation 95 [1/2] (2.32ns)   --->   "%d = load i3 %H_addr_10" [src/sha256.cpp:55]   --->   Operation 95 'load' 'd' <Predicate = true> <Delay = 2.32> <CoreInst = "RAM">   --->   Core 82 'RAM' <Latency = 1> <II = 1> <Delay = 2.32> <Storage> <Opcode : 'load' 'store'> <Ports = 2> <Width = 32> <Depth = 8> <RAM>
ST_3 : Operation 96 [1/1] (0.00ns)   --->   "%H_addr_11 = getelementptr i32 %H, i64 0, i64 4" [src/sha256.cpp:56]   --->   Operation 96 'getelementptr' 'H_addr_11' <Predicate = true> <Delay = 0.00>
ST_3 : Operation 97 [2/2] (2.32ns)   --->   "%e = load i3 %H_addr_11" [src/sha256.cpp:56]   --->   Operation 97 'load' 'e' <Predicate = true> <Delay = 2.32> <CoreInst = "RAM">   --->   Core 82 'RAM' <Latency = 1> <II = 1> <Delay = 2.32> <Storage> <Opcode : 'load' 'store'> <Ports = 2> <Width = 32> <Depth = 8> <RAM>
ST_3 : Operation 98 [1/1] (0.00ns)   --->   "%H_addr_12 = getelementptr i32 %H, i64 0, i64 5" [src/sha256.cpp:57]   --->   Operation 98 'getelementptr' 'H_addr_12' <Predicate = true> <Delay = 0.00>
ST_3 : Operation 99 [2/2] (2.32ns)   --->   "%f = load i3 %H_addr_12" [src/sha256.cpp:57]   --->   Operation 99 'load' 'f' <Predicate = true> <Delay = 2.32> <CoreInst = "RAM">   --->   Core 82 'RAM' <Latency = 1> <II = 1> <Delay = 2.32> <Storage> <Opcode : 'load' 'store'> <Ports = 2> <Width = 32> <Depth = 8> <RAM>

State 4 <SV = 3> <Delay = 3.07>
ST_4 : Operation 100 [1/2] (3.07ns)   --->   "%call_ln0 = call void @sha256_process_block_Pipeline_EXPAND_W, i32 %block_read_62, i32 %block_read_61, i32 %block_read_60, i32 %block_read_59, i32 %block_read_58, i32 %block_read_57, i32 %block_read_56, i32 %block_read_55, i32 %block_read_54, i32 %block_read_53, i32 %block_read_52, i32 %block_read_51, i32 %block_read_50, i32 %block_read_49, i32 %block_read_48, i32 %block_read_63, i32 %W_47_loc, i32 %W_46_loc, i32 %W_45_loc, i32 %W_44_loc, i32 %W_43_loc, i32 %W_42_loc, i32 %W_41_loc, i32 %W_40_loc, i32 %W_39_loc, i32 %W_38_loc, i32 %W_37_loc, i32 %W_36_loc, i32 %W_35_loc, i32 %W_34_loc, i32 %W_33_loc, i32 %W_32_loc, i32 %W_31_loc, i32 %W_30_loc, i32 %W_29_loc, i32 %W_28_loc, i32 %W_27_loc, i32 %W_26_loc, i32 %W_25_loc, i32 %W_24_loc, i32 %W_23_loc, i32 %W_22_loc, i32 %W_21_loc, i32 %W_20_loc, i32 %W_19_loc, i32 %W_18_loc, i32 %W_17_loc, i32 %W_16_loc, i32 %W_15_loc, i32 %W_14_loc, i32 %W_13_loc, i32 %W_12_loc, i32 %W_11_loc, i32 %W_10_loc, i32 %W_9_loc, i32 %W_8_loc, i32 %W_7_loc, i32 %W_6_loc, i32 %W_5_loc, i32 %W_4_loc, i32 %W_3_loc, i32 %W_2_loc, i32 %W_1_loc, i32 %W_loc"   --->   Operation 100 'call' 'call_ln0' <Predicate = true> <Delay = 3.07> <CoreType = "Generic">   --->   Core 0 '' <Latency = 0> <II = 1> <Delay = 1.00> <Generic> <Opcode : >
ST_4 : Operation 101 [1/2] (2.32ns)   --->   "%e = load i3 %H_addr_11" [src/sha256.cpp:56]   --->   Operation 101 'load' 'e' <Predicate = true> <Delay = 2.32> <CoreInst = "RAM">   --->   Core 82 'RAM' <Latency = 1> <II = 1> <Delay = 2.32> <Storage> <Opcode : 'load' 'store'> <Ports = 2> <Width = 32> <Depth = 8> <RAM>
ST_4 : Operation 102 [1/2] (2.32ns)   --->   "%f = load i3 %H_addr_12" [src/sha256.cpp:57]   --->   Operation 102 'load' 'f' <Predicate = true> <Delay = 2.32> <CoreInst = "RAM">   --->   Core 82 'RAM' <Latency = 1> <II = 1> <Delay = 2.32> <Storage> <Opcode : 'load' 'store'> <Ports = 2> <Width = 32> <Depth = 8> <RAM>
ST_4 : Operation 103 [1/1] (0.00ns)   --->   "%H_addr_13 = getelementptr i32 %H, i64 0, i64 6" [src/sha256.cpp:58]   --->   Operation 103 'getelementptr' 'H_addr_13' <Predicate = true> <Delay = 0.00>
ST_4 : Operation 104 [2/2] (2.32ns)   --->   "%g = load i3 %H_addr_13" [src/sha256.cpp:58]   --->   Operation 104 'load' 'g' <Predicate = true> <Delay = 2.32> <CoreInst = "RAM">   --->   Core 82 'RAM' <Latency = 1> <II = 1> <Delay = 2.32> <Storage> <Opcode : 'load' 'store'> <Ports = 2> <Width = 32> <Depth = 8> <RAM>
ST_4 : Operation 105 [1/1] (0.00ns)   --->   "%H_addr_14 = getelementptr i32 %H, i64 0, i64 7" [src/sha256.cpp:59]   --->   Operation 105 'getelementptr' 'H_addr_14' <Predicate = true> <Delay = 0.00>
ST_4 : Operation 106 [2/2] (2.32ns)   --->   "%h = load i3 %H_addr_14" [src/sha256.cpp:59]   --->   Operation 106 'load' 'h' <Predicate = true> <Delay = 2.32> <CoreInst = "RAM">   --->   Core 82 'RAM' <Latency = 1> <II = 1> <Delay = 2.32> <Storage> <Opcode : 'load' 'store'> <Ports = 2> <Width = 32> <Depth = 8> <RAM>

State 5 <SV = 4> <Delay = 3.91>
ST_5 : Operation 107 [1/1] (0.00ns)   --->   "%W_47_loc_load = load i32 %W_47_loc"   --->   Operation 107 'load' 'W_47_loc_load' <Predicate = true> <Delay = 0.00>
ST_5 : Operation 108 [1/1] (0.00ns)   --->   "%W_46_loc_load = load i32 %W_46_loc"   --->   Operation 108 'load' 'W_46_loc_load' <Predicate = true> <Delay = 0.00>
ST_5 : Operation 109 [1/1] (0.00ns)   --->   "%W_45_loc_load = load i32 %W_45_loc"   --->   Operation 109 'load' 'W_45_loc_load' <Predicate = true> <Delay = 0.00>
ST_5 : Operation 110 [1/1] (0.00ns)   --->   "%W_44_loc_load = load i32 %W_44_loc"   --->   Operation 110 'load' 'W_44_loc_load' <Predicate = true> <Delay = 0.00>
ST_5 : Operation 111 [1/1] (0.00ns)   --->   "%W_43_loc_load = load i32 %W_43_loc"   --->   Operation 111 'load' 'W_43_loc_load' <Predicate = true> <Delay = 0.00>
ST_5 : Operation 112 [1/1] (0.00ns)   --->   "%W_42_loc_load = load i32 %W_42_loc"   --->   Operation 112 'load' 'W_42_loc_load' <Predicate = true> <Delay = 0.00>
ST_5 : Operation 113 [1/1] (0.00ns)   --->   "%W_41_loc_load = load i32 %W_41_loc"   --->   Operation 113 'load' 'W_41_loc_load' <Predicate = true> <Delay = 0.00>
ST_5 : Operation 114 [1/1] (0.00ns)   --->   "%W_40_loc_load = load i32 %W_40_loc"   --->   Operation 114 'load' 'W_40_loc_load' <Predicate = true> <Delay = 0.00>
ST_5 : Operation 115 [1/1] (0.00ns)   --->   "%W_39_loc_load = load i32 %W_39_loc"   --->   Operation 115 'load' 'W_39_loc_load' <Predicate = true> <Delay = 0.00>
ST_5 : Operation 116 [1/1] (0.00ns)   --->   "%W_38_loc_load = load i32 %W_38_loc"   --->   Operation 116 'load' 'W_38_loc_load' <Predicate = true> <Delay = 0.00>
ST_5 : Operation 117 [1/1] (0.00ns)   --->   "%W_37_loc_load = load i32 %W_37_loc"   --->   Operation 117 'load' 'W_37_loc_load' <Predicate = true> <Delay = 0.00>
ST_5 : Operation 118 [1/1] (0.00ns)   --->   "%W_36_loc_load = load i32 %W_36_loc"   --->   Operation 118 'load' 'W_36_loc_load' <Predicate = true> <Delay = 0.00>
ST_5 : Operation 119 [1/1] (0.00ns)   --->   "%W_35_loc_load = load i32 %W_35_loc"   --->   Operation 119 'load' 'W_35_loc_load' <Predicate = true> <Delay = 0.00>
ST_5 : Operation 120 [1/1] (0.00ns)   --->   "%W_34_loc_load = load i32 %W_34_loc"   --->   Operation 120 'load' 'W_34_loc_load' <Predicate = true> <Delay = 0.00>
ST_5 : Operation 121 [1/1] (0.00ns)   --->   "%W_33_loc_load = load i32 %W_33_loc"   --->   Operation 121 'load' 'W_33_loc_load' <Predicate = true> <Delay = 0.00>
ST_5 : Operation 122 [1/1] (0.00ns)   --->   "%W_32_loc_load = load i32 %W_32_loc"   --->   Operation 122 'load' 'W_32_loc_load' <Predicate = true> <Delay = 0.00>
ST_5 : Operation 123 [1/1] (0.00ns)   --->   "%W_31_loc_load = load i32 %W_31_loc"   --->   Operation 123 'load' 'W_31_loc_load' <Predicate = true> <Delay = 0.00>
ST_5 : Operation 124 [1/1] (0.00ns)   --->   "%W_30_loc_load = load i32 %W_30_loc"   --->   Operation 124 'load' 'W_30_loc_load' <Predicate = true> <Delay = 0.00>
ST_5 : Operation 125 [1/1] (0.00ns)   --->   "%W_29_loc_load = load i32 %W_29_loc"   --->   Operation 125 'load' 'W_29_loc_load' <Predicate = true> <Delay = 0.00>
ST_5 : Operation 126 [1/1] (0.00ns)   --->   "%W_28_loc_load = load i32 %W_28_loc"   --->   Operation 126 'load' 'W_28_loc_load' <Predicate = true> <Delay = 0.00>
ST_5 : Operation 127 [1/1] (0.00ns)   --->   "%W_27_loc_load = load i32 %W_27_loc"   --->   Operation 127 'load' 'W_27_loc_load' <Predicate = true> <Delay = 0.00>
ST_5 : Operation 128 [1/1] (0.00ns)   --->   "%W_26_loc_load = load i32 %W_26_loc"   --->   Operation 128 'load' 'W_26_loc_load' <Predicate = true> <Delay = 0.00>
ST_5 : Operation 129 [1/1] (0.00ns)   --->   "%W_25_loc_load = load i32 %W_25_loc"   --->   Operation 129 'load' 'W_25_loc_load' <Predicate = true> <Delay = 0.00>
ST_5 : Operation 130 [1/1] (0.00ns)   --->   "%W_24_loc_load = load i32 %W_24_loc"   --->   Operation 130 'load' 'W_24_loc_load' <Predicate = true> <Delay = 0.00>
ST_5 : Operation 131 [1/1] (0.00ns)   --->   "%W_23_loc_load = load i32 %W_23_loc"   --->   Operation 131 'load' 'W_23_loc_load' <Predicate = true> <Delay = 0.00>
ST_5 : Operation 132 [1/1] (0.00ns)   --->   "%W_22_loc_load = load i32 %W_22_loc"   --->   Operation 132 'load' 'W_22_loc_load' <Predicate = true> <Delay = 0.00>
ST_5 : Operation 133 [1/1] (0.00ns)   --->   "%W_21_loc_load = load i32 %W_21_loc"   --->   Operation 133 'load' 'W_21_loc_load' <Predicate = true> <Delay = 0.00>
ST_5 : Operation 134 [1/1] (0.00ns)   --->   "%W_20_loc_load = load i32 %W_20_loc"   --->   Operation 134 'load' 'W_20_loc_load' <Predicate = true> <Delay = 0.00>
ST_5 : Operation 135 [1/1] (0.00ns)   --->   "%W_19_loc_load = load i32 %W_19_loc"   --->   Operation 135 'load' 'W_19_loc_load' <Predicate = true> <Delay = 0.00>
ST_5 : Operation 136 [1/1] (0.00ns)   --->   "%W_18_loc_load = load i32 %W_18_loc"   --->   Operation 136 'load' 'W_18_loc_load' <Predicate = true> <Delay = 0.00>
ST_5 : Operation 137 [1/1] (0.00ns)   --->   "%W_17_loc_load = load i32 %W_17_loc"   --->   Operation 137 'load' 'W_17_loc_load' <Predicate = true> <Delay = 0.00>
ST_5 : Operation 138 [1/1] (0.00ns)   --->   "%W_16_loc_load = load i32 %W_16_loc"   --->   Operation 138 'load' 'W_16_loc_load' <Predicate = true> <Delay = 0.00>
ST_5 : Operation 139 [1/1] (0.00ns)   --->   "%W_15_loc_load = load i32 %W_15_loc"   --->   Operation 139 'load' 'W_15_loc_load' <Predicate = true> <Delay = 0.00>
ST_5 : Operation 140 [1/1] (0.00ns)   --->   "%W_14_loc_load = load i32 %W_14_loc"   --->   Operation 140 'load' 'W_14_loc_load' <Predicate = true> <Delay = 0.00>
ST_5 : Operation 141 [1/1] (0.00ns)   --->   "%W_13_loc_load = load i32 %W_13_loc"   --->   Operation 141 'load' 'W_13_loc_load' <Predicate = true> <Delay = 0.00>
ST_5 : Operation 142 [1/1] (0.00ns)   --->   "%W_12_loc_load = load i32 %W_12_loc"   --->   Operation 142 'load' 'W_12_loc_load' <Predicate = true> <Delay = 0.00>
ST_5 : Operation 143 [1/1] (0.00ns)   --->   "%W_11_loc_load = load i32 %W_11_loc"   --->   Operation 143 'load' 'W_11_loc_load' <Predicate = true> <Delay = 0.00>
ST_5 : Operation 144 [1/1] (0.00ns)   --->   "%W_10_loc_load = load i32 %W_10_loc"   --->   Operation 144 'load' 'W_10_loc_load' <Predicate = true> <Delay = 0.00>
ST_5 : Operation 145 [1/1] (0.00ns)   --->   "%W_9_loc_load = load i32 %W_9_loc"   --->   Operation 145 'load' 'W_9_loc_load' <Predicate = true> <Delay = 0.00>
ST_5 : Operation 146 [1/1] (0.00ns)   --->   "%W_8_loc_load = load i32 %W_8_loc"   --->   Operation 146 'load' 'W_8_loc_load' <Predicate = true> <Delay = 0.00>
ST_5 : Operation 147 [1/1] (0.00ns)   --->   "%W_7_loc_load = load i32 %W_7_loc"   --->   Operation 147 'load' 'W_7_loc_load' <Predicate = true> <Delay = 0.00>
ST_5 : Operation 148 [1/1] (0.00ns)   --->   "%W_6_loc_load = load i32 %W_6_loc"   --->   Operation 148 'load' 'W_6_loc_load' <Predicate = true> <Delay = 0.00>
ST_5 : Operation 149 [1/1] (0.00ns)   --->   "%W_5_loc_load = load i32 %W_5_loc"   --->   Operation 149 'load' 'W_5_loc_load' <Predicate = true> <Delay = 0.00>
ST_5 : Operation 150 [1/1] (0.00ns)   --->   "%W_4_loc_load = load i32 %W_4_loc"   --->   Operation 150 'load' 'W_4_loc_load' <Predicate = true> <Delay = 0.00>
ST_5 : Operation 151 [1/1] (0.00ns)   --->   "%W_3_loc_load = load i32 %W_3_loc"   --->   Operation 151 'load' 'W_3_loc_load' <Predicate = true> <Delay = 0.00>
ST_5 : Operation 152 [1/1] (0.00ns)   --->   "%W_2_loc_load = load i32 %W_2_loc"   --->   Operation 152 'load' 'W_2_loc_load' <Predicate = true> <Delay = 0.00>
ST_5 : Operation 153 [1/1] (0.00ns)   --->   "%W_1_loc_load = load i32 %W_1_loc"   --->   Operation 153 'load' 'W_1_loc_load' <Predicate = true> <Delay = 0.00>
ST_5 : Operation 154 [1/1] (0.00ns)   --->   "%W_loc_load = load i32 %W_loc"   --->   Operation 154 'load' 'W_loc_load' <Predicate = true> <Delay = 0.00>
ST_5 : Operation 155 [1/2] (2.32ns)   --->   "%g = load i3 %H_addr_13" [src/sha256.cpp:58]   --->   Operation 155 'load' 'g' <Predicate = true> <Delay = 2.32> <CoreInst = "RAM">   --->   Core 82 'RAM' <Latency = 1> <II = 1> <Delay = 2.32> <Storage> <Opcode : 'load' 'store'> <Ports = 2> <Width = 32> <Depth = 8> <RAM>
ST_5 : Operation 156 [1/2] (2.32ns)   --->   "%h = load i3 %H_addr_14" [src/sha256.cpp:59]   --->   Operation 156 'load' 'h' <Predicate = true> <Delay = 2.32> <CoreInst = "RAM">   --->   Core 82 'RAM' <Latency = 1> <II = 1> <Delay = 2.32> <Storage> <Opcode : 'load' 'store'> <Ports = 2> <Width = 32> <Depth = 8> <RAM>
ST_5 : Operation 157 [2/2] (1.58ns)   --->   "%call_ln59 = call void @sha256_process_block_Pipeline_COMPRESS, i32 %h, i32 %g, i32 %f, i32 %e, i32 %d, i32 %a, i32 %b, i32 %c, i32 %block_read_63, i32 %block_read_62, i32 %block_read_61, i32 %block_read_60, i32 %block_read_59, i32 %block_read_58, i32 %block_read_57, i32 %block_read_56, i32 %block_read_55, i32 %block_read_54, i32 %block_read_53, i32 %block_read_52, i32 %block_read_51, i32 %block_read_50, i32 %block_read_49, i32 %block_read_48, i32 %W_16_loc_load, i32 %W_17_loc_load, i32 %W_18_loc_load, i32 %W_19_loc_load, i32 %W_20_loc_load, i32 %W_21_loc_load, i32 %W_22_loc_load, i32 %W_23_loc_load, i32 %W_24_loc_load, i32 %W_25_loc_load, i32 %W_26_loc_load, i32 %W_27_loc_load, i32 %W_28_loc_load, i32 %W_29_loc_load, i32 %W_30_loc_load, i32 %W_31_loc_load, i32 %W_32_loc_load, i32 %W_33_loc_load, i32 %W_34_loc_load, i32 %W_35_loc_load, i32 %W_36_loc_load, i32 %W_37_loc_load, i32 %W_38_loc_load, i32 %W_39_loc_load, i32 %W_40_loc_load, i32 %W_41_loc_load, i32 %W_42_loc_load, i32 %W_43_loc_load, i32 %W_44_loc_load, i32 %W_45_loc_load, i32 %W_46_loc_load, i32 %W_47_loc_load, i32 %W_15_loc_load, i32 %W_14_loc_load, i32 %W_13_loc_load, i32 %W_12_loc_load, i32 %W_11_loc_load, i32 %W_10_loc_load, i32 %W_9_loc_load, i32 %W_8_loc_load, i32 %W_7_loc_load, i32 %W_6_loc_load, i32 %W_5_loc_load, i32 %W_4_loc_load, i32 %W_3_loc_load, i32 %W_2_loc_load, i32 %W_1_loc_load, i32 %W_loc_load, i32 %h_1_loc, i32 %g_3_loc, i32 %f_3_loc, i32 %e_3_loc, i32 %d_1_loc, i32 %a_3_loc, i32 %b_3_loc, i32 %c_3_loc" [src/sha256.cpp:59]   --->   Operation 157 'call' 'call_ln59' <Predicate = true> <Delay = 1.58> <CoreType = "Generic">   --->   Core 0 '' <Latency = 0> <II = 1> <Delay = 1.00> <Generic> <Opcode : >

State 6 <SV = 5> <Delay = 0.00>
ST_6 : Operation 158 [1/2] (0.00ns)   --->   "%call_ln59 = call void @sha256_process_block_Pipeline_COMPRESS, i32 %h, i32 %g, i32 %f, i32 %e, i32 %d, i32 %a, i32 %b, i32 %c, i32 %block_read_63, i32 %block_read_62, i32 %block_read_61, i32 %block_read_60, i32 %block_read_59, i32 %block_read_58, i32 %block_read_57, i32 %block_read_56, i32 %block_read_55, i32 %block_read_54, i32 %block_read_53, i32 %block_read_52, i32 %block_read_51, i32 %block_read_50, i32 %block_read_49, i32 %block_read_48, i32 %W_16_loc_load, i32 %W_17_loc_load, i32 %W_18_loc_load, i32 %W_19_loc_load, i32 %W_20_loc_load, i32 %W_21_loc_load, i32 %W_22_loc_load, i32 %W_23_loc_load, i32 %W_24_loc_load, i32 %W_25_loc_load, i32 %W_26_loc_load, i32 %W_27_loc_load, i32 %W_28_loc_load, i32 %W_29_loc_load, i32 %W_30_loc_load, i32 %W_31_loc_load, i32 %W_32_loc_load, i32 %W_33_loc_load, i32 %W_34_loc_load, i32 %W_35_loc_load, i32 %W_36_loc_load, i32 %W_37_loc_load, i32 %W_38_loc_load, i32 %W_39_loc_load, i32 %W_40_loc_load, i32 %W_41_loc_load, i32 %W_42_loc_load, i32 %W_43_loc_load, i32 %W_44_loc_load, i32 %W_45_loc_load, i32 %W_46_loc_load, i32 %W_47_loc_load, i32 %W_15_loc_load, i32 %W_14_loc_load, i32 %W_13_loc_load, i32 %W_12_loc_load, i32 %W_11_loc_load, i32 %W_10_loc_load, i32 %W_9_loc_load, i32 %W_8_loc_load, i32 %W_7_loc_load, i32 %W_6_loc_load, i32 %W_5_loc_load, i32 %W_4_loc_load, i32 %W_3_loc_load, i32 %W_2_loc_load, i32 %W_1_loc_load, i32 %W_loc_load, i32 %h_1_loc, i32 %g_3_loc, i32 %f_3_loc, i32 %e_3_loc, i32 %d_1_loc, i32 %a_3_loc, i32 %b_3_loc, i32 %c_3_loc" [src/sha256.cpp:59]   --->   Operation 158 'call' 'call_ln59' <Predicate = true> <Delay = 0.00> <CoreType = "Generic">   --->   Core 0 '' <Latency = 0> <II = 1> <Delay = 1.00> <Generic> <Opcode : >

State 7 <SV = 6> <Delay = 4.87>
ST_7 : Operation 159 [1/1] (0.00ns)   --->   "%a_3_loc_load = load i32 %a_3_loc"   --->   Operation 159 'load' 'a_3_loc_load' <Predicate = true> <Delay = 0.00>
ST_7 : Operation 160 [1/1] (0.00ns)   --->   "%b_3_loc_load = load i32 %b_3_loc"   --->   Operation 160 'load' 'b_3_loc_load' <Predicate = true> <Delay = 0.00>
ST_7 : Operation 161 [1/1] (2.55ns)   --->   "%add_ln97 = add i32 %a, i32 %a_3_loc_load" [src/sha256.cpp:97]   --->   Operation 161 'add' 'add_ln97' <Predicate = true> <Delay = 2.55> <CoreInst = "Adder">   --->   Core 1 'Adder' <Latency = 0> <II = 1> <Delay = 2.55> <FuncUnit> <Opcode : 'add' 'sub'> <InPorts = 2> <OutPorts = 1>
ST_7 : Operation 162 [1/1] (2.32ns)   --->   "%store_ln97 = store i32 %add_ln97, i3 %H_addr" [src/sha256.cpp:97]   --->   Operation 162 'store' 'store_ln97' <Predicate = true> <Delay = 2.32> <CoreInst = "RAM">   --->   Core 82 'RAM' <Latency = 1> <II = 1> <Delay = 2.32> <Storage> <Opcode : 'load' 'store'> <Ports = 2> <Width = 32> <Depth = 8> <RAM>
ST_7 : Operation 163 [1/1] (2.55ns)   --->   "%add_ln98 = add i32 %b, i32 %b_3_loc_load" [src/sha256.cpp:98]   --->   Operation 163 'add' 'add_ln98' <Predicate = true> <Delay = 2.55> <CoreInst = "Adder">   --->   Core 1 'Adder' <Latency = 0> <II = 1> <Delay = 2.55> <FuncUnit> <Opcode : 'add' 'sub'> <InPorts = 2> <OutPorts = 1>
ST_7 : Operation 164 [1/1] (2.32ns)   --->   "%store_ln98 = store i32 %add_ln98, i3 %H_addr_8" [src/sha256.cpp:98]   --->   Operation 164 'store' 'store_ln98' <Predicate = true> <Delay = 2.32> <CoreInst = "RAM">   --->   Core 82 'RAM' <Latency = 1> <II = 1> <Delay = 2.32> <Storage> <Opcode : 'load' 'store'> <Ports = 2> <Width = 32> <Depth = 8> <RAM>

State 8 <SV = 7> <Delay = 4.87>
ST_8 : Operation 165 [1/1] (0.00ns)   --->   "%d_1_loc_load = load i32 %d_1_loc"   --->   Operation 165 'load' 'd_1_loc_load' <Predicate = true> <Delay = 0.00>
ST_8 : Operation 166 [1/1] (0.00ns)   --->   "%c_3_loc_load = load i32 %c_3_loc"   --->   Operation 166 'load' 'c_3_loc_load' <Predicate = true> <Delay = 0.00>
ST_8 : Operation 167 [1/1] (2.55ns)   --->   "%add_ln99 = add i32 %c, i32 %c_3_loc_load" [src/sha256.cpp:99]   --->   Operation 167 'add' 'add_ln99' <Predicate = true> <Delay = 2.55> <CoreInst = "Adder">   --->   Core 1 'Adder' <Latency = 0> <II = 1> <Delay = 2.55> <FuncUnit> <Opcode : 'add' 'sub'> <InPorts = 2> <OutPorts = 1>
ST_8 : Operation 168 [1/1] (2.32ns)   --->   "%store_ln99 = store i32 %add_ln99, i3 %H_addr_9" [src/sha256.cpp:99]   --->   Operation 168 'store' 'store_ln99' <Predicate = true> <Delay = 2.32> <CoreInst = "RAM">   --->   Core 82 'RAM' <Latency = 1> <II = 1> <Delay = 2.32> <Storage> <Opcode : 'load' 'store'> <Ports = 2> <Width = 32> <Depth = 8> <RAM>
ST_8 : Operation 169 [1/1] (2.55ns)   --->   "%add_ln100 = add i32 %d, i32 %d_1_loc_load" [src/sha256.cpp:100]   --->   Operation 169 'add' 'add_ln100' <Predicate = true> <Delay = 2.55> <CoreInst = "Adder">   --->   Core 1 'Adder' <Latency = 0> <II = 1> <Delay = 2.55> <FuncUnit> <Opcode : 'add' 'sub'> <InPorts = 2> <OutPorts = 1>
ST_8 : Operation 170 [1/1] (2.32ns)   --->   "%store_ln100 = store i32 %add_ln100, i3 %H_addr_10" [src/sha256.cpp:100]   --->   Operation 170 'store' 'store_ln100' <Predicate = true> <Delay = 2.32> <CoreInst = "RAM">   --->   Core 82 'RAM' <Latency = 1> <II = 1> <Delay = 2.32> <Storage> <Opcode : 'load' 'store'> <Ports = 2> <Width = 32> <Depth = 8> <RAM>

State 9 <SV = 8> <Delay = 4.87>
ST_9 : Operation 171 [1/1] (0.00ns)   --->   "%f_3_loc_load = load i32 %f_3_loc"   --->   Operation 171 'load' 'f_3_loc_load' <Predicate = true> <Delay = 0.00>
ST_9 : Operation 172 [1/1] (0.00ns)   --->   "%e_3_loc_load = load i32 %e_3_loc"   --->   Operation 172 'load' 'e_3_loc_load' <Predicate = true> <Delay = 0.00>
ST_9 : Operation 173 [1/1] (2.55ns)   --->   "%add_ln101 = add i32 %e, i32 %e_3_loc_load" [src/sha256.cpp:101]   --->   Operation 173 'add' 'add_ln101' <Predicate = true> <Delay = 2.55> <CoreInst = "Adder">   --->   Core 1 'Adder' <Latency = 0> <II = 1> <Delay = 2.55> <FuncUnit> <Opcode : 'add' 'sub'> <InPorts = 2> <OutPorts = 1>
ST_9 : Operation 174 [1/1] (2.32ns)   --->   "%store_ln101 = store i32 %add_ln101, i3 %H_addr_11" [src/sha256.cpp:101]   --->   Operation 174 'store' 'store_ln101' <Predicate = true> <Delay = 2.32> <CoreInst = "RAM">   --->   Core 82 'RAM' <Latency = 1> <II = 1> <Delay = 2.32> <Storage> <Opcode : 'load' 'store'> <Ports = 2> <Width = 32> <Depth = 8> <RAM>
ST_9 : Operation 175 [1/1] (2.55ns)   --->   "%add_ln102 = add i32 %f, i32 %f_3_loc_load" [src/sha256.cpp:102]   --->   Operation 175 'add' 'add_ln102' <Predicate = true> <Delay = 2.55> <CoreInst = "Adder">   --->   Core 1 'Adder' <Latency = 0> <II = 1> <Delay = 2.55> <FuncUnit> <Opcode : 'add' 'sub'> <InPorts = 2> <OutPorts = 1>
ST_9 : Operation 176 [1/1] (2.32ns)   --->   "%store_ln102 = store i32 %add_ln102, i3 %H_addr_12" [src/sha256.cpp:102]   --->   Operation 176 'store' 'store_ln102' <Predicate = true> <Delay = 2.32> <CoreInst = "RAM">   --->   Core 82 'RAM' <Latency = 1> <II = 1> <Delay = 2.32> <Storage> <Opcode : 'load' 'store'> <Ports = 2> <Width = 32> <Depth = 8> <RAM>

State 10 <SV = 9> <Delay = 4.87>
ST_10 : Operation 177 [1/1] (0.00ns)   --->   "%h_1_loc_load = load i32 %h_1_loc"   --->   Operation 177 'load' 'h_1_loc_load' <Predicate = true> <Delay = 0.00>
ST_10 : Operation 178 [1/1] (0.00ns)   --->   "%g_3_loc_load = load i32 %g_3_loc"   --->   Operation 178 'load' 'g_3_loc_load' <Predicate = true> <Delay = 0.00>
ST_10 : Operation 179 [1/1] (2.55ns)   --->   "%add_ln103 = add i32 %g, i32 %g_3_loc_load" [src/sha256.cpp:103]   --->   Operation 179 'add' 'add_ln103' <Predicate = true> <Delay = 2.55> <CoreInst = "Adder">   --->   Core 1 'Adder' <Latency = 0> <II = 1> <Delay = 2.55> <FuncUnit> <Opcode : 'add' 'sub'> <InPorts = 2> <OutPorts = 1>
ST_10 : Operation 180 [1/1] (2.32ns)   --->   "%store_ln103 = store i32 %add_ln103, i3 %H_addr_13" [src/sha256.cpp:103]   --->   Operation 180 'store' 'store_ln103' <Predicate = true> <Delay = 2.32> <CoreInst = "RAM">   --->   Core 82 'RAM' <Latency = 1> <II = 1> <Delay = 2.32> <Storage> <Opcode : 'load' 'store'> <Ports = 2> <Width = 32> <Depth = 8> <RAM>
ST_10 : Operation 181 [1/1] (2.55ns)   --->   "%add_ln104 = add i32 %h, i32 %h_1_loc_load" [src/sha256.cpp:104]   --->   Operation 181 'add' 'add_ln104' <Predicate = true> <Delay = 2.55> <CoreInst = "Adder">   --->   Core 1 'Adder' <Latency = 0> <II = 1> <Delay = 2.55> <FuncUnit> <Opcode : 'add' 'sub'> <InPorts = 2> <OutPorts = 1>
ST_10 : Operation 182 [1/1] (2.32ns)   --->   "%store_ln104 = store i32 %add_ln104, i3 %H_addr_14" [src/sha256.cpp:104]   --->   Operation 182 'store' 'store_ln104' <Predicate = true> <Delay = 2.32> <CoreInst = "RAM">   --->   Core 82 'RAM' <Latency = 1> <II = 1> <Delay = 2.32> <Storage> <Opcode : 'load' 'store'> <Ports = 2> <Width = 32> <Depth = 8> <RAM>
ST_10 : Operation 183 [1/1] (0.00ns)   --->   "%ret_ln105 = ret" [src/sha256.cpp:105]   --->   Operation 183 'ret' 'ret_ln105' <Predicate = true> <Delay = 0.00>


============================================================
+ Verbose Summary: Binding
============================================================
STG Binding: 
---------------- STG Properties BEGIN ----------------
- Is combinational: 0
- Is one-state seq: 0
- Is datapath-only: 0
- Is pipelined: 0
- Is top level: 0
Port [ Return ] is wired: 1; IO mode=ap_ctrl_hs:ce=0
Port [ block_read]:  wired=1; compound=0; hidden=0; nouse=0; global=0; static=0; extern=0; dir=0; type=0; pingpong=0; private_global=0; IO mode=ap_none:ce=0
Port [ block_read_79]:  wired=1; compound=0; hidden=0; nouse=0; global=0; static=0; extern=0; dir=0; type=0; pingpong=0; private_global=0; IO mode=ap_none:ce=0
Port [ block_read_80]:  wired=1; compound=0; hidden=0; nouse=0; global=0; static=0; extern=0; dir=0; type=0; pingpong=0; private_global=0; IO mode=ap_none:ce=0
Port [ block_read_81]:  wired=1; compound=0; hidden=0; nouse=0; global=0; static=0; extern=0; dir=0; type=0; pingpong=0; private_global=0; IO mode=ap_none:ce=0
Port [ block_read_82]:  wired=1; compound=0; hidden=0; nouse=0; global=0; static=0; extern=0; dir=0; type=0; pingpong=0; private_global=0; IO mode=ap_none:ce=0
Port [ block_read_83]:  wired=1; compound=0; hidden=0; nouse=0; global=0; static=0; extern=0; dir=0; type=0; pingpong=0; private_global=0; IO mode=ap_none:ce=0
Port [ block_read_84]:  wired=1; compound=0; hidden=0; nouse=0; global=0; static=0; extern=0; dir=0; type=0; pingpong=0; private_global=0; IO mode=ap_none:ce=0
Port [ block_read_85]:  wired=1; compound=0; hidden=0; nouse=0; global=0; static=0; extern=0; dir=0; type=0; pingpong=0; private_global=0; IO mode=ap_none:ce=0
Port [ block_read_86]:  wired=1; compound=0; hidden=0; nouse=0; global=0; static=0; extern=0; dir=0; type=0; pingpong=0; private_global=0; IO mode=ap_none:ce=0
Port [ block_read_87]:  wired=1; compound=0; hidden=0; nouse=0; global=0; static=0; extern=0; dir=0; type=0; pingpong=0; private_global=0; IO mode=ap_none:ce=0
Port [ block_read_88]:  wired=1; compound=0; hidden=0; nouse=0; global=0; static=0; extern=0; dir=0; type=0; pingpong=0; private_global=0; IO mode=ap_none:ce=0
Port [ block_read_89]:  wired=1; compound=0; hidden=0; nouse=0; global=0; static=0; extern=0; dir=0; type=0; pingpong=0; private_global=0; IO mode=ap_none:ce=0
Port [ block_read_90]:  wired=1; compound=0; hidden=0; nouse=0; global=0; static=0; extern=0; dir=0; type=0; pingpong=0; private_global=0; IO mode=ap_none:ce=0
Port [ block_read_91]:  wired=1; compound=0; hidden=0; nouse=0; global=0; static=0; extern=0; dir=0; type=0; pingpong=0; private_global=0; IO mode=ap_none:ce=0
Port [ block_read_92]:  wired=1; compound=0; hidden=0; nouse=0; global=0; static=0; extern=0; dir=0; type=0; pingpong=0; private_global=0; IO mode=ap_none:ce=0
Port [ block_read_93]:  wired=1; compound=0; hidden=0; nouse=0; global=0; static=0; extern=0; dir=0; type=0; pingpong=0; private_global=0; IO mode=ap_none:ce=0
Port [ H]:  wired=1; compound=1; hidden=0; nouse=0; global=0; static=0; extern=0; dir=2; type=1; pingpong=0; private_global=0; MemPort=[22]; IO mode=ap_memory:ce=0
---------------- STG Properties END ------------------

---------------- Datapath Model BEGIN ----------------

<LifeTime>
<method=bitvector/>
c_3_loc       (alloca       ) [ 00111111100]
b_3_loc       (alloca       ) [ 00111111000]
a_3_loc       (alloca       ) [ 00111111000]
d_1_loc       (alloca       ) [ 00111111100]
e_3_loc       (alloca       ) [ 00111111110]
f_3_loc       (alloca       ) [ 00111111110]
g_3_loc       (alloca       ) [ 00111111111]
h_1_loc       (alloca       ) [ 00111111111]
W_loc         (alloca       ) [ 00111100000]
W_1_loc       (alloca       ) [ 00111100000]
W_2_loc       (alloca       ) [ 00111100000]
W_3_loc       (alloca       ) [ 00111100000]
W_4_loc       (alloca       ) [ 00111100000]
W_5_loc       (alloca       ) [ 00111100000]
W_6_loc       (alloca       ) [ 00111100000]
W_7_loc       (alloca       ) [ 00111100000]
W_8_loc       (alloca       ) [ 00111100000]
W_9_loc       (alloca       ) [ 00111100000]
W_10_loc      (alloca       ) [ 00111100000]
W_11_loc      (alloca       ) [ 00111100000]
W_12_loc      (alloca       ) [ 00111100000]
W_13_loc      (alloca       ) [ 00111100000]
W_14_loc      (alloca       ) [ 00111100000]
W_15_loc      (alloca       ) [ 00111100000]
W_16_loc      (alloca       ) [ 00111100000]
W_17_loc      (alloca       ) [ 00111100000]
W_18_loc      (alloca       ) [ 00111100000]
W_19_loc      (alloca       ) [ 00111100000]
W_20_loc      (alloca       ) [ 00111100000]
W_21_loc      (alloca       ) [ 00111100000]
W_22_loc      (alloca       ) [ 00111100000]
W_23_loc      (alloca       ) [ 00111100000]
W_24_loc      (alloca       ) [ 00111100000]
W_25_loc      (alloca       ) [ 00111100000]
W_26_loc      (alloca       ) [ 00111100000]
W_27_loc      (alloca       ) [ 00111100000]
W_28_loc      (alloca       ) [ 00111100000]
W_29_loc      (alloca       ) [ 00111100000]
W_30_loc      (alloca       ) [ 00111100000]
W_31_loc      (alloca       ) [ 00111100000]
W_32_loc      (alloca       ) [ 00111100000]
W_33_loc      (alloca       ) [ 00111100000]
W_34_loc      (alloca       ) [ 00111100000]
W_35_loc      (alloca       ) [ 00111100000]
W_36_loc      (alloca       ) [ 00111100000]
W_37_loc      (alloca       ) [ 00111100000]
W_38_loc      (alloca       ) [ 00111100000]
W_39_loc      (alloca       ) [ 00111100000]
W_40_loc      (alloca       ) [ 00111100000]
W_41_loc      (alloca       ) [ 00111100000]
W_42_loc      (alloca       ) [ 00111100000]
W_43_loc      (alloca       ) [ 00111100000]
W_44_loc      (alloca       ) [ 00111100000]
W_45_loc      (alloca       ) [ 00111100000]
W_46_loc      (alloca       ) [ 00111100000]
W_47_loc      (alloca       ) [ 00111100000]
H_addr        (getelementptr) [ 00111111000]
H_addr_8      (getelementptr) [ 00111111000]
a             (load         ) [ 00011111000]
b             (load         ) [ 00011111000]
H_addr_9      (getelementptr) [ 00011111100]
H_addr_10     (getelementptr) [ 00011111100]
block_read_48 (read         ) [ 00001110000]
block_read_49 (read         ) [ 00001110000]
block_read_50 (read         ) [ 00001110000]
block_read_51 (read         ) [ 00001110000]
block_read_52 (read         ) [ 00001110000]
block_read_53 (read         ) [ 00001110000]
block_read_54 (read         ) [ 00001110000]
block_read_55 (read         ) [ 00001110000]
block_read_56 (read         ) [ 00001110000]
block_read_57 (read         ) [ 00001110000]
block_read_58 (read         ) [ 00001110000]
block_read_59 (read         ) [ 00001110000]
block_read_60 (read         ) [ 00001110000]
block_read_61 (read         ) [ 00001110000]
block_read_62 (read         ) [ 00001110000]
block_read_63 (read         ) [ 00001110000]
c             (load         ) [ 00001111100]
d             (load         ) [ 00001111100]
H_addr_11     (getelementptr) [ 00001111110]
H_addr_12     (getelementptr) [ 00001111110]
call_ln0      (call         ) [ 00000000000]
e             (load         ) [ 00000111110]
f             (load         ) [ 00000111110]
H_addr_13     (getelementptr) [ 00000111111]
H_addr_14     (getelementptr) [ 00000111111]
W_47_loc_load (load         ) [ 00000010000]
W_46_loc_load (load         ) [ 00000010000]
W_45_loc_load (load         ) [ 00000010000]
W_44_loc_load (load         ) [ 00000010000]
W_43_loc_load (load         ) [ 00000010000]
W_42_loc_load (load         ) [ 00000010000]
W_41_loc_load (load         ) [ 00000010000]
W_40_loc_load (load         ) [ 00000010000]
W_39_loc_load (load         ) [ 00000010000]
W_38_loc_load (load         ) [ 00000010000]
W_37_loc_load (load         ) [ 00000010000]
W_36_loc_load (load         ) [ 00000010000]
W_35_loc_load (load         ) [ 00000010000]
W_34_loc_load (load         ) [ 00000010000]
W_33_loc_load (load         ) [ 00000010000]
W_32_loc_load (load         ) [ 00000010000]
W_31_loc_load (load         ) [ 00000010000]
W_30_loc_load (load         ) [ 00000010000]
W_29_loc_load (load         ) [ 00000010000]
W_28_loc_load (load         ) [ 00000010000]
W_27_loc_load (load         ) [ 00000010000]
W_26_loc_load (load         ) [ 00000010000]
W_25_loc_load (load         ) [ 00000010000]
W_24_loc_load (load         ) [ 00000010000]
W_23_loc_load (load         ) [ 00000010000]
W_22_loc_load (load         ) [ 00000010000]
W_21_loc_load (load         ) [ 00000010000]
W_20_loc_load (load         ) [ 00000010000]
W_19_loc_load (load         ) [ 00000010000]
W_18_loc_load (load         ) [ 00000010000]
W_17_loc_load (load         ) [ 00000010000]
W_16_loc_load (load         ) [ 00000010000]
W_15_loc_load (load         ) [ 00000010000]
W_14_loc_load (load         ) [ 00000010000]
W_13_loc_load (load         ) [ 00000010000]
W_12_loc_load (load         ) [ 00000010000]
W_11_loc_load (load         ) [ 00000010000]
W_10_loc_load (load         ) [ 00000010000]
W_9_loc_load  (load         ) [ 00000010000]
W_8_loc_load  (load         ) [ 00000010000]
W_7_loc_load  (load         ) [ 00000010000]
W_6_loc_load  (load         ) [ 00000010000]
W_5_loc_load  (load         ) [ 00000010000]
W_4_loc_load  (load         ) [ 00000010000]
W_3_loc_load  (load         ) [ 00000010000]
W_2_loc_load  (load         ) [ 00000010000]
W_1_loc_load  (load         ) [ 00000010000]
W_loc_load    (load         ) [ 00000010000]
g             (load         ) [ 00000011111]
h             (load         ) [ 00000011111]
call_ln59     (call         ) [ 00000000000]
a_3_loc_load  (load         ) [ 00000000000]
b_3_loc_load  (load         ) [ 00000000000]
add_ln97      (add          ) [ 00000000000]
store_ln97    (store        ) [ 00000000000]
add_ln98      (add          ) [ 00000000000]
store_ln98    (store        ) [ 00000000000]
d_1_loc_load  (load         ) [ 00000000000]
c_3_loc_load  (load         ) [ 00000000000]
add_ln99      (add          ) [ 00000000000]
store_ln99    (store        ) [ 00000000000]
add_ln100     (add          ) [ 00000000000]
store_ln100   (store        ) [ 00000000000]
f_3_loc_load  (load         ) [ 00000000000]
e_3_loc_load  (load         ) [ 00000000000]
add_ln101     (add          ) [ 00000000000]
store_ln101   (store        ) [ 00000000000]
add_ln102     (add          ) [ 00000000000]
store_ln102   (store        ) [ 00000000000]
h_1_loc_load  (load         ) [ 00000000000]
g_3_loc_load  (load         ) [ 00000000000]
add_ln103     (add          ) [ 00000000000]
store_ln103   (store        ) [ 00000000000]
add_ln104     (add          ) [ 00000000000]
store_ln104   (store        ) [ 00000000000]
ret_ln105     (ret          ) [ 00000000000]
</LifeTime>

<model>

<comp_list>
<comp id="0" class="1000" name="block_read">
<pin_list>
<pin id="1" dir="1" index="0" bw="1" slack="0"/>
</pin_list>
<bind>
<StgValue><ssdm name="block_read"/></StgValue>
</bind>
</comp>

<comp id="2" class="1000" name="block_read_79">
<pin_list>
<pin id="3" dir="1" index="0" bw="1" slack="0"/>
</pin_list>
<bind>
<StgValue><ssdm name="block_read_79"/></StgValue>
</bind>
</comp>

<comp id="4" class="1000" name="block_read_80">
<pin_list>
<pin id="5" dir="1" index="0" bw="1" slack="0"/>
</pin_list>
<bind>
<StgValue><ssdm name="block_read_80"/></StgValue>
</bind>
</comp>

<comp id="6" class="1000" name="block_read_81">
<pin_list>
<pin id="7" dir="1" index="0" bw="1" slack="0"/>
</pin_list>
<bind>
<StgValue><ssdm name="block_read_81"/></StgValue>
</bind>
</comp>

<comp id="8" class="1000" name="block_read_82">
<pin_list>
<pin id="9" dir="1" index="0" bw="1" slack="0"/>
</pin_list>
<bind>
<StgValue><ssdm name="block_read_82"/></StgValue>
</bind>
</comp>

<comp id="10" class="1000" name="block_read_83">
<pin_list>
<pin id="11" dir="1" index="0" bw="1" slack="0"/>
</pin_list>
<bind>
<StgValue><ssdm name="block_read_83"/></StgValue>
</bind>
</comp>

<comp id="12" class="1000" name="block_read_84">
<pin_list>
<pin id="13" dir="1" index="0" bw="1" slack="0"/>
</pin_list>
<bind>
<StgValue><ssdm name="block_read_84"/></StgValue>
</bind>
</comp>

<comp id="14" class="1000" name="block_read_85">
<pin_list>
<pin id="15" dir="1" index="0" bw="1" slack="0"/>
</pin_list>
<bind>
<StgValue><ssdm name="block_read_85"/></StgValue>
</bind>
</comp>

<comp id="16" class="1000" name="block_read_86">
<pin_list>
<pin id="17" dir="1" index="0" bw="1" slack="0"/>
</pin_list>
<bind>
<StgValue><ssdm name="block_read_86"/></StgValue>
</bind>
</comp>

<comp id="18" class="1000" name="block_read_87">
<pin_list>
<pin id="19" dir="1" index="0" bw="1" slack="0"/>
</pin_list>
<bind>
<StgValue><ssdm name="block_read_87"/></StgValue>
</bind>
</comp>

<comp id="20" class="1000" name="block_read_88">
<pin_list>
<pin id="21" dir="1" index="0" bw="1" slack="0"/>
</pin_list>
<bind>
<StgValue><ssdm name="block_read_88"/></StgValue>
</bind>
</comp>

<comp id="22" class="1000" name="block_read_89">
<pin_list>
<pin id="23" dir="1" index="0" bw="1" slack="0"/>
</pin_list>
<bind>
<StgValue><ssdm name="block_read_89"/></StgValue>
</bind>
</comp>

<comp id="24" class="1000" name="block_read_90">
<pin_list>
<pin id="25" dir="1" index="0" bw="1" slack="0"/>
</pin_list>
<bind>
<StgValue><ssdm name="block_read_90"/></StgValue>
</bind>
</comp>

<comp id="26" class="1000" name="block_read_91">
<pin_list>
<pin id="27" dir="1" index="0" bw="1" slack="0"/>
</pin_list>
<bind>
<StgValue><ssdm name="block_read_91"/></StgValue>
</bind>
</comp>

<comp id="28" class="1000" name="block_read_92">
<pin_list>
<pin id="29" dir="1" index="0" bw="1" slack="0"/>
</pin_list>
<bind>
<StgValue><ssdm name="block_read_92"/></StgValue>
</bind>
</comp>

<comp id="30" class="1000" name="block_read_93">
<pin_list>
<pin id="31" dir="1" index="0" bw="1" slack="0"/>
</pin_list>
<bind>
<StgValue><ssdm name="block_read_93"/></StgValue>
</bind>
</comp>

<comp id="32" class="1000" name="H">
<pin_list>
<pin id="33" dir="1" index="0" bw="1" slack="0"/>
</pin_list>
<bind>
<StgValue><ssdm name="H"/><MemPortTyVec>2 2 </MemPortTyVec>
</StgValue>
</bind>
</comp>

<comp id="34" class="1001" name="const_34">
<pin_list>
<pin id="35" dir="1" index="0" bw="1" slack="0"/>
</pin_list>
<bind>
<StgValue><ssdm name=""/></StgValue>
</bind>
</comp>

<comp id="36" class="1001" name="const_36">
<pin_list>
<pin id="37" dir="1" index="0" bw="1" slack="0"/>
</pin_list>
<bind>
<StgValue><ssdm name=""/></StgValue>
</bind>
</comp>

<comp id="38" class="1001" name="const_38">
<pin_list>
<pin id="39" dir="1" index="0" bw="1" slack="0"/>
</pin_list>
<bind>
<StgValue><ssdm name=""/></StgValue>
</bind>
</comp>

<comp id="40" class="1001" name="const_40">
<pin_list>
<pin id="41" dir="1" index="0" bw="1" slack="0"/>
</pin_list>
<bind>
<StgValue><ssdm name=""/></StgValue>
</bind>
</comp>

<comp id="42" class="1001" name="const_42">
<pin_list>
<pin id="43" dir="1" index="0" bw="1" slack="0"/>
</pin_list>
<bind>
<StgValue><ssdm name="_ssdm_op_Read.ap_auto.i32"/></StgValue>
</bind>
</comp>

<comp id="44" class="1001" name="const_44">
<pin_list>
<pin id="45" dir="1" index="0" bw="1" slack="0"/>
</pin_list>
<bind>
<StgValue><ssdm name="sha256_process_block_Pipeline_EXPAND_W"/></StgValue>
</bind>
</comp>

<comp id="46" class="1001" name="const_46">
<pin_list>
<pin id="47" dir="1" index="0" bw="1" slack="0"/>
</pin_list>
<bind>
<StgValue><ssdm name=""/></StgValue>
</bind>
</comp>

<comp id="48" class="1001" name="const_48">
<pin_list>
<pin id="49" dir="1" index="0" bw="1" slack="0"/>
</pin_list>
<bind>
<StgValue><ssdm name=""/></StgValue>
</bind>
</comp>

<comp id="50" class="1001" name="const_50">
<pin_list>
<pin id="51" dir="1" index="0" bw="1" slack="0"/>
</pin_list>
<bind>
<StgValue><ssdm name=""/></StgValue>
</bind>
</comp>

<comp id="52" class="1001" name="const_52">
<pin_list>
<pin id="53" dir="1" index="0" bw="1" slack="0"/>
</pin_list>
<bind>
<StgValue><ssdm name=""/></StgValue>
</bind>
</comp>

<comp id="54" class="1001" name="const_54">
<pin_list>
<pin id="55" dir="1" index="0" bw="1" slack="0"/>
</pin_list>
<bind>
<StgValue><ssdm name="sha256_process_block_Pipeline_COMPRESS"/></StgValue>
</bind>
</comp>

<comp id="56" class="1004" name="c_3_loc_fu_56">
<pin_list>
<pin id="57" dir="0" index="0" bw="1" slack="0"/>
<pin id="58" dir="1" index="1" bw="32" slack="4"/>
</pin_list>
<bind>
<opcode="alloca(26) " fcode="alloca"/>
<opset="c_3_loc/1 "/>
</bind>
</comp>

<comp id="60" class="1004" name="b_3_loc_fu_60">
<pin_list>
<pin id="61" dir="0" index="0" bw="1" slack="0"/>
<pin id="62" dir="1" index="1" bw="32" slack="4"/>
</pin_list>
<bind>
<opcode="alloca(26) " fcode="alloca"/>
<opset="b_3_loc/1 "/>
</bind>
</comp>

<comp id="64" class="1004" name="a_3_loc_fu_64">
<pin_list>
<pin id="65" dir="0" index="0" bw="1" slack="0"/>
<pin id="66" dir="1" index="1" bw="32" slack="4"/>
</pin_list>
<bind>
<opcode="alloca(26) " fcode="alloca"/>
<opset="a_3_loc/1 "/>
</bind>
</comp>

<comp id="68" class="1004" name="d_1_loc_fu_68">
<pin_list>
<pin id="69" dir="0" index="0" bw="1" slack="0"/>
<pin id="70" dir="1" index="1" bw="32" slack="4"/>
</pin_list>
<bind>
<opcode="alloca(26) " fcode="alloca"/>
<opset="d_1_loc/1 "/>
</bind>
</comp>

<comp id="72" class="1004" name="e_3_loc_fu_72">
<pin_list>
<pin id="73" dir="0" index="0" bw="1" slack="0"/>
<pin id="74" dir="1" index="1" bw="32" slack="4"/>
</pin_list>
<bind>
<opcode="alloca(26) " fcode="alloca"/>
<opset="e_3_loc/1 "/>
</bind>
</comp>

<comp id="76" class="1004" name="f_3_loc_fu_76">
<pin_list>
<pin id="77" dir="0" index="0" bw="1" slack="0"/>
<pin id="78" dir="1" index="1" bw="32" slack="4"/>
</pin_list>
<bind>
<opcode="alloca(26) " fcode="alloca"/>
<opset="f_3_loc/1 "/>
</bind>
</comp>

<comp id="80" class="1004" name="g_3_loc_fu_80">
<pin_list>
<pin id="81" dir="0" index="0" bw="1" slack="0"/>
<pin id="82" dir="1" index="1" bw="32" slack="4"/>
</pin_list>
<bind>
<opcode="alloca(26) " fcode="alloca"/>
<opset="g_3_loc/1 "/>
</bind>
</comp>

<comp id="84" class="1004" name="h_1_loc_fu_84">
<pin_list>
<pin id="85" dir="0" index="0" bw="1" slack="0"/>
<pin id="86" dir="1" index="1" bw="32" slack="4"/>
</pin_list>
<bind>
<opcode="alloca(26) " fcode="alloca"/>
<opset="h_1_loc/1 "/>
</bind>
</comp>

<comp id="88" class="1004" name="W_loc_fu_88">
<pin_list>
<pin id="89" dir="0" index="0" bw="1" slack="0"/>
<pin id="90" dir="1" index="1" bw="32" slack="2"/>
</pin_list>
<bind>
<opcode="alloca(26) " fcode="alloca"/>
<opset="W_loc/1 "/>
</bind>
</comp>

<comp id="92" class="1004" name="W_1_loc_fu_92">
<pin_list>
<pin id="93" dir="0" index="0" bw="1" slack="0"/>
<pin id="94" dir="1" index="1" bw="32" slack="2"/>
</pin_list>
<bind>
<opcode="alloca(26) " fcode="alloca"/>
<opset="W_1_loc/1 "/>
</bind>
</comp>

<comp id="96" class="1004" name="W_2_loc_fu_96">
<pin_list>
<pin id="97" dir="0" index="0" bw="1" slack="0"/>
<pin id="98" dir="1" index="1" bw="32" slack="2"/>
</pin_list>
<bind>
<opcode="alloca(26) " fcode="alloca"/>
<opset="W_2_loc/1 "/>
</bind>
</comp>

<comp id="100" class="1004" name="W_3_loc_fu_100">
<pin_list>
<pin id="101" dir="0" index="0" bw="1" slack="0"/>
<pin id="102" dir="1" index="1" bw="32" slack="2"/>
</pin_list>
<bind>
<opcode="alloca(26) " fcode="alloca"/>
<opset="W_3_loc/1 "/>
</bind>
</comp>

<comp id="104" class="1004" name="W_4_loc_fu_104">
<pin_list>
<pin id="105" dir="0" index="0" bw="1" slack="0"/>
<pin id="106" dir="1" index="1" bw="32" slack="2"/>
</pin_list>
<bind>
<opcode="alloca(26) " fcode="alloca"/>
<opset="W_4_loc/1 "/>
</bind>
</comp>

<comp id="108" class="1004" name="W_5_loc_fu_108">
<pin_list>
<pin id="109" dir="0" index="0" bw="1" slack="0"/>
<pin id="110" dir="1" index="1" bw="32" slack="2"/>
</pin_list>
<bind>
<opcode="alloca(26) " fcode="alloca"/>
<opset="W_5_loc/1 "/>
</bind>
</comp>

<comp id="112" class="1004" name="W_6_loc_fu_112">
<pin_list>
<pin id="113" dir="0" index="0" bw="1" slack="0"/>
<pin id="114" dir="1" index="1" bw="32" slack="2"/>
</pin_list>
<bind>
<opcode="alloca(26) " fcode="alloca"/>
<opset="W_6_loc/1 "/>
</bind>
</comp>

<comp id="116" class="1004" name="W_7_loc_fu_116">
<pin_list>
<pin id="117" dir="0" index="0" bw="1" slack="0"/>
<pin id="118" dir="1" index="1" bw="32" slack="2"/>
</pin_list>
<bind>
<opcode="alloca(26) " fcode="alloca"/>
<opset="W_7_loc/1 "/>
</bind>
</comp>

<comp id="120" class="1004" name="W_8_loc_fu_120">
<pin_list>
<pin id="121" dir="0" index="0" bw="1" slack="0"/>
<pin id="122" dir="1" index="1" bw="32" slack="2"/>
</pin_list>
<bind>
<opcode="alloca(26) " fcode="alloca"/>
<opset="W_8_loc/1 "/>
</bind>
</comp>

<comp id="124" class="1004" name="W_9_loc_fu_124">
<pin_list>
<pin id="125" dir="0" index="0" bw="1" slack="0"/>
<pin id="126" dir="1" index="1" bw="32" slack="2"/>
</pin_list>
<bind>
<opcode="alloca(26) " fcode="alloca"/>
<opset="W_9_loc/1 "/>
</bind>
</comp>

<comp id="128" class="1004" name="W_10_loc_fu_128">
<pin_list>
<pin id="129" dir="0" index="0" bw="1" slack="0"/>
<pin id="130" dir="1" index="1" bw="32" slack="2"/>
</pin_list>
<bind>
<opcode="alloca(26) " fcode="alloca"/>
<opset="W_10_loc/1 "/>
</bind>
</comp>

<comp id="132" class="1004" name="W_11_loc_fu_132">
<pin_list>
<pin id="133" dir="0" index="0" bw="1" slack="0"/>
<pin id="134" dir="1" index="1" bw="32" slack="2"/>
</pin_list>
<bind>
<opcode="alloca(26) " fcode="alloca"/>
<opset="W_11_loc/1 "/>
</bind>
</comp>

<comp id="136" class="1004" name="W_12_loc_fu_136">
<pin_list>
<pin id="137" dir="0" index="0" bw="1" slack="0"/>
<pin id="138" dir="1" index="1" bw="32" slack="2"/>
</pin_list>
<bind>
<opcode="alloca(26) " fcode="alloca"/>
<opset="W_12_loc/1 "/>
</bind>
</comp>

<comp id="140" class="1004" name="W_13_loc_fu_140">
<pin_list>
<pin id="141" dir="0" index="0" bw="1" slack="0"/>
<pin id="142" dir="1" index="1" bw="32" slack="2"/>
</pin_list>
<bind>
<opcode="alloca(26) " fcode="alloca"/>
<opset="W_13_loc/1 "/>
</bind>
</comp>

<comp id="144" class="1004" name="W_14_loc_fu_144">
<pin_list>
<pin id="145" dir="0" index="0" bw="1" slack="0"/>
<pin id="146" dir="1" index="1" bw="32" slack="2"/>
</pin_list>
<bind>
<opcode="alloca(26) " fcode="alloca"/>
<opset="W_14_loc/1 "/>
</bind>
</comp>

<comp id="148" class="1004" name="W_15_loc_fu_148">
<pin_list>
<pin id="149" dir="0" index="0" bw="1" slack="0"/>
<pin id="150" dir="1" index="1" bw="32" slack="2"/>
</pin_list>
<bind>
<opcode="alloca(26) " fcode="alloca"/>
<opset="W_15_loc/1 "/>
</bind>
</comp>

<comp id="152" class="1004" name="W_16_loc_fu_152">
<pin_list>
<pin id="153" dir="0" index="0" bw="1" slack="0"/>
<pin id="154" dir="1" index="1" bw="32" slack="2"/>
</pin_list>
<bind>
<opcode="alloca(26) " fcode="alloca"/>
<opset="W_16_loc/1 "/>
</bind>
</comp>

<comp id="156" class="1004" name="W_17_loc_fu_156">
<pin_list>
<pin id="157" dir="0" index="0" bw="1" slack="0"/>
<pin id="158" dir="1" index="1" bw="32" slack="2"/>
</pin_list>
<bind>
<opcode="alloca(26) " fcode="alloca"/>
<opset="W_17_loc/1 "/>
</bind>
</comp>

<comp id="160" class="1004" name="W_18_loc_fu_160">
<pin_list>
<pin id="161" dir="0" index="0" bw="1" slack="0"/>
<pin id="162" dir="1" index="1" bw="32" slack="2"/>
</pin_list>
<bind>
<opcode="alloca(26) " fcode="alloca"/>
<opset="W_18_loc/1 "/>
</bind>
</comp>

<comp id="164" class="1004" name="W_19_loc_fu_164">
<pin_list>
<pin id="165" dir="0" index="0" bw="1" slack="0"/>
<pin id="166" dir="1" index="1" bw="32" slack="2"/>
</pin_list>
<bind>
<opcode="alloca(26) " fcode="alloca"/>
<opset="W_19_loc/1 "/>
</bind>
</comp>

<comp id="168" class="1004" name="W_20_loc_fu_168">
<pin_list>
<pin id="169" dir="0" index="0" bw="1" slack="0"/>
<pin id="170" dir="1" index="1" bw="32" slack="2"/>
</pin_list>
<bind>
<opcode="alloca(26) " fcode="alloca"/>
<opset="W_20_loc/1 "/>
</bind>
</comp>

<comp id="172" class="1004" name="W_21_loc_fu_172">
<pin_list>
<pin id="173" dir="0" index="0" bw="1" slack="0"/>
<pin id="174" dir="1" index="1" bw="32" slack="2"/>
</pin_list>
<bind>
<opcode="alloca(26) " fcode="alloca"/>
<opset="W_21_loc/1 "/>
</bind>
</comp>

<comp id="176" class="1004" name="W_22_loc_fu_176">
<pin_list>
<pin id="177" dir="0" index="0" bw="1" slack="0"/>
<pin id="178" dir="1" index="1" bw="32" slack="2"/>
</pin_list>
<bind>
<opcode="alloca(26) " fcode="alloca"/>
<opset="W_22_loc/1 "/>
</bind>
</comp>

<comp id="180" class="1004" name="W_23_loc_fu_180">
<pin_list>
<pin id="181" dir="0" index="0" bw="1" slack="0"/>
<pin id="182" dir="1" index="1" bw="32" slack="2"/>
</pin_list>
<bind>
<opcode="alloca(26) " fcode="alloca"/>
<opset="W_23_loc/1 "/>
</bind>
</comp>

<comp id="184" class="1004" name="W_24_loc_fu_184">
<pin_list>
<pin id="185" dir="0" index="0" bw="1" slack="0"/>
<pin id="186" dir="1" index="1" bw="32" slack="2"/>
</pin_list>
<bind>
<opcode="alloca(26) " fcode="alloca"/>
<opset="W_24_loc/1 "/>
</bind>
</comp>

<comp id="188" class="1004" name="W_25_loc_fu_188">
<pin_list>
<pin id="189" dir="0" index="0" bw="1" slack="0"/>
<pin id="190" dir="1" index="1" bw="32" slack="2"/>
</pin_list>
<bind>
<opcode="alloca(26) " fcode="alloca"/>
<opset="W_25_loc/1 "/>
</bind>
</comp>

<comp id="192" class="1004" name="W_26_loc_fu_192">
<pin_list>
<pin id="193" dir="0" index="0" bw="1" slack="0"/>
<pin id="194" dir="1" index="1" bw="32" slack="2"/>
</pin_list>
<bind>
<opcode="alloca(26) " fcode="alloca"/>
<opset="W_26_loc/1 "/>
</bind>
</comp>

<comp id="196" class="1004" name="W_27_loc_fu_196">
<pin_list>
<pin id="197" dir="0" index="0" bw="1" slack="0"/>
<pin id="198" dir="1" index="1" bw="32" slack="2"/>
</pin_list>
<bind>
<opcode="alloca(26) " fcode="alloca"/>
<opset="W_27_loc/1 "/>
</bind>
</comp>

<comp id="200" class="1004" name="W_28_loc_fu_200">
<pin_list>
<pin id="201" dir="0" index="0" bw="1" slack="0"/>
<pin id="202" dir="1" index="1" bw="32" slack="2"/>
</pin_list>
<bind>
<opcode="alloca(26) " fcode="alloca"/>
<opset="W_28_loc/1 "/>
</bind>
</comp>

<comp id="204" class="1004" name="W_29_loc_fu_204">
<pin_list>
<pin id="205" dir="0" index="0" bw="1" slack="0"/>
<pin id="206" dir="1" index="1" bw="32" slack="2"/>
</pin_list>
<bind>
<opcode="alloca(26) " fcode="alloca"/>
<opset="W_29_loc/1 "/>
</bind>
</comp>

<comp id="208" class="1004" name="W_30_loc_fu_208">
<pin_list>
<pin id="209" dir="0" index="0" bw="1" slack="0"/>
<pin id="210" dir="1" index="1" bw="32" slack="2"/>
</pin_list>
<bind>
<opcode="alloca(26) " fcode="alloca"/>
<opset="W_30_loc/1 "/>
</bind>
</comp>

<comp id="212" class="1004" name="W_31_loc_fu_212">
<pin_list>
<pin id="213" dir="0" index="0" bw="1" slack="0"/>
<pin id="214" dir="1" index="1" bw="32" slack="2"/>
</pin_list>
<bind>
<opcode="alloca(26) " fcode="alloca"/>
<opset="W_31_loc/1 "/>
</bind>
</comp>

<comp id="216" class="1004" name="W_32_loc_fu_216">
<pin_list>
<pin id="217" dir="0" index="0" bw="1" slack="0"/>
<pin id="218" dir="1" index="1" bw="32" slack="2"/>
</pin_list>
<bind>
<opcode="alloca(26) " fcode="alloca"/>
<opset="W_32_loc/1 "/>
</bind>
</comp>

<comp id="220" class="1004" name="W_33_loc_fu_220">
<pin_list>
<pin id="221" dir="0" index="0" bw="1" slack="0"/>
<pin id="222" dir="1" index="1" bw="32" slack="2"/>
</pin_list>
<bind>
<opcode="alloca(26) " fcode="alloca"/>
<opset="W_33_loc/1 "/>
</bind>
</comp>

<comp id="224" class="1004" name="W_34_loc_fu_224">
<pin_list>
<pin id="225" dir="0" index="0" bw="1" slack="0"/>
<pin id="226" dir="1" index="1" bw="32" slack="2"/>
</pin_list>
<bind>
<opcode="alloca(26) " fcode="alloca"/>
<opset="W_34_loc/1 "/>
</bind>
</comp>

<comp id="228" class="1004" name="W_35_loc_fu_228">
<pin_list>
<pin id="229" dir="0" index="0" bw="1" slack="0"/>
<pin id="230" dir="1" index="1" bw="32" slack="2"/>
</pin_list>
<bind>
<opcode="alloca(26) " fcode="alloca"/>
<opset="W_35_loc/1 "/>
</bind>
</comp>

<comp id="232" class="1004" name="W_36_loc_fu_232">
<pin_list>
<pin id="233" dir="0" index="0" bw="1" slack="0"/>
<pin id="234" dir="1" index="1" bw="32" slack="2"/>
</pin_list>
<bind>
<opcode="alloca(26) " fcode="alloca"/>
<opset="W_36_loc/1 "/>
</bind>
</comp>

<comp id="236" class="1004" name="W_37_loc_fu_236">
<pin_list>
<pin id="237" dir="0" index="0" bw="1" slack="0"/>
<pin id="238" dir="1" index="1" bw="32" slack="2"/>
</pin_list>
<bind>
<opcode="alloca(26) " fcode="alloca"/>
<opset="W_37_loc/1 "/>
</bind>
</comp>

<comp id="240" class="1004" name="W_38_loc_fu_240">
<pin_list>
<pin id="241" dir="0" index="0" bw="1" slack="0"/>
<pin id="242" dir="1" index="1" bw="32" slack="2"/>
</pin_list>
<bind>
<opcode="alloca(26) " fcode="alloca"/>
<opset="W_38_loc/1 "/>
</bind>
</comp>

<comp id="244" class="1004" name="W_39_loc_fu_244">
<pin_list>
<pin id="245" dir="0" index="0" bw="1" slack="0"/>
<pin id="246" dir="1" index="1" bw="32" slack="2"/>
</pin_list>
<bind>
<opcode="alloca(26) " fcode="alloca"/>
<opset="W_39_loc/1 "/>
</bind>
</comp>

<comp id="248" class="1004" name="W_40_loc_fu_248">
<pin_list>
<pin id="249" dir="0" index="0" bw="1" slack="0"/>
<pin id="250" dir="1" index="1" bw="32" slack="2"/>
</pin_list>
<bind>
<opcode="alloca(26) " fcode="alloca"/>
<opset="W_40_loc/1 "/>
</bind>
</comp>

<comp id="252" class="1004" name="W_41_loc_fu_252">
<pin_list>
<pin id="253" dir="0" index="0" bw="1" slack="0"/>
<pin id="254" dir="1" index="1" bw="32" slack="2"/>
</pin_list>
<bind>
<opcode="alloca(26) " fcode="alloca"/>
<opset="W_41_loc/1 "/>
</bind>
</comp>

<comp id="256" class="1004" name="W_42_loc_fu_256">
<pin_list>
<pin id="257" dir="0" index="0" bw="1" slack="0"/>
<pin id="258" dir="1" index="1" bw="32" slack="2"/>
</pin_list>
<bind>
<opcode="alloca(26) " fcode="alloca"/>
<opset="W_42_loc/1 "/>
</bind>
</comp>

<comp id="260" class="1004" name="W_43_loc_fu_260">
<pin_list>
<pin id="261" dir="0" index="0" bw="1" slack="0"/>
<pin id="262" dir="1" index="1" bw="32" slack="2"/>
</pin_list>
<bind>
<opcode="alloca(26) " fcode="alloca"/>
<opset="W_43_loc/1 "/>
</bind>
</comp>

<comp id="264" class="1004" name="W_44_loc_fu_264">
<pin_list>
<pin id="265" dir="0" index="0" bw="1" slack="0"/>
<pin id="266" dir="1" index="1" bw="32" slack="2"/>
</pin_list>
<bind>
<opcode="alloca(26) " fcode="alloca"/>
<opset="W_44_loc/1 "/>
</bind>
</comp>

<comp id="268" class="1004" name="W_45_loc_fu_268">
<pin_list>
<pin id="269" dir="0" index="0" bw="1" slack="0"/>
<pin id="270" dir="1" index="1" bw="32" slack="2"/>
</pin_list>
<bind>
<opcode="alloca(26) " fcode="alloca"/>
<opset="W_45_loc/1 "/>
</bind>
</comp>

<comp id="272" class="1004" name="W_46_loc_fu_272">
<pin_list>
<pin id="273" dir="0" index="0" bw="1" slack="0"/>
<pin id="274" dir="1" index="1" bw="32" slack="2"/>
</pin_list>
<bind>
<opcode="alloca(26) " fcode="alloca"/>
<opset="W_46_loc/1 "/>
</bind>
</comp>

<comp id="276" class="1004" name="W_47_loc_fu_276">
<pin_list>
<pin id="277" dir="0" index="0" bw="1" slack="0"/>
<pin id="278" dir="1" index="1" bw="32" slack="2"/>
</pin_list>
<bind>
<opcode="alloca(26) " fcode="alloca"/>
<opset="W_47_loc/1 "/>
</bind>
</comp>

<comp id="280" class="1004" name="block_read_48_read_fu_280">
<pin_list>
<pin id="281" dir="0" index="0" bw="32" slack="0"/>
<pin id="282" dir="0" index="1" bw="32" slack="0"/>
<pin id="283" dir="1" index="2" bw="32" slack="0"/>
</pin_list>
<bind>
<opcode="read(1150) " fcode="read"/>
<opset="block_read_48/3 "/>
</bind>
</comp>

<comp id="286" class="1004" name="block_read_49_read_fu_286">
<pin_list>
<pin id="287" dir="0" index="0" bw="32" slack="0"/>
<pin id="288" dir="0" index="1" bw="32" slack="0"/>
<pin id="289" dir="1" index="2" bw="32" slack="0"/>
</pin_list>
<bind>
<opcode="read(1150) " fcode="read"/>
<opset="block_read_49/3 "/>
</bind>
</comp>

<comp id="292" class="1004" name="block_read_50_read_fu_292">
<pin_list>
<pin id="293" dir="0" index="0" bw="32" slack="0"/>
<pin id="294" dir="0" index="1" bw="32" slack="0"/>
<pin id="295" dir="1" index="2" bw="32" slack="0"/>
</pin_list>
<bind>
<opcode="read(1150) " fcode="read"/>
<opset="block_read_50/3 "/>
</bind>
</comp>

<comp id="298" class="1004" name="block_read_51_read_fu_298">
<pin_list>
<pin id="299" dir="0" index="0" bw="32" slack="0"/>
<pin id="300" dir="0" index="1" bw="32" slack="0"/>
<pin id="301" dir="1" index="2" bw="32" slack="0"/>
</pin_list>
<bind>
<opcode="read(1150) " fcode="read"/>
<opset="block_read_51/3 "/>
</bind>
</comp>

<comp id="304" class="1004" name="block_read_52_read_fu_304">
<pin_list>
<pin id="305" dir="0" index="0" bw="32" slack="0"/>
<pin id="306" dir="0" index="1" bw="32" slack="0"/>
<pin id="307" dir="1" index="2" bw="32" slack="0"/>
</pin_list>
<bind>
<opcode="read(1150) " fcode="read"/>
<opset="block_read_52/3 "/>
</bind>
</comp>

<comp id="310" class="1004" name="block_read_53_read_fu_310">
<pin_list>
<pin id="311" dir="0" index="0" bw="32" slack="0"/>
<pin id="312" dir="0" index="1" bw="32" slack="0"/>
<pin id="313" dir="1" index="2" bw="32" slack="0"/>
</pin_list>
<bind>
<opcode="read(1150) " fcode="read"/>
<opset="block_read_53/3 "/>
</bind>
</comp>

<comp id="316" class="1004" name="block_read_54_read_fu_316">
<pin_list>
<pin id="317" dir="0" index="0" bw="32" slack="0"/>
<pin id="318" dir="0" index="1" bw="32" slack="0"/>
<pin id="319" dir="1" index="2" bw="32" slack="0"/>
</pin_list>
<bind>
<opcode="read(1150) " fcode="read"/>
<opset="block_read_54/3 "/>
</bind>
</comp>

<comp id="322" class="1004" name="block_read_55_read_fu_322">
<pin_list>
<pin id="323" dir="0" index="0" bw="32" slack="0"/>
<pin id="324" dir="0" index="1" bw="32" slack="0"/>
<pin id="325" dir="1" index="2" bw="32" slack="0"/>
</pin_list>
<bind>
<opcode="read(1150) " fcode="read"/>
<opset="block_read_55/3 "/>
</bind>
</comp>

<comp id="328" class="1004" name="block_read_56_read_fu_328">
<pin_list>
<pin id="329" dir="0" index="0" bw="32" slack="0"/>
<pin id="330" dir="0" index="1" bw="32" slack="0"/>
<pin id="331" dir="1" index="2" bw="32" slack="0"/>
</pin_list>
<bind>
<opcode="read(1150) " fcode="read"/>
<opset="block_read_56/3 "/>
</bind>
</comp>

<comp id="334" class="1004" name="block_read_57_read_fu_334">
<pin_list>
<pin id="335" dir="0" index="0" bw="32" slack="0"/>
<pin id="336" dir="0" index="1" bw="32" slack="0"/>
<pin id="337" dir="1" index="2" bw="32" slack="0"/>
</pin_list>
<bind>
<opcode="read(1150) " fcode="read"/>
<opset="block_read_57/3 "/>
</bind>
</comp>

<comp id="340" class="1004" name="block_read_58_read_fu_340">
<pin_list>
<pin id="341" dir="0" index="0" bw="32" slack="0"/>
<pin id="342" dir="0" index="1" bw="32" slack="0"/>
<pin id="343" dir="1" index="2" bw="32" slack="0"/>
</pin_list>
<bind>
<opcode="read(1150) " fcode="read"/>
<opset="block_read_58/3 "/>
</bind>
</comp>

<comp id="346" class="1004" name="block_read_59_read_fu_346">
<pin_list>
<pin id="347" dir="0" index="0" bw="32" slack="0"/>
<pin id="348" dir="0" index="1" bw="32" slack="0"/>
<pin id="349" dir="1" index="2" bw="32" slack="0"/>
</pin_list>
<bind>
<opcode="read(1150) " fcode="read"/>
<opset="block_read_59/3 "/>
</bind>
</comp>

<comp id="352" class="1004" name="block_read_60_read_fu_352">
<pin_list>
<pin id="353" dir="0" index="0" bw="32" slack="0"/>
<pin id="354" dir="0" index="1" bw="32" slack="0"/>
<pin id="355" dir="1" index="2" bw="32" slack="0"/>
</pin_list>
<bind>
<opcode="read(1150) " fcode="read"/>
<opset="block_read_60/3 "/>
</bind>
</comp>

<comp id="358" class="1004" name="block_read_61_read_fu_358">
<pin_list>
<pin id="359" dir="0" index="0" bw="32" slack="0"/>
<pin id="360" dir="0" index="1" bw="32" slack="0"/>
<pin id="361" dir="1" index="2" bw="32" slack="0"/>
</pin_list>
<bind>
<opcode="read(1150) " fcode="read"/>
<opset="block_read_61/3 "/>
</bind>
</comp>

<comp id="364" class="1004" name="block_read_62_read_fu_364">
<pin_list>
<pin id="365" dir="0" index="0" bw="32" slack="0"/>
<pin id="366" dir="0" index="1" bw="32" slack="0"/>
<pin id="367" dir="1" index="2" bw="32" slack="0"/>
</pin_list>
<bind>
<opcode="read(1150) " fcode="read"/>
<opset="block_read_62/3 "/>
</bind>
</comp>

<comp id="370" class="1004" name="block_read_63_read_fu_370">
<pin_list>
<pin id="371" dir="0" index="0" bw="32" slack="0"/>
<pin id="372" dir="0" index="1" bw="32" slack="0"/>
<pin id="373" dir="1" index="2" bw="32" slack="0"/>
</pin_list>
<bind>
<opcode="read(1150) " fcode="read"/>
<opset="block_read_63/3 "/>
</bind>
</comp>

<comp id="376" class="1004" name="H_addr_gep_fu_376">
<pin_list>
<pin id="377" dir="0" index="0" bw="32" slack="0"/>
<pin id="378" dir="0" index="1" bw="1" slack="0"/>
<pin id="379" dir="0" index="2" bw="1" slack="0"/>
<pin id="380" dir="1" index="3" bw="3" slack="0"/>
</pin_list>
<bind>
<opcode="getelementptr(29) " fcode="getelementptr"/>
<opset="H_addr/1 "/>
</bind>
</comp>

<comp id="384" class="1004" name="grp_access_fu_384">
<pin_list>
<pin id="385" dir="0" index="0" bw="3" slack="0"/>
<pin id="386" dir="0" index="1" bw="32" slack="0"/>
<pin id="387" dir="0" index="2" bw="0" slack="0"/>
<pin id="389" dir="0" index="4" bw="3" slack="0"/>
<pin id="390" dir="0" index="5" bw="32" slack="2147483647"/>
<pin id="391" dir="0" index="6" bw="0" slack="2147483647"/>
<pin id="388" dir="1" index="3" bw="32" slack="0"/>
<pin id="392" dir="1" index="7" bw="32" slack="0"/>
</pin_list>
<bind>
<opcode="load(27) store(28) " fcode="store"/>
<opset="a/1 b/1 c/2 d/2 e/3 f/3 g/4 h/4 store_ln97/7 store_ln98/7 store_ln99/8 store_ln100/8 store_ln101/9 store_ln102/9 store_ln103/10 store_ln104/10 "/>
</bind>
</comp>

<comp id="394" class="1004" name="H_addr_8_gep_fu_394">
<pin_list>
<pin id="395" dir="0" index="0" bw="32" slack="0"/>
<pin id="396" dir="0" index="1" bw="1" slack="0"/>
<pin id="397" dir="0" index="2" bw="1" slack="0"/>
<pin id="398" dir="1" index="3" bw="3" slack="0"/>
</pin_list>
<bind>
<opcode="getelementptr(29) " fcode="getelementptr"/>
<opset="H_addr_8/1 "/>
</bind>
</comp>

<comp id="403" class="1004" name="H_addr_9_gep_fu_403">
<pin_list>
<pin id="404" dir="0" index="0" bw="32" slack="0"/>
<pin id="405" dir="0" index="1" bw="1" slack="0"/>
<pin id="406" dir="0" index="2" bw="3" slack="0"/>
<pin id="407" dir="1" index="3" bw="3" slack="0"/>
</pin_list>
<bind>
<opcode="getelementptr(29) " fcode="getelementptr"/>
<opset="H_addr_9/2 "/>
</bind>
</comp>

<comp id="412" class="1004" name="H_addr_10_gep_fu_412">
<pin_list>
<pin id="413" dir="0" index="0" bw="32" slack="0"/>
<pin id="414" dir="0" index="1" bw="1" slack="0"/>
<pin id="415" dir="0" index="2" bw="3" slack="0"/>
<pin id="416" dir="1" index="3" bw="3" slack="0"/>
</pin_list>
<bind>
<opcode="getelementptr(29) " fcode="getelementptr"/>
<opset="H_addr_10/2 "/>
</bind>
</comp>

<comp id="421" class="1004" name="H_addr_11_gep_fu_421">
<pin_list>
<pin id="422" dir="0" index="0" bw="32" slack="0"/>
<pin id="423" dir="0" index="1" bw="1" slack="0"/>
<pin id="424" dir="0" index="2" bw="4" slack="0"/>
<pin id="425" dir="1" index="3" bw="3" slack="0"/>
</pin_list>
<bind>
<opcode="getelementptr(29) " fcode="getelementptr"/>
<opset="H_addr_11/3 "/>
</bind>
</comp>

<comp id="430" class="1004" name="H_addr_12_gep_fu_430">
<pin_list>
<pin id="431" dir="0" index="0" bw="32" slack="0"/>
<pin id="432" dir="0" index="1" bw="1" slack="0"/>
<pin id="433" dir="0" index="2" bw="4" slack="0"/>
<pin id="434" dir="1" index="3" bw="3" slack="0"/>
</pin_list>
<bind>
<opcode="getelementptr(29) " fcode="getelementptr"/>
<opset="H_addr_12/3 "/>
</bind>
</comp>

<comp id="439" class="1004" name="H_addr_13_gep_fu_439">
<pin_list>
<pin id="440" dir="0" index="0" bw="32" slack="0"/>
<pin id="441" dir="0" index="1" bw="1" slack="0"/>
<pin id="442" dir="0" index="2" bw="4" slack="0"/>
<pin id="443" dir="1" index="3" bw="3" slack="0"/>
</pin_list>
<bind>
<opcode="getelementptr(29) " fcode="getelementptr"/>
<opset="H_addr_13/4 "/>
</bind>
</comp>

<comp id="448" class="1004" name="H_addr_14_gep_fu_448">
<pin_list>
<pin id="449" dir="0" index="0" bw="32" slack="0"/>
<pin id="450" dir="0" index="1" bw="1" slack="0"/>
<pin id="451" dir="0" index="2" bw="4" slack="0"/>
<pin id="452" dir="1" index="3" bw="3" slack="0"/>
</pin_list>
<bind>
<opcode="getelementptr(29) " fcode="getelementptr"/>
<opset="H_addr_14/4 "/>
</bind>
</comp>

<comp id="457" class="1004" name="grp_sha256_process_block_Pipeline_EXPAND_W_fu_457">
<pin_list>
<pin id="458" dir="0" index="0" bw="0" slack="0"/>
<pin id="459" dir="0" index="1" bw="32" slack="0"/>
<pin id="460" dir="0" index="2" bw="32" slack="0"/>
<pin id="461" dir="0" index="3" bw="32" slack="0"/>
<pin id="462" dir="0" index="4" bw="32" slack="0"/>
<pin id="463" dir="0" index="5" bw="32" slack="0"/>
<pin id="464" dir="0" index="6" bw="32" slack="0"/>
<pin id="465" dir="0" index="7" bw="32" slack="0"/>
<pin id="466" dir="0" index="8" bw="32" slack="0"/>
<pin id="467" dir="0" index="9" bw="32" slack="0"/>
<pin id="468" dir="0" index="10" bw="32" slack="0"/>
<pin id="469" dir="0" index="11" bw="32" slack="0"/>
<pin id="470" dir="0" index="12" bw="32" slack="0"/>
<pin id="471" dir="0" index="13" bw="32" slack="0"/>
<pin id="472" dir="0" index="14" bw="32" slack="0"/>
<pin id="473" dir="0" index="15" bw="32" slack="0"/>
<pin id="474" dir="0" index="16" bw="32" slack="0"/>
<pin id="475" dir="0" index="17" bw="32" slack="2"/>
<pin id="476" dir="0" index="18" bw="32" slack="2"/>
<pin id="477" dir="0" index="19" bw="32" slack="2"/>
<pin id="478" dir="0" index="20" bw="32" slack="2"/>
<pin id="479" dir="0" index="21" bw="32" slack="2"/>
<pin id="480" dir="0" index="22" bw="32" slack="2"/>
<pin id="481" dir="0" index="23" bw="32" slack="2"/>
<pin id="482" dir="0" index="24" bw="32" slack="2"/>
<pin id="483" dir="0" index="25" bw="32" slack="2"/>
<pin id="484" dir="0" index="26" bw="32" slack="2"/>
<pin id="485" dir="0" index="27" bw="32" slack="2"/>
<pin id="486" dir="0" index="28" bw="32" slack="2"/>
<pin id="487" dir="0" index="29" bw="32" slack="2"/>
<pin id="488" dir="0" index="30" bw="32" slack="2"/>
<pin id="489" dir="0" index="31" bw="32" slack="2"/>
<pin id="490" dir="0" index="32" bw="32" slack="2"/>
<pin id="491" dir="0" index="33" bw="32" slack="2"/>
<pin id="492" dir="0" index="34" bw="32" slack="2"/>
<pin id="493" dir="0" index="35" bw="32" slack="2"/>
<pin id="494" dir="0" index="36" bw="32" slack="2"/>
<pin id="495" dir="0" index="37" bw="32" slack="2"/>
<pin id="496" dir="0" index="38" bw="32" slack="2"/>
<pin id="497" dir="0" index="39" bw="32" slack="2"/>
<pin id="498" dir="0" index="40" bw="32" slack="2"/>
<pin id="499" dir="0" index="41" bw="32" slack="2"/>
<pin id="500" dir="0" index="42" bw="32" slack="2"/>
<pin id="501" dir="0" index="43" bw="32" slack="2"/>
<pin id="502" dir="0" index="44" bw="32" slack="2"/>
<pin id="503" dir="0" index="45" bw="32" slack="2"/>
<pin id="504" dir="0" index="46" bw="32" slack="2"/>
<pin id="505" dir="0" index="47" bw="32" slack="2"/>
<pin id="506" dir="0" index="48" bw="32" slack="2"/>
<pin id="507" dir="0" index="49" bw="32" slack="2"/>
<pin id="508" dir="0" index="50" bw="32" slack="2"/>
<pin id="509" dir="0" index="51" bw="32" slack="2"/>
<pin id="510" dir="0" index="52" bw="32" slack="2"/>
<pin id="511" dir="0" index="53" bw="32" slack="2"/>
<pin id="512" dir="0" index="54" bw="32" slack="2"/>
<pin id="513" dir="0" index="55" bw="32" slack="2"/>
<pin id="514" dir="0" index="56" bw="32" slack="2"/>
<pin id="515" dir="0" index="57" bw="32" slack="2"/>
<pin id="516" dir="0" index="58" bw="32" slack="2"/>
<pin id="517" dir="0" index="59" bw="32" slack="2"/>
<pin id="518" dir="0" index="60" bw="32" slack="2"/>
<pin id="519" dir="0" index="61" bw="32" slack="2"/>
<pin id="520" dir="0" index="62" bw="32" slack="2"/>
<pin id="521" dir="0" index="63" bw="32" slack="2"/>
<pin id="522" dir="0" index="64" bw="32" slack="2"/>
<pin id="523" dir="1" index="65" bw="0" slack="2147483647"/>
</pin_list>
<bind>
<opcode="call(48) " fcode="call"/>
<opset="call_ln0/3 "/>
</bind>
</comp>

<comp id="541" class="1004" name="grp_sha256_process_block_Pipeline_COMPRESS_fu_541">
<pin_list>
<pin id="542" dir="0" index="0" bw="0" slack="0"/>
<pin id="543" dir="0" index="1" bw="32" slack="0"/>
<pin id="544" dir="0" index="2" bw="32" slack="0"/>
<pin id="545" dir="0" index="3" bw="32" slack="1"/>
<pin id="546" dir="0" index="4" bw="32" slack="1"/>
<pin id="547" dir="0" index="5" bw="32" slack="2"/>
<pin id="548" dir="0" index="6" bw="32" slack="3"/>
<pin id="549" dir="0" index="7" bw="32" slack="3"/>
<pin id="550" dir="0" index="8" bw="32" slack="2"/>
<pin id="551" dir="0" index="9" bw="32" slack="2"/>
<pin id="552" dir="0" index="10" bw="32" slack="2"/>
<pin id="553" dir="0" index="11" bw="32" slack="2"/>
<pin id="554" dir="0" index="12" bw="32" slack="2"/>
<pin id="555" dir="0" index="13" bw="32" slack="2"/>
<pin id="556" dir="0" index="14" bw="32" slack="2"/>
<pin id="557" dir="0" index="15" bw="32" slack="2"/>
<pin id="558" dir="0" index="16" bw="32" slack="2"/>
<pin id="559" dir="0" index="17" bw="32" slack="2"/>
<pin id="560" dir="0" index="18" bw="32" slack="2"/>
<pin id="561" dir="0" index="19" bw="32" slack="2"/>
<pin id="562" dir="0" index="20" bw="32" slack="2"/>
<pin id="563" dir="0" index="21" bw="32" slack="2"/>
<pin id="564" dir="0" index="22" bw="32" slack="2"/>
<pin id="565" dir="0" index="23" bw="32" slack="2"/>
<pin id="566" dir="0" index="24" bw="32" slack="2"/>
<pin id="567" dir="0" index="25" bw="32" slack="0"/>
<pin id="568" dir="0" index="26" bw="32" slack="0"/>
<pin id="569" dir="0" index="27" bw="32" slack="0"/>
<pin id="570" dir="0" index="28" bw="32" slack="0"/>
<pin id="571" dir="0" index="29" bw="32" slack="0"/>
<pin id="572" dir="0" index="30" bw="32" slack="0"/>
<pin id="573" dir="0" index="31" bw="32" slack="0"/>
<pin id="574" dir="0" index="32" bw="32" slack="0"/>
<pin id="575" dir="0" index="33" bw="32" slack="0"/>
<pin id="576" dir="0" index="34" bw="32" slack="0"/>
<pin id="577" dir="0" index="35" bw="32" slack="0"/>
<pin id="578" dir="0" index="36" bw="32" slack="0"/>
<pin id="579" dir="0" index="37" bw="32" slack="0"/>
<pin id="580" dir="0" index="38" bw="32" slack="0"/>
<pin id="581" dir="0" index="39" bw="32" slack="0"/>
<pin id="582" dir="0" index="40" bw="32" slack="0"/>
<pin id="583" dir="0" index="41" bw="32" slack="0"/>
<pin id="584" dir="0" index="42" bw="32" slack="0"/>
<pin id="585" dir="0" index="43" bw="32" slack="0"/>
<pin id="586" dir="0" index="44" bw="32" slack="0"/>
<pin id="587" dir="0" index="45" bw="32" slack="0"/>
<pin id="588" dir="0" index="46" bw="32" slack="0"/>
<pin id="589" dir="0" index="47" bw="32" slack="0"/>
<pin id="590" dir="0" index="48" bw="32" slack="0"/>
<pin id="591" dir="0" index="49" bw="32" slack="0"/>
<pin id="592" dir="0" index="50" bw="32" slack="0"/>
<pin id="593" dir="0" index="51" bw="32" slack="0"/>
<pin id="594" dir="0" index="52" bw="32" slack="0"/>
<pin id="595" dir="0" index="53" bw="32" slack="0"/>
<pin id="596" dir="0" index="54" bw="32" slack="0"/>
<pin id="597" dir="0" index="55" bw="32" slack="0"/>
<pin id="598" dir="0" index="56" bw="32" slack="0"/>
<pin id="599" dir="0" index="57" bw="32" slack="0"/>
<pin id="600" dir="0" index="58" bw="32" slack="0"/>
<pin id="601" dir="0" index="59" bw="32" slack="0"/>
<pin id="602" dir="0" index="60" bw="32" slack="0"/>
<pin id="603" dir="0" index="61" bw="32" slack="0"/>
<pin id="604" dir="0" index="62" bw="32" slack="0"/>
<pin id="605" dir="0" index="63" bw="32" slack="0"/>
<pin id="606" dir="0" index="64" bw="32" slack="0"/>
<pin id="607" dir="0" index="65" bw="32" slack="0"/>
<pin id="608" dir="0" index="66" bw="32" slack="0"/>
<pin id="609" dir="0" index="67" bw="32" slack="0"/>
<pin id="610" dir="0" index="68" bw="32" slack="0"/>
<pin id="611" dir="0" index="69" bw="32" slack="0"/>
<pin id="612" dir="0" index="70" bw="32" slack="0"/>
<pin id="613" dir="0" index="71" bw="32" slack="0"/>
<pin id="614" dir="0" index="72" bw="32" slack="0"/>
<pin id="615" dir="0" index="73" bw="32" slack="4"/>
<pin id="616" dir="0" index="74" bw="32" slack="4"/>
<pin id="617" dir="0" index="75" bw="32" slack="4"/>
<pin id="618" dir="0" index="76" bw="32" slack="4"/>
<pin id="619" dir="0" index="77" bw="32" slack="4"/>
<pin id="620" dir="0" index="78" bw="32" slack="4"/>
<pin id="621" dir="0" index="79" bw="32" slack="4"/>
<pin id="622" dir="0" index="80" bw="32" slack="4"/>
<pin id="623" dir="1" index="81" bw="0" slack="2147483647"/>
</pin_list>
<bind>
<opcode="call(48) " fcode="call"/>
<opset="call_ln59/5 "/>
</bind>
</comp>

<comp id="627" class="1004" name="W_47_loc_load_load_fu_627">
<pin_list>
<pin id="628" dir="0" index="0" bw="32" slack="4"/>
<pin id="629" dir="1" index="1" bw="32" slack="0"/>
</pin_list>
<bind>
<opcode="load(27) " fcode="load"/>
<opset="W_47_loc_load/5 "/>
</bind>
</comp>

<comp id="631" class="1004" name="W_46_loc_load_load_fu_631">
<pin_list>
<pin id="632" dir="0" index="0" bw="32" slack="4"/>
<pin id="633" dir="1" index="1" bw="32" slack="0"/>
</pin_list>
<bind>
<opcode="load(27) " fcode="load"/>
<opset="W_46_loc_load/5 "/>
</bind>
</comp>

<comp id="635" class="1004" name="W_45_loc_load_load_fu_635">
<pin_list>
<pin id="636" dir="0" index="0" bw="32" slack="4"/>
<pin id="637" dir="1" index="1" bw="32" slack="0"/>
</pin_list>
<bind>
<opcode="load(27) " fcode="load"/>
<opset="W_45_loc_load/5 "/>
</bind>
</comp>

<comp id="639" class="1004" name="W_44_loc_load_load_fu_639">
<pin_list>
<pin id="640" dir="0" index="0" bw="32" slack="4"/>
<pin id="641" dir="1" index="1" bw="32" slack="0"/>
</pin_list>
<bind>
<opcode="load(27) " fcode="load"/>
<opset="W_44_loc_load/5 "/>
</bind>
</comp>

<comp id="643" class="1004" name="W_43_loc_load_load_fu_643">
<pin_list>
<pin id="644" dir="0" index="0" bw="32" slack="4"/>
<pin id="645" dir="1" index="1" bw="32" slack="0"/>
</pin_list>
<bind>
<opcode="load(27) " fcode="load"/>
<opset="W_43_loc_load/5 "/>
</bind>
</comp>

<comp id="647" class="1004" name="W_42_loc_load_load_fu_647">
<pin_list>
<pin id="648" dir="0" index="0" bw="32" slack="4"/>
<pin id="649" dir="1" index="1" bw="32" slack="0"/>
</pin_list>
<bind>
<opcode="load(27) " fcode="load"/>
<opset="W_42_loc_load/5 "/>
</bind>
</comp>

<comp id="651" class="1004" name="W_41_loc_load_load_fu_651">
<pin_list>
<pin id="652" dir="0" index="0" bw="32" slack="4"/>
<pin id="653" dir="1" index="1" bw="32" slack="0"/>
</pin_list>
<bind>
<opcode="load(27) " fcode="load"/>
<opset="W_41_loc_load/5 "/>
</bind>
</comp>

<comp id="655" class="1004" name="W_40_loc_load_load_fu_655">
<pin_list>
<pin id="656" dir="0" index="0" bw="32" slack="4"/>
<pin id="657" dir="1" index="1" bw="32" slack="0"/>
</pin_list>
<bind>
<opcode="load(27) " fcode="load"/>
<opset="W_40_loc_load/5 "/>
</bind>
</comp>

<comp id="659" class="1004" name="W_39_loc_load_load_fu_659">
<pin_list>
<pin id="660" dir="0" index="0" bw="32" slack="4"/>
<pin id="661" dir="1" index="1" bw="32" slack="0"/>
</pin_list>
<bind>
<opcode="load(27) " fcode="load"/>
<opset="W_39_loc_load/5 "/>
</bind>
</comp>

<comp id="663" class="1004" name="W_38_loc_load_load_fu_663">
<pin_list>
<pin id="664" dir="0" index="0" bw="32" slack="4"/>
<pin id="665" dir="1" index="1" bw="32" slack="0"/>
</pin_list>
<bind>
<opcode="load(27) " fcode="load"/>
<opset="W_38_loc_load/5 "/>
</bind>
</comp>

<comp id="667" class="1004" name="W_37_loc_load_load_fu_667">
<pin_list>
<pin id="668" dir="0" index="0" bw="32" slack="4"/>
<pin id="669" dir="1" index="1" bw="32" slack="0"/>
</pin_list>
<bind>
<opcode="load(27) " fcode="load"/>
<opset="W_37_loc_load/5 "/>
</bind>
</comp>

<comp id="671" class="1004" name="W_36_loc_load_load_fu_671">
<pin_list>
<pin id="672" dir="0" index="0" bw="32" slack="4"/>
<pin id="673" dir="1" index="1" bw="32" slack="0"/>
</pin_list>
<bind>
<opcode="load(27) " fcode="load"/>
<opset="W_36_loc_load/5 "/>
</bind>
</comp>

<comp id="675" class="1004" name="W_35_loc_load_load_fu_675">
<pin_list>
<pin id="676" dir="0" index="0" bw="32" slack="4"/>
<pin id="677" dir="1" index="1" bw="32" slack="0"/>
</pin_list>
<bind>
<opcode="load(27) " fcode="load"/>
<opset="W_35_loc_load/5 "/>
</bind>
</comp>

<comp id="679" class="1004" name="W_34_loc_load_load_fu_679">
<pin_list>
<pin id="680" dir="0" index="0" bw="32" slack="4"/>
<pin id="681" dir="1" index="1" bw="32" slack="0"/>
</pin_list>
<bind>
<opcode="load(27) " fcode="load"/>
<opset="W_34_loc_load/5 "/>
</bind>
</comp>

<comp id="683" class="1004" name="W_33_loc_load_load_fu_683">
<pin_list>
<pin id="684" dir="0" index="0" bw="32" slack="4"/>
<pin id="685" dir="1" index="1" bw="32" slack="0"/>
</pin_list>
<bind>
<opcode="load(27) " fcode="load"/>
<opset="W_33_loc_load/5 "/>
</bind>
</comp>

<comp id="687" class="1004" name="W_32_loc_load_load_fu_687">
<pin_list>
<pin id="688" dir="0" index="0" bw="32" slack="4"/>
<pin id="689" dir="1" index="1" bw="32" slack="0"/>
</pin_list>
<bind>
<opcode="load(27) " fcode="load"/>
<opset="W_32_loc_load/5 "/>
</bind>
</comp>

<comp id="691" class="1004" name="W_31_loc_load_load_fu_691">
<pin_list>
<pin id="692" dir="0" index="0" bw="32" slack="4"/>
<pin id="693" dir="1" index="1" bw="32" slack="0"/>
</pin_list>
<bind>
<opcode="load(27) " fcode="load"/>
<opset="W_31_loc_load/5 "/>
</bind>
</comp>

<comp id="695" class="1004" name="W_30_loc_load_load_fu_695">
<pin_list>
<pin id="696" dir="0" index="0" bw="32" slack="4"/>
<pin id="697" dir="1" index="1" bw="32" slack="0"/>
</pin_list>
<bind>
<opcode="load(27) " fcode="load"/>
<opset="W_30_loc_load/5 "/>
</bind>
</comp>

<comp id="699" class="1004" name="W_29_loc_load_load_fu_699">
<pin_list>
<pin id="700" dir="0" index="0" bw="32" slack="4"/>
<pin id="701" dir="1" index="1" bw="32" slack="0"/>
</pin_list>
<bind>
<opcode="load(27) " fcode="load"/>
<opset="W_29_loc_load/5 "/>
</bind>
</comp>

<comp id="703" class="1004" name="W_28_loc_load_load_fu_703">
<pin_list>
<pin id="704" dir="0" index="0" bw="32" slack="4"/>
<pin id="705" dir="1" index="1" bw="32" slack="0"/>
</pin_list>
<bind>
<opcode="load(27) " fcode="load"/>
<opset="W_28_loc_load/5 "/>
</bind>
</comp>

<comp id="707" class="1004" name="W_27_loc_load_load_fu_707">
<pin_list>
<pin id="708" dir="0" index="0" bw="32" slack="4"/>
<pin id="709" dir="1" index="1" bw="32" slack="0"/>
</pin_list>
<bind>
<opcode="load(27) " fcode="load"/>
<opset="W_27_loc_load/5 "/>
</bind>
</comp>

<comp id="711" class="1004" name="W_26_loc_load_load_fu_711">
<pin_list>
<pin id="712" dir="0" index="0" bw="32" slack="4"/>
<pin id="713" dir="1" index="1" bw="32" slack="0"/>
</pin_list>
<bind>
<opcode="load(27) " fcode="load"/>
<opset="W_26_loc_load/5 "/>
</bind>
</comp>

<comp id="715" class="1004" name="W_25_loc_load_load_fu_715">
<pin_list>
<pin id="716" dir="0" index="0" bw="32" slack="4"/>
<pin id="717" dir="1" index="1" bw="32" slack="0"/>
</pin_list>
<bind>
<opcode="load(27) " fcode="load"/>
<opset="W_25_loc_load/5 "/>
</bind>
</comp>

<comp id="719" class="1004" name="W_24_loc_load_load_fu_719">
<pin_list>
<pin id="720" dir="0" index="0" bw="32" slack="4"/>
<pin id="721" dir="1" index="1" bw="32" slack="0"/>
</pin_list>
<bind>
<opcode="load(27) " fcode="load"/>
<opset="W_24_loc_load/5 "/>
</bind>
</comp>

<comp id="723" class="1004" name="W_23_loc_load_load_fu_723">
<pin_list>
<pin id="724" dir="0" index="0" bw="32" slack="4"/>
<pin id="725" dir="1" index="1" bw="32" slack="0"/>
</pin_list>
<bind>
<opcode="load(27) " fcode="load"/>
<opset="W_23_loc_load/5 "/>
</bind>
</comp>

<comp id="727" class="1004" name="W_22_loc_load_load_fu_727">
<pin_list>
<pin id="728" dir="0" index="0" bw="32" slack="4"/>
<pin id="729" dir="1" index="1" bw="32" slack="0"/>
</pin_list>
<bind>
<opcode="load(27) " fcode="load"/>
<opset="W_22_loc_load/5 "/>
</bind>
</comp>

<comp id="731" class="1004" name="W_21_loc_load_load_fu_731">
<pin_list>
<pin id="732" dir="0" index="0" bw="32" slack="4"/>
<pin id="733" dir="1" index="1" bw="32" slack="0"/>
</pin_list>
<bind>
<opcode="load(27) " fcode="load"/>
<opset="W_21_loc_load/5 "/>
</bind>
</comp>

<comp id="735" class="1004" name="W_20_loc_load_load_fu_735">
<pin_list>
<pin id="736" dir="0" index="0" bw="32" slack="4"/>
<pin id="737" dir="1" index="1" bw="32" slack="0"/>
</pin_list>
<bind>
<opcode="load(27) " fcode="load"/>
<opset="W_20_loc_load/5 "/>
</bind>
</comp>

<comp id="739" class="1004" name="W_19_loc_load_load_fu_739">
<pin_list>
<pin id="740" dir="0" index="0" bw="32" slack="4"/>
<pin id="741" dir="1" index="1" bw="32" slack="0"/>
</pin_list>
<bind>
<opcode="load(27) " fcode="load"/>
<opset="W_19_loc_load/5 "/>
</bind>
</comp>

<comp id="743" class="1004" name="W_18_loc_load_load_fu_743">
<pin_list>
<pin id="744" dir="0" index="0" bw="32" slack="4"/>
<pin id="745" dir="1" index="1" bw="32" slack="0"/>
</pin_list>
<bind>
<opcode="load(27) " fcode="load"/>
<opset="W_18_loc_load/5 "/>
</bind>
</comp>

<comp id="747" class="1004" name="W_17_loc_load_load_fu_747">
<pin_list>
<pin id="748" dir="0" index="0" bw="32" slack="4"/>
<pin id="749" dir="1" index="1" bw="32" slack="0"/>
</pin_list>
<bind>
<opcode="load(27) " fcode="load"/>
<opset="W_17_loc_load/5 "/>
</bind>
</comp>

<comp id="751" class="1004" name="W_16_loc_load_load_fu_751">
<pin_list>
<pin id="752" dir="0" index="0" bw="32" slack="4"/>
<pin id="753" dir="1" index="1" bw="32" slack="0"/>
</pin_list>
<bind>
<opcode="load(27) " fcode="load"/>
<opset="W_16_loc_load/5 "/>
</bind>
</comp>

<comp id="755" class="1004" name="W_15_loc_load_load_fu_755">
<pin_list>
<pin id="756" dir="0" index="0" bw="32" slack="4"/>
<pin id="757" dir="1" index="1" bw="32" slack="0"/>
</pin_list>
<bind>
<opcode="load(27) " fcode="load"/>
<opset="W_15_loc_load/5 "/>
</bind>
</comp>

<comp id="759" class="1004" name="W_14_loc_load_load_fu_759">
<pin_list>
<pin id="760" dir="0" index="0" bw="32" slack="4"/>
<pin id="761" dir="1" index="1" bw="32" slack="0"/>
</pin_list>
<bind>
<opcode="load(27) " fcode="load"/>
<opset="W_14_loc_load/5 "/>
</bind>
</comp>

<comp id="763" class="1004" name="W_13_loc_load_load_fu_763">
<pin_list>
<pin id="764" dir="0" index="0" bw="32" slack="4"/>
<pin id="765" dir="1" index="1" bw="32" slack="0"/>
</pin_list>
<bind>
<opcode="load(27) " fcode="load"/>
<opset="W_13_loc_load/5 "/>
</bind>
</comp>

<comp id="767" class="1004" name="W_12_loc_load_load_fu_767">
<pin_list>
<pin id="768" dir="0" index="0" bw="32" slack="4"/>
<pin id="769" dir="1" index="1" bw="32" slack="0"/>
</pin_list>
<bind>
<opcode="load(27) " fcode="load"/>
<opset="W_12_loc_load/5 "/>
</bind>
</comp>

<comp id="771" class="1004" name="W_11_loc_load_load_fu_771">
<pin_list>
<pin id="772" dir="0" index="0" bw="32" slack="4"/>
<pin id="773" dir="1" index="1" bw="32" slack="0"/>
</pin_list>
<bind>
<opcode="load(27) " fcode="load"/>
<opset="W_11_loc_load/5 "/>
</bind>
</comp>

<comp id="775" class="1004" name="W_10_loc_load_load_fu_775">
<pin_list>
<pin id="776" dir="0" index="0" bw="32" slack="4"/>
<pin id="777" dir="1" index="1" bw="32" slack="0"/>
</pin_list>
<bind>
<opcode="load(27) " fcode="load"/>
<opset="W_10_loc_load/5 "/>
</bind>
</comp>

<comp id="779" class="1004" name="W_9_loc_load_load_fu_779">
<pin_list>
<pin id="780" dir="0" index="0" bw="32" slack="4"/>
<pin id="781" dir="1" index="1" bw="32" slack="0"/>
</pin_list>
<bind>
<opcode="load(27) " fcode="load"/>
<opset="W_9_loc_load/5 "/>
</bind>
</comp>

<comp id="783" class="1004" name="W_8_loc_load_load_fu_783">
<pin_list>
<pin id="784" dir="0" index="0" bw="32" slack="4"/>
<pin id="785" dir="1" index="1" bw="32" slack="0"/>
</pin_list>
<bind>
<opcode="load(27) " fcode="load"/>
<opset="W_8_loc_load/5 "/>
</bind>
</comp>

<comp id="787" class="1004" name="W_7_loc_load_load_fu_787">
<pin_list>
<pin id="788" dir="0" index="0" bw="32" slack="4"/>
<pin id="789" dir="1" index="1" bw="32" slack="0"/>
</pin_list>
<bind>
<opcode="load(27) " fcode="load"/>
<opset="W_7_loc_load/5 "/>
</bind>
</comp>

<comp id="791" class="1004" name="W_6_loc_load_load_fu_791">
<pin_list>
<pin id="792" dir="0" index="0" bw="32" slack="4"/>
<pin id="793" dir="1" index="1" bw="32" slack="0"/>
</pin_list>
<bind>
<opcode="load(27) " fcode="load"/>
<opset="W_6_loc_load/5 "/>
</bind>
</comp>

<comp id="795" class="1004" name="W_5_loc_load_load_fu_795">
<pin_list>
<pin id="796" dir="0" index="0" bw="32" slack="4"/>
<pin id="797" dir="1" index="1" bw="32" slack="0"/>
</pin_list>
<bind>
<opcode="load(27) " fcode="load"/>
<opset="W_5_loc_load/5 "/>
</bind>
</comp>

<comp id="799" class="1004" name="W_4_loc_load_load_fu_799">
<pin_list>
<pin id="800" dir="0" index="0" bw="32" slack="4"/>
<pin id="801" dir="1" index="1" bw="32" slack="0"/>
</pin_list>
<bind>
<opcode="load(27) " fcode="load"/>
<opset="W_4_loc_load/5 "/>
</bind>
</comp>

<comp id="803" class="1004" name="W_3_loc_load_load_fu_803">
<pin_list>
<pin id="804" dir="0" index="0" bw="32" slack="4"/>
<pin id="805" dir="1" index="1" bw="32" slack="0"/>
</pin_list>
<bind>
<opcode="load(27) " fcode="load"/>
<opset="W_3_loc_load/5 "/>
</bind>
</comp>

<comp id="807" class="1004" name="W_2_loc_load_load_fu_807">
<pin_list>
<pin id="808" dir="0" index="0" bw="32" slack="4"/>
<pin id="809" dir="1" index="1" bw="32" slack="0"/>
</pin_list>
<bind>
<opcode="load(27) " fcode="load"/>
<opset="W_2_loc_load/5 "/>
</bind>
</comp>

<comp id="811" class="1004" name="W_1_loc_load_load_fu_811">
<pin_list>
<pin id="812" dir="0" index="0" bw="32" slack="4"/>
<pin id="813" dir="1" index="1" bw="32" slack="0"/>
</pin_list>
<bind>
<opcode="load(27) " fcode="load"/>
<opset="W_1_loc_load/5 "/>
</bind>
</comp>

<comp id="815" class="1004" name="W_loc_load_load_fu_815">
<pin_list>
<pin id="816" dir="0" index="0" bw="32" slack="4"/>
<pin id="817" dir="1" index="1" bw="32" slack="0"/>
</pin_list>
<bind>
<opcode="load(27) " fcode="load"/>
<opset="W_loc_load/5 "/>
</bind>
</comp>

<comp id="819" class="1004" name="a_3_loc_load_load_fu_819">
<pin_list>
<pin id="820" dir="0" index="0" bw="32" slack="6"/>
<pin id="821" dir="1" index="1" bw="32" slack="0"/>
</pin_list>
<bind>
<opcode="load(27) " fcode="load"/>
<opset="a_3_loc_load/7 "/>
</bind>
</comp>

<comp id="822" class="1004" name="b_3_loc_load_load_fu_822">
<pin_list>
<pin id="823" dir="0" index="0" bw="32" slack="6"/>
<pin id="824" dir="1" index="1" bw="32" slack="0"/>
</pin_list>
<bind>
<opcode="load(27) " fcode="load"/>
<opset="b_3_loc_load/7 "/>
</bind>
</comp>

<comp id="825" class="1004" name="add_ln97_fu_825">
<pin_list>
<pin id="826" dir="0" index="0" bw="32" slack="5"/>
<pin id="827" dir="0" index="1" bw="32" slack="0"/>
<pin id="828" dir="1" index="2" bw="32" slack="0"/>
</pin_list>
<bind>
<opcode="add(8) " fcode="add"/>
<opset="add_ln97/7 "/>
</bind>
</comp>

<comp id="831" class="1004" name="add_ln98_fu_831">
<pin_list>
<pin id="832" dir="0" index="0" bw="32" slack="5"/>
<pin id="833" dir="0" index="1" bw="32" slack="0"/>
<pin id="834" dir="1" index="2" bw="32" slack="0"/>
</pin_list>
<bind>
<opcode="add(8) " fcode="add"/>
<opset="add_ln98/7 "/>
</bind>
</comp>

<comp id="837" class="1004" name="d_1_loc_load_load_fu_837">
<pin_list>
<pin id="838" dir="0" index="0" bw="32" slack="7"/>
<pin id="839" dir="1" index="1" bw="32" slack="0"/>
</pin_list>
<bind>
<opcode="load(27) " fcode="load"/>
<opset="d_1_loc_load/8 "/>
</bind>
</comp>

<comp id="840" class="1004" name="c_3_loc_load_load_fu_840">
<pin_list>
<pin id="841" dir="0" index="0" bw="32" slack="7"/>
<pin id="842" dir="1" index="1" bw="32" slack="0"/>
</pin_list>
<bind>
<opcode="load(27) " fcode="load"/>
<opset="c_3_loc_load/8 "/>
</bind>
</comp>

<comp id="843" class="1004" name="add_ln99_fu_843">
<pin_list>
<pin id="844" dir="0" index="0" bw="32" slack="5"/>
<pin id="845" dir="0" index="1" bw="32" slack="0"/>
<pin id="846" dir="1" index="2" bw="32" slack="0"/>
</pin_list>
<bind>
<opcode="add(8) " fcode="add"/>
<opset="add_ln99/8 "/>
</bind>
</comp>

<comp id="849" class="1004" name="add_ln100_fu_849">
<pin_list>
<pin id="850" dir="0" index="0" bw="32" slack="5"/>
<pin id="851" dir="0" index="1" bw="32" slack="0"/>
<pin id="852" dir="1" index="2" bw="32" slack="0"/>
</pin_list>
<bind>
<opcode="add(8) " fcode="add"/>
<opset="add_ln100/8 "/>
</bind>
</comp>

<comp id="855" class="1004" name="f_3_loc_load_load_fu_855">
<pin_list>
<pin id="856" dir="0" index="0" bw="32" slack="8"/>
<pin id="857" dir="1" index="1" bw="32" slack="0"/>
</pin_list>
<bind>
<opcode="load(27) " fcode="load"/>
<opset="f_3_loc_load/9 "/>
</bind>
</comp>

<comp id="858" class="1004" name="e_3_loc_load_load_fu_858">
<pin_list>
<pin id="859" dir="0" index="0" bw="32" slack="8"/>
<pin id="860" dir="1" index="1" bw="32" slack="0"/>
</pin_list>
<bind>
<opcode="load(27) " fcode="load"/>
<opset="e_3_loc_load/9 "/>
</bind>
</comp>

<comp id="861" class="1004" name="add_ln101_fu_861">
<pin_list>
<pin id="862" dir="0" index="0" bw="32" slack="5"/>
<pin id="863" dir="0" index="1" bw="32" slack="0"/>
<pin id="864" dir="1" index="2" bw="32" slack="0"/>
</pin_list>
<bind>
<opcode="add(8) " fcode="add"/>
<opset="add_ln101/9 "/>
</bind>
</comp>

<comp id="867" class="1004" name="add_ln102_fu_867">
<pin_list>
<pin id="868" dir="0" index="0" bw="32" slack="5"/>
<pin id="869" dir="0" index="1" bw="32" slack="0"/>
<pin id="870" dir="1" index="2" bw="32" slack="0"/>
</pin_list>
<bind>
<opcode="add(8) " fcode="add"/>
<opset="add_ln102/9 "/>
</bind>
</comp>

<comp id="873" class="1004" name="h_1_loc_load_load_fu_873">
<pin_list>
<pin id="874" dir="0" index="0" bw="32" slack="9"/>
<pin id="875" dir="1" index="1" bw="32" slack="0"/>
</pin_list>
<bind>
<opcode="load(27) " fcode="load"/>
<opset="h_1_loc_load/10 "/>
</bind>
</comp>

<comp id="876" class="1004" name="g_3_loc_load_load_fu_876">
<pin_list>
<pin id="877" dir="0" index="0" bw="32" slack="9"/>
<pin id="878" dir="1" index="1" bw="32" slack="0"/>
</pin_list>
<bind>
<opcode="load(27) " fcode="load"/>
<opset="g_3_loc_load/10 "/>
</bind>
</comp>

<comp id="879" class="1004" name="add_ln103_fu_879">
<pin_list>
<pin id="880" dir="0" index="0" bw="32" slack="5"/>
<pin id="881" dir="0" index="1" bw="32" slack="0"/>
<pin id="882" dir="1" index="2" bw="32" slack="0"/>
</pin_list>
<bind>
<opcode="add(8) " fcode="add"/>
<opset="add_ln103/10 "/>
</bind>
</comp>

<comp id="885" class="1004" name="add_ln104_fu_885">
<pin_list>
<pin id="886" dir="0" index="0" bw="32" slack="5"/>
<pin id="887" dir="0" index="1" bw="32" slack="0"/>
<pin id="888" dir="1" index="2" bw="32" slack="0"/>
</pin_list>
<bind>
<opcode="add(8) " fcode="add"/>
<opset="add_ln104/10 "/>
</bind>
</comp>

<comp id="891" class="1005" name="c_3_loc_reg_891">
<pin_list>
<pin id="892" dir="0" index="0" bw="32" slack="4"/>
<pin id="893" dir="1" index="1" bw="32" slack="4"/>
</pin_list>
<bind>
<opset="c_3_loc "/>
</bind>
</comp>

<comp id="897" class="1005" name="b_3_loc_reg_897">
<pin_list>
<pin id="898" dir="0" index="0" bw="32" slack="4"/>
<pin id="899" dir="1" index="1" bw="32" slack="4"/>
</pin_list>
<bind>
<opset="b_3_loc "/>
</bind>
</comp>

<comp id="903" class="1005" name="a_3_loc_reg_903">
<pin_list>
<pin id="904" dir="0" index="0" bw="32" slack="4"/>
<pin id="905" dir="1" index="1" bw="32" slack="4"/>
</pin_list>
<bind>
<opset="a_3_loc "/>
</bind>
</comp>

<comp id="909" class="1005" name="d_1_loc_reg_909">
<pin_list>
<pin id="910" dir="0" index="0" bw="32" slack="4"/>
<pin id="911" dir="1" index="1" bw="32" slack="4"/>
</pin_list>
<bind>
<opset="d_1_loc "/>
</bind>
</comp>

<comp id="915" class="1005" name="e_3_loc_reg_915">
<pin_list>
<pin id="916" dir="0" index="0" bw="32" slack="4"/>
<pin id="917" dir="1" index="1" bw="32" slack="4"/>
</pin_list>
<bind>
<opset="e_3_loc "/>
</bind>
</comp>

<comp id="921" class="1005" name="f_3_loc_reg_921">
<pin_list>
<pin id="922" dir="0" index="0" bw="32" slack="4"/>
<pin id="923" dir="1" index="1" bw="32" slack="4"/>
</pin_list>
<bind>
<opset="f_3_loc "/>
</bind>
</comp>

<comp id="927" class="1005" name="g_3_loc_reg_927">
<pin_list>
<pin id="928" dir="0" index="0" bw="32" slack="4"/>
<pin id="929" dir="1" index="1" bw="32" slack="4"/>
</pin_list>
<bind>
<opset="g_3_loc "/>
</bind>
</comp>

<comp id="933" class="1005" name="h_1_loc_reg_933">
<pin_list>
<pin id="934" dir="0" index="0" bw="32" slack="4"/>
<pin id="935" dir="1" index="1" bw="32" slack="4"/>
</pin_list>
<bind>
<opset="h_1_loc "/>
</bind>
</comp>

<comp id="939" class="1005" name="W_loc_reg_939">
<pin_list>
<pin id="940" dir="0" index="0" bw="32" slack="2"/>
<pin id="941" dir="1" index="1" bw="32" slack="2"/>
</pin_list>
<bind>
<opset="W_loc "/>
</bind>
</comp>

<comp id="945" class="1005" name="W_1_loc_reg_945">
<pin_list>
<pin id="946" dir="0" index="0" bw="32" slack="2"/>
<pin id="947" dir="1" index="1" bw="32" slack="2"/>
</pin_list>
<bind>
<opset="W_1_loc "/>
</bind>
</comp>

<comp id="951" class="1005" name="W_2_loc_reg_951">
<pin_list>
<pin id="952" dir="0" index="0" bw="32" slack="2"/>
<pin id="953" dir="1" index="1" bw="32" slack="2"/>
</pin_list>
<bind>
<opset="W_2_loc "/>
</bind>
</comp>

<comp id="957" class="1005" name="W_3_loc_reg_957">
<pin_list>
<pin id="958" dir="0" index="0" bw="32" slack="2"/>
<pin id="959" dir="1" index="1" bw="32" slack="2"/>
</pin_list>
<bind>
<opset="W_3_loc "/>
</bind>
</comp>

<comp id="963" class="1005" name="W_4_loc_reg_963">
<pin_list>
<pin id="964" dir="0" index="0" bw="32" slack="2"/>
<pin id="965" dir="1" index="1" bw="32" slack="2"/>
</pin_list>
<bind>
<opset="W_4_loc "/>
</bind>
</comp>

<comp id="969" class="1005" name="W_5_loc_reg_969">
<pin_list>
<pin id="970" dir="0" index="0" bw="32" slack="2"/>
<pin id="971" dir="1" index="1" bw="32" slack="2"/>
</pin_list>
<bind>
<opset="W_5_loc "/>
</bind>
</comp>

<comp id="975" class="1005" name="W_6_loc_reg_975">
<pin_list>
<pin id="976" dir="0" index="0" bw="32" slack="2"/>
<pin id="977" dir="1" index="1" bw="32" slack="2"/>
</pin_list>
<bind>
<opset="W_6_loc "/>
</bind>
</comp>

<comp id="981" class="1005" name="W_7_loc_reg_981">
<pin_list>
<pin id="982" dir="0" index="0" bw="32" slack="2"/>
<pin id="983" dir="1" index="1" bw="32" slack="2"/>
</pin_list>
<bind>
<opset="W_7_loc "/>
</bind>
</comp>

<comp id="987" class="1005" name="W_8_loc_reg_987">
<pin_list>
<pin id="988" dir="0" index="0" bw="32" slack="2"/>
<pin id="989" dir="1" index="1" bw="32" slack="2"/>
</pin_list>
<bind>
<opset="W_8_loc "/>
</bind>
</comp>

<comp id="993" class="1005" name="W_9_loc_reg_993">
<pin_list>
<pin id="994" dir="0" index="0" bw="32" slack="2"/>
<pin id="995" dir="1" index="1" bw="32" slack="2"/>
</pin_list>
<bind>
<opset="W_9_loc "/>
</bind>
</comp>

<comp id="999" class="1005" name="W_10_loc_reg_999">
<pin_list>
<pin id="1000" dir="0" index="0" bw="32" slack="2"/>
<pin id="1001" dir="1" index="1" bw="32" slack="2"/>
</pin_list>
<bind>
<opset="W_10_loc "/>
</bind>
</comp>

<comp id="1005" class="1005" name="W_11_loc_reg_1005">
<pin_list>
<pin id="1006" dir="0" index="0" bw="32" slack="2"/>
<pin id="1007" dir="1" index="1" bw="32" slack="2"/>
</pin_list>
<bind>
<opset="W_11_loc "/>
</bind>
</comp>

<comp id="1011" class="1005" name="W_12_loc_reg_1011">
<pin_list>
<pin id="1012" dir="0" index="0" bw="32" slack="2"/>
<pin id="1013" dir="1" index="1" bw="32" slack="2"/>
</pin_list>
<bind>
<opset="W_12_loc "/>
</bind>
</comp>

<comp id="1017" class="1005" name="W_13_loc_reg_1017">
<pin_list>
<pin id="1018" dir="0" index="0" bw="32" slack="2"/>
<pin id="1019" dir="1" index="1" bw="32" slack="2"/>
</pin_list>
<bind>
<opset="W_13_loc "/>
</bind>
</comp>

<comp id="1023" class="1005" name="W_14_loc_reg_1023">
<pin_list>
<pin id="1024" dir="0" index="0" bw="32" slack="2"/>
<pin id="1025" dir="1" index="1" bw="32" slack="2"/>
</pin_list>
<bind>
<opset="W_14_loc "/>
</bind>
</comp>

<comp id="1029" class="1005" name="W_15_loc_reg_1029">
<pin_list>
<pin id="1030" dir="0" index="0" bw="32" slack="2"/>
<pin id="1031" dir="1" index="1" bw="32" slack="2"/>
</pin_list>
<bind>
<opset="W_15_loc "/>
</bind>
</comp>

<comp id="1035" class="1005" name="W_16_loc_reg_1035">
<pin_list>
<pin id="1036" dir="0" index="0" bw="32" slack="2"/>
<pin id="1037" dir="1" index="1" bw="32" slack="2"/>
</pin_list>
<bind>
<opset="W_16_loc "/>
</bind>
</comp>

<comp id="1041" class="1005" name="W_17_loc_reg_1041">
<pin_list>
<pin id="1042" dir="0" index="0" bw="32" slack="2"/>
<pin id="1043" dir="1" index="1" bw="32" slack="2"/>
</pin_list>
<bind>
<opset="W_17_loc "/>
</bind>
</comp>

<comp id="1047" class="1005" name="W_18_loc_reg_1047">
<pin_list>
<pin id="1048" dir="0" index="0" bw="32" slack="2"/>
<pin id="1049" dir="1" index="1" bw="32" slack="2"/>
</pin_list>
<bind>
<opset="W_18_loc "/>
</bind>
</comp>

<comp id="1053" class="1005" name="W_19_loc_reg_1053">
<pin_list>
<pin id="1054" dir="0" index="0" bw="32" slack="2"/>
<pin id="1055" dir="1" index="1" bw="32" slack="2"/>
</pin_list>
<bind>
<opset="W_19_loc "/>
</bind>
</comp>

<comp id="1059" class="1005" name="W_20_loc_reg_1059">
<pin_list>
<pin id="1060" dir="0" index="0" bw="32" slack="2"/>
<pin id="1061" dir="1" index="1" bw="32" slack="2"/>
</pin_list>
<bind>
<opset="W_20_loc "/>
</bind>
</comp>

<comp id="1065" class="1005" name="W_21_loc_reg_1065">
<pin_list>
<pin id="1066" dir="0" index="0" bw="32" slack="2"/>
<pin id="1067" dir="1" index="1" bw="32" slack="2"/>
</pin_list>
<bind>
<opset="W_21_loc "/>
</bind>
</comp>

<comp id="1071" class="1005" name="W_22_loc_reg_1071">
<pin_list>
<pin id="1072" dir="0" index="0" bw="32" slack="2"/>
<pin id="1073" dir="1" index="1" bw="32" slack="2"/>
</pin_list>
<bind>
<opset="W_22_loc "/>
</bind>
</comp>

<comp id="1077" class="1005" name="W_23_loc_reg_1077">
<pin_list>
<pin id="1078" dir="0" index="0" bw="32" slack="2"/>
<pin id="1079" dir="1" index="1" bw="32" slack="2"/>
</pin_list>
<bind>
<opset="W_23_loc "/>
</bind>
</comp>

<comp id="1083" class="1005" name="W_24_loc_reg_1083">
<pin_list>
<pin id="1084" dir="0" index="0" bw="32" slack="2"/>
<pin id="1085" dir="1" index="1" bw="32" slack="2"/>
</pin_list>
<bind>
<opset="W_24_loc "/>
</bind>
</comp>

<comp id="1089" class="1005" name="W_25_loc_reg_1089">
<pin_list>
<pin id="1090" dir="0" index="0" bw="32" slack="2"/>
<pin id="1091" dir="1" index="1" bw="32" slack="2"/>
</pin_list>
<bind>
<opset="W_25_loc "/>
</bind>
</comp>

<comp id="1095" class="1005" name="W_26_loc_reg_1095">
<pin_list>
<pin id="1096" dir="0" index="0" bw="32" slack="2"/>
<pin id="1097" dir="1" index="1" bw="32" slack="2"/>
</pin_list>
<bind>
<opset="W_26_loc "/>
</bind>
</comp>

<comp id="1101" class="1005" name="W_27_loc_reg_1101">
<pin_list>
<pin id="1102" dir="0" index="0" bw="32" slack="2"/>
<pin id="1103" dir="1" index="1" bw="32" slack="2"/>
</pin_list>
<bind>
<opset="W_27_loc "/>
</bind>
</comp>

<comp id="1107" class="1005" name="W_28_loc_reg_1107">
<pin_list>
<pin id="1108" dir="0" index="0" bw="32" slack="2"/>
<pin id="1109" dir="1" index="1" bw="32" slack="2"/>
</pin_list>
<bind>
<opset="W_28_loc "/>
</bind>
</comp>

<comp id="1113" class="1005" name="W_29_loc_reg_1113">
<pin_list>
<pin id="1114" dir="0" index="0" bw="32" slack="2"/>
<pin id="1115" dir="1" index="1" bw="32" slack="2"/>
</pin_list>
<bind>
<opset="W_29_loc "/>
</bind>
</comp>

<comp id="1119" class="1005" name="W_30_loc_reg_1119">
<pin_list>
<pin id="1120" dir="0" index="0" bw="32" slack="2"/>
<pin id="1121" dir="1" index="1" bw="32" slack="2"/>
</pin_list>
<bind>
<opset="W_30_loc "/>
</bind>
</comp>

<comp id="1125" class="1005" name="W_31_loc_reg_1125">
<pin_list>
<pin id="1126" dir="0" index="0" bw="32" slack="2"/>
<pin id="1127" dir="1" index="1" bw="32" slack="2"/>
</pin_list>
<bind>
<opset="W_31_loc "/>
</bind>
</comp>

<comp id="1131" class="1005" name="W_32_loc_reg_1131">
<pin_list>
<pin id="1132" dir="0" index="0" bw="32" slack="2"/>
<pin id="1133" dir="1" index="1" bw="32" slack="2"/>
</pin_list>
<bind>
<opset="W_32_loc "/>
</bind>
</comp>

<comp id="1137" class="1005" name="W_33_loc_reg_1137">
<pin_list>
<pin id="1138" dir="0" index="0" bw="32" slack="2"/>
<pin id="1139" dir="1" index="1" bw="32" slack="2"/>
</pin_list>
<bind>
<opset="W_33_loc "/>
</bind>
</comp>

<comp id="1143" class="1005" name="W_34_loc_reg_1143">
<pin_list>
<pin id="1144" dir="0" index="0" bw="32" slack="2"/>
<pin id="1145" dir="1" index="1" bw="32" slack="2"/>
</pin_list>
<bind>
<opset="W_34_loc "/>
</bind>
</comp>

<comp id="1149" class="1005" name="W_35_loc_reg_1149">
<pin_list>
<pin id="1150" dir="0" index="0" bw="32" slack="2"/>
<pin id="1151" dir="1" index="1" bw="32" slack="2"/>
</pin_list>
<bind>
<opset="W_35_loc "/>
</bind>
</comp>

<comp id="1155" class="1005" name="W_36_loc_reg_1155">
<pin_list>
<pin id="1156" dir="0" index="0" bw="32" slack="2"/>
<pin id="1157" dir="1" index="1" bw="32" slack="2"/>
</pin_list>
<bind>
<opset="W_36_loc "/>
</bind>
</comp>

<comp id="1161" class="1005" name="W_37_loc_reg_1161">
<pin_list>
<pin id="1162" dir="0" index="0" bw="32" slack="2"/>
<pin id="1163" dir="1" index="1" bw="32" slack="2"/>
</pin_list>
<bind>
<opset="W_37_loc "/>
</bind>
</comp>

<comp id="1167" class="1005" name="W_38_loc_reg_1167">
<pin_list>
<pin id="1168" dir="0" index="0" bw="32" slack="2"/>
<pin id="1169" dir="1" index="1" bw="32" slack="2"/>
</pin_list>
<bind>
<opset="W_38_loc "/>
</bind>
</comp>

<comp id="1173" class="1005" name="W_39_loc_reg_1173">
<pin_list>
<pin id="1174" dir="0" index="0" bw="32" slack="2"/>
<pin id="1175" dir="1" index="1" bw="32" slack="2"/>
</pin_list>
<bind>
<opset="W_39_loc "/>
</bind>
</comp>

<comp id="1179" class="1005" name="W_40_loc_reg_1179">
<pin_list>
<pin id="1180" dir="0" index="0" bw="32" slack="2"/>
<pin id="1181" dir="1" index="1" bw="32" slack="2"/>
</pin_list>
<bind>
<opset="W_40_loc "/>
</bind>
</comp>

<comp id="1185" class="1005" name="W_41_loc_reg_1185">
<pin_list>
<pin id="1186" dir="0" index="0" bw="32" slack="2"/>
<pin id="1187" dir="1" index="1" bw="32" slack="2"/>
</pin_list>
<bind>
<opset="W_41_loc "/>
</bind>
</comp>

<comp id="1191" class="1005" name="W_42_loc_reg_1191">
<pin_list>
<pin id="1192" dir="0" index="0" bw="32" slack="2"/>
<pin id="1193" dir="1" index="1" bw="32" slack="2"/>
</pin_list>
<bind>
<opset="W_42_loc "/>
</bind>
</comp>

<comp id="1197" class="1005" name="W_43_loc_reg_1197">
<pin_list>
<pin id="1198" dir="0" index="0" bw="32" slack="2"/>
<pin id="1199" dir="1" index="1" bw="32" slack="2"/>
</pin_list>
<bind>
<opset="W_43_loc "/>
</bind>
</comp>

<comp id="1203" class="1005" name="W_44_loc_reg_1203">
<pin_list>
<pin id="1204" dir="0" index="0" bw="32" slack="2"/>
<pin id="1205" dir="1" index="1" bw="32" slack="2"/>
</pin_list>
<bind>
<opset="W_44_loc "/>
</bind>
</comp>

<comp id="1209" class="1005" name="W_45_loc_reg_1209">
<pin_list>
<pin id="1210" dir="0" index="0" bw="32" slack="2"/>
<pin id="1211" dir="1" index="1" bw="32" slack="2"/>
</pin_list>
<bind>
<opset="W_45_loc "/>
</bind>
</comp>

<comp id="1215" class="1005" name="W_46_loc_reg_1215">
<pin_list>
<pin id="1216" dir="0" index="0" bw="32" slack="2"/>
<pin id="1217" dir="1" index="1" bw="32" slack="2"/>
</pin_list>
<bind>
<opset="W_46_loc "/>
</bind>
</comp>

<comp id="1221" class="1005" name="W_47_loc_reg_1221">
<pin_list>
<pin id="1222" dir="0" index="0" bw="32" slack="2"/>
<pin id="1223" dir="1" index="1" bw="32" slack="2"/>
</pin_list>
<bind>
<opset="W_47_loc "/>
</bind>
</comp>

<comp id="1227" class="1005" name="H_addr_reg_1227">
<pin_list>
<pin id="1228" dir="0" index="0" bw="3" slack="1"/>
<pin id="1229" dir="1" index="1" bw="3" slack="1"/>
</pin_list>
<bind>
<opset="H_addr "/>
</bind>
</comp>

<comp id="1232" class="1005" name="H_addr_8_reg_1232">
<pin_list>
<pin id="1233" dir="0" index="0" bw="3" slack="1"/>
<pin id="1234" dir="1" index="1" bw="3" slack="1"/>
</pin_list>
<bind>
<opset="H_addr_8 "/>
</bind>
</comp>

<comp id="1237" class="1005" name="a_reg_1237">
<pin_list>
<pin id="1238" dir="0" index="0" bw="32" slack="3"/>
<pin id="1239" dir="1" index="1" bw="32" slack="3"/>
</pin_list>
<bind>
<opset="a "/>
</bind>
</comp>

<comp id="1243" class="1005" name="b_reg_1243">
<pin_list>
<pin id="1244" dir="0" index="0" bw="32" slack="3"/>
<pin id="1245" dir="1" index="1" bw="32" slack="3"/>
</pin_list>
<bind>
<opset="b "/>
</bind>
</comp>

<comp id="1249" class="1005" name="H_addr_9_reg_1249">
<pin_list>
<pin id="1250" dir="0" index="0" bw="3" slack="1"/>
<pin id="1251" dir="1" index="1" bw="3" slack="1"/>
</pin_list>
<bind>
<opset="H_addr_9 "/>
</bind>
</comp>

<comp id="1254" class="1005" name="H_addr_10_reg_1254">
<pin_list>
<pin id="1255" dir="0" index="0" bw="3" slack="1"/>
<pin id="1256" dir="1" index="1" bw="3" slack="1"/>
</pin_list>
<bind>
<opset="H_addr_10 "/>
</bind>
</comp>

<comp id="1259" class="1005" name="block_read_48_reg_1259">
<pin_list>
<pin id="1260" dir="0" index="0" bw="32" slack="1"/>
<pin id="1261" dir="1" index="1" bw="32" slack="1"/>
</pin_list>
<bind>
<opset="block_read_48 "/>
</bind>
</comp>

<comp id="1265" class="1005" name="block_read_49_reg_1265">
<pin_list>
<pin id="1266" dir="0" index="0" bw="32" slack="1"/>
<pin id="1267" dir="1" index="1" bw="32" slack="1"/>
</pin_list>
<bind>
<opset="block_read_49 "/>
</bind>
</comp>

<comp id="1271" class="1005" name="block_read_50_reg_1271">
<pin_list>
<pin id="1272" dir="0" index="0" bw="32" slack="1"/>
<pin id="1273" dir="1" index="1" bw="32" slack="1"/>
</pin_list>
<bind>
<opset="block_read_50 "/>
</bind>
</comp>

<comp id="1277" class="1005" name="block_read_51_reg_1277">
<pin_list>
<pin id="1278" dir="0" index="0" bw="32" slack="1"/>
<pin id="1279" dir="1" index="1" bw="32" slack="1"/>
</pin_list>
<bind>
<opset="block_read_51 "/>
</bind>
</comp>

<comp id="1283" class="1005" name="block_read_52_reg_1283">
<pin_list>
<pin id="1284" dir="0" index="0" bw="32" slack="1"/>
<pin id="1285" dir="1" index="1" bw="32" slack="1"/>
</pin_list>
<bind>
<opset="block_read_52 "/>
</bind>
</comp>

<comp id="1289" class="1005" name="block_read_53_reg_1289">
<pin_list>
<pin id="1290" dir="0" index="0" bw="32" slack="1"/>
<pin id="1291" dir="1" index="1" bw="32" slack="1"/>
</pin_list>
<bind>
<opset="block_read_53 "/>
</bind>
</comp>

<comp id="1295" class="1005" name="block_read_54_reg_1295">
<pin_list>
<pin id="1296" dir="0" index="0" bw="32" slack="1"/>
<pin id="1297" dir="1" index="1" bw="32" slack="1"/>
</pin_list>
<bind>
<opset="block_read_54 "/>
</bind>
</comp>

<comp id="1301" class="1005" name="block_read_55_reg_1301">
<pin_list>
<pin id="1302" dir="0" index="0" bw="32" slack="1"/>
<pin id="1303" dir="1" index="1" bw="32" slack="1"/>
</pin_list>
<bind>
<opset="block_read_55 "/>
</bind>
</comp>

<comp id="1307" class="1005" name="block_read_56_reg_1307">
<pin_list>
<pin id="1308" dir="0" index="0" bw="32" slack="1"/>
<pin id="1309" dir="1" index="1" bw="32" slack="1"/>
</pin_list>
<bind>
<opset="block_read_56 "/>
</bind>
</comp>

<comp id="1313" class="1005" name="block_read_57_reg_1313">
<pin_list>
<pin id="1314" dir="0" index="0" bw="32" slack="1"/>
<pin id="1315" dir="1" index="1" bw="32" slack="1"/>
</pin_list>
<bind>
<opset="block_read_57 "/>
</bind>
</comp>

<comp id="1319" class="1005" name="block_read_58_reg_1319">
<pin_list>
<pin id="1320" dir="0" index="0" bw="32" slack="1"/>
<pin id="1321" dir="1" index="1" bw="32" slack="1"/>
</pin_list>
<bind>
<opset="block_read_58 "/>
</bind>
</comp>

<comp id="1325" class="1005" name="block_read_59_reg_1325">
<pin_list>
<pin id="1326" dir="0" index="0" bw="32" slack="1"/>
<pin id="1327" dir="1" index="1" bw="32" slack="1"/>
</pin_list>
<bind>
<opset="block_read_59 "/>
</bind>
</comp>

<comp id="1331" class="1005" name="block_read_60_reg_1331">
<pin_list>
<pin id="1332" dir="0" index="0" bw="32" slack="1"/>
<pin id="1333" dir="1" index="1" bw="32" slack="1"/>
</pin_list>
<bind>
<opset="block_read_60 "/>
</bind>
</comp>

<comp id="1337" class="1005" name="block_read_61_reg_1337">
<pin_list>
<pin id="1338" dir="0" index="0" bw="32" slack="1"/>
<pin id="1339" dir="1" index="1" bw="32" slack="1"/>
</pin_list>
<bind>
<opset="block_read_61 "/>
</bind>
</comp>

<comp id="1343" class="1005" name="block_read_62_reg_1343">
<pin_list>
<pin id="1344" dir="0" index="0" bw="32" slack="1"/>
<pin id="1345" dir="1" index="1" bw="32" slack="1"/>
</pin_list>
<bind>
<opset="block_read_62 "/>
</bind>
</comp>

<comp id="1349" class="1005" name="block_read_63_reg_1349">
<pin_list>
<pin id="1350" dir="0" index="0" bw="32" slack="1"/>
<pin id="1351" dir="1" index="1" bw="32" slack="1"/>
</pin_list>
<bind>
<opset="block_read_63 "/>
</bind>
</comp>

<comp id="1355" class="1005" name="c_reg_1355">
<pin_list>
<pin id="1356" dir="0" index="0" bw="32" slack="2"/>
<pin id="1357" dir="1" index="1" bw="32" slack="2"/>
</pin_list>
<bind>
<opset="c "/>
</bind>
</comp>

<comp id="1361" class="1005" name="d_reg_1361">
<pin_list>
<pin id="1362" dir="0" index="0" bw="32" slack="2"/>
<pin id="1363" dir="1" index="1" bw="32" slack="2"/>
</pin_list>
<bind>
<opset="d "/>
</bind>
</comp>

<comp id="1367" class="1005" name="H_addr_11_reg_1367">
<pin_list>
<pin id="1368" dir="0" index="0" bw="3" slack="1"/>
<pin id="1369" dir="1" index="1" bw="3" slack="1"/>
</pin_list>
<bind>
<opset="H_addr_11 "/>
</bind>
</comp>

<comp id="1372" class="1005" name="H_addr_12_reg_1372">
<pin_list>
<pin id="1373" dir="0" index="0" bw="3" slack="1"/>
<pin id="1374" dir="1" index="1" bw="3" slack="1"/>
</pin_list>
<bind>
<opset="H_addr_12 "/>
</bind>
</comp>

<comp id="1377" class="1005" name="e_reg_1377">
<pin_list>
<pin id="1378" dir="0" index="0" bw="32" slack="1"/>
<pin id="1379" dir="1" index="1" bw="32" slack="1"/>
</pin_list>
<bind>
<opset="e "/>
</bind>
</comp>

<comp id="1383" class="1005" name="f_reg_1383">
<pin_list>
<pin id="1384" dir="0" index="0" bw="32" slack="1"/>
<pin id="1385" dir="1" index="1" bw="32" slack="1"/>
</pin_list>
<bind>
<opset="f "/>
</bind>
</comp>

<comp id="1389" class="1005" name="H_addr_13_reg_1389">
<pin_list>
<pin id="1390" dir="0" index="0" bw="3" slack="1"/>
<pin id="1391" dir="1" index="1" bw="3" slack="1"/>
</pin_list>
<bind>
<opset="H_addr_13 "/>
</bind>
</comp>

<comp id="1394" class="1005" name="H_addr_14_reg_1394">
<pin_list>
<pin id="1395" dir="0" index="0" bw="3" slack="1"/>
<pin id="1396" dir="1" index="1" bw="3" slack="1"/>
</pin_list>
<bind>
<opset="H_addr_14 "/>
</bind>
</comp>

<comp id="1543" class="1005" name="g_reg_1543">
<pin_list>
<pin id="1544" dir="0" index="0" bw="32" slack="1"/>
<pin id="1545" dir="1" index="1" bw="32" slack="1"/>
</pin_list>
<bind>
<opset="g "/>
</bind>
</comp>

<comp id="1549" class="1005" name="h_reg_1549">
<pin_list>
<pin id="1550" dir="0" index="0" bw="32" slack="1"/>
<pin id="1551" dir="1" index="1" bw="32" slack="1"/>
</pin_list>
<bind>
<opset="h "/>
</bind>
</comp>

</comp_list>

<net_list>
<net id="59"><net_src comp="34" pin="0"/><net_sink comp="56" pin=0"/></net>

<net id="63"><net_src comp="34" pin="0"/><net_sink comp="60" pin=0"/></net>

<net id="67"><net_src comp="34" pin="0"/><net_sink comp="64" pin=0"/></net>

<net id="71"><net_src comp="34" pin="0"/><net_sink comp="68" pin=0"/></net>

<net id="75"><net_src comp="34" pin="0"/><net_sink comp="72" pin=0"/></net>

<net id="79"><net_src comp="34" pin="0"/><net_sink comp="76" pin=0"/></net>

<net id="83"><net_src comp="34" pin="0"/><net_sink comp="80" pin=0"/></net>

<net id="87"><net_src comp="34" pin="0"/><net_sink comp="84" pin=0"/></net>

<net id="91"><net_src comp="34" pin="0"/><net_sink comp="88" pin=0"/></net>

<net id="95"><net_src comp="34" pin="0"/><net_sink comp="92" pin=0"/></net>

<net id="99"><net_src comp="34" pin="0"/><net_sink comp="96" pin=0"/></net>

<net id="103"><net_src comp="34" pin="0"/><net_sink comp="100" pin=0"/></net>

<net id="107"><net_src comp="34" pin="0"/><net_sink comp="104" pin=0"/></net>

<net id="111"><net_src comp="34" pin="0"/><net_sink comp="108" pin=0"/></net>

<net id="115"><net_src comp="34" pin="0"/><net_sink comp="112" pin=0"/></net>

<net id="119"><net_src comp="34" pin="0"/><net_sink comp="116" pin=0"/></net>

<net id="123"><net_src comp="34" pin="0"/><net_sink comp="120" pin=0"/></net>

<net id="127"><net_src comp="34" pin="0"/><net_sink comp="124" pin=0"/></net>

<net id="131"><net_src comp="34" pin="0"/><net_sink comp="128" pin=0"/></net>

<net id="135"><net_src comp="34" pin="0"/><net_sink comp="132" pin=0"/></net>

<net id="139"><net_src comp="34" pin="0"/><net_sink comp="136" pin=0"/></net>

<net id="143"><net_src comp="34" pin="0"/><net_sink comp="140" pin=0"/></net>

<net id="147"><net_src comp="34" pin="0"/><net_sink comp="144" pin=0"/></net>

<net id="151"><net_src comp="34" pin="0"/><net_sink comp="148" pin=0"/></net>

<net id="155"><net_src comp="34" pin="0"/><net_sink comp="152" pin=0"/></net>

<net id="159"><net_src comp="34" pin="0"/><net_sink comp="156" pin=0"/></net>

<net id="163"><net_src comp="34" pin="0"/><net_sink comp="160" pin=0"/></net>

<net id="167"><net_src comp="34" pin="0"/><net_sink comp="164" pin=0"/></net>

<net id="171"><net_src comp="34" pin="0"/><net_sink comp="168" pin=0"/></net>

<net id="175"><net_src comp="34" pin="0"/><net_sink comp="172" pin=0"/></net>

<net id="179"><net_src comp="34" pin="0"/><net_sink comp="176" pin=0"/></net>

<net id="183"><net_src comp="34" pin="0"/><net_sink comp="180" pin=0"/></net>

<net id="187"><net_src comp="34" pin="0"/><net_sink comp="184" pin=0"/></net>

<net id="191"><net_src comp="34" pin="0"/><net_sink comp="188" pin=0"/></net>

<net id="195"><net_src comp="34" pin="0"/><net_sink comp="192" pin=0"/></net>

<net id="199"><net_src comp="34" pin="0"/><net_sink comp="196" pin=0"/></net>

<net id="203"><net_src comp="34" pin="0"/><net_sink comp="200" pin=0"/></net>

<net id="207"><net_src comp="34" pin="0"/><net_sink comp="204" pin=0"/></net>

<net id="211"><net_src comp="34" pin="0"/><net_sink comp="208" pin=0"/></net>

<net id="215"><net_src comp="34" pin="0"/><net_sink comp="212" pin=0"/></net>

<net id="219"><net_src comp="34" pin="0"/><net_sink comp="216" pin=0"/></net>

<net id="223"><net_src comp="34" pin="0"/><net_sink comp="220" pin=0"/></net>

<net id="227"><net_src comp="34" pin="0"/><net_sink comp="224" pin=0"/></net>

<net id="231"><net_src comp="34" pin="0"/><net_sink comp="228" pin=0"/></net>

<net id="235"><net_src comp="34" pin="0"/><net_sink comp="232" pin=0"/></net>

<net id="239"><net_src comp="34" pin="0"/><net_sink comp="236" pin=0"/></net>

<net id="243"><net_src comp="34" pin="0"/><net_sink comp="240" pin=0"/></net>

<net id="247"><net_src comp="34" pin="0"/><net_sink comp="244" pin=0"/></net>

<net id="251"><net_src comp="34" pin="0"/><net_sink comp="248" pin=0"/></net>

<net id="255"><net_src comp="34" pin="0"/><net_sink comp="252" pin=0"/></net>

<net id="259"><net_src comp="34" pin="0"/><net_sink comp="256" pin=0"/></net>

<net id="263"><net_src comp="34" pin="0"/><net_sink comp="260" pin=0"/></net>

<net id="267"><net_src comp="34" pin="0"/><net_sink comp="264" pin=0"/></net>

<net id="271"><net_src comp="34" pin="0"/><net_sink comp="268" pin=0"/></net>

<net id="275"><net_src comp="34" pin="0"/><net_sink comp="272" pin=0"/></net>

<net id="279"><net_src comp="34" pin="0"/><net_sink comp="276" pin=0"/></net>

<net id="284"><net_src comp="42" pin="0"/><net_sink comp="280" pin=0"/></net>

<net id="285"><net_src comp="30" pin="0"/><net_sink comp="280" pin=1"/></net>

<net id="290"><net_src comp="42" pin="0"/><net_sink comp="286" pin=0"/></net>

<net id="291"><net_src comp="28" pin="0"/><net_sink comp="286" pin=1"/></net>

<net id="296"><net_src comp="42" pin="0"/><net_sink comp="292" pin=0"/></net>

<net id="297"><net_src comp="26" pin="0"/><net_sink comp="292" pin=1"/></net>

<net id="302"><net_src comp="42" pin="0"/><net_sink comp="298" pin=0"/></net>

<net id="303"><net_src comp="24" pin="0"/><net_sink comp="298" pin=1"/></net>

<net id="308"><net_src comp="42" pin="0"/><net_sink comp="304" pin=0"/></net>

<net id="309"><net_src comp="22" pin="0"/><net_sink comp="304" pin=1"/></net>

<net id="314"><net_src comp="42" pin="0"/><net_sink comp="310" pin=0"/></net>

<net id="315"><net_src comp="20" pin="0"/><net_sink comp="310" pin=1"/></net>

<net id="320"><net_src comp="42" pin="0"/><net_sink comp="316" pin=0"/></net>

<net id="321"><net_src comp="18" pin="0"/><net_sink comp="316" pin=1"/></net>

<net id="326"><net_src comp="42" pin="0"/><net_sink comp="322" pin=0"/></net>

<net id="327"><net_src comp="16" pin="0"/><net_sink comp="322" pin=1"/></net>

<net id="332"><net_src comp="42" pin="0"/><net_sink comp="328" pin=0"/></net>

<net id="333"><net_src comp="14" pin="0"/><net_sink comp="328" pin=1"/></net>

<net id="338"><net_src comp="42" pin="0"/><net_sink comp="334" pin=0"/></net>

<net id="339"><net_src comp="12" pin="0"/><net_sink comp="334" pin=1"/></net>

<net id="344"><net_src comp="42" pin="0"/><net_sink comp="340" pin=0"/></net>

<net id="345"><net_src comp="10" pin="0"/><net_sink comp="340" pin=1"/></net>

<net id="350"><net_src comp="42" pin="0"/><net_sink comp="346" pin=0"/></net>

<net id="351"><net_src comp="8" pin="0"/><net_sink comp="346" pin=1"/></net>

<net id="356"><net_src comp="42" pin="0"/><net_sink comp="352" pin=0"/></net>

<net id="357"><net_src comp="6" pin="0"/><net_sink comp="352" pin=1"/></net>

<net id="362"><net_src comp="42" pin="0"/><net_sink comp="358" pin=0"/></net>

<net id="363"><net_src comp="4" pin="0"/><net_sink comp="358" pin=1"/></net>

<net id="368"><net_src comp="42" pin="0"/><net_sink comp="364" pin=0"/></net>

<net id="369"><net_src comp="2" pin="0"/><net_sink comp="364" pin=1"/></net>

<net id="374"><net_src comp="42" pin="0"/><net_sink comp="370" pin=0"/></net>

<net id="375"><net_src comp="0" pin="0"/><net_sink comp="370" pin=1"/></net>

<net id="381"><net_src comp="32" pin="0"/><net_sink comp="376" pin=0"/></net>

<net id="382"><net_src comp="36" pin="0"/><net_sink comp="376" pin=1"/></net>

<net id="383"><net_src comp="36" pin="0"/><net_sink comp="376" pin=2"/></net>

<net id="393"><net_src comp="376" pin="3"/><net_sink comp="384" pin=2"/></net>

<net id="399"><net_src comp="32" pin="0"/><net_sink comp="394" pin=0"/></net>

<net id="400"><net_src comp="36" pin="0"/><net_sink comp="394" pin=1"/></net>

<net id="401"><net_src comp="34" pin="0"/><net_sink comp="394" pin=2"/></net>

<net id="402"><net_src comp="394" pin="3"/><net_sink comp="384" pin=0"/></net>

<net id="408"><net_src comp="32" pin="0"/><net_sink comp="403" pin=0"/></net>

<net id="409"><net_src comp="36" pin="0"/><net_sink comp="403" pin=1"/></net>

<net id="410"><net_src comp="38" pin="0"/><net_sink comp="403" pin=2"/></net>

<net id="411"><net_src comp="403" pin="3"/><net_sink comp="384" pin=2"/></net>

<net id="417"><net_src comp="32" pin="0"/><net_sink comp="412" pin=0"/></net>

<net id="418"><net_src comp="36" pin="0"/><net_sink comp="412" pin=1"/></net>

<net id="419"><net_src comp="40" pin="0"/><net_sink comp="412" pin=2"/></net>

<net id="420"><net_src comp="412" pin="3"/><net_sink comp="384" pin=0"/></net>

<net id="426"><net_src comp="32" pin="0"/><net_sink comp="421" pin=0"/></net>

<net id="427"><net_src comp="36" pin="0"/><net_sink comp="421" pin=1"/></net>

<net id="428"><net_src comp="46" pin="0"/><net_sink comp="421" pin=2"/></net>

<net id="429"><net_src comp="421" pin="3"/><net_sink comp="384" pin=2"/></net>

<net id="435"><net_src comp="32" pin="0"/><net_sink comp="430" pin=0"/></net>

<net id="436"><net_src comp="36" pin="0"/><net_sink comp="430" pin=1"/></net>

<net id="437"><net_src comp="48" pin="0"/><net_sink comp="430" pin=2"/></net>

<net id="438"><net_src comp="430" pin="3"/><net_sink comp="384" pin=0"/></net>

<net id="444"><net_src comp="32" pin="0"/><net_sink comp="439" pin=0"/></net>

<net id="445"><net_src comp="36" pin="0"/><net_sink comp="439" pin=1"/></net>

<net id="446"><net_src comp="50" pin="0"/><net_sink comp="439" pin=2"/></net>

<net id="447"><net_src comp="439" pin="3"/><net_sink comp="384" pin=2"/></net>

<net id="453"><net_src comp="32" pin="0"/><net_sink comp="448" pin=0"/></net>

<net id="454"><net_src comp="36" pin="0"/><net_sink comp="448" pin=1"/></net>

<net id="455"><net_src comp="52" pin="0"/><net_sink comp="448" pin=2"/></net>

<net id="456"><net_src comp="448" pin="3"/><net_sink comp="384" pin=0"/></net>

<net id="524"><net_src comp="44" pin="0"/><net_sink comp="457" pin=0"/></net>

<net id="525"><net_src comp="364" pin="2"/><net_sink comp="457" pin=1"/></net>

<net id="526"><net_src comp="358" pin="2"/><net_sink comp="457" pin=2"/></net>

<net id="527"><net_src comp="352" pin="2"/><net_sink comp="457" pin=3"/></net>

<net id="528"><net_src comp="346" pin="2"/><net_sink comp="457" pin=4"/></net>

<net id="529"><net_src comp="340" pin="2"/><net_sink comp="457" pin=5"/></net>

<net id="530"><net_src comp="334" pin="2"/><net_sink comp="457" pin=6"/></net>

<net id="531"><net_src comp="328" pin="2"/><net_sink comp="457" pin=7"/></net>

<net id="532"><net_src comp="322" pin="2"/><net_sink comp="457" pin=8"/></net>

<net id="533"><net_src comp="316" pin="2"/><net_sink comp="457" pin=9"/></net>

<net id="534"><net_src comp="310" pin="2"/><net_sink comp="457" pin=10"/></net>

<net id="535"><net_src comp="304" pin="2"/><net_sink comp="457" pin=11"/></net>

<net id="536"><net_src comp="298" pin="2"/><net_sink comp="457" pin=12"/></net>

<net id="537"><net_src comp="292" pin="2"/><net_sink comp="457" pin=13"/></net>

<net id="538"><net_src comp="286" pin="2"/><net_sink comp="457" pin=14"/></net>

<net id="539"><net_src comp="280" pin="2"/><net_sink comp="457" pin=15"/></net>

<net id="540"><net_src comp="370" pin="2"/><net_sink comp="457" pin=16"/></net>

<net id="624"><net_src comp="54" pin="0"/><net_sink comp="541" pin=0"/></net>

<net id="625"><net_src comp="384" pin="3"/><net_sink comp="541" pin=1"/></net>

<net id="626"><net_src comp="384" pin="7"/><net_sink comp="541" pin=2"/></net>

<net id="630"><net_src comp="627" pin="1"/><net_sink comp="541" pin=56"/></net>

<net id="634"><net_src comp="631" pin="1"/><net_sink comp="541" pin=55"/></net>

<net id="638"><net_src comp="635" pin="1"/><net_sink comp="541" pin=54"/></net>

<net id="642"><net_src comp="639" pin="1"/><net_sink comp="541" pin=53"/></net>

<net id="646"><net_src comp="643" pin="1"/><net_sink comp="541" pin=52"/></net>

<net id="650"><net_src comp="647" pin="1"/><net_sink comp="541" pin=51"/></net>

<net id="654"><net_src comp="651" pin="1"/><net_sink comp="541" pin=50"/></net>

<net id="658"><net_src comp="655" pin="1"/><net_sink comp="541" pin=49"/></net>

<net id="662"><net_src comp="659" pin="1"/><net_sink comp="541" pin=48"/></net>

<net id="666"><net_src comp="663" pin="1"/><net_sink comp="541" pin=47"/></net>

<net id="670"><net_src comp="667" pin="1"/><net_sink comp="541" pin=46"/></net>

<net id="674"><net_src comp="671" pin="1"/><net_sink comp="541" pin=45"/></net>

<net id="678"><net_src comp="675" pin="1"/><net_sink comp="541" pin=44"/></net>

<net id="682"><net_src comp="679" pin="1"/><net_sink comp="541" pin=43"/></net>

<net id="686"><net_src comp="683" pin="1"/><net_sink comp="541" pin=42"/></net>

<net id="690"><net_src comp="687" pin="1"/><net_sink comp="541" pin=41"/></net>

<net id="694"><net_src comp="691" pin="1"/><net_sink comp="541" pin=40"/></net>

<net id="698"><net_src comp="695" pin="1"/><net_sink comp="541" pin=39"/></net>

<net id="702"><net_src comp="699" pin="1"/><net_sink comp="541" pin=38"/></net>

<net id="706"><net_src comp="703" pin="1"/><net_sink comp="541" pin=37"/></net>

<net id="710"><net_src comp="707" pin="1"/><net_sink comp="541" pin=36"/></net>

<net id="714"><net_src comp="711" pin="1"/><net_sink comp="541" pin=35"/></net>

<net id="718"><net_src comp="715" pin="1"/><net_sink comp="541" pin=34"/></net>

<net id="722"><net_src comp="719" pin="1"/><net_sink comp="541" pin=33"/></net>

<net id="726"><net_src comp="723" pin="1"/><net_sink comp="541" pin=32"/></net>

<net id="730"><net_src comp="727" pin="1"/><net_sink comp="541" pin=31"/></net>

<net id="734"><net_src comp="731" pin="1"/><net_sink comp="541" pin=30"/></net>

<net id="738"><net_src comp="735" pin="1"/><net_sink comp="541" pin=29"/></net>

<net id="742"><net_src comp="739" pin="1"/><net_sink comp="541" pin=28"/></net>

<net id="746"><net_src comp="743" pin="1"/><net_sink comp="541" pin=27"/></net>

<net id="750"><net_src comp="747" pin="1"/><net_sink comp="541" pin=26"/></net>

<net id="754"><net_src comp="751" pin="1"/><net_sink comp="541" pin=25"/></net>

<net id="758"><net_src comp="755" pin="1"/><net_sink comp="541" pin=57"/></net>

<net id="762"><net_src comp="759" pin="1"/><net_sink comp="541" pin=58"/></net>

<net id="766"><net_src comp="763" pin="1"/><net_sink comp="541" pin=59"/></net>

<net id="770"><net_src comp="767" pin="1"/><net_sink comp="541" pin=60"/></net>

<net id="774"><net_src comp="771" pin="1"/><net_sink comp="541" pin=61"/></net>

<net id="778"><net_src comp="775" pin="1"/><net_sink comp="541" pin=62"/></net>

<net id="782"><net_src comp="779" pin="1"/><net_sink comp="541" pin=63"/></net>

<net id="786"><net_src comp="783" pin="1"/><net_sink comp="541" pin=64"/></net>

<net id="790"><net_src comp="787" pin="1"/><net_sink comp="541" pin=65"/></net>

<net id="794"><net_src comp="791" pin="1"/><net_sink comp="541" pin=66"/></net>

<net id="798"><net_src comp="795" pin="1"/><net_sink comp="541" pin=67"/></net>

<net id="802"><net_src comp="799" pin="1"/><net_sink comp="541" pin=68"/></net>

<net id="806"><net_src comp="803" pin="1"/><net_sink comp="541" pin=69"/></net>

<net id="810"><net_src comp="807" pin="1"/><net_sink comp="541" pin=70"/></net>

<net id="814"><net_src comp="811" pin="1"/><net_sink comp="541" pin=71"/></net>

<net id="818"><net_src comp="815" pin="1"/><net_sink comp="541" pin=72"/></net>

<net id="829"><net_src comp="819" pin="1"/><net_sink comp="825" pin=1"/></net>

<net id="830"><net_src comp="825" pin="2"/><net_sink comp="384" pin=4"/></net>

<net id="835"><net_src comp="822" pin="1"/><net_sink comp="831" pin=1"/></net>

<net id="836"><net_src comp="831" pin="2"/><net_sink comp="384" pin=1"/></net>

<net id="847"><net_src comp="840" pin="1"/><net_sink comp="843" pin=1"/></net>

<net id="848"><net_src comp="843" pin="2"/><net_sink comp="384" pin=4"/></net>

<net id="853"><net_src comp="837" pin="1"/><net_sink comp="849" pin=1"/></net>

<net id="854"><net_src comp="849" pin="2"/><net_sink comp="384" pin=1"/></net>

<net id="865"><net_src comp="858" pin="1"/><net_sink comp="861" pin=1"/></net>

<net id="866"><net_src comp="861" pin="2"/><net_sink comp="384" pin=4"/></net>

<net id="871"><net_src comp="855" pin="1"/><net_sink comp="867" pin=1"/></net>

<net id="872"><net_src comp="867" pin="2"/><net_sink comp="384" pin=1"/></net>

<net id="883"><net_src comp="876" pin="1"/><net_sink comp="879" pin=1"/></net>

<net id="884"><net_src comp="879" pin="2"/><net_sink comp="384" pin=4"/></net>

<net id="889"><net_src comp="873" pin="1"/><net_sink comp="885" pin=1"/></net>

<net id="890"><net_src comp="885" pin="2"/><net_sink comp="384" pin=1"/></net>

<net id="894"><net_src comp="56" pin="1"/><net_sink comp="891" pin=0"/></net>

<net id="895"><net_src comp="891" pin="1"/><net_sink comp="541" pin=80"/></net>

<net id="896"><net_src comp="891" pin="1"/><net_sink comp="840" pin=0"/></net>

<net id="900"><net_src comp="60" pin="1"/><net_sink comp="897" pin=0"/></net>

<net id="901"><net_src comp="897" pin="1"/><net_sink comp="541" pin=79"/></net>

<net id="902"><net_src comp="897" pin="1"/><net_sink comp="822" pin=0"/></net>

<net id="906"><net_src comp="64" pin="1"/><net_sink comp="903" pin=0"/></net>

<net id="907"><net_src comp="903" pin="1"/><net_sink comp="541" pin=78"/></net>

<net id="908"><net_src comp="903" pin="1"/><net_sink comp="819" pin=0"/></net>

<net id="912"><net_src comp="68" pin="1"/><net_sink comp="909" pin=0"/></net>

<net id="913"><net_src comp="909" pin="1"/><net_sink comp="541" pin=77"/></net>

<net id="914"><net_src comp="909" pin="1"/><net_sink comp="837" pin=0"/></net>

<net id="918"><net_src comp="72" pin="1"/><net_sink comp="915" pin=0"/></net>

<net id="919"><net_src comp="915" pin="1"/><net_sink comp="541" pin=76"/></net>

<net id="920"><net_src comp="915" pin="1"/><net_sink comp="858" pin=0"/></net>

<net id="924"><net_src comp="76" pin="1"/><net_sink comp="921" pin=0"/></net>

<net id="925"><net_src comp="921" pin="1"/><net_sink comp="541" pin=75"/></net>

<net id="926"><net_src comp="921" pin="1"/><net_sink comp="855" pin=0"/></net>

<net id="930"><net_src comp="80" pin="1"/><net_sink comp="927" pin=0"/></net>

<net id="931"><net_src comp="927" pin="1"/><net_sink comp="541" pin=74"/></net>

<net id="932"><net_src comp="927" pin="1"/><net_sink comp="876" pin=0"/></net>

<net id="936"><net_src comp="84" pin="1"/><net_sink comp="933" pin=0"/></net>

<net id="937"><net_src comp="933" pin="1"/><net_sink comp="541" pin=73"/></net>

<net id="938"><net_src comp="933" pin="1"/><net_sink comp="873" pin=0"/></net>

<net id="942"><net_src comp="88" pin="1"/><net_sink comp="939" pin=0"/></net>

<net id="943"><net_src comp="939" pin="1"/><net_sink comp="457" pin=64"/></net>

<net id="944"><net_src comp="939" pin="1"/><net_sink comp="815" pin=0"/></net>

<net id="948"><net_src comp="92" pin="1"/><net_sink comp="945" pin=0"/></net>

<net id="949"><net_src comp="945" pin="1"/><net_sink comp="457" pin=63"/></net>

<net id="950"><net_src comp="945" pin="1"/><net_sink comp="811" pin=0"/></net>

<net id="954"><net_src comp="96" pin="1"/><net_sink comp="951" pin=0"/></net>

<net id="955"><net_src comp="951" pin="1"/><net_sink comp="457" pin=62"/></net>

<net id="956"><net_src comp="951" pin="1"/><net_sink comp="807" pin=0"/></net>

<net id="960"><net_src comp="100" pin="1"/><net_sink comp="957" pin=0"/></net>

<net id="961"><net_src comp="957" pin="1"/><net_sink comp="457" pin=61"/></net>

<net id="962"><net_src comp="957" pin="1"/><net_sink comp="803" pin=0"/></net>

<net id="966"><net_src comp="104" pin="1"/><net_sink comp="963" pin=0"/></net>

<net id="967"><net_src comp="963" pin="1"/><net_sink comp="457" pin=60"/></net>

<net id="968"><net_src comp="963" pin="1"/><net_sink comp="799" pin=0"/></net>

<net id="972"><net_src comp="108" pin="1"/><net_sink comp="969" pin=0"/></net>

<net id="973"><net_src comp="969" pin="1"/><net_sink comp="457" pin=59"/></net>

<net id="974"><net_src comp="969" pin="1"/><net_sink comp="795" pin=0"/></net>

<net id="978"><net_src comp="112" pin="1"/><net_sink comp="975" pin=0"/></net>

<net id="979"><net_src comp="975" pin="1"/><net_sink comp="457" pin=58"/></net>

<net id="980"><net_src comp="975" pin="1"/><net_sink comp="791" pin=0"/></net>

<net id="984"><net_src comp="116" pin="1"/><net_sink comp="981" pin=0"/></net>

<net id="985"><net_src comp="981" pin="1"/><net_sink comp="457" pin=57"/></net>

<net id="986"><net_src comp="981" pin="1"/><net_sink comp="787" pin=0"/></net>

<net id="990"><net_src comp="120" pin="1"/><net_sink comp="987" pin=0"/></net>

<net id="991"><net_src comp="987" pin="1"/><net_sink comp="457" pin=56"/></net>

<net id="992"><net_src comp="987" pin="1"/><net_sink comp="783" pin=0"/></net>

<net id="996"><net_src comp="124" pin="1"/><net_sink comp="993" pin=0"/></net>

<net id="997"><net_src comp="993" pin="1"/><net_sink comp="457" pin=55"/></net>

<net id="998"><net_src comp="993" pin="1"/><net_sink comp="779" pin=0"/></net>

<net id="1002"><net_src comp="128" pin="1"/><net_sink comp="999" pin=0"/></net>

<net id="1003"><net_src comp="999" pin="1"/><net_sink comp="457" pin=54"/></net>

<net id="1004"><net_src comp="999" pin="1"/><net_sink comp="775" pin=0"/></net>

<net id="1008"><net_src comp="132" pin="1"/><net_sink comp="1005" pin=0"/></net>

<net id="1009"><net_src comp="1005" pin="1"/><net_sink comp="457" pin=53"/></net>

<net id="1010"><net_src comp="1005" pin="1"/><net_sink comp="771" pin=0"/></net>

<net id="1014"><net_src comp="136" pin="1"/><net_sink comp="1011" pin=0"/></net>

<net id="1015"><net_src comp="1011" pin="1"/><net_sink comp="457" pin=52"/></net>

<net id="1016"><net_src comp="1011" pin="1"/><net_sink comp="767" pin=0"/></net>

<net id="1020"><net_src comp="140" pin="1"/><net_sink comp="1017" pin=0"/></net>

<net id="1021"><net_src comp="1017" pin="1"/><net_sink comp="457" pin=51"/></net>

<net id="1022"><net_src comp="1017" pin="1"/><net_sink comp="763" pin=0"/></net>

<net id="1026"><net_src comp="144" pin="1"/><net_sink comp="1023" pin=0"/></net>

<net id="1027"><net_src comp="1023" pin="1"/><net_sink comp="457" pin=50"/></net>

<net id="1028"><net_src comp="1023" pin="1"/><net_sink comp="759" pin=0"/></net>

<net id="1032"><net_src comp="148" pin="1"/><net_sink comp="1029" pin=0"/></net>

<net id="1033"><net_src comp="1029" pin="1"/><net_sink comp="457" pin=49"/></net>

<net id="1034"><net_src comp="1029" pin="1"/><net_sink comp="755" pin=0"/></net>

<net id="1038"><net_src comp="152" pin="1"/><net_sink comp="1035" pin=0"/></net>

<net id="1039"><net_src comp="1035" pin="1"/><net_sink comp="457" pin=48"/></net>

<net id="1040"><net_src comp="1035" pin="1"/><net_sink comp="751" pin=0"/></net>

<net id="1044"><net_src comp="156" pin="1"/><net_sink comp="1041" pin=0"/></net>

<net id="1045"><net_src comp="1041" pin="1"/><net_sink comp="457" pin=47"/></net>

<net id="1046"><net_src comp="1041" pin="1"/><net_sink comp="747" pin=0"/></net>

<net id="1050"><net_src comp="160" pin="1"/><net_sink comp="1047" pin=0"/></net>

<net id="1051"><net_src comp="1047" pin="1"/><net_sink comp="457" pin=46"/></net>

<net id="1052"><net_src comp="1047" pin="1"/><net_sink comp="743" pin=0"/></net>

<net id="1056"><net_src comp="164" pin="1"/><net_sink comp="1053" pin=0"/></net>

<net id="1057"><net_src comp="1053" pin="1"/><net_sink comp="457" pin=45"/></net>

<net id="1058"><net_src comp="1053" pin="1"/><net_sink comp="739" pin=0"/></net>

<net id="1062"><net_src comp="168" pin="1"/><net_sink comp="1059" pin=0"/></net>

<net id="1063"><net_src comp="1059" pin="1"/><net_sink comp="457" pin=44"/></net>

<net id="1064"><net_src comp="1059" pin="1"/><net_sink comp="735" pin=0"/></net>

<net id="1068"><net_src comp="172" pin="1"/><net_sink comp="1065" pin=0"/></net>

<net id="1069"><net_src comp="1065" pin="1"/><net_sink comp="457" pin=43"/></net>

<net id="1070"><net_src comp="1065" pin="1"/><net_sink comp="731" pin=0"/></net>

<net id="1074"><net_src comp="176" pin="1"/><net_sink comp="1071" pin=0"/></net>

<net id="1075"><net_src comp="1071" pin="1"/><net_sink comp="457" pin=42"/></net>

<net id="1076"><net_src comp="1071" pin="1"/><net_sink comp="727" pin=0"/></net>

<net id="1080"><net_src comp="180" pin="1"/><net_sink comp="1077" pin=0"/></net>

<net id="1081"><net_src comp="1077" pin="1"/><net_sink comp="457" pin=41"/></net>

<net id="1082"><net_src comp="1077" pin="1"/><net_sink comp="723" pin=0"/></net>

<net id="1086"><net_src comp="184" pin="1"/><net_sink comp="1083" pin=0"/></net>

<net id="1087"><net_src comp="1083" pin="1"/><net_sink comp="457" pin=40"/></net>

<net id="1088"><net_src comp="1083" pin="1"/><net_sink comp="719" pin=0"/></net>

<net id="1092"><net_src comp="188" pin="1"/><net_sink comp="1089" pin=0"/></net>

<net id="1093"><net_src comp="1089" pin="1"/><net_sink comp="457" pin=39"/></net>

<net id="1094"><net_src comp="1089" pin="1"/><net_sink comp="715" pin=0"/></net>

<net id="1098"><net_src comp="192" pin="1"/><net_sink comp="1095" pin=0"/></net>

<net id="1099"><net_src comp="1095" pin="1"/><net_sink comp="457" pin=38"/></net>

<net id="1100"><net_src comp="1095" pin="1"/><net_sink comp="711" pin=0"/></net>

<net id="1104"><net_src comp="196" pin="1"/><net_sink comp="1101" pin=0"/></net>

<net id="1105"><net_src comp="1101" pin="1"/><net_sink comp="457" pin=37"/></net>

<net id="1106"><net_src comp="1101" pin="1"/><net_sink comp="707" pin=0"/></net>

<net id="1110"><net_src comp="200" pin="1"/><net_sink comp="1107" pin=0"/></net>

<net id="1111"><net_src comp="1107" pin="1"/><net_sink comp="457" pin=36"/></net>

<net id="1112"><net_src comp="1107" pin="1"/><net_sink comp="703" pin=0"/></net>

<net id="1116"><net_src comp="204" pin="1"/><net_sink comp="1113" pin=0"/></net>

<net id="1117"><net_src comp="1113" pin="1"/><net_sink comp="457" pin=35"/></net>

<net id="1118"><net_src comp="1113" pin="1"/><net_sink comp="699" pin=0"/></net>

<net id="1122"><net_src comp="208" pin="1"/><net_sink comp="1119" pin=0"/></net>

<net id="1123"><net_src comp="1119" pin="1"/><net_sink comp="457" pin=34"/></net>

<net id="1124"><net_src comp="1119" pin="1"/><net_sink comp="695" pin=0"/></net>

<net id="1128"><net_src comp="212" pin="1"/><net_sink comp="1125" pin=0"/></net>

<net id="1129"><net_src comp="1125" pin="1"/><net_sink comp="457" pin=33"/></net>

<net id="1130"><net_src comp="1125" pin="1"/><net_sink comp="691" pin=0"/></net>

<net id="1134"><net_src comp="216" pin="1"/><net_sink comp="1131" pin=0"/></net>

<net id="1135"><net_src comp="1131" pin="1"/><net_sink comp="457" pin=32"/></net>

<net id="1136"><net_src comp="1131" pin="1"/><net_sink comp="687" pin=0"/></net>

<net id="1140"><net_src comp="220" pin="1"/><net_sink comp="1137" pin=0"/></net>

<net id="1141"><net_src comp="1137" pin="1"/><net_sink comp="457" pin=31"/></net>

<net id="1142"><net_src comp="1137" pin="1"/><net_sink comp="683" pin=0"/></net>

<net id="1146"><net_src comp="224" pin="1"/><net_sink comp="1143" pin=0"/></net>

<net id="1147"><net_src comp="1143" pin="1"/><net_sink comp="457" pin=30"/></net>

<net id="1148"><net_src comp="1143" pin="1"/><net_sink comp="679" pin=0"/></net>

<net id="1152"><net_src comp="228" pin="1"/><net_sink comp="1149" pin=0"/></net>

<net id="1153"><net_src comp="1149" pin="1"/><net_sink comp="457" pin=29"/></net>

<net id="1154"><net_src comp="1149" pin="1"/><net_sink comp="675" pin=0"/></net>

<net id="1158"><net_src comp="232" pin="1"/><net_sink comp="1155" pin=0"/></net>

<net id="1159"><net_src comp="1155" pin="1"/><net_sink comp="457" pin=28"/></net>

<net id="1160"><net_src comp="1155" pin="1"/><net_sink comp="671" pin=0"/></net>

<net id="1164"><net_src comp="236" pin="1"/><net_sink comp="1161" pin=0"/></net>

<net id="1165"><net_src comp="1161" pin="1"/><net_sink comp="457" pin=27"/></net>

<net id="1166"><net_src comp="1161" pin="1"/><net_sink comp="667" pin=0"/></net>

<net id="1170"><net_src comp="240" pin="1"/><net_sink comp="1167" pin=0"/></net>

<net id="1171"><net_src comp="1167" pin="1"/><net_sink comp="457" pin=26"/></net>

<net id="1172"><net_src comp="1167" pin="1"/><net_sink comp="663" pin=0"/></net>

<net id="1176"><net_src comp="244" pin="1"/><net_sink comp="1173" pin=0"/></net>

<net id="1177"><net_src comp="1173" pin="1"/><net_sink comp="457" pin=25"/></net>

<net id="1178"><net_src comp="1173" pin="1"/><net_sink comp="659" pin=0"/></net>

<net id="1182"><net_src comp="248" pin="1"/><net_sink comp="1179" pin=0"/></net>

<net id="1183"><net_src comp="1179" pin="1"/><net_sink comp="457" pin=24"/></net>

<net id="1184"><net_src comp="1179" pin="1"/><net_sink comp="655" pin=0"/></net>

<net id="1188"><net_src comp="252" pin="1"/><net_sink comp="1185" pin=0"/></net>

<net id="1189"><net_src comp="1185" pin="1"/><net_sink comp="457" pin=23"/></net>

<net id="1190"><net_src comp="1185" pin="1"/><net_sink comp="651" pin=0"/></net>

<net id="1194"><net_src comp="256" pin="1"/><net_sink comp="1191" pin=0"/></net>

<net id="1195"><net_src comp="1191" pin="1"/><net_sink comp="457" pin=22"/></net>

<net id="1196"><net_src comp="1191" pin="1"/><net_sink comp="647" pin=0"/></net>

<net id="1200"><net_src comp="260" pin="1"/><net_sink comp="1197" pin=0"/></net>

<net id="1201"><net_src comp="1197" pin="1"/><net_sink comp="457" pin=21"/></net>

<net id="1202"><net_src comp="1197" pin="1"/><net_sink comp="643" pin=0"/></net>

<net id="1206"><net_src comp="264" pin="1"/><net_sink comp="1203" pin=0"/></net>

<net id="1207"><net_src comp="1203" pin="1"/><net_sink comp="457" pin=20"/></net>

<net id="1208"><net_src comp="1203" pin="1"/><net_sink comp="639" pin=0"/></net>

<net id="1212"><net_src comp="268" pin="1"/><net_sink comp="1209" pin=0"/></net>

<net id="1213"><net_src comp="1209" pin="1"/><net_sink comp="457" pin=19"/></net>

<net id="1214"><net_src comp="1209" pin="1"/><net_sink comp="635" pin=0"/></net>

<net id="1218"><net_src comp="272" pin="1"/><net_sink comp="1215" pin=0"/></net>

<net id="1219"><net_src comp="1215" pin="1"/><net_sink comp="457" pin=18"/></net>

<net id="1220"><net_src comp="1215" pin="1"/><net_sink comp="631" pin=0"/></net>

<net id="1224"><net_src comp="276" pin="1"/><net_sink comp="1221" pin=0"/></net>

<net id="1225"><net_src comp="1221" pin="1"/><net_sink comp="457" pin=17"/></net>

<net id="1226"><net_src comp="1221" pin="1"/><net_sink comp="627" pin=0"/></net>

<net id="1230"><net_src comp="376" pin="3"/><net_sink comp="1227" pin=0"/></net>

<net id="1231"><net_src comp="1227" pin="1"/><net_sink comp="384" pin=2"/></net>

<net id="1235"><net_src comp="394" pin="3"/><net_sink comp="1232" pin=0"/></net>

<net id="1236"><net_src comp="1232" pin="1"/><net_sink comp="384" pin=0"/></net>

<net id="1240"><net_src comp="384" pin="7"/><net_sink comp="1237" pin=0"/></net>

<net id="1241"><net_src comp="1237" pin="1"/><net_sink comp="541" pin=6"/></net>

<net id="1242"><net_src comp="1237" pin="1"/><net_sink comp="825" pin=0"/></net>

<net id="1246"><net_src comp="384" pin="3"/><net_sink comp="1243" pin=0"/></net>

<net id="1247"><net_src comp="1243" pin="1"/><net_sink comp="541" pin=7"/></net>

<net id="1248"><net_src comp="1243" pin="1"/><net_sink comp="831" pin=0"/></net>

<net id="1252"><net_src comp="403" pin="3"/><net_sink comp="1249" pin=0"/></net>

<net id="1253"><net_src comp="1249" pin="1"/><net_sink comp="384" pin=2"/></net>

<net id="1257"><net_src comp="412" pin="3"/><net_sink comp="1254" pin=0"/></net>

<net id="1258"><net_src comp="1254" pin="1"/><net_sink comp="384" pin=0"/></net>

<net id="1262"><net_src comp="280" pin="2"/><net_sink comp="1259" pin=0"/></net>

<net id="1263"><net_src comp="1259" pin="1"/><net_sink comp="457" pin=15"/></net>

<net id="1264"><net_src comp="1259" pin="1"/><net_sink comp="541" pin=24"/></net>

<net id="1268"><net_src comp="286" pin="2"/><net_sink comp="1265" pin=0"/></net>

<net id="1269"><net_src comp="1265" pin="1"/><net_sink comp="457" pin=14"/></net>

<net id="1270"><net_src comp="1265" pin="1"/><net_sink comp="541" pin=23"/></net>

<net id="1274"><net_src comp="292" pin="2"/><net_sink comp="1271" pin=0"/></net>

<net id="1275"><net_src comp="1271" pin="1"/><net_sink comp="457" pin=13"/></net>

<net id="1276"><net_src comp="1271" pin="1"/><net_sink comp="541" pin=22"/></net>

<net id="1280"><net_src comp="298" pin="2"/><net_sink comp="1277" pin=0"/></net>

<net id="1281"><net_src comp="1277" pin="1"/><net_sink comp="457" pin=12"/></net>

<net id="1282"><net_src comp="1277" pin="1"/><net_sink comp="541" pin=21"/></net>

<net id="1286"><net_src comp="304" pin="2"/><net_sink comp="1283" pin=0"/></net>

<net id="1287"><net_src comp="1283" pin="1"/><net_sink comp="457" pin=11"/></net>

<net id="1288"><net_src comp="1283" pin="1"/><net_sink comp="541" pin=20"/></net>

<net id="1292"><net_src comp="310" pin="2"/><net_sink comp="1289" pin=0"/></net>

<net id="1293"><net_src comp="1289" pin="1"/><net_sink comp="457" pin=10"/></net>

<net id="1294"><net_src comp="1289" pin="1"/><net_sink comp="541" pin=19"/></net>

<net id="1298"><net_src comp="316" pin="2"/><net_sink comp="1295" pin=0"/></net>

<net id="1299"><net_src comp="1295" pin="1"/><net_sink comp="457" pin=9"/></net>

<net id="1300"><net_src comp="1295" pin="1"/><net_sink comp="541" pin=18"/></net>

<net id="1304"><net_src comp="322" pin="2"/><net_sink comp="1301" pin=0"/></net>

<net id="1305"><net_src comp="1301" pin="1"/><net_sink comp="457" pin=8"/></net>

<net id="1306"><net_src comp="1301" pin="1"/><net_sink comp="541" pin=17"/></net>

<net id="1310"><net_src comp="328" pin="2"/><net_sink comp="1307" pin=0"/></net>

<net id="1311"><net_src comp="1307" pin="1"/><net_sink comp="457" pin=7"/></net>

<net id="1312"><net_src comp="1307" pin="1"/><net_sink comp="541" pin=16"/></net>

<net id="1316"><net_src comp="334" pin="2"/><net_sink comp="1313" pin=0"/></net>

<net id="1317"><net_src comp="1313" pin="1"/><net_sink comp="457" pin=6"/></net>

<net id="1318"><net_src comp="1313" pin="1"/><net_sink comp="541" pin=15"/></net>

<net id="1322"><net_src comp="340" pin="2"/><net_sink comp="1319" pin=0"/></net>

<net id="1323"><net_src comp="1319" pin="1"/><net_sink comp="457" pin=5"/></net>

<net id="1324"><net_src comp="1319" pin="1"/><net_sink comp="541" pin=14"/></net>

<net id="1328"><net_src comp="346" pin="2"/><net_sink comp="1325" pin=0"/></net>

<net id="1329"><net_src comp="1325" pin="1"/><net_sink comp="457" pin=4"/></net>

<net id="1330"><net_src comp="1325" pin="1"/><net_sink comp="541" pin=13"/></net>

<net id="1334"><net_src comp="352" pin="2"/><net_sink comp="1331" pin=0"/></net>

<net id="1335"><net_src comp="1331" pin="1"/><net_sink comp="457" pin=3"/></net>

<net id="1336"><net_src comp="1331" pin="1"/><net_sink comp="541" pin=12"/></net>

<net id="1340"><net_src comp="358" pin="2"/><net_sink comp="1337" pin=0"/></net>

<net id="1341"><net_src comp="1337" pin="1"/><net_sink comp="457" pin=2"/></net>

<net id="1342"><net_src comp="1337" pin="1"/><net_sink comp="541" pin=11"/></net>

<net id="1346"><net_src comp="364" pin="2"/><net_sink comp="1343" pin=0"/></net>

<net id="1347"><net_src comp="1343" pin="1"/><net_sink comp="457" pin=1"/></net>

<net id="1348"><net_src comp="1343" pin="1"/><net_sink comp="541" pin=10"/></net>

<net id="1352"><net_src comp="370" pin="2"/><net_sink comp="1349" pin=0"/></net>

<net id="1353"><net_src comp="1349" pin="1"/><net_sink comp="457" pin=16"/></net>

<net id="1354"><net_src comp="1349" pin="1"/><net_sink comp="541" pin=9"/></net>

<net id="1358"><net_src comp="384" pin="7"/><net_sink comp="1355" pin=0"/></net>

<net id="1359"><net_src comp="1355" pin="1"/><net_sink comp="541" pin=8"/></net>

<net id="1360"><net_src comp="1355" pin="1"/><net_sink comp="843" pin=0"/></net>

<net id="1364"><net_src comp="384" pin="3"/><net_sink comp="1361" pin=0"/></net>

<net id="1365"><net_src comp="1361" pin="1"/><net_sink comp="541" pin=5"/></net>

<net id="1366"><net_src comp="1361" pin="1"/><net_sink comp="849" pin=0"/></net>

<net id="1370"><net_src comp="421" pin="3"/><net_sink comp="1367" pin=0"/></net>

<net id="1371"><net_src comp="1367" pin="1"/><net_sink comp="384" pin=2"/></net>

<net id="1375"><net_src comp="430" pin="3"/><net_sink comp="1372" pin=0"/></net>

<net id="1376"><net_src comp="1372" pin="1"/><net_sink comp="384" pin=0"/></net>

<net id="1380"><net_src comp="384" pin="7"/><net_sink comp="1377" pin=0"/></net>

<net id="1381"><net_src comp="1377" pin="1"/><net_sink comp="541" pin=4"/></net>

<net id="1382"><net_src comp="1377" pin="1"/><net_sink comp="861" pin=0"/></net>

<net id="1386"><net_src comp="384" pin="3"/><net_sink comp="1383" pin=0"/></net>

<net id="1387"><net_src comp="1383" pin="1"/><net_sink comp="541" pin=3"/></net>

<net id="1388"><net_src comp="1383" pin="1"/><net_sink comp="867" pin=0"/></net>

<net id="1392"><net_src comp="439" pin="3"/><net_sink comp="1389" pin=0"/></net>

<net id="1393"><net_src comp="1389" pin="1"/><net_sink comp="384" pin=2"/></net>

<net id="1397"><net_src comp="448" pin="3"/><net_sink comp="1394" pin=0"/></net>

<net id="1398"><net_src comp="1394" pin="1"/><net_sink comp="384" pin=0"/></net>

<net id="1546"><net_src comp="384" pin="7"/><net_sink comp="1543" pin=0"/></net>

<net id="1547"><net_src comp="1543" pin="1"/><net_sink comp="541" pin=2"/></net>

<net id="1548"><net_src comp="1543" pin="1"/><net_sink comp="879" pin=0"/></net>

<net id="1552"><net_src comp="384" pin="3"/><net_sink comp="1549" pin=0"/></net>

<net id="1553"><net_src comp="1549" pin="1"/><net_sink comp="541" pin=1"/></net>

<net id="1554"><net_src comp="1549" pin="1"/><net_sink comp="885" pin=0"/></net>

</net_list>

</model> 
---------------- Datapath Model END ------------------

* FSMD analyzer results:
  - Output states:
	Port: H | {7 8 9 10 }
 - Input state : 
	Port: sha256_process_block : block_read | {3 }
	Port: sha256_process_block : block_read_79 | {3 }
	Port: sha256_process_block : block_read_80 | {3 }
	Port: sha256_process_block : block_read_81 | {3 }
	Port: sha256_process_block : block_read_82 | {3 }
	Port: sha256_process_block : block_read_83 | {3 }
	Port: sha256_process_block : block_read_84 | {3 }
	Port: sha256_process_block : block_read_85 | {3 }
	Port: sha256_process_block : block_read_86 | {3 }
	Port: sha256_process_block : block_read_87 | {3 }
	Port: sha256_process_block : block_read_88 | {3 }
	Port: sha256_process_block : block_read_89 | {3 }
	Port: sha256_process_block : block_read_90 | {3 }
	Port: sha256_process_block : block_read_91 | {3 }
	Port: sha256_process_block : block_read_92 | {3 }
	Port: sha256_process_block : block_read_93 | {3 }
	Port: sha256_process_block : H | {1 2 3 4 5 }
  - Chain level:
	State 1
		a : 1
		b : 1
	State 2
		c : 1
		d : 1
	State 3
		e : 1
		f : 1
	State 4
		g : 1
		h : 1
	State 5
		call_ln59 : 1
	State 6
	State 7
		add_ln97 : 1
		store_ln97 : 2
		add_ln98 : 1
		store_ln98 : 2
	State 8
		add_ln99 : 1
		store_ln99 : 2
		add_ln100 : 1
		store_ln100 : 2
	State 9
		add_ln101 : 1
		store_ln101 : 2
		add_ln102 : 1
		store_ln102 : 2
	State 10
		add_ln103 : 1
		store_ln103 : 2
		add_ln104 : 1
		store_ln104 : 2


============================================================
+ Verbose Summary: Datapath Resource usage 
============================================================

* Functional unit list:
|----------|---------------------------------------------------|---------|---------|
| Operation|                  Functional Unit                  |    FF   |   LUT   |
|----------|---------------------------------------------------|---------|---------|
|   call   | grp_sha256_process_block_Pipeline_EXPAND_W_fu_457 |   1653  |   1347  |
|          | grp_sha256_process_block_Pipeline_COMPRESS_fu_541 |   2600  |   1185  |
|----------|---------------------------------------------------|---------|---------|
|          |                  add_ln97_fu_825                  |    0    |    39   |
|          |                  add_ln98_fu_831                  |    0    |    39   |
|          |                  add_ln99_fu_843                  |    0    |    39   |
|    add   |                  add_ln100_fu_849                 |    0    |    39   |
|          |                  add_ln101_fu_861                 |    0    |    39   |
|          |                  add_ln102_fu_867                 |    0    |    39   |
|          |                  add_ln103_fu_879                 |    0    |    39   |
|          |                  add_ln104_fu_885                 |    0    |    39   |
|----------|---------------------------------------------------|---------|---------|
|          |             block_read_48_read_fu_280             |    0    |    0    |
|          |             block_read_49_read_fu_286             |    0    |    0    |
|          |             block_read_50_read_fu_292             |    0    |    0    |
|          |             block_read_51_read_fu_298             |    0    |    0    |
|          |             block_read_52_read_fu_304             |    0    |    0    |
|          |             block_read_53_read_fu_310             |    0    |    0    |
|          |             block_read_54_read_fu_316             |    0    |    0    |
|   read   |             block_read_55_read_fu_322             |    0    |    0    |
|          |             block_read_56_read_fu_328             |    0    |    0    |
|          |             block_read_57_read_fu_334             |    0    |    0    |
|          |             block_read_58_read_fu_340             |    0    |    0    |
|          |             block_read_59_read_fu_346             |    0    |    0    |
|          |             block_read_60_read_fu_352             |    0    |    0    |
|          |             block_read_61_read_fu_358             |    0    |    0    |
|          |             block_read_62_read_fu_364             |    0    |    0    |
|          |             block_read_63_read_fu_370             |    0    |    0    |
|----------|---------------------------------------------------|---------|---------|
|   Total  |                                                   |   4253  |   2844  |
|----------|---------------------------------------------------|---------|---------|

Memories:
N/A

* Register list:
+----------------------+--------+
|                      |   FF   |
+----------------------+--------+
|  H_addr_10_reg_1254  |    3   |
|  H_addr_11_reg_1367  |    3   |
|  H_addr_12_reg_1372  |    3   |
|  H_addr_13_reg_1389  |    3   |
|  H_addr_14_reg_1394  |    3   |
|   H_addr_8_reg_1232  |    3   |
|   H_addr_9_reg_1249  |    3   |
|    H_addr_reg_1227   |    3   |
|   W_10_loc_reg_999   |   32   |
|   W_11_loc_reg_1005  |   32   |
|   W_12_loc_reg_1011  |   32   |
|   W_13_loc_reg_1017  |   32   |
|   W_14_loc_reg_1023  |   32   |
|   W_15_loc_reg_1029  |   32   |
|   W_16_loc_reg_1035  |   32   |
|   W_17_loc_reg_1041  |   32   |
|   W_18_loc_reg_1047  |   32   |
|   W_19_loc_reg_1053  |   32   |
|    W_1_loc_reg_945   |   32   |
|   W_20_loc_reg_1059  |   32   |
|   W_21_loc_reg_1065  |   32   |
|   W_22_loc_reg_1071  |   32   |
|   W_23_loc_reg_1077  |   32   |
|   W_24_loc_reg_1083  |   32   |
|   W_25_loc_reg_1089  |   32   |
|   W_26_loc_reg_1095  |   32   |
|   W_27_loc_reg_1101  |   32   |
|   W_28_loc_reg_1107  |   32   |
|   W_29_loc_reg_1113  |   32   |
|    W_2_loc_reg_951   |   32   |
|   W_30_loc_reg_1119  |   32   |
|   W_31_loc_reg_1125  |   32   |
|   W_32_loc_reg_1131  |   32   |
|   W_33_loc_reg_1137  |   32   |
|   W_34_loc_reg_1143  |   32   |
|   W_35_loc_reg_1149  |   32   |
|   W_36_loc_reg_1155  |   32   |
|   W_37_loc_reg_1161  |   32   |
|   W_38_loc_reg_1167  |   32   |
|   W_39_loc_reg_1173  |   32   |
|    W_3_loc_reg_957   |   32   |
|   W_40_loc_reg_1179  |   32   |
|   W_41_loc_reg_1185  |   32   |
|   W_42_loc_reg_1191  |   32   |
|   W_43_loc_reg_1197  |   32   |
|   W_44_loc_reg_1203  |   32   |
|   W_45_loc_reg_1209  |   32   |
|   W_46_loc_reg_1215  |   32   |
|   W_47_loc_reg_1221  |   32   |
|    W_4_loc_reg_963   |   32   |
|    W_5_loc_reg_969   |   32   |
|    W_6_loc_reg_975   |   32   |
|    W_7_loc_reg_981   |   32   |
|    W_8_loc_reg_987   |   32   |
|    W_9_loc_reg_993   |   32   |
|     W_loc_reg_939    |   32   |
|    a_3_loc_reg_903   |   32   |
|      a_reg_1237      |   32   |
|    b_3_loc_reg_897   |   32   |
|      b_reg_1243      |   32   |
|block_read_48_reg_1259|   32   |
|block_read_49_reg_1265|   32   |
|block_read_50_reg_1271|   32   |
|block_read_51_reg_1277|   32   |
|block_read_52_reg_1283|   32   |
|block_read_53_reg_1289|   32   |
|block_read_54_reg_1295|   32   |
|block_read_55_reg_1301|   32   |
|block_read_56_reg_1307|   32   |
|block_read_57_reg_1313|   32   |
|block_read_58_reg_1319|   32   |
|block_read_59_reg_1325|   32   |
|block_read_60_reg_1331|   32   |
|block_read_61_reg_1337|   32   |
|block_read_62_reg_1343|   32   |
|block_read_63_reg_1349|   32   |
|    c_3_loc_reg_891   |   32   |
|      c_reg_1355      |   32   |
|    d_1_loc_reg_909   |   32   |
|      d_reg_1361      |   32   |
|    e_3_loc_reg_915   |   32   |
|      e_reg_1377      |   32   |
|    f_3_loc_reg_921   |   32   |
|      f_reg_1383      |   32   |
|    g_3_loc_reg_927   |   32   |
|      g_reg_1543      |   32   |
|    h_1_loc_reg_933   |   32   |
|      h_reg_1549      |   32   |
+----------------------+--------+
|         Total        |  2584  |
+----------------------+--------+

* Multiplexer (MUX) list: 
|---------------------------------------------------|------|------|------|--------||---------||---------|
|                        Comp                       |  Pin | Size |  BW  | S x BW ||  Delay  ||   LUT   |
|---------------------------------------------------|------|------|------|--------||---------||---------|
|                 grp_access_fu_384                 |  p0  |   8  |   3  |   24   ||    42   |
|                 grp_access_fu_384                 |  p1  |   4  |  32  |   128  ||    20   |
|                 grp_access_fu_384                 |  p2  |   8  |   0  |    0   ||    42   |
|                 grp_access_fu_384                 |  p4  |   4  |   3  |   12   ||    20   |
| grp_sha256_process_block_Pipeline_EXPAND_W_fu_457 |  p1  |   2  |  32  |   64   ||    9    |
| grp_sha256_process_block_Pipeline_EXPAND_W_fu_457 |  p2  |   2  |  32  |   64   ||    9    |
| grp_sha256_process_block_Pipeline_EXPAND_W_fu_457 |  p3  |   2  |  32  |   64   ||    9    |
| grp_sha256_process_block_Pipeline_EXPAND_W_fu_457 |  p4  |   2  |  32  |   64   ||    9    |
| grp_sha256_process_block_Pipeline_EXPAND_W_fu_457 |  p5  |   2  |  32  |   64   ||    9    |
| grp_sha256_process_block_Pipeline_EXPAND_W_fu_457 |  p6  |   2  |  32  |   64   ||    9    |
| grp_sha256_process_block_Pipeline_EXPAND_W_fu_457 |  p7  |   2  |  32  |   64   ||    9    |
| grp_sha256_process_block_Pipeline_EXPAND_W_fu_457 |  p8  |   2  |  32  |   64   ||    9    |
| grp_sha256_process_block_Pipeline_EXPAND_W_fu_457 |  p9  |   2  |  32  |   64   ||    9    |
| grp_sha256_process_block_Pipeline_EXPAND_W_fu_457 |  p10 |   2  |  32  |   64   ||    9    |
| grp_sha256_process_block_Pipeline_EXPAND_W_fu_457 |  p11 |   2  |  32  |   64   ||    9    |
| grp_sha256_process_block_Pipeline_EXPAND_W_fu_457 |  p12 |   2  |  32  |   64   ||    9    |
| grp_sha256_process_block_Pipeline_EXPAND_W_fu_457 |  p13 |   2  |  32  |   64   ||    9    |
| grp_sha256_process_block_Pipeline_EXPAND_W_fu_457 |  p14 |   2  |  32  |   64   ||    9    |
| grp_sha256_process_block_Pipeline_EXPAND_W_fu_457 |  p15 |   2  |  32  |   64   ||    9    |
| grp_sha256_process_block_Pipeline_EXPAND_W_fu_457 |  p16 |   2  |  32  |   64   ||    9    |
| grp_sha256_process_block_Pipeline_COMPRESS_fu_541 |  p1  |   2  |  32  |   64   ||    9    |
| grp_sha256_process_block_Pipeline_COMPRESS_fu_541 |  p2  |   2  |  32  |   64   ||    9    |
|---------------------------------------------------|------|------|------|--------||---------||---------|
|                       Total                       |      |      |      |  1316  || 36.8448 ||   286   |
|---------------------------------------------------|------|------|------|--------||---------||---------|



* Summary:
+-----------+--------+--------+--------+
|           |  Delay |   FF   |   LUT  |
+-----------+--------+--------+--------+
|  Function |    -   |  4253  |  2844  |
|   Memory  |    -   |    -   |    -   |
|Multiplexer|   36   |    -   |   286  |
|  Register |    -   |  2584  |    -   |
+-----------+--------+--------+--------+
|   Total   |   36   |  6837  |  3130  |
+-----------+--------+--------+--------+
