

================================================================
== Vitis HLS Report for 'accel_top'
================================================================
* Date:           Fri Aug 21 20:16:16 2026

* Version:        2022.1 (Build 3526262 on Mon Apr 18 15:48:16 MDT 2022)
* Project:        cnn_accelerator
* Solution:       solution1 (Vivado IP Flow Target)
* Product family: zynq
* Target device:  xc7z020-clg484-1


================================================================
== Performance Estimates
================================================================
+ Timing: 
    * Summary: 
    +--------+----------+----------+------------+
    |  Clock |  Target  | Estimated| Uncertainty|
    +--------+----------+----------+------------+
    |ap_clk  |  10.00 ns|  8.750 ns|     1.25 ns|
    +--------+----------+----------+------------+

+ Latency: 
    * Summary: 
    +---------+---------+----------+----------+-----+-----+---------+
    |  Latency (cycles) |  Latency (absolute) |  Interval | Pipeline|
    |   min   |   max   |    min   |    max   | min | max |   Type  |
    +---------+---------+----------+----------+-----+-----+---------+
    |        ?|        ?|         ?|         ?|    ?|    ?|       no|
    +---------+---------+----------+----------+-----+-----+---------+

    + Detail: 
        * Instance: 
        +---------------------------------------------------------+----------------------------------------------+---------+---------+-----------+----------+-----+-----+---------+
        |                                                         |                                              |  Latency (cycles) |  Latency (absolute)  |  Interval | Pipeline|
        |                         Instance                        |                    Module                    |   min   |   max   |    min    |    max   | min | max |   Type  |
        +---------------------------------------------------------+----------------------------------------------+---------+---------+-----------+----------+-----+-----+---------+
        |grp_accel_top_Pipeline_LOAD_INPUT_H_LOAD_INPUT_W_fu_326  |accel_top_Pipeline_LOAD_INPUT_H_LOAD_INPUT_W  |        ?|        ?|          ?|         ?|    ?|    ?|       no|
        |grp_accel_top_Pipeline_LOAD_W_KH_LOAD_W_KW_fu_340        |accel_top_Pipeline_LOAD_W_KH_LOAD_W_KW        |       11|        ?|   0.110 us|         ?|   11|    ?|       no|
        |grp_conv_engine_fu_353                                   |conv_engine                                   |        ?|        ?|          ?|         ?|    ?|    ?|       no|
        |grp_relu_fu_370                                          |relu                                          |        ?|        ?|          ?|         ?|    ?|    ?|       no|
        |grp_maxpool_2x2_fu_380                                   |maxpool_2x2                                   |        ?|        ?|          ?|         ?|    ?|    ?|       no|
        |grp_accel_top_Pipeline_STORE_W_fu_391                    |accel_top_Pipeline_STORE_W                    |        9|        ?|  90.000 ns|         ?|    9|    ?|       no|
        +---------------------------------------------------------+----------------------------------------------+---------+---------+-----------+----------+-----+-----+---------+

        * Loop: 
        +------------------+---------+---------+----------+-----------+-----------+------+----------+
        |                  |  Latency (cycles) | Iteration|  Initiation Interval  | Trip |          |
        |     Loop Name    |   min   |   max   |  Latency |  achieved |   target  | Count| Pipelined|
        +------------------+---------+---------+----------+-----------+-----------+------+----------+
        |- LOAD_INPUT_CH   |        ?|        ?|         ?|          -|          -|     ?|        no|
        |- OUTPUT_CHANNEL  |        ?|        ?|         ?|          -|          -|     ?|        no|
        | + LOAD_W_IC      |        ?|        ?|     2 ~ ?|          -|          -|     ?|        no|
        | + STORE_H        |        ?|        ?|     2 ~ ?|          -|          -|     ?|        no|
        +------------------+---------+---------+----------+-----------+-----------+------+----------+



================================================================
== Utilization Estimates
================================================================
* Summary: 
+-----------------+---------+-----+--------+-------+-----+
|       Name      | BRAM_18K| DSP |   FF   |  LUT  | URAM|
+-----------------+---------+-----+--------+-------+-----+
|DSP              |        -|    -|       -|      -|    -|
|Expression       |        -|    -|       0|   1082|    -|
|FIFO             |        -|    -|       -|      -|    -|
|Instance         |        0|   40|    6563|   8587|    -|
|Memory           |       40|    -|       0|      0|    -|
|Multiplexer      |        -|    -|       -|    910|    -|
|Register         |        -|    -|    1745|      -|    -|
+-----------------+---------+-----+--------+-------+-----+
|Total            |       40|   40|    8308|  10579|    0|
+-----------------+---------+-----+--------+-------+-----+
|Available        |      280|  220|  106400|  53200|    0|
+-----------------+---------+-----+--------+-------+-----+
|Utilization (%)  |       14|   18|       7|     19|    0|
+-----------------+---------+-----+--------+-------+-----+

+ Detail: 
    * Instance: 
    +---------------------------------------------------------+----------------------------------------------+---------+----+------+------+-----+
    |                         Instance                        |                    Module                    | BRAM_18K| DSP|  FF  |  LUT | URAM|
    +---------------------------------------------------------+----------------------------------------------+---------+----+------+------+-----+
    |CTRL_s_axi_U                                             |CTRL_s_axi                                    |        0|   0|   658|  1128|    0|
    |DATA_m_axi_U                                             |DATA_m_axi                                    |        0|   0|   718|  1318|    0|
    |grp_accel_top_Pipeline_LOAD_INPUT_H_LOAD_INPUT_W_fu_326  |accel_top_Pipeline_LOAD_INPUT_H_LOAD_INPUT_W  |        0|   3|   520|   695|    0|
    |grp_accel_top_Pipeline_LOAD_W_KH_LOAD_W_KW_fu_340        |accel_top_Pipeline_LOAD_W_KH_LOAD_W_KW        |        0|   0|   496|   727|    0|
    |grp_accel_top_Pipeline_STORE_W_fu_391                    |accel_top_Pipeline_STORE_W                    |        0|   0|   177|   331|    0|
    |grp_conv_engine_fu_353                                   |conv_engine                                   |        0|  19|  2607|  2734|    0|
    |grp_maxpool_2x2_fu_380                                   |maxpool_2x2                                   |        0|   3|   329|   706|    0|
    |mul_31ns_32s_32_1_1_U107                                 |mul_31ns_32s_32_1_1                           |        0|   3|     0|    20|    0|
    |mul_32ns_32ns_62_1_1_U112                                |mul_32ns_32ns_62_1_1                          |        0|   3|     0|    20|    0|
    |mul_32ns_32ns_63_1_1_U108                                |mul_32ns_32ns_63_1_1                          |        0|   3|     0|    20|    0|
    |mul_32s_32s_32_1_1_U111                                  |mul_32s_32s_32_1_1                            |        0|   3|     0|    20|    0|
    |grp_relu_fu_370                                          |relu                                          |        0|   3|   270|   392|    0|
    |sdiv_32ns_32ns_32_36_seq_1_U109                          |sdiv_32ns_32ns_32_36_seq_1                    |        0|   0|   394|   238|    0|
    |sdiv_32ns_32ns_32_36_seq_1_U110                          |sdiv_32ns_32ns_32_36_seq_1                    |        0|   0|   394|   238|    0|
    +---------------------------------------------------------+----------------------------------------------+---------+----+------+------+-----+
    |Total                                                    |                                              |        0|  40|  6563|  8587|    0|
    +---------------------------------------------------------+----------------------------------------------+---------+----+------+------+-----+

    * DSP: 
    N/A

    * Memory: 
    +-------------------+----------------------------------+---------+---+----+-----+-------+-----+------+-------------+
    |       Memory      |              Module              | BRAM_18K| FF| LUT| URAM| Words | Bits| Banks| W*Bits*Banks|
    +-------------------+----------------------------------+---------+---+----+-----+-------+-----+------+-------------+
    |conv_output_V_U    |conv_output_V_RAM_2P_BRAM_1R1W    |        1|  0|   0|    0|    256|   32|     1|         8192|
    |conv_output_V_1_U  |conv_output_V_RAM_2P_BRAM_1R1W    |        1|  0|   0|    0|    256|   32|     1|         8192|
    |conv_output_V_2_U  |conv_output_V_RAM_2P_BRAM_1R1W    |        1|  0|   0|    0|    256|   32|     1|         8192|
    |conv_output_V_3_U  |conv_output_V_RAM_2P_BRAM_1R1W    |        1|  0|   0|    0|    256|   32|     1|         8192|
    |local_input_V_U    |local_input_V_RAM_2P_BRAM_1R1W    |       32|  0|   0|    0|  65536|    8|     1|       524288|
    |local_weights_V_U  |local_weights_V_RAM_2P_BRAM_1R1W  |        2|  0|   0|    0|   3136|    8|     1|        25088|
    |pool_output_V_U    |pool_output_V_RAM_2P_BRAM_1R1W    |        2|  0|   0|    0|   1024|   32|     1|        32768|
    +-------------------+----------------------------------+---------+---+----+-----+-------+-----+------+-------------+
    |Total              |                                  |       40|  0|   0|    0|  70720|  176|     7|       614912|
    +-------------------+----------------------------------+---------+---+----+-----+-------+-----+------+-------------+

    * FIFO: 
    N/A

    * Expression: 
    +----------------------------------+----------+----+---+----+------------+------------+
    |           Variable Name          | Operation| DSP| FF| LUT| Bitwidth P0| Bitwidth P1|
    +----------------------------------+----------+----+---+----+------------+------------+
    |add_ln110_fu_745_p2               |         +|   0|  0|  39|          32|           1|
    |add_ln115_fu_756_p2               |         +|   0|  0|  39|          32|           1|
    |add_ln116_fu_789_p2               |         +|   0|  0|  39|          32|          32|
    |add_ln133_fu_810_p2               |         +|   0|  0|  71|          64|          64|
    |add_ln160_1_fu_844_p2             |         +|   0|  0|  39|          32|           1|
    |add_ln160_fu_887_p2               |         +|   0|  0|  39|          32|          32|
    |add_ln87_fu_478_p2                |         +|   0|  0|  39|          32|           1|
    |add_ln88_fu_497_p2                |         +|   0|  0|  39|          32|          32|
    |grp_fu_522_p0                     |         +|   0|  0|  32|          32|          32|
    |grp_fu_565_p0                     |         +|   0|  0|  32|          32|          32|
    |out_height_fu_596_p2              |         +|   0|  0|  39|          32|           1|
    |out_width_fu_602_p2               |         +|   0|  0|  39|          32|           1|
    |sub_ln101_fu_556_p2               |         -|   0|  0|  32|          32|          32|
    |sub_ln102_fu_512_p2               |         -|   0|  0|  32|          32|          32|
    |sub_ln104_fu_635_p2               |         -|   0|  0|  39|           1|          32|
    |sub_ln105_fu_590_p2               |         -|   0|  0|  39|           1|          32|
    |sub_ln119_fu_778_p2               |         -|   0|  0|  43|          36|          36|
    |ap_block_state43_on_subcall_done  |       and|   0|  0|   2|           1|           1|
    |ap_block_state4_on_subcall_done   |       and|   0|  0|   2|           1|           1|
    |ap_block_state55_on_subcall_done  |       and|   0|  0|   2|           1|           1|
    |ap_block_state57_on_subcall_done  |       and|   0|  0|   2|           1|           1|
    |ap_block_state59_on_subcall_done  |       and|   0|  0|   2|           1|           1|
    |cmp10479_fu_710_p2                |      icmp|   0|  0|  18|          32|           1|
    |cmp14787_fu_715_p2                |      icmp|   0|  0|  18|          32|           1|
    |cmp61103_fu_445_p2                |      icmp|   0|  0|  18|          32|           1|
    |cmp6599_fu_417_p2                 |      icmp|   0|  0|  18|          32|           1|
    |icmp_ln104_fu_527_p2              |      icmp|   0|  0|  18|          32|           1|
    |icmp_ln110_fu_740_p2              |      icmp|   0|  0|  18|          32|          32|
    |icmp_ln115_fu_751_p2              |      icmp|   0|  0|  18|          32|          32|
    |icmp_ln160_fu_839_p2              |      icmp|   0|  0|  18|          32|          32|
    |icmp_ln87_fu_473_p2               |      icmp|   0|  0|  18|          32|          32|
    |tobool133_fu_532_p2               |      icmp|   0|  0|  18|          32|           1|
    |final_height_fu_663_p3            |    select|   0|  0|  32|           1|          32|
    |final_width_fu_699_p3             |    select|   0|  0|  32|           1|          32|
    |select_ln104_fu_655_p3            |    select|   0|  0|  32|           1|          32|
    |select_ln105_fu_692_p3            |    select|   0|  0|  32|           1|          32|
    |select_ln87_fu_423_p3             |    select|   0|  0|  31|           1|          31|
    |xor_ln104_fu_625_p2               |       xor|   0|  0|  31|          31|           2|
    |xor_ln105_fu_580_p2               |       xor|   0|  0|  31|          31|           2|
    +----------------------------------+----------+----+---+----+------------+------------+
    |Total                             |          |   0|  0|1082|         910|         696|
    +----------------------------------+----------+----+---+----+------------+------------+

    * Multiplexer: 
    +--------------------------+-----+-----------+-----+-----------+
    |           Name           | LUT | Input Size| Bits| Total Bits|
    +--------------------------+-----+-----------+-----+-----------+
    |DATA_ARADDR               |   20|          4|   64|        256|
    |DATA_ARLEN                |   20|          4|   32|        128|
    |DATA_ARVALID              |   20|          4|    1|          4|
    |DATA_AWVALID              |    9|          2|    1|          2|
    |DATA_BREADY               |    9|          2|    1|          2|
    |DATA_RREADY               |   20|          4|    1|          4|
    |DATA_WVALID               |    9|          2|    1|          2|
    |DATA_blk_n_AR             |    9|          2|    1|          2|
    |DATA_blk_n_R              |    9|          2|    1|          2|
    |ap_NS_fsm                 |  257|         60|    1|         60|
    |conv_output_V_1_address0  |   20|          4|    8|         32|
    |conv_output_V_1_address1  |   14|          3|    8|         24|
    |conv_output_V_1_ce0       |   20|          4|    1|          4|
    |conv_output_V_1_ce1       |   14|          3|    1|          3|
    |conv_output_V_1_d1        |   14|          3|   32|         96|
    |conv_output_V_1_we1       |   14|          3|    1|          3|
    |conv_output_V_2_address0  |   20|          4|    8|         32|
    |conv_output_V_2_address1  |   14|          3|    8|         24|
    |conv_output_V_2_ce0       |   20|          4|    1|          4|
    |conv_output_V_2_ce1       |   14|          3|    1|          3|
    |conv_output_V_2_d1        |   14|          3|   32|         96|
    |conv_output_V_2_we1       |   14|          3|    1|          3|
    |conv_output_V_3_address0  |   20|          4|    8|         32|
    |conv_output_V_3_address1  |   14|          3|    8|         24|
    |conv_output_V_3_ce0       |   20|          4|    1|          4|
    |conv_output_V_3_ce1       |   14|          3|    1|          3|
    |conv_output_V_3_d1        |   14|          3|   32|         96|
    |conv_output_V_3_we1       |   14|          3|    1|          3|
    |conv_output_V_address0    |   20|          4|    8|         32|
    |conv_output_V_address1    |   14|          3|    8|         24|
    |conv_output_V_ce0         |   20|          4|    1|          4|
    |conv_output_V_ce1         |   14|          3|    1|          3|
    |conv_output_V_d1          |   14|          3|   32|         96|
    |conv_output_V_we1         |   14|          3|    1|          3|
    |h_reg_315                 |    9|          2|   32|         64|
    |ic_1_reg_304              |    9|          2|   32|         64|
    |ic_fu_166                 |    9|          2|   32|         64|
    |in_ptr_fu_170             |    9|          2|   32|         64|
    |local_input_V_ce0         |    9|          2|    1|          2|
    |local_input_V_ce1         |    9|          2|    1|          2|
    |local_input_V_we1         |    9|          2|    1|          2|
    |local_weights_V_ce0       |    9|          2|    1|          2|
    |local_weights_V_ce1       |    9|          2|    1|          2|
    |local_weights_V_we1       |    9|          2|    1|          2|
    |oc_fu_202                 |    9|          2|   32|         64|
    |out_ptr_fu_210            |    9|          2|   32|         64|
    |pool_output_V_ce0         |    9|          2|    1|          2|
    |pool_output_V_ce1         |    9|          2|    1|          2|
    |pool_output_V_we1         |    9|          2|    1|          2|
    |w_ptr_fu_206              |    9|          2|   32|         64|
    +--------------------------+-----+-----------+-----+-----------+
    |Total                     |  910|        198|  541|       1576|
    +--------------------------+-----+-----------+-----+-----------+

    * Register: 
    +----------------------------------------------------------------------+----+----+-----+-----------+
    |                                 Name                                 | FF | LUT| Bits| Const Bits|
    +----------------------------------------------------------------------+----+----+-----+-----------+
    |DATA_addr_read_reg_1189                                               |  32|   0|   32|          0|
    |DATA_addr_reg_1183                                                    |  64|   0|   64|          0|
    |add_ln110_reg_1160                                                    |  32|   0|   32|          0|
    |add_ln115_reg_1168                                                    |  32|   0|   32|          0|
    |add_ln160_1_reg_1197                                                  |  32|   0|   32|          0|
    |add_ln87_reg_1032                                                     |  32|   0|   32|          0|
    |ap_CS_fsm                                                             |  59|   0|   59|          0|
    |bias_data_read_reg_983                                                |  64|   0|   64|          0|
    |cmp10479_reg_1131                                                     |   1|   0|    1|          0|
    |cmp14787_reg_1135                                                     |   1|   0|    1|          0|
    |cmp61103_reg_1015                                                     |   1|   0|    1|          0|
    |final_height_reg_1116                                                 |  32|   0|   32|          0|
    |final_width_reg_1121                                                  |  32|   0|   32|          0|
    |grp_accel_top_Pipeline_LOAD_INPUT_H_LOAD_INPUT_W_fu_326_ap_start_reg  |   1|   0|    1|          0|
    |grp_accel_top_Pipeline_LOAD_W_KH_LOAD_W_KW_fu_340_ap_start_reg        |   1|   0|    1|          0|
    |grp_accel_top_Pipeline_STORE_W_fu_391_ap_start_reg                    |   1|   0|    1|          0|
    |grp_conv_engine_fu_353_ap_start_reg                                   |   1|   0|    1|          0|
    |grp_maxpool_2x2_fu_380_ap_start_reg                                   |   1|   0|    1|          0|
    |grp_relu_fu_370_ap_start_reg                                          |   1|   0|    1|          0|
    |h_reg_315                                                             |  32|   0|   32|          0|
    |ic_1_reg_304                                                          |  32|   0|   32|          0|
    |ic_fu_166                                                             |  32|   0|   32|          0|
    |icmp_ln104_reg_1078                                                   |   1|   0|    1|          0|
    |in_channels_read_reg_960                                              |  32|   0|   32|          0|
    |in_height_read_reg_946                                                |  32|   0|   32|          0|
    |in_ptr_fu_170                                                         |  32|   0|   32|          0|
    |in_ptr_load_reg_1042                                                  |  32|   0|   32|          0|
    |in_width_read_reg_938                                                 |  32|   0|   32|          0|
    |input_data_read_reg_994                                               |  64|   0|   64|          0|
    |kernel_size_read_reg_967                                              |  32|   0|   32|          0|
    |mul_ln101_reg_1149                                                    |  62|   0|   62|          0|
    |mul_ln110_reg_1139                                                    |  32|   0|   32|          0|
    |mul_ln24_reg_1024                                                     |  63|   0|   63|          0|
    |mul_ln87_reg_1019                                                     |  32|   0|   32|          0|
    |oc_fu_202                                                             |  32|   0|   32|          0|
    |out_channels_read_reg_955                                             |  32|   0|   32|          0|
    |out_height_reg_1104                                                   |  32|   0|   32|          0|
    |out_ptr_fu_210                                                        |  32|   0|   32|          0|
    |out_ptr_load_reg_1212                                                 |  32|   0|   32|          0|
    |out_width_reg_1110                                                    |  32|   0|   32|          0|
    |output_data_read_reg_978                                              |  64|   0|   64|          0|
    |padding_read_reg_925                                                  |  32|   0|   32|          0|
    |pool_enable_read_reg_915                                              |  32|   0|   32|          0|
    |relu_enable_read_reg_920                                              |  32|   0|   32|          0|
    |sdiv_ln102_reg_1094                                                   |  32|   0|   32|          0|
    |select_ln87_reg_1004                                                  |  31|   0|   31|          0|
    |shl_ln101_reg_1068                                                    |  31|   0|   32|          1|
    |stride_read_reg_931                                                   |  32|   0|   32|          0|
    |sub_ln105_reg_1099                                                    |  32|   0|   32|          0|
    |sub_ln119_reg_1173                                                    |  36|   0|   36|          0|
    |tmp_2_reg_1202                                                        |   5|   0|   10|          5|
    |tmp_3_reg_1217                                                        |   4|   0|    8|          4|
    |tmp_s_reg_1037                                                        |  32|   0|   37|          5|
    |tobool133_reg_1085                                                    |   1|   0|    1|          0|
    |trunc_ln105_reg_1126                                                  |  31|   0|   31|          0|
    |trunc_ln117_reg_1144                                                  |   2|   0|    2|          0|
    |trunc_ln160_1_reg_1207                                                |   1|   0|    1|          0|
    |trunc_ln24_reg_999                                                    |  31|   0|   31|          0|
    |trunc_ln89_reg_1010                                                   |   2|   0|    2|          0|
    |w_ptr_fu_206                                                          |  32|   0|   32|          0|
    |w_ptr_load_reg_1178                                                   |  32|   0|   32|          0|
    |weight_data_read_reg_988                                              |  64|   0|   64|          0|
    +----------------------------------------------------------------------+----+----+-----+-----------+
    |Total                                                                 |1745|   0| 1760|         15|
    +----------------------------------------------------------------------+----+----+-----+-----------+



================================================================
== Interface
================================================================
* Summary: 
+---------------------+-----+-----+------------+--------------+--------------+
|      RTL Ports      | Dir | Bits|  Protocol  | Source Object|    C Type    |
+---------------------+-----+-----+------------+--------------+--------------+
|s_axi_CTRL_AWVALID   |   in|    1|       s_axi|          CTRL|        scalar|
|s_axi_CTRL_AWREADY   |  out|    1|       s_axi|          CTRL|        scalar|
|s_axi_CTRL_AWADDR    |   in|    8|       s_axi|          CTRL|        scalar|
|s_axi_CTRL_WVALID    |   in|    1|       s_axi|          CTRL|        scalar|
|s_axi_CTRL_WREADY    |  out|    1|       s_axi|          CTRL|        scalar|
|s_axi_CTRL_WDATA     |   in|   32|       s_axi|          CTRL|        scalar|
|s_axi_CTRL_WSTRB     |   in|    4|       s_axi|          CTRL|        scalar|
|s_axi_CTRL_ARVALID   |   in|    1|       s_axi|          CTRL|        scalar|
|s_axi_CTRL_ARREADY   |  out|    1|       s_axi|          CTRL|        scalar|
|s_axi_CTRL_ARADDR    |   in|    8|       s_axi|          CTRL|        scalar|
|s_axi_CTRL_RVALID    |  out|    1|       s_axi|          CTRL|        scalar|
|s_axi_CTRL_RREADY    |   in|    1|       s_axi|          CTRL|        scalar|
|s_axi_CTRL_RDATA     |  out|   32|       s_axi|          CTRL|        scalar|
|s_axi_CTRL_RRESP     |  out|    2|       s_axi|          CTRL|        scalar|
|s_axi_CTRL_BVALID    |  out|    1|       s_axi|          CTRL|        scalar|
|s_axi_CTRL_BREADY    |   in|    1|       s_axi|          CTRL|        scalar|
|s_axi_CTRL_BRESP     |  out|    2|       s_axi|          CTRL|        scalar|
|ap_clk               |   in|    1|  ap_ctrl_hs|     accel_top|  return value|
|ap_rst_n             |   in|    1|  ap_ctrl_hs|     accel_top|  return value|
|interrupt            |  out|    1|  ap_ctrl_hs|     accel_top|  return value|
|m_axi_DATA_AWVALID   |  out|    1|       m_axi|          DATA|       pointer|
|m_axi_DATA_AWREADY   |   in|    1|       m_axi|          DATA|       pointer|
|m_axi_DATA_AWADDR    |  out|   64|       m_axi|          DATA|       pointer|
|m_axi_DATA_AWID      |  out|    1|       m_axi|          DATA|       pointer|
|m_axi_DATA_AWLEN     |  out|    8|       m_axi|          DATA|       pointer|
|m_axi_DATA_AWSIZE    |  out|    3|       m_axi|          DATA|       pointer|
|m_axi_DATA_AWBURST   |  out|    2|       m_axi|          DATA|       pointer|
|m_axi_DATA_AWLOCK    |  out|    2|       m_axi|          DATA|       pointer|
|m_axi_DATA_AWCACHE   |  out|    4|       m_axi|          DATA|       pointer|
|m_axi_DATA_AWPROT    |  out|    3|       m_axi|          DATA|       pointer|
|m_axi_DATA_AWQOS     |  out|    4|       m_axi|          DATA|       pointer|
|m_axi_DATA_AWREGION  |  out|    4|       m_axi|          DATA|       pointer|
|m_axi_DATA_AWUSER    |  out|    1|       m_axi|          DATA|       pointer|
|m_axi_DATA_WVALID    |  out|    1|       m_axi|          DATA|       pointer|
|m_axi_DATA_WREADY    |   in|    1|       m_axi|          DATA|       pointer|
|m_axi_DATA_WDATA     |  out|   32|       m_axi|          DATA|       pointer|
|m_axi_DATA_WSTRB     |  out|    4|       m_axi|          DATA|       pointer|
|m_axi_DATA_WLAST     |  out|    1|       m_axi|          DATA|       pointer|
|m_axi_DATA_WID       |  out|    1|       m_axi|          DATA|       pointer|
|m_axi_DATA_WUSER     |  out|    1|       m_axi|          DATA|       pointer|
|m_axi_DATA_ARVALID   |  out|    1|       m_axi|          DATA|       pointer|
|m_axi_DATA_ARREADY   |   in|    1|       m_axi|          DATA|       pointer|
|m_axi_DATA_ARADDR    |  out|   64|       m_axi|          DATA|       pointer|
|m_axi_DATA_ARID      |  out|    1|       m_axi|          DATA|       pointer|
|m_axi_DATA_ARLEN     |  out|    8|       m_axi|          DATA|       pointer|
|m_axi_DATA_ARSIZE    |  out|    3|       m_axi|          DATA|       pointer|
|m_axi_DATA_ARBURST   |  out|    2|       m_axi|          DATA|       pointer|
|m_axi_DATA_ARLOCK    |  out|    2|       m_axi|          DATA|       pointer|
|m_axi_DATA_ARCACHE   |  out|    4|       m_axi|          DATA|       pointer|
|m_axi_DATA_ARPROT    |  out|    3|       m_axi|          DATA|       pointer|
|m_axi_DATA_ARQOS     |  out|    4|       m_axi|          DATA|       pointer|
|m_axi_DATA_ARREGION  |  out|    4|       m_axi|          DATA|       pointer|
|m_axi_DATA_ARUSER    |  out|    1|       m_axi|          DATA|       pointer|
|m_axi_DATA_RVALID    |   in|    1|       m_axi|          DATA|       pointer|
|m_axi_DATA_RREADY    |  out|    1|       m_axi|          DATA|       pointer|
|m_axi_DATA_RDATA     |   in|   32|       m_axi|          DATA|       pointer|
|m_axi_DATA_RLAST     |   in|    1|       m_axi|          DATA|       pointer|
|m_axi_DATA_RID       |   in|    1|       m_axi|          DATA|       pointer|
|m_axi_DATA_RUSER     |   in|    1|       m_axi|          DATA|       pointer|
|m_axi_DATA_RRESP     |   in|    2|       m_axi|          DATA|       pointer|
|m_axi_DATA_BVALID    |   in|    1|       m_axi|          DATA|       pointer|
|m_axi_DATA_BREADY    |  out|    1|       m_axi|          DATA|       pointer|
|m_axi_DATA_BRESP     |   in|    2|       m_axi|          DATA|       pointer|
|m_axi_DATA_BID       |   in|    1|       m_axi|          DATA|       pointer|
|m_axi_DATA_BUSER     |   in|    1|       m_axi|          DATA|       pointer|
+---------------------+-----+-----+------------+--------------+--------------+

============================================================
+ Verbose Summary: Synthesis Manager
============================================================
InlineROM: 1
ExposeGlobal: 0
============================================================
+ Verbose Summary: CDFG Model
============================================================
IsTopModel: 1
ResetActiveHigh: 1
IsCombinational: 2
IsDatapathOnly: 2
HasWiredReturn: 1
HasMFsm: 0
HasVarLatency: 1
IsPipeline: 0
IsRtlPipelined: 0
IsInstanceOverlapped: 0
IsDontTouch: 0
HasImplIP: 0
IsGatedGlobalClock: 0


============================================================
+ Verbose Summary: Schedule
============================================================
* Number of FSM states : 59
* Pipeline : 0
* Dataflow Pipeline: 0

* FSM state transitions: 
1 --> 2 
2 --> 3 
3 --> 5 4 
4 --> 3 
5 --> 6 
6 --> 7 
7 --> 8 
8 --> 9 
9 --> 10 
10 --> 11 
11 --> 12 
12 --> 13 
13 --> 14 
14 --> 15 
15 --> 16 
16 --> 17 
17 --> 18 
18 --> 19 
19 --> 20 
20 --> 21 
21 --> 22 
22 --> 23 
23 --> 24 
24 --> 25 
25 --> 26 
26 --> 27 
27 --> 28 
28 --> 29 
29 --> 30 
30 --> 31 
31 --> 32 
32 --> 33 
33 --> 34 
34 --> 35 
35 --> 36 
36 --> 37 
37 --> 38 
38 --> 39 
39 --> 40 
40 --> 41 
41 --> 42 
42 --> 44 43 
43 --> 42 
44 --> 45 
45 --> 46 
46 --> 47 
47 --> 48 
48 --> 49 
49 --> 50 
50 --> 51 
51 --> 52 
52 --> 53 
53 --> 54 55 
54 --> 55 
55 --> 56 57 
56 --> 57 
57 --> 58 
58 --> 59 41 
59 --> 58 

* FSM state operations: 

State 1 <SV = 0> <Delay = 4.20>
ST_1 : Operation 60 [1/1] (0.00ns)   --->   "%ic = alloca i32 1"   --->   Operation 60 'alloca' 'ic' <Predicate = true> <Delay = 0.00>
ST_1 : Operation 61 [1/1] (0.00ns)   --->   "%in_ptr = alloca i32 1"   --->   Operation 61 'alloca' 'in_ptr' <Predicate = true> <Delay = 0.00>
ST_1 : Operation 62 [1/1] (1.00ns)   --->   "%pool_enable_read = read i32 @_ssdm_op_Read.s_axilite.i32, i32 %pool_enable" [src/accel_top.cpp:24]   --->   Operation 62 'read' 'pool_enable_read' <Predicate = true> <Delay = 1.00> <CoreInst = "s_axilite">   --->   Core 114 's_axilite' <Latency = 0> <II = 1> <Delay = 1.00> <Adapter> <Opcode : 'read' 'write'>
ST_1 : Operation 63 [1/1] (1.00ns)   --->   "%relu_enable_read = read i32 @_ssdm_op_Read.s_axilite.i32, i32 %relu_enable" [src/accel_top.cpp:24]   --->   Operation 63 'read' 'relu_enable_read' <Predicate = true> <Delay = 1.00> <CoreInst = "s_axilite">   --->   Core 114 's_axilite' <Latency = 0> <II = 1> <Delay = 1.00> <Adapter> <Opcode : 'read' 'write'>
ST_1 : Operation 64 [1/1] (1.00ns)   --->   "%padding_read = read i32 @_ssdm_op_Read.s_axilite.i32, i32 %padding" [src/accel_top.cpp:24]   --->   Operation 64 'read' 'padding_read' <Predicate = true> <Delay = 1.00> <CoreInst = "s_axilite">   --->   Core 114 's_axilite' <Latency = 0> <II = 1> <Delay = 1.00> <Adapter> <Opcode : 'read' 'write'>
ST_1 : Operation 65 [1/1] (1.00ns)   --->   "%stride_read = read i32 @_ssdm_op_Read.s_axilite.i32, i32 %stride" [src/accel_top.cpp:24]   --->   Operation 65 'read' 'stride_read' <Predicate = true> <Delay = 1.00> <CoreInst = "s_axilite">   --->   Core 114 's_axilite' <Latency = 0> <II = 1> <Delay = 1.00> <Adapter> <Opcode : 'read' 'write'>
ST_1 : Operation 66 [1/1] (1.00ns)   --->   "%in_width_read = read i32 @_ssdm_op_Read.s_axilite.i32, i32 %in_width" [src/accel_top.cpp:24]   --->   Operation 66 'read' 'in_width_read' <Predicate = true> <Delay = 1.00> <CoreInst = "s_axilite">   --->   Core 114 's_axilite' <Latency = 0> <II = 1> <Delay = 1.00> <Adapter> <Opcode : 'read' 'write'>
ST_1 : Operation 67 [1/1] (1.00ns)   --->   "%in_height_read = read i32 @_ssdm_op_Read.s_axilite.i32, i32 %in_height" [src/accel_top.cpp:24]   --->   Operation 67 'read' 'in_height_read' <Predicate = true> <Delay = 1.00> <CoreInst = "s_axilite">   --->   Core 114 's_axilite' <Latency = 0> <II = 1> <Delay = 1.00> <Adapter> <Opcode : 'read' 'write'>
ST_1 : Operation 68 [1/1] (1.00ns)   --->   "%out_channels_read = read i32 @_ssdm_op_Read.s_axilite.i32, i32 %out_channels" [src/accel_top.cpp:24]   --->   Operation 68 'read' 'out_channels_read' <Predicate = true> <Delay = 1.00> <CoreInst = "s_axilite">   --->   Core 114 's_axilite' <Latency = 0> <II = 1> <Delay = 1.00> <Adapter> <Opcode : 'read' 'write'>
ST_1 : Operation 69 [1/1] (1.00ns)   --->   "%in_channels_read = read i32 @_ssdm_op_Read.s_axilite.i32, i32 %in_channels" [src/accel_top.cpp:24]   --->   Operation 69 'read' 'in_channels_read' <Predicate = true> <Delay = 1.00> <CoreInst = "s_axilite">   --->   Core 114 's_axilite' <Latency = 0> <II = 1> <Delay = 1.00> <Adapter> <Opcode : 'read' 'write'>
ST_1 : Operation 70 [1/1] (1.00ns)   --->   "%kernel_size_read = read i32 @_ssdm_op_Read.s_axilite.i32, i32 %kernel_size" [src/accel_top.cpp:24]   --->   Operation 70 'read' 'kernel_size_read' <Predicate = true> <Delay = 1.00> <CoreInst = "s_axilite">   --->   Core 114 's_axilite' <Latency = 0> <II = 1> <Delay = 1.00> <Adapter> <Opcode : 'read' 'write'>
ST_1 : Operation 71 [1/1] (1.00ns)   --->   "%output_data_read = read i64 @_ssdm_op_Read.s_axilite.i64, i64 %output_data" [src/accel_top.cpp:24]   --->   Operation 71 'read' 'output_data_read' <Predicate = true> <Delay = 1.00> <CoreInst = "s_axilite">   --->   Core 114 's_axilite' <Latency = 0> <II = 1> <Delay = 1.00> <Adapter> <Opcode : 'read' 'write'>
ST_1 : Operation 72 [1/1] (1.00ns)   --->   "%bias_data_read = read i64 @_ssdm_op_Read.s_axilite.i64, i64 %bias_data" [src/accel_top.cpp:24]   --->   Operation 72 'read' 'bias_data_read' <Predicate = true> <Delay = 1.00> <CoreInst = "s_axilite">   --->   Core 114 's_axilite' <Latency = 0> <II = 1> <Delay = 1.00> <Adapter> <Opcode : 'read' 'write'>
ST_1 : Operation 73 [1/1] (1.00ns)   --->   "%weight_data_read = read i64 @_ssdm_op_Read.s_axilite.i64, i64 %weight_data" [src/accel_top.cpp:24]   --->   Operation 73 'read' 'weight_data_read' <Predicate = true> <Delay = 1.00> <CoreInst = "s_axilite">   --->   Core 114 's_axilite' <Latency = 0> <II = 1> <Delay = 1.00> <Adapter> <Opcode : 'read' 'write'>
ST_1 : Operation 74 [1/1] (1.00ns)   --->   "%input_data_read = read i64 @_ssdm_op_Read.s_axilite.i64, i64 %input_data" [src/accel_top.cpp:24]   --->   Operation 74 'read' 'input_data_read' <Predicate = true> <Delay = 1.00> <CoreInst = "s_axilite">   --->   Core 114 's_axilite' <Latency = 0> <II = 1> <Delay = 1.00> <Adapter> <Opcode : 'read' 'write'>
ST_1 : Operation 75 [1/1] (0.00ns)   --->   "%trunc_ln24 = trunc i32 %kernel_size_read" [src/accel_top.cpp:24]   --->   Operation 75 'trunc' 'trunc_ln24' <Predicate = true> <Delay = 0.00>
ST_1 : Operation 76 [1/1] (0.00ns)   --->   "%trunc_ln24_1 = trunc i32 %in_width_read" [src/accel_top.cpp:24]   --->   Operation 76 'trunc' 'trunc_ln24_1' <Predicate = true> <Delay = 0.00>
ST_1 : Operation 77 [1/1] (3.25ns)   --->   "%local_input_V = alloca i64 1" [src/accel_top.cpp:69]   --->   Operation 77 'alloca' 'local_input_V' <Predicate = true> <Delay = 3.25> <CoreInst = "RAM_2P_BRAM">   --->   Core 91 'RAM_2P_BRAM' <Latency = 1> <II = 1> <Delay = 3.25> <Storage> <Opcode : 'load' 'store'> <Ports = 2> <Width = 8> <Depth = 65536> <RAM>
ST_1 : Operation 78 [1/1] (3.25ns)   --->   "%local_weights_V = alloca i64 1" [src/accel_top.cpp:72]   --->   Operation 78 'alloca' 'local_weights_V' <Predicate = true> <Delay = 3.25> <CoreInst = "RAM_2P_BRAM">   --->   Core 91 'RAM_2P_BRAM' <Latency = 1> <II = 1> <Delay = 3.25> <Storage> <Opcode : 'load' 'store'> <Ports = 2> <Width = 8> <Depth = 3136> <RAM>
ST_1 : Operation 79 [1/1] (3.25ns)   --->   "%conv_output_V = alloca i64 1" [src/accel_top.cpp:75]   --->   Operation 79 'alloca' 'conv_output_V' <Predicate = true> <Delay = 3.25> <CoreInst = "RAM_2P_BRAM">   --->   Core 91 'RAM_2P_BRAM' <Latency = 1> <II = 1> <Delay = 3.25> <Storage> <Opcode : 'load' 'store'> <Ports = 2> <Width = 32> <Depth = 256> <RAM>
ST_1 : Operation 80 [1/1] (3.25ns)   --->   "%conv_output_V_1 = alloca i64 1" [src/accel_top.cpp:75]   --->   Operation 80 'alloca' 'conv_output_V_1' <Predicate = true> <Delay = 3.25> <CoreInst = "RAM_2P_BRAM">   --->   Core 91 'RAM_2P_BRAM' <Latency = 1> <II = 1> <Delay = 3.25> <Storage> <Opcode : 'load' 'store'> <Ports = 2> <Width = 32> <Depth = 256> <RAM>
ST_1 : Operation 81 [1/1] (3.25ns)   --->   "%conv_output_V_2 = alloca i64 1" [src/accel_top.cpp:75]   --->   Operation 81 'alloca' 'conv_output_V_2' <Predicate = true> <Delay = 3.25> <CoreInst = "RAM_2P_BRAM">   --->   Core 91 'RAM_2P_BRAM' <Latency = 1> <II = 1> <Delay = 3.25> <Storage> <Opcode : 'load' 'store'> <Ports = 2> <Width = 32> <Depth = 256> <RAM>
ST_1 : Operation 82 [1/1] (3.25ns)   --->   "%conv_output_V_3 = alloca i64 1" [src/accel_top.cpp:75]   --->   Operation 82 'alloca' 'conv_output_V_3' <Predicate = true> <Delay = 3.25> <CoreInst = "RAM_2P_BRAM">   --->   Core 91 'RAM_2P_BRAM' <Latency = 1> <II = 1> <Delay = 3.25> <Storage> <Opcode : 'load' 'store'> <Ports = 2> <Width = 32> <Depth = 256> <RAM>
ST_1 : Operation 83 [1/1] (3.25ns)   --->   "%pool_output_V = alloca i64 1" [src/accel_top.cpp:78]   --->   Operation 83 'alloca' 'pool_output_V' <Predicate = true> <Delay = 3.25> <CoreInst = "RAM_2P_BRAM">   --->   Core 91 'RAM_2P_BRAM' <Latency = 1> <II = 1> <Delay = 3.25> <Storage> <Opcode : 'load' 'store'> <Ports = 2> <Width = 32> <Depth = 1024> <RAM>
ST_1 : Operation 84 [1/1] (2.47ns)   --->   "%cmp6599 = icmp_sgt  i32 %in_width_read, i32 0" [src/accel_top.cpp:24]   --->   Operation 84 'icmp' 'cmp6599' <Predicate = true> <Delay = 2.47> <CoreInst = "Cmp">   --->   Core 9 'Cmp' <Latency = 0> <II = 1> <Delay = 2.47> <FuncUnit> <Opcode : 'icmp'> <InPorts = 2> <OutPorts = 1>
ST_1 : Operation 85 [1/1] (0.73ns)   --->   "%select_ln87 = select i1 %cmp6599, i31 %trunc_ln24_1, i31 0" [src/accel_top.cpp:87]   --->   Operation 85 'select' 'select_ln87' <Predicate = true> <Delay = 0.73> <CoreInst = "Sel">   --->   Core 73 'Sel' <Latency = 0> <II = 1> <Delay = 0.73> <FuncUnit> <Opcode : 'select'> <InPorts = 3> <OutPorts = 1>
ST_1 : Operation 86 [1/1] (0.00ns)   --->   "%trunc_ln89 = trunc i64 %input_data_read" [src/accel_top.cpp:89]   --->   Operation 86 'trunc' 'trunc_ln89' <Predicate = true> <Delay = 0.00>
ST_1 : Operation 87 [1/1] (1.58ns)   --->   "%store_ln87 = store i32 0, i32 %in_ptr" [src/accel_top.cpp:87]   --->   Operation 87 'store' 'store_ln87' <Predicate = true> <Delay = 1.58>
ST_1 : Operation 88 [1/1] (1.58ns)   --->   "%store_ln87 = store i32 0, i32 %ic" [src/accel_top.cpp:87]   --->   Operation 88 'store' 'store_ln87' <Predicate = true> <Delay = 1.58>

State 2 <SV = 1> <Delay = 8.51>
ST_2 : Operation 89 [1/1] (0.00ns)   --->   "%spectopmodule_ln24 = spectopmodule void @_ssdm_op_SpecTopModule, void @empty_12" [src/accel_top.cpp:24]   --->   Operation 89 'spectopmodule' 'spectopmodule_ln24' <Predicate = true> <Delay = 0.00>
ST_2 : Operation 90 [1/1] (0.00ns)   --->   "%specinterface_ln0 = specinterface void @_ssdm_op_SpecInterface, i32 %DATA, void @empty_19, i32 0, i32 0, void @empty_23, i32 0, i32 65536, void @empty_31, void @empty_25, void @empty_23, i32 16, i32 16, i32 16, i32 16, void @empty_23, void @empty_23, i32 4294967295, i32 0"   --->   Operation 90 'specinterface' 'specinterface_ln0' <Predicate = true> <Delay = 0.00>
ST_2 : Operation 91 [1/1] (0.00ns)   --->   "%specbitsmap_ln0 = specbitsmap void @_ssdm_op_SpecBitsMap, i32 %DATA"   --->   Operation 91 'specbitsmap' 'specbitsmap_ln0' <Predicate = true> <Delay = 0.00>
ST_2 : Operation 92 [1/1] (0.00ns)   --->   "%specinterface_ln0 = specinterface void @_ssdm_op_SpecInterface, i64 %input_data, void @empty_26, i32 0, i32 0, void @empty_23, i32 0, i32 0, void @empty_27, void @empty_28, void @empty_23, i32 0, i32 0, i32 0, i32 0, void @empty_23, void @empty_29, i32 4294967295, i32 0"   --->   Operation 92 'specinterface' 'specinterface_ln0' <Predicate = true> <Delay = 0.00>
ST_2 : Operation 93 [1/1] (0.00ns)   --->   "%specinterface_ln0 = specinterface void @_ssdm_op_SpecInterface, i64 %input_data, void @empty_30, i32 0, i32 0, void @empty_23, i32 0, i32 0, void @empty_23, void @empty_23, void @empty_23, i32 0, i32 0, i32 0, i32 0, void @empty_23, void @empty_29, i32 4294967295, i32 0"   --->   Operation 93 'specinterface' 'specinterface_ln0' <Predicate = true> <Delay = 0.00>
ST_2 : Operation 94 [1/1] (0.00ns)   --->   "%specinterface_ln0 = specinterface void @_ssdm_op_SpecInterface, i64 %weight_data, void @empty_26, i32 0, i32 0, void @empty_23, i32 0, i32 0, void @empty_27, void @empty, void @empty_23, i32 0, i32 0, i32 0, i32 0, void @empty_23, void @empty_29, i32 4294967295, i32 0"   --->   Operation 94 'specinterface' 'specinterface_ln0' <Predicate = true> <Delay = 0.00>
ST_2 : Operation 95 [1/1] (0.00ns)   --->   "%specinterface_ln0 = specinterface void @_ssdm_op_SpecInterface, i64 %weight_data, void @empty_30, i32 0, i32 0, void @empty_23, i32 0, i32 0, void @empty_23, void @empty_23, void @empty_23, i32 0, i32 0, i32 0, i32 0, void @empty_23, void @empty_29, i32 4294967295, i32 0"   --->   Operation 95 'specinterface' 'specinterface_ln0' <Predicate = true> <Delay = 0.00>
ST_2 : Operation 96 [1/1] (0.00ns)   --->   "%specinterface_ln0 = specinterface void @_ssdm_op_SpecInterface, i64 %bias_data, void @empty_26, i32 0, i32 0, void @empty_23, i32 0, i32 0, void @empty_27, void @empty_0, void @empty_23, i32 0, i32 0, i32 0, i32 0, void @empty_23, void @empty_29, i32 4294967295, i32 0"   --->   Operation 96 'specinterface' 'specinterface_ln0' <Predicate = true> <Delay = 0.00>
ST_2 : Operation 97 [1/1] (0.00ns)   --->   "%specinterface_ln0 = specinterface void @_ssdm_op_SpecInterface, i64 %bias_data, void @empty_30, i32 0, i32 0, void @empty_23, i32 0, i32 0, void @empty_23, void @empty_23, void @empty_23, i32 0, i32 0, i32 0, i32 0, void @empty_23, void @empty_29, i32 4294967295, i32 0"   --->   Operation 97 'specinterface' 'specinterface_ln0' <Predicate = true> <Delay = 0.00>
ST_2 : Operation 98 [1/1] (0.00ns)   --->   "%specinterface_ln0 = specinterface void @_ssdm_op_SpecInterface, i64 %output_data, void @empty_26, i32 0, i32 0, void @empty_23, i32 0, i32 0, void @empty_27, void @empty_1, void @empty_23, i32 0, i32 0, i32 0, i32 0, void @empty_23, void @empty_29, i32 4294967295, i32 0"   --->   Operation 98 'specinterface' 'specinterface_ln0' <Predicate = true> <Delay = 0.00>
ST_2 : Operation 99 [1/1] (0.00ns)   --->   "%specinterface_ln0 = specinterface void @_ssdm_op_SpecInterface, i64 %output_data, void @empty_30, i32 0, i32 0, void @empty_23, i32 0, i32 0, void @empty_23, void @empty_23, void @empty_23, i32 0, i32 0, i32 0, i32 0, void @empty_23, void @empty_29, i32 4294967295, i32 0"   --->   Operation 99 'specinterface' 'specinterface_ln0' <Predicate = true> <Delay = 0.00>
ST_2 : Operation 100 [1/1] (0.00ns)   --->   "%specbitsmap_ln0 = specbitsmap void @_ssdm_op_SpecBitsMap, i32 %kernel_size"   --->   Operation 100 'specbitsmap' 'specbitsmap_ln0' <Predicate = true> <Delay = 0.00>
ST_2 : Operation 101 [1/1] (0.00ns)   --->   "%specinterface_ln0 = specinterface void @_ssdm_op_SpecInterface, i32 %kernel_size, void @empty_26, i32 0, i32 0, void @empty_23, i32 0, i32 0, void @empty_27, void @empty_2, void @empty_23, i32 0, i32 0, i32 0, i32 0, void @empty_23, void @empty_23, i32 4294967295, i32 0"   --->   Operation 101 'specinterface' 'specinterface_ln0' <Predicate = true> <Delay = 0.00>
ST_2 : Operation 102 [1/1] (0.00ns)   --->   "%specinterface_ln0 = specinterface void @_ssdm_op_SpecInterface, i32 %kernel_size, void @empty_30, i32 0, i32 0, void @empty_23, i32 0, i32 0, void @empty_23, void @empty_23, void @empty_23, i32 0, i32 0, i32 0, i32 0, void @empty_23, void @empty_23, i32 4294967295, i32 0"   --->   Operation 102 'specinterface' 'specinterface_ln0' <Predicate = true> <Delay = 0.00>
ST_2 : Operation 103 [1/1] (0.00ns)   --->   "%specbitsmap_ln0 = specbitsmap void @_ssdm_op_SpecBitsMap, i32 %in_channels"   --->   Operation 103 'specbitsmap' 'specbitsmap_ln0' <Predicate = true> <Delay = 0.00>
ST_2 : Operation 104 [1/1] (0.00ns)   --->   "%specinterface_ln0 = specinterface void @_ssdm_op_SpecInterface, i32 %in_channels, void @empty_26, i32 0, i32 0, void @empty_23, i32 0, i32 0, void @empty_27, void @empty_3, void @empty_23, i32 0, i32 0, i32 0, i32 0, void @empty_23, void @empty_23, i32 4294967295, i32 0"   --->   Operation 104 'specinterface' 'specinterface_ln0' <Predicate = true> <Delay = 0.00>
ST_2 : Operation 105 [1/1] (0.00ns)   --->   "%specinterface_ln0 = specinterface void @_ssdm_op_SpecInterface, i32 %in_channels, void @empty_30, i32 0, i32 0, void @empty_23, i32 0, i32 0, void @empty_23, void @empty_23, void @empty_23, i32 0, i32 0, i32 0, i32 0, void @empty_23, void @empty_23, i32 4294967295, i32 0"   --->   Operation 105 'specinterface' 'specinterface_ln0' <Predicate = true> <Delay = 0.00>
ST_2 : Operation 106 [1/1] (0.00ns)   --->   "%specbitsmap_ln0 = specbitsmap void @_ssdm_op_SpecBitsMap, i32 %out_channels"   --->   Operation 106 'specbitsmap' 'specbitsmap_ln0' <Predicate = true> <Delay = 0.00>
ST_2 : Operation 107 [1/1] (0.00ns)   --->   "%specinterface_ln0 = specinterface void @_ssdm_op_SpecInterface, i32 %out_channels, void @empty_26, i32 0, i32 0, void @empty_23, i32 0, i32 0, void @empty_27, void @empty_4, void @empty_23, i32 0, i32 0, i32 0, i32 0, void @empty_23, void @empty_23, i32 4294967295, i32 0"   --->   Operation 107 'specinterface' 'specinterface_ln0' <Predicate = true> <Delay = 0.00>
ST_2 : Operation 108 [1/1] (0.00ns)   --->   "%specinterface_ln0 = specinterface void @_ssdm_op_SpecInterface, i32 %out_channels, void @empty_30, i32 0, i32 0, void @empty_23, i32 0, i32 0, void @empty_23, void @empty_23, void @empty_23, i32 0, i32 0, i32 0, i32 0, void @empty_23, void @empty_23, i32 4294967295, i32 0"   --->   Operation 108 'specinterface' 'specinterface_ln0' <Predicate = true> <Delay = 0.00>
ST_2 : Operation 109 [1/1] (0.00ns)   --->   "%specbitsmap_ln0 = specbitsmap void @_ssdm_op_SpecBitsMap, i32 %in_height"   --->   Operation 109 'specbitsmap' 'specbitsmap_ln0' <Predicate = true> <Delay = 0.00>
ST_2 : Operation 110 [1/1] (0.00ns)   --->   "%specinterface_ln0 = specinterface void @_ssdm_op_SpecInterface, i32 %in_height, void @empty_26, i32 0, i32 0, void @empty_23, i32 0, i32 0, void @empty_27, void @empty_5, void @empty_23, i32 0, i32 0, i32 0, i32 0, void @empty_23, void @empty_23, i32 4294967295, i32 0"   --->   Operation 110 'specinterface' 'specinterface_ln0' <Predicate = true> <Delay = 0.00>
ST_2 : Operation 111 [1/1] (0.00ns)   --->   "%specinterface_ln0 = specinterface void @_ssdm_op_SpecInterface, i32 %in_height, void @empty_30, i32 0, i32 0, void @empty_23, i32 0, i32 0, void @empty_23, void @empty_23, void @empty_23, i32 0, i32 0, i32 0, i32 0, void @empty_23, void @empty_23, i32 4294967295, i32 0"   --->   Operation 111 'specinterface' 'specinterface_ln0' <Predicate = true> <Delay = 0.00>
ST_2 : Operation 112 [1/1] (0.00ns)   --->   "%specbitsmap_ln0 = specbitsmap void @_ssdm_op_SpecBitsMap, i32 %in_width"   --->   Operation 112 'specbitsmap' 'specbitsmap_ln0' <Predicate = true> <Delay = 0.00>
ST_2 : Operation 113 [1/1] (0.00ns)   --->   "%specinterface_ln0 = specinterface void @_ssdm_op_SpecInterface, i32 %in_width, void @empty_26, i32 0, i32 0, void @empty_23, i32 0, i32 0, void @empty_27, void @empty_6, void @empty_23, i32 0, i32 0, i32 0, i32 0, void @empty_23, void @empty_23, i32 4294967295, i32 0"   --->   Operation 113 'specinterface' 'specinterface_ln0' <Predicate = true> <Delay = 0.00>
ST_2 : Operation 114 [1/1] (0.00ns)   --->   "%specinterface_ln0 = specinterface void @_ssdm_op_SpecInterface, i32 %in_width, void @empty_30, i32 0, i32 0, void @empty_23, i32 0, i32 0, void @empty_23, void @empty_23, void @empty_23, i32 0, i32 0, i32 0, i32 0, void @empty_23, void @empty_23, i32 4294967295, i32 0"   --->   Operation 114 'specinterface' 'specinterface_ln0' <Predicate = true> <Delay = 0.00>
ST_2 : Operation 115 [1/1] (0.00ns)   --->   "%specbitsmap_ln0 = specbitsmap void @_ssdm_op_SpecBitsMap, i32 %stride"   --->   Operation 115 'specbitsmap' 'specbitsmap_ln0' <Predicate = true> <Delay = 0.00>
ST_2 : Operation 116 [1/1] (0.00ns)   --->   "%specinterface_ln0 = specinterface void @_ssdm_op_SpecInterface, i32 %stride, void @empty_26, i32 0, i32 0, void @empty_23, i32 0, i32 0, void @empty_27, void @empty_7, void @empty_23, i32 0, i32 0, i32 0, i32 0, void @empty_23, void @empty_23, i32 4294967295, i32 0"   --->   Operation 116 'specinterface' 'specinterface_ln0' <Predicate = true> <Delay = 0.00>
ST_2 : Operation 117 [1/1] (0.00ns)   --->   "%specinterface_ln0 = specinterface void @_ssdm_op_SpecInterface, i32 %stride, void @empty_30, i32 0, i32 0, void @empty_23, i32 0, i32 0, void @empty_23, void @empty_23, void @empty_23, i32 0, i32 0, i32 0, i32 0, void @empty_23, void @empty_23, i32 4294967295, i32 0"   --->   Operation 117 'specinterface' 'specinterface_ln0' <Predicate = true> <Delay = 0.00>
ST_2 : Operation 118 [1/1] (0.00ns)   --->   "%specbitsmap_ln0 = specbitsmap void @_ssdm_op_SpecBitsMap, i32 %padding"   --->   Operation 118 'specbitsmap' 'specbitsmap_ln0' <Predicate = true> <Delay = 0.00>
ST_2 : Operation 119 [1/1] (0.00ns)   --->   "%specinterface_ln0 = specinterface void @_ssdm_op_SpecInterface, i32 %padding, void @empty_26, i32 0, i32 0, void @empty_23, i32 0, i32 0, void @empty_27, void @empty_8, void @empty_23, i32 0, i32 0, i32 0, i32 0, void @empty_23, void @empty_23, i32 4294967295, i32 0"   --->   Operation 119 'specinterface' 'specinterface_ln0' <Predicate = true> <Delay = 0.00>
ST_2 : Operation 120 [1/1] (0.00ns)   --->   "%specinterface_ln0 = specinterface void @_ssdm_op_SpecInterface, i32 %padding, void @empty_30, i32 0, i32 0, void @empty_23, i32 0, i32 0, void @empty_23, void @empty_23, void @empty_23, i32 0, i32 0, i32 0, i32 0, void @empty_23, void @empty_23, i32 4294967295, i32 0"   --->   Operation 120 'specinterface' 'specinterface_ln0' <Predicate = true> <Delay = 0.00>
ST_2 : Operation 121 [1/1] (0.00ns)   --->   "%specbitsmap_ln0 = specbitsmap void @_ssdm_op_SpecBitsMap, i32 %relu_enable"   --->   Operation 121 'specbitsmap' 'specbitsmap_ln0' <Predicate = true> <Delay = 0.00>
ST_2 : Operation 122 [1/1] (0.00ns)   --->   "%specinterface_ln0 = specinterface void @_ssdm_op_SpecInterface, i32 %relu_enable, void @empty_26, i32 0, i32 0, void @empty_23, i32 0, i32 0, void @empty_27, void @empty_9, void @empty_23, i32 0, i32 0, i32 0, i32 0, void @empty_23, void @empty_23, i32 4294967295, i32 0"   --->   Operation 122 'specinterface' 'specinterface_ln0' <Predicate = true> <Delay = 0.00>
ST_2 : Operation 123 [1/1] (0.00ns)   --->   "%specinterface_ln0 = specinterface void @_ssdm_op_SpecInterface, i32 %relu_enable, void @empty_30, i32 0, i32 0, void @empty_23, i32 0, i32 0, void @empty_23, void @empty_23, void @empty_23, i32 0, i32 0, i32 0, i32 0, void @empty_23, void @empty_23, i32 4294967295, i32 0"   --->   Operation 123 'specinterface' 'specinterface_ln0' <Predicate = true> <Delay = 0.00>
ST_2 : Operation 124 [1/1] (0.00ns)   --->   "%specbitsmap_ln0 = specbitsmap void @_ssdm_op_SpecBitsMap, i32 %pool_enable"   --->   Operation 124 'specbitsmap' 'specbitsmap_ln0' <Predicate = true> <Delay = 0.00>
ST_2 : Operation 125 [1/1] (0.00ns)   --->   "%specinterface_ln0 = specinterface void @_ssdm_op_SpecInterface, i32 %pool_enable, void @empty_26, i32 0, i32 0, void @empty_23, i32 0, i32 0, void @empty_27, void @empty_10, void @empty_23, i32 0, i32 0, i32 0, i32 0, void @empty_23, void @empty_23, i32 4294967295, i32 0"   --->   Operation 125 'specinterface' 'specinterface_ln0' <Predicate = true> <Delay = 0.00>
ST_2 : Operation 126 [1/1] (0.00ns)   --->   "%specinterface_ln0 = specinterface void @_ssdm_op_SpecInterface, i32 %pool_enable, void @empty_30, i32 0, i32 0, void @empty_23, i32 0, i32 0, void @empty_23, void @empty_23, void @empty_23, i32 0, i32 0, i32 0, i32 0, void @empty_23, void @empty_23, i32 4294967295, i32 0"   --->   Operation 126 'specinterface' 'specinterface_ln0' <Predicate = true> <Delay = 0.00>
ST_2 : Operation 127 [1/1] (0.00ns)   --->   "%specinterface_ln0 = specinterface void @_ssdm_op_SpecInterface, i32 0, void @empty_26, i32 0, i32 0, void @empty_23, i32 0, i32 0, void @empty_27, void @empty_23, void @empty_23, i32 0, i32 0, i32 0, i32 0, void @empty_23, void @empty_23, i32 4294967295, i32 0"   --->   Operation 127 'specinterface' 'specinterface_ln0' <Predicate = true> <Delay = 0.00>
ST_2 : Operation 128 [1/1] (0.00ns)   --->   "%specmemcore_ln70 = specmemcore void @_ssdm_op_SpecMemCore, i8 %local_input_V, i64 666, i64 22, i64 18446744073709551615" [src/accel_top.cpp:70]   --->   Operation 128 'specmemcore' 'specmemcore_ln70' <Predicate = true> <Delay = 0.00>
ST_2 : Operation 129 [1/1] (0.00ns)   --->   "%specmemcore_ln73 = specmemcore void @_ssdm_op_SpecMemCore, i8 %local_weights_V, i64 666, i64 22, i64 18446744073709551615" [src/accel_top.cpp:73]   --->   Operation 129 'specmemcore' 'specmemcore_ln73' <Predicate = true> <Delay = 0.00>
ST_2 : Operation 130 [1/1] (0.00ns)   --->   "%specmemcore_ln76 = specmemcore void @_ssdm_op_SpecMemCore, i32 %conv_output_V_3, i64 666, i64 22, i64 18446744073709551615" [src/accel_top.cpp:76]   --->   Operation 130 'specmemcore' 'specmemcore_ln76' <Predicate = true> <Delay = 0.00>
ST_2 : Operation 131 [1/1] (0.00ns)   --->   "%specmemcore_ln76 = specmemcore void @_ssdm_op_SpecMemCore, i32 %conv_output_V_2, i64 666, i64 22, i64 18446744073709551615" [src/accel_top.cpp:76]   --->   Operation 131 'specmemcore' 'specmemcore_ln76' <Predicate = true> <Delay = 0.00>
ST_2 : Operation 132 [1/1] (0.00ns)   --->   "%specmemcore_ln76 = specmemcore void @_ssdm_op_SpecMemCore, i32 %conv_output_V_1, i64 666, i64 22, i64 18446744073709551615" [src/accel_top.cpp:76]   --->   Operation 132 'specmemcore' 'specmemcore_ln76' <Predicate = true> <Delay = 0.00>
ST_2 : Operation 133 [1/1] (0.00ns)   --->   "%specmemcore_ln76 = specmemcore void @_ssdm_op_SpecMemCore, i32 %conv_output_V, i64 666, i64 22, i64 18446744073709551615" [src/accel_top.cpp:76]   --->   Operation 133 'specmemcore' 'specmemcore_ln76' <Predicate = true> <Delay = 0.00>
ST_2 : Operation 134 [1/1] (0.00ns)   --->   "%specmemcore_ln79 = specmemcore void @_ssdm_op_SpecMemCore, i32 %pool_output_V, i64 666, i64 22, i64 18446744073709551615" [src/accel_top.cpp:79]   --->   Operation 134 'specmemcore' 'specmemcore_ln79' <Predicate = true> <Delay = 0.00>
ST_2 : Operation 135 [1/1] (2.47ns)   --->   "%cmp61103 = icmp_sgt  i32 %in_height_read, i32 0" [src/accel_top.cpp:24]   --->   Operation 135 'icmp' 'cmp61103' <Predicate = true> <Delay = 2.47> <CoreInst = "Cmp">   --->   Core 9 'Cmp' <Latency = 0> <II = 1> <Delay = 2.47> <FuncUnit> <Opcode : 'icmp'> <InPorts = 2> <OutPorts = 1>
ST_2 : Operation 136 [1/1] (0.00ns)   --->   "%zext_ln87 = zext i31 %select_ln87" [src/accel_top.cpp:87]   --->   Operation 136 'zext' 'zext_ln87' <Predicate = true> <Delay = 0.00>
ST_2 : Operation 137 [1/1] (8.51ns)   --->   "%mul_ln87 = mul i32 %zext_ln87, i32 %in_height_read" [src/accel_top.cpp:87]   --->   Operation 137 'mul' 'mul_ln87' <Predicate = true> <Delay = 8.51> <CoreInst = "Multiplier">   --->   Core 3 'Multiplier' <Latency = 0> <II = 1> <Delay = 8.51> <FuncUnit> <Opcode : 'mul'> <InPorts = 2> <OutPorts = 1>
ST_2 : Operation 138 [1/1] (0.00ns)   --->   "%zext_ln24 = zext i32 %in_height_read" [src/accel_top.cpp:24]   --->   Operation 138 'zext' 'zext_ln24' <Predicate = true> <Delay = 0.00>
ST_2 : Operation 139 [1/1] (0.00ns)   --->   "%zext_ln24_1 = zext i32 %in_width_read" [src/accel_top.cpp:24]   --->   Operation 139 'zext' 'zext_ln24_1' <Predicate = true> <Delay = 0.00>
ST_2 : Operation 140 [1/1] (8.51ns)   --->   "%mul_ln24 = mul i63 %zext_ln24, i63 %zext_ln24_1" [src/accel_top.cpp:24]   --->   Operation 140 'mul' 'mul_ln24' <Predicate = true> <Delay = 8.51> <CoreInst = "Multiplier">   --->   Core 3 'Multiplier' <Latency = 0> <II = 1> <Delay = 8.51> <FuncUnit> <Opcode : 'mul'> <InPorts = 2> <OutPorts = 1>
ST_2 : Operation 141 [1/1] (0.00ns)   --->   "%br_ln87 = br void %LOAD_INPUT_H" [src/accel_top.cpp:87]   --->   Operation 141 'br' 'br_ln87' <Predicate = true> <Delay = 0.00>

State 3 <SV = 2> <Delay = 8.50>
ST_3 : Operation 142 [1/1] (0.00ns)   --->   "%ic_2 = load i32 %ic" [src/accel_top.cpp:87]   --->   Operation 142 'load' 'ic_2' <Predicate = true> <Delay = 0.00>
ST_3 : Operation 143 [1/1] (2.47ns)   --->   "%icmp_ln87 = icmp_eq  i32 %ic_2, i32 %in_channels_read" [src/accel_top.cpp:87]   --->   Operation 143 'icmp' 'icmp_ln87' <Predicate = true> <Delay = 2.47> <CoreInst = "Cmp">   --->   Core 9 'Cmp' <Latency = 0> <II = 1> <Delay = 2.47> <FuncUnit> <Opcode : 'icmp'> <InPorts = 2> <OutPorts = 1>
ST_3 : Operation 144 [1/1] (2.55ns)   --->   "%add_ln87 = add i32 %ic_2, i32 1" [src/accel_top.cpp:87]   --->   Operation 144 'add' 'add_ln87' <Predicate = true> <Delay = 2.55> <CoreInst = "Adder">   --->   Core 1 'Adder' <Latency = 0> <II = 1> <Delay = 2.55> <FuncUnit> <Opcode : 'add' 'sub'> <InPorts = 2> <OutPorts = 1>
ST_3 : Operation 145 [1/1] (0.00ns)   --->   "%br_ln87 = br i1 %icmp_ln87, void %LOAD_INPUT_H.split, void %for.end80.loopexit" [src/accel_top.cpp:87]   --->   Operation 145 'br' 'br_ln87' <Predicate = true> <Delay = 0.00>
ST_3 : Operation 146 [1/1] (0.00ns)   --->   "%tmp_s = bitconcatenate i37 @_ssdm_op_BitConcatenate.i37.i32.i5, i32 %ic_2, i5 0" [src/accel_top.cpp:91]   --->   Operation 146 'bitconcatenate' 'tmp_s' <Predicate = (!icmp_ln87)> <Delay = 0.00>
ST_3 : Operation 147 [1/1] (0.00ns)   --->   "%specloopname_ln86 = specloopname void @_ssdm_op_SpecLoopName, void @empty_18" [src/accel_top.cpp:86]   --->   Operation 147 'specloopname' 'specloopname_ln86' <Predicate = (!icmp_ln87)> <Delay = 0.00>
ST_3 : Operation 148 [1/1] (0.00ns)   --->   "%br_ln88 = br i1 %cmp61103, void %for.inc78, void %for.inc.preheader" [src/accel_top.cpp:88]   --->   Operation 148 'br' 'br_ln88' <Predicate = (!icmp_ln87)> <Delay = 0.00>
ST_3 : Operation 149 [1/1] (0.00ns)   --->   "%in_ptr_load = load i32 %in_ptr" [src/accel_top.cpp:88]   --->   Operation 149 'load' 'in_ptr_load' <Predicate = (!icmp_ln87 & cmp61103)> <Delay = 0.00>
ST_3 : Operation 150 [2/2] (0.00ns)   --->   "%call_ln24 = call void @accel_top_Pipeline_LOAD_INPUT_H_LOAD_INPUT_W, i32 %DATA, i32 %in_width_read, i63 %mul_ln24, i37 %tmp_s, i31 %select_ln87, i32 %in_ptr_load, i64 %input_data_read, i8 %local_input_V, i2 %trunc_ln89" [src/accel_top.cpp:24]   --->   Operation 150 'call' 'call_ln24' <Predicate = (!icmp_ln87 & cmp61103)> <Delay = 0.00> <CoreType = "Generic">   --->   Core 0 '' <Latency = 0> <II = 1> <Delay = 1.00> <Generic> <Opcode : >
ST_3 : Operation 151 [1/1] (2.55ns)   --->   "%add_ln88 = add i32 %in_ptr_load, i32 %mul_ln87" [src/accel_top.cpp:88]   --->   Operation 151 'add' 'add_ln88' <Predicate = (!icmp_ln87 & cmp61103)> <Delay = 2.55> <CoreInst = "Adder">   --->   Core 1 'Adder' <Latency = 0> <II = 1> <Delay = 2.55> <FuncUnit> <Opcode : 'add' 'sub'> <InPorts = 2> <OutPorts = 1>
ST_3 : Operation 152 [1/1] (1.58ns)   --->   "%store_ln87 = store i32 %add_ln88, i32 %in_ptr" [src/accel_top.cpp:87]   --->   Operation 152 'store' 'store_ln87' <Predicate = (!icmp_ln87 & cmp61103)> <Delay = 1.58>
ST_3 : Operation 153 [1/1] (0.00ns)   --->   "%oc = alloca i32 1"   --->   Operation 153 'alloca' 'oc' <Predicate = (icmp_ln87)> <Delay = 0.00>
ST_3 : Operation 154 [1/1] (0.00ns)   --->   "%w_ptr = alloca i32 1"   --->   Operation 154 'alloca' 'w_ptr' <Predicate = (icmp_ln87)> <Delay = 0.00>
ST_3 : Operation 155 [1/1] (0.00ns)   --->   "%out_ptr = alloca i32 1"   --->   Operation 155 'alloca' 'out_ptr' <Predicate = (icmp_ln87)> <Delay = 0.00>
ST_3 : Operation 156 [1/1] (0.00ns)   --->   "%shl_ln101 = shl i32 %padding_read, i32 1" [src/accel_top.cpp:101]   --->   Operation 156 'shl' 'shl_ln101' <Predicate = (icmp_ln87)> <Delay = 0.00>
ST_3 : Operation 157 [1/1] (0.00ns) (grouped into TernaryAdder)   --->   "%sub_ln102 = sub i32 %in_width_read, i32 %kernel_size_read" [src/accel_top.cpp:102]   --->   Operation 157 'sub' 'sub_ln102' <Predicate = (icmp_ln87)> <Delay = 0.00> <CoreInst = "TAddSub">   --->   Core 10 'TAddSub' <Latency = 0> <II = 1> <Delay = 2.18> <IPBlock> <Opcode : 'add' 'sub'> <InPorts = 3> <OutPorts = 1> <Sync> <CReg>
ST_3 : Operation 158 [1/1] (4.37ns) (root node of TernaryAdder)   --->   "%add_ln102 = add i32 %sub_ln102, i32 %shl_ln101" [src/accel_top.cpp:102]   --->   Operation 158 'add' 'add_ln102' <Predicate = (icmp_ln87)> <Delay = 4.37> <CoreInst = "TAddSub">   --->   Core 10 'TAddSub' <Latency = 0> <II = 1> <Delay = 2.18> <IPBlock> <Opcode : 'add' 'sub'> <InPorts = 3> <OutPorts = 1> <Sync> <CReg>
ST_3 : Operation 159 [36/36] (4.13ns)   --->   "%sdiv_ln102 = sdiv i32 %add_ln102, i32 %stride_read" [src/accel_top.cpp:102]   --->   Operation 159 'sdiv' 'sdiv_ln102' <Predicate = (icmp_ln87)> <Delay = 4.13> <CoreInst = "DivnS_SEQ">   --->   Core 7 'DivnS_SEQ' <Latency = 35> <II = 32> <Delay = 4.13> <FuncUnit> <Opcode : 'sdiv' 'srem' 'udiv' 'urem'> <InPorts = 2> <OutPorts = 1>
ST_3 : Operation 160 [1/1] (2.47ns)   --->   "%icmp_ln104 = icmp_ne  i32 %pool_enable_read, i32 0" [src/accel_top.cpp:104]   --->   Operation 160 'icmp' 'icmp_ln104' <Predicate = (icmp_ln87)> <Delay = 2.47> <CoreInst = "Cmp">   --->   Core 9 'Cmp' <Latency = 0> <II = 1> <Delay = 2.47> <FuncUnit> <Opcode : 'icmp'> <InPorts = 2> <OutPorts = 1>
ST_3 : Operation 161 [1/1] (2.47ns)   --->   "%tobool133 = icmp_eq  i32 %relu_enable_read, i32 0" [src/accel_top.cpp:24]   --->   Operation 161 'icmp' 'tobool133' <Predicate = (icmp_ln87)> <Delay = 2.47> <CoreInst = "Cmp">   --->   Core 9 'Cmp' <Latency = 0> <II = 1> <Delay = 2.47> <FuncUnit> <Opcode : 'icmp'> <InPorts = 2> <OutPorts = 1>
ST_3 : Operation 162 [1/1] (1.58ns)   --->   "%store_ln110 = store i32 0, i32 %out_ptr" [src/accel_top.cpp:110]   --->   Operation 162 'store' 'store_ln110' <Predicate = (icmp_ln87)> <Delay = 1.58>
ST_3 : Operation 163 [1/1] (1.58ns)   --->   "%store_ln110 = store i32 0, i32 %w_ptr" [src/accel_top.cpp:110]   --->   Operation 163 'store' 'store_ln110' <Predicate = (icmp_ln87)> <Delay = 1.58>
ST_3 : Operation 164 [1/1] (1.58ns)   --->   "%store_ln110 = store i32 0, i32 %oc" [src/accel_top.cpp:110]   --->   Operation 164 'store' 'store_ln110' <Predicate = (icmp_ln87)> <Delay = 1.58>

State 4 <SV = 3> <Delay = 1.58>
ST_4 : Operation 165 [1/2] (0.00ns)   --->   "%call_ln24 = call void @accel_top_Pipeline_LOAD_INPUT_H_LOAD_INPUT_W, i32 %DATA, i32 %in_width_read, i63 %mul_ln24, i37 %tmp_s, i31 %select_ln87, i32 %in_ptr_load, i64 %input_data_read, i8 %local_input_V, i2 %trunc_ln89" [src/accel_top.cpp:24]   --->   Operation 165 'call' 'call_ln24' <Predicate = (cmp61103)> <Delay = 0.00> <CoreType = "Generic">   --->   Core 0 '' <Latency = 0> <II = 1> <Delay = 1.00> <Generic> <Opcode : >
ST_4 : Operation 166 [1/1] (0.00ns)   --->   "%br_ln87 = br void %for.inc78" [src/accel_top.cpp:87]   --->   Operation 166 'br' 'br_ln87' <Predicate = (cmp61103)> <Delay = 0.00>
ST_4 : Operation 167 [1/1] (1.58ns)   --->   "%store_ln87 = store i32 %add_ln87, i32 %ic" [src/accel_top.cpp:87]   --->   Operation 167 'store' 'store_ln87' <Predicate = true> <Delay = 1.58>
ST_4 : Operation 168 [1/1] (0.00ns)   --->   "%br_ln87 = br void %LOAD_INPUT_H" [src/accel_top.cpp:87]   --->   Operation 168 'br' 'br_ln87' <Predicate = true> <Delay = 0.00>

State 5 <SV = 3> <Delay = 8.50>
ST_5 : Operation 169 [1/1] (0.00ns) (grouped into TernaryAdder)   --->   "%sub_ln101 = sub i32 %in_height_read, i32 %kernel_size_read" [src/accel_top.cpp:101]   --->   Operation 169 'sub' 'sub_ln101' <Predicate = true> <Delay = 0.00> <CoreInst = "TAddSub">   --->   Core 10 'TAddSub' <Latency = 0> <II = 1> <Delay = 2.18> <IPBlock> <Opcode : 'add' 'sub'> <InPorts = 3> <OutPorts = 1> <Sync> <CReg>
ST_5 : Operation 170 [1/1] (4.37ns) (root node of TernaryAdder)   --->   "%add_ln101 = add i32 %sub_ln101, i32 %shl_ln101" [src/accel_top.cpp:101]   --->   Operation 170 'add' 'add_ln101' <Predicate = true> <Delay = 4.37> <CoreInst = "TAddSub">   --->   Core 10 'TAddSub' <Latency = 0> <II = 1> <Delay = 2.18> <IPBlock> <Opcode : 'add' 'sub'> <InPorts = 3> <OutPorts = 1> <Sync> <CReg>
ST_5 : Operation 171 [36/36] (4.13ns)   --->   "%sdiv_ln101 = sdiv i32 %add_ln101, i32 %stride_read" [src/accel_top.cpp:101]   --->   Operation 171 'sdiv' 'sdiv_ln101' <Predicate = true> <Delay = 4.13> <CoreInst = "DivnS_SEQ">   --->   Core 7 'DivnS_SEQ' <Latency = 35> <II = 32> <Delay = 4.13> <FuncUnit> <Opcode : 'sdiv' 'srem' 'udiv' 'urem'> <InPorts = 2> <OutPorts = 1>
ST_5 : Operation 172 [35/36] (4.13ns)   --->   "%sdiv_ln102 = sdiv i32 %add_ln102, i32 %stride_read" [src/accel_top.cpp:102]   --->   Operation 172 'sdiv' 'sdiv_ln102' <Predicate = true> <Delay = 4.13> <CoreInst = "DivnS_SEQ">   --->   Core 7 'DivnS_SEQ' <Latency = 35> <II = 32> <Delay = 4.13> <FuncUnit> <Opcode : 'sdiv' 'srem' 'udiv' 'urem'> <InPorts = 2> <OutPorts = 1>

State 6 <SV = 4> <Delay = 4.13>
ST_6 : Operation 173 [35/36] (4.13ns)   --->   "%sdiv_ln101 = sdiv i32 %add_ln101, i32 %stride_read" [src/accel_top.cpp:101]   --->   Operation 173 'sdiv' 'sdiv_ln101' <Predicate = true> <Delay = 4.13> <CoreInst = "DivnS_SEQ">   --->   Core 7 'DivnS_SEQ' <Latency = 35> <II = 32> <Delay = 4.13> <FuncUnit> <Opcode : 'sdiv' 'srem' 'udiv' 'urem'> <InPorts = 2> <OutPorts = 1>
ST_6 : Operation 174 [34/36] (4.13ns)   --->   "%sdiv_ln102 = sdiv i32 %add_ln102, i32 %stride_read" [src/accel_top.cpp:102]   --->   Operation 174 'sdiv' 'sdiv_ln102' <Predicate = true> <Delay = 4.13> <CoreInst = "DivnS_SEQ">   --->   Core 7 'DivnS_SEQ' <Latency = 35> <II = 32> <Delay = 4.13> <FuncUnit> <Opcode : 'sdiv' 'srem' 'udiv' 'urem'> <InPorts = 2> <OutPorts = 1>

State 7 <SV = 5> <Delay = 4.13>
ST_7 : Operation 175 [34/36] (4.13ns)   --->   "%sdiv_ln101 = sdiv i32 %add_ln101, i32 %stride_read" [src/accel_top.cpp:101]   --->   Operation 175 'sdiv' 'sdiv_ln101' <Predicate = true> <Delay = 4.13> <CoreInst = "DivnS_SEQ">   --->   Core 7 'DivnS_SEQ' <Latency = 35> <II = 32> <Delay = 4.13> <FuncUnit> <Opcode : 'sdiv' 'srem' 'udiv' 'urem'> <InPorts = 2> <OutPorts = 1>
ST_7 : Operation 176 [33/36] (4.13ns)   --->   "%sdiv_ln102 = sdiv i32 %add_ln102, i32 %stride_read" [src/accel_top.cpp:102]   --->   Operation 176 'sdiv' 'sdiv_ln102' <Predicate = true> <Delay = 4.13> <CoreInst = "DivnS_SEQ">   --->   Core 7 'DivnS_SEQ' <Latency = 35> <II = 32> <Delay = 4.13> <FuncUnit> <Opcode : 'sdiv' 'srem' 'udiv' 'urem'> <InPorts = 2> <OutPorts = 1>

State 8 <SV = 6> <Delay = 4.13>
ST_8 : Operation 177 [33/36] (4.13ns)   --->   "%sdiv_ln101 = sdiv i32 %add_ln101, i32 %stride_read" [src/accel_top.cpp:101]   --->   Operation 177 'sdiv' 'sdiv_ln101' <Predicate = true> <Delay = 4.13> <CoreInst = "DivnS_SEQ">   --->   Core 7 'DivnS_SEQ' <Latency = 35> <II = 32> <Delay = 4.13> <FuncUnit> <Opcode : 'sdiv' 'srem' 'udiv' 'urem'> <InPorts = 2> <OutPorts = 1>
ST_8 : Operation 178 [32/36] (4.13ns)   --->   "%sdiv_ln102 = sdiv i32 %add_ln102, i32 %stride_read" [src/accel_top.cpp:102]   --->   Operation 178 'sdiv' 'sdiv_ln102' <Predicate = true> <Delay = 4.13> <CoreInst = "DivnS_SEQ">   --->   Core 7 'DivnS_SEQ' <Latency = 35> <II = 32> <Delay = 4.13> <FuncUnit> <Opcode : 'sdiv' 'srem' 'udiv' 'urem'> <InPorts = 2> <OutPorts = 1>

State 9 <SV = 7> <Delay = 4.13>
ST_9 : Operation 179 [32/36] (4.13ns)   --->   "%sdiv_ln101 = sdiv i32 %add_ln101, i32 %stride_read" [src/accel_top.cpp:101]   --->   Operation 179 'sdiv' 'sdiv_ln101' <Predicate = true> <Delay = 4.13> <CoreInst = "DivnS_SEQ">   --->   Core 7 'DivnS_SEQ' <Latency = 35> <II = 32> <Delay = 4.13> <FuncUnit> <Opcode : 'sdiv' 'srem' 'udiv' 'urem'> <InPorts = 2> <OutPorts = 1>
ST_9 : Operation 180 [31/36] (4.13ns)   --->   "%sdiv_ln102 = sdiv i32 %add_ln102, i32 %stride_read" [src/accel_top.cpp:102]   --->   Operation 180 'sdiv' 'sdiv_ln102' <Predicate = true> <Delay = 4.13> <CoreInst = "DivnS_SEQ">   --->   Core 7 'DivnS_SEQ' <Latency = 35> <II = 32> <Delay = 4.13> <FuncUnit> <Opcode : 'sdiv' 'srem' 'udiv' 'urem'> <InPorts = 2> <OutPorts = 1>

State 10 <SV = 8> <Delay = 4.13>
ST_10 : Operation 181 [31/36] (4.13ns)   --->   "%sdiv_ln101 = sdiv i32 %add_ln101, i32 %stride_read" [src/accel_top.cpp:101]   --->   Operation 181 'sdiv' 'sdiv_ln101' <Predicate = true> <Delay = 4.13> <CoreInst = "DivnS_SEQ">   --->   Core 7 'DivnS_SEQ' <Latency = 35> <II = 32> <Delay = 4.13> <FuncUnit> <Opcode : 'sdiv' 'srem' 'udiv' 'urem'> <InPorts = 2> <OutPorts = 1>
ST_10 : Operation 182 [30/36] (4.13ns)   --->   "%sdiv_ln102 = sdiv i32 %add_ln102, i32 %stride_read" [src/accel_top.cpp:102]   --->   Operation 182 'sdiv' 'sdiv_ln102' <Predicate = true> <Delay = 4.13> <CoreInst = "DivnS_SEQ">   --->   Core 7 'DivnS_SEQ' <Latency = 35> <II = 32> <Delay = 4.13> <FuncUnit> <Opcode : 'sdiv' 'srem' 'udiv' 'urem'> <InPorts = 2> <OutPorts = 1>

State 11 <SV = 9> <Delay = 4.13>
ST_11 : Operation 183 [30/36] (4.13ns)   --->   "%sdiv_ln101 = sdiv i32 %add_ln101, i32 %stride_read" [src/accel_top.cpp:101]   --->   Operation 183 'sdiv' 'sdiv_ln101' <Predicate = true> <Delay = 4.13> <CoreInst = "DivnS_SEQ">   --->   Core 7 'DivnS_SEQ' <Latency = 35> <II = 32> <Delay = 4.13> <FuncUnit> <Opcode : 'sdiv' 'srem' 'udiv' 'urem'> <InPorts = 2> <OutPorts = 1>
ST_11 : Operation 184 [29/36] (4.13ns)   --->   "%sdiv_ln102 = sdiv i32 %add_ln102, i32 %stride_read" [src/accel_top.cpp:102]   --->   Operation 184 'sdiv' 'sdiv_ln102' <Predicate = true> <Delay = 4.13> <CoreInst = "DivnS_SEQ">   --->   Core 7 'DivnS_SEQ' <Latency = 35> <II = 32> <Delay = 4.13> <FuncUnit> <Opcode : 'sdiv' 'srem' 'udiv' 'urem'> <InPorts = 2> <OutPorts = 1>

State 12 <SV = 10> <Delay = 4.13>
ST_12 : Operation 185 [29/36] (4.13ns)   --->   "%sdiv_ln101 = sdiv i32 %add_ln101, i32 %stride_read" [src/accel_top.cpp:101]   --->   Operation 185 'sdiv' 'sdiv_ln101' <Predicate = true> <Delay = 4.13> <CoreInst = "DivnS_SEQ">   --->   Core 7 'DivnS_SEQ' <Latency = 35> <II = 32> <Delay = 4.13> <FuncUnit> <Opcode : 'sdiv' 'srem' 'udiv' 'urem'> <InPorts = 2> <OutPorts = 1>
ST_12 : Operation 186 [28/36] (4.13ns)   --->   "%sdiv_ln102 = sdiv i32 %add_ln102, i32 %stride_read" [src/accel_top.cpp:102]   --->   Operation 186 'sdiv' 'sdiv_ln102' <Predicate = true> <Delay = 4.13> <CoreInst = "DivnS_SEQ">   --->   Core 7 'DivnS_SEQ' <Latency = 35> <II = 32> <Delay = 4.13> <FuncUnit> <Opcode : 'sdiv' 'srem' 'udiv' 'urem'> <InPorts = 2> <OutPorts = 1>

State 13 <SV = 11> <Delay = 4.13>
ST_13 : Operation 187 [28/36] (4.13ns)   --->   "%sdiv_ln101 = sdiv i32 %add_ln101, i32 %stride_read" [src/accel_top.cpp:101]   --->   Operation 187 'sdiv' 'sdiv_ln101' <Predicate = true> <Delay = 4.13> <CoreInst = "DivnS_SEQ">   --->   Core 7 'DivnS_SEQ' <Latency = 35> <II = 32> <Delay = 4.13> <FuncUnit> <Opcode : 'sdiv' 'srem' 'udiv' 'urem'> <InPorts = 2> <OutPorts = 1>
ST_13 : Operation 188 [27/36] (4.13ns)   --->   "%sdiv_ln102 = sdiv i32 %add_ln102, i32 %stride_read" [src/accel_top.cpp:102]   --->   Operation 188 'sdiv' 'sdiv_ln102' <Predicate = true> <Delay = 4.13> <CoreInst = "DivnS_SEQ">   --->   Core 7 'DivnS_SEQ' <Latency = 35> <II = 32> <Delay = 4.13> <FuncUnit> <Opcode : 'sdiv' 'srem' 'udiv' 'urem'> <InPorts = 2> <OutPorts = 1>

State 14 <SV = 12> <Delay = 4.13>
ST_14 : Operation 189 [27/36] (4.13ns)   --->   "%sdiv_ln101 = sdiv i32 %add_ln101, i32 %stride_read" [src/accel_top.cpp:101]   --->   Operation 189 'sdiv' 'sdiv_ln101' <Predicate = true> <Delay = 4.13> <CoreInst = "DivnS_SEQ">   --->   Core 7 'DivnS_SEQ' <Latency = 35> <II = 32> <Delay = 4.13> <FuncUnit> <Opcode : 'sdiv' 'srem' 'udiv' 'urem'> <InPorts = 2> <OutPorts = 1>
ST_14 : Operation 190 [26/36] (4.13ns)   --->   "%sdiv_ln102 = sdiv i32 %add_ln102, i32 %stride_read" [src/accel_top.cpp:102]   --->   Operation 190 'sdiv' 'sdiv_ln102' <Predicate = true> <Delay = 4.13> <CoreInst = "DivnS_SEQ">   --->   Core 7 'DivnS_SEQ' <Latency = 35> <II = 32> <Delay = 4.13> <FuncUnit> <Opcode : 'sdiv' 'srem' 'udiv' 'urem'> <InPorts = 2> <OutPorts = 1>

State 15 <SV = 13> <Delay = 4.13>
ST_15 : Operation 191 [26/36] (4.13ns)   --->   "%sdiv_ln101 = sdiv i32 %add_ln101, i32 %stride_read" [src/accel_top.cpp:101]   --->   Operation 191 'sdiv' 'sdiv_ln101' <Predicate = true> <Delay = 4.13> <CoreInst = "DivnS_SEQ">   --->   Core 7 'DivnS_SEQ' <Latency = 35> <II = 32> <Delay = 4.13> <FuncUnit> <Opcode : 'sdiv' 'srem' 'udiv' 'urem'> <InPorts = 2> <OutPorts = 1>
ST_15 : Operation 192 [25/36] (4.13ns)   --->   "%sdiv_ln102 = sdiv i32 %add_ln102, i32 %stride_read" [src/accel_top.cpp:102]   --->   Operation 192 'sdiv' 'sdiv_ln102' <Predicate = true> <Delay = 4.13> <CoreInst = "DivnS_SEQ">   --->   Core 7 'DivnS_SEQ' <Latency = 35> <II = 32> <Delay = 4.13> <FuncUnit> <Opcode : 'sdiv' 'srem' 'udiv' 'urem'> <InPorts = 2> <OutPorts = 1>

State 16 <SV = 14> <Delay = 4.13>
ST_16 : Operation 193 [25/36] (4.13ns)   --->   "%sdiv_ln101 = sdiv i32 %add_ln101, i32 %stride_read" [src/accel_top.cpp:101]   --->   Operation 193 'sdiv' 'sdiv_ln101' <Predicate = true> <Delay = 4.13> <CoreInst = "DivnS_SEQ">   --->   Core 7 'DivnS_SEQ' <Latency = 35> <II = 32> <Delay = 4.13> <FuncUnit> <Opcode : 'sdiv' 'srem' 'udiv' 'urem'> <InPorts = 2> <OutPorts = 1>
ST_16 : Operation 194 [24/36] (4.13ns)   --->   "%sdiv_ln102 = sdiv i32 %add_ln102, i32 %stride_read" [src/accel_top.cpp:102]   --->   Operation 194 'sdiv' 'sdiv_ln102' <Predicate = true> <Delay = 4.13> <CoreInst = "DivnS_SEQ">   --->   Core 7 'DivnS_SEQ' <Latency = 35> <II = 32> <Delay = 4.13> <FuncUnit> <Opcode : 'sdiv' 'srem' 'udiv' 'urem'> <InPorts = 2> <OutPorts = 1>

State 17 <SV = 15> <Delay = 4.13>
ST_17 : Operation 195 [24/36] (4.13ns)   --->   "%sdiv_ln101 = sdiv i32 %add_ln101, i32 %stride_read" [src/accel_top.cpp:101]   --->   Operation 195 'sdiv' 'sdiv_ln101' <Predicate = true> <Delay = 4.13> <CoreInst = "DivnS_SEQ">   --->   Core 7 'DivnS_SEQ' <Latency = 35> <II = 32> <Delay = 4.13> <FuncUnit> <Opcode : 'sdiv' 'srem' 'udiv' 'urem'> <InPorts = 2> <OutPorts = 1>
ST_17 : Operation 196 [23/36] (4.13ns)   --->   "%sdiv_ln102 = sdiv i32 %add_ln102, i32 %stride_read" [src/accel_top.cpp:102]   --->   Operation 196 'sdiv' 'sdiv_ln102' <Predicate = true> <Delay = 4.13> <CoreInst = "DivnS_SEQ">   --->   Core 7 'DivnS_SEQ' <Latency = 35> <II = 32> <Delay = 4.13> <FuncUnit> <Opcode : 'sdiv' 'srem' 'udiv' 'urem'> <InPorts = 2> <OutPorts = 1>

State 18 <SV = 16> <Delay = 4.13>
ST_18 : Operation 197 [23/36] (4.13ns)   --->   "%sdiv_ln101 = sdiv i32 %add_ln101, i32 %stride_read" [src/accel_top.cpp:101]   --->   Operation 197 'sdiv' 'sdiv_ln101' <Predicate = true> <Delay = 4.13> <CoreInst = "DivnS_SEQ">   --->   Core 7 'DivnS_SEQ' <Latency = 35> <II = 32> <Delay = 4.13> <FuncUnit> <Opcode : 'sdiv' 'srem' 'udiv' 'urem'> <InPorts = 2> <OutPorts = 1>
ST_18 : Operation 198 [22/36] (4.13ns)   --->   "%sdiv_ln102 = sdiv i32 %add_ln102, i32 %stride_read" [src/accel_top.cpp:102]   --->   Operation 198 'sdiv' 'sdiv_ln102' <Predicate = true> <Delay = 4.13> <CoreInst = "DivnS_SEQ">   --->   Core 7 'DivnS_SEQ' <Latency = 35> <II = 32> <Delay = 4.13> <FuncUnit> <Opcode : 'sdiv' 'srem' 'udiv' 'urem'> <InPorts = 2> <OutPorts = 1>

State 19 <SV = 17> <Delay = 4.13>
ST_19 : Operation 199 [22/36] (4.13ns)   --->   "%sdiv_ln101 = sdiv i32 %add_ln101, i32 %stride_read" [src/accel_top.cpp:101]   --->   Operation 199 'sdiv' 'sdiv_ln101' <Predicate = true> <Delay = 4.13> <CoreInst = "DivnS_SEQ">   --->   Core 7 'DivnS_SEQ' <Latency = 35> <II = 32> <Delay = 4.13> <FuncUnit> <Opcode : 'sdiv' 'srem' 'udiv' 'urem'> <InPorts = 2> <OutPorts = 1>
ST_19 : Operation 200 [21/36] (4.13ns)   --->   "%sdiv_ln102 = sdiv i32 %add_ln102, i32 %stride_read" [src/accel_top.cpp:102]   --->   Operation 200 'sdiv' 'sdiv_ln102' <Predicate = true> <Delay = 4.13> <CoreInst = "DivnS_SEQ">   --->   Core 7 'DivnS_SEQ' <Latency = 35> <II = 32> <Delay = 4.13> <FuncUnit> <Opcode : 'sdiv' 'srem' 'udiv' 'urem'> <InPorts = 2> <OutPorts = 1>

State 20 <SV = 18> <Delay = 4.13>
ST_20 : Operation 201 [21/36] (4.13ns)   --->   "%sdiv_ln101 = sdiv i32 %add_ln101, i32 %stride_read" [src/accel_top.cpp:101]   --->   Operation 201 'sdiv' 'sdiv_ln101' <Predicate = true> <Delay = 4.13> <CoreInst = "DivnS_SEQ">   --->   Core 7 'DivnS_SEQ' <Latency = 35> <II = 32> <Delay = 4.13> <FuncUnit> <Opcode : 'sdiv' 'srem' 'udiv' 'urem'> <InPorts = 2> <OutPorts = 1>
ST_20 : Operation 202 [20/36] (4.13ns)   --->   "%sdiv_ln102 = sdiv i32 %add_ln102, i32 %stride_read" [src/accel_top.cpp:102]   --->   Operation 202 'sdiv' 'sdiv_ln102' <Predicate = true> <Delay = 4.13> <CoreInst = "DivnS_SEQ">   --->   Core 7 'DivnS_SEQ' <Latency = 35> <II = 32> <Delay = 4.13> <FuncUnit> <Opcode : 'sdiv' 'srem' 'udiv' 'urem'> <InPorts = 2> <OutPorts = 1>

State 21 <SV = 19> <Delay = 4.13>
ST_21 : Operation 203 [20/36] (4.13ns)   --->   "%sdiv_ln101 = sdiv i32 %add_ln101, i32 %stride_read" [src/accel_top.cpp:101]   --->   Operation 203 'sdiv' 'sdiv_ln101' <Predicate = true> <Delay = 4.13> <CoreInst = "DivnS_SEQ">   --->   Core 7 'DivnS_SEQ' <Latency = 35> <II = 32> <Delay = 4.13> <FuncUnit> <Opcode : 'sdiv' 'srem' 'udiv' 'urem'> <InPorts = 2> <OutPorts = 1>
ST_21 : Operation 204 [19/36] (4.13ns)   --->   "%sdiv_ln102 = sdiv i32 %add_ln102, i32 %stride_read" [src/accel_top.cpp:102]   --->   Operation 204 'sdiv' 'sdiv_ln102' <Predicate = true> <Delay = 4.13> <CoreInst = "DivnS_SEQ">   --->   Core 7 'DivnS_SEQ' <Latency = 35> <II = 32> <Delay = 4.13> <FuncUnit> <Opcode : 'sdiv' 'srem' 'udiv' 'urem'> <InPorts = 2> <OutPorts = 1>

State 22 <SV = 20> <Delay = 4.13>
ST_22 : Operation 205 [19/36] (4.13ns)   --->   "%sdiv_ln101 = sdiv i32 %add_ln101, i32 %stride_read" [src/accel_top.cpp:101]   --->   Operation 205 'sdiv' 'sdiv_ln101' <Predicate = true> <Delay = 4.13> <CoreInst = "DivnS_SEQ">   --->   Core 7 'DivnS_SEQ' <Latency = 35> <II = 32> <Delay = 4.13> <FuncUnit> <Opcode : 'sdiv' 'srem' 'udiv' 'urem'> <InPorts = 2> <OutPorts = 1>
ST_22 : Operation 206 [18/36] (4.13ns)   --->   "%sdiv_ln102 = sdiv i32 %add_ln102, i32 %stride_read" [src/accel_top.cpp:102]   --->   Operation 206 'sdiv' 'sdiv_ln102' <Predicate = true> <Delay = 4.13> <CoreInst = "DivnS_SEQ">   --->   Core 7 'DivnS_SEQ' <Latency = 35> <II = 32> <Delay = 4.13> <FuncUnit> <Opcode : 'sdiv' 'srem' 'udiv' 'urem'> <InPorts = 2> <OutPorts = 1>

State 23 <SV = 21> <Delay = 4.13>
ST_23 : Operation 207 [18/36] (4.13ns)   --->   "%sdiv_ln101 = sdiv i32 %add_ln101, i32 %stride_read" [src/accel_top.cpp:101]   --->   Operation 207 'sdiv' 'sdiv_ln101' <Predicate = true> <Delay = 4.13> <CoreInst = "DivnS_SEQ">   --->   Core 7 'DivnS_SEQ' <Latency = 35> <II = 32> <Delay = 4.13> <FuncUnit> <Opcode : 'sdiv' 'srem' 'udiv' 'urem'> <InPorts = 2> <OutPorts = 1>
ST_23 : Operation 208 [17/36] (4.13ns)   --->   "%sdiv_ln102 = sdiv i32 %add_ln102, i32 %stride_read" [src/accel_top.cpp:102]   --->   Operation 208 'sdiv' 'sdiv_ln102' <Predicate = true> <Delay = 4.13> <CoreInst = "DivnS_SEQ">   --->   Core 7 'DivnS_SEQ' <Latency = 35> <II = 32> <Delay = 4.13> <FuncUnit> <Opcode : 'sdiv' 'srem' 'udiv' 'urem'> <InPorts = 2> <OutPorts = 1>

State 24 <SV = 22> <Delay = 4.13>
ST_24 : Operation 209 [17/36] (4.13ns)   --->   "%sdiv_ln101 = sdiv i32 %add_ln101, i32 %stride_read" [src/accel_top.cpp:101]   --->   Operation 209 'sdiv' 'sdiv_ln101' <Predicate = true> <Delay = 4.13> <CoreInst = "DivnS_SEQ">   --->   Core 7 'DivnS_SEQ' <Latency = 35> <II = 32> <Delay = 4.13> <FuncUnit> <Opcode : 'sdiv' 'srem' 'udiv' 'urem'> <InPorts = 2> <OutPorts = 1>
ST_24 : Operation 210 [16/36] (4.13ns)   --->   "%sdiv_ln102 = sdiv i32 %add_ln102, i32 %stride_read" [src/accel_top.cpp:102]   --->   Operation 210 'sdiv' 'sdiv_ln102' <Predicate = true> <Delay = 4.13> <CoreInst = "DivnS_SEQ">   --->   Core 7 'DivnS_SEQ' <Latency = 35> <II = 32> <Delay = 4.13> <FuncUnit> <Opcode : 'sdiv' 'srem' 'udiv' 'urem'> <InPorts = 2> <OutPorts = 1>

State 25 <SV = 23> <Delay = 4.13>
ST_25 : Operation 211 [16/36] (4.13ns)   --->   "%sdiv_ln101 = sdiv i32 %add_ln101, i32 %stride_read" [src/accel_top.cpp:101]   --->   Operation 211 'sdiv' 'sdiv_ln101' <Predicate = true> <Delay = 4.13> <CoreInst = "DivnS_SEQ">   --->   Core 7 'DivnS_SEQ' <Latency = 35> <II = 32> <Delay = 4.13> <FuncUnit> <Opcode : 'sdiv' 'srem' 'udiv' 'urem'> <InPorts = 2> <OutPorts = 1>
ST_25 : Operation 212 [15/36] (4.13ns)   --->   "%sdiv_ln102 = sdiv i32 %add_ln102, i32 %stride_read" [src/accel_top.cpp:102]   --->   Operation 212 'sdiv' 'sdiv_ln102' <Predicate = true> <Delay = 4.13> <CoreInst = "DivnS_SEQ">   --->   Core 7 'DivnS_SEQ' <Latency = 35> <II = 32> <Delay = 4.13> <FuncUnit> <Opcode : 'sdiv' 'srem' 'udiv' 'urem'> <InPorts = 2> <OutPorts = 1>

State 26 <SV = 24> <Delay = 4.13>
ST_26 : Operation 213 [15/36] (4.13ns)   --->   "%sdiv_ln101 = sdiv i32 %add_ln101, i32 %stride_read" [src/accel_top.cpp:101]   --->   Operation 213 'sdiv' 'sdiv_ln101' <Predicate = true> <Delay = 4.13> <CoreInst = "DivnS_SEQ">   --->   Core 7 'DivnS_SEQ' <Latency = 35> <II = 32> <Delay = 4.13> <FuncUnit> <Opcode : 'sdiv' 'srem' 'udiv' 'urem'> <InPorts = 2> <OutPorts = 1>
ST_26 : Operation 214 [14/36] (4.13ns)   --->   "%sdiv_ln102 = sdiv i32 %add_ln102, i32 %stride_read" [src/accel_top.cpp:102]   --->   Operation 214 'sdiv' 'sdiv_ln102' <Predicate = true> <Delay = 4.13> <CoreInst = "DivnS_SEQ">   --->   Core 7 'DivnS_SEQ' <Latency = 35> <II = 32> <Delay = 4.13> <FuncUnit> <Opcode : 'sdiv' 'srem' 'udiv' 'urem'> <InPorts = 2> <OutPorts = 1>

State 27 <SV = 25> <Delay = 4.13>
ST_27 : Operation 215 [14/36] (4.13ns)   --->   "%sdiv_ln101 = sdiv i32 %add_ln101, i32 %stride_read" [src/accel_top.cpp:101]   --->   Operation 215 'sdiv' 'sdiv_ln101' <Predicate = true> <Delay = 4.13> <CoreInst = "DivnS_SEQ">   --->   Core 7 'DivnS_SEQ' <Latency = 35> <II = 32> <Delay = 4.13> <FuncUnit> <Opcode : 'sdiv' 'srem' 'udiv' 'urem'> <InPorts = 2> <OutPorts = 1>
ST_27 : Operation 216 [13/36] (4.13ns)   --->   "%sdiv_ln102 = sdiv i32 %add_ln102, i32 %stride_read" [src/accel_top.cpp:102]   --->   Operation 216 'sdiv' 'sdiv_ln102' <Predicate = true> <Delay = 4.13> <CoreInst = "DivnS_SEQ">   --->   Core 7 'DivnS_SEQ' <Latency = 35> <II = 32> <Delay = 4.13> <FuncUnit> <Opcode : 'sdiv' 'srem' 'udiv' 'urem'> <InPorts = 2> <OutPorts = 1>

State 28 <SV = 26> <Delay = 4.13>
ST_28 : Operation 217 [13/36] (4.13ns)   --->   "%sdiv_ln101 = sdiv i32 %add_ln101, i32 %stride_read" [src/accel_top.cpp:101]   --->   Operation 217 'sdiv' 'sdiv_ln101' <Predicate = true> <Delay = 4.13> <CoreInst = "DivnS_SEQ">   --->   Core 7 'DivnS_SEQ' <Latency = 35> <II = 32> <Delay = 4.13> <FuncUnit> <Opcode : 'sdiv' 'srem' 'udiv' 'urem'> <InPorts = 2> <OutPorts = 1>
ST_28 : Operation 218 [12/36] (4.13ns)   --->   "%sdiv_ln102 = sdiv i32 %add_ln102, i32 %stride_read" [src/accel_top.cpp:102]   --->   Operation 218 'sdiv' 'sdiv_ln102' <Predicate = true> <Delay = 4.13> <CoreInst = "DivnS_SEQ">   --->   Core 7 'DivnS_SEQ' <Latency = 35> <II = 32> <Delay = 4.13> <FuncUnit> <Opcode : 'sdiv' 'srem' 'udiv' 'urem'> <InPorts = 2> <OutPorts = 1>

State 29 <SV = 27> <Delay = 4.13>
ST_29 : Operation 219 [12/36] (4.13ns)   --->   "%sdiv_ln101 = sdiv i32 %add_ln101, i32 %stride_read" [src/accel_top.cpp:101]   --->   Operation 219 'sdiv' 'sdiv_ln101' <Predicate = true> <Delay = 4.13> <CoreInst = "DivnS_SEQ">   --->   Core 7 'DivnS_SEQ' <Latency = 35> <II = 32> <Delay = 4.13> <FuncUnit> <Opcode : 'sdiv' 'srem' 'udiv' 'urem'> <InPorts = 2> <OutPorts = 1>
ST_29 : Operation 220 [11/36] (4.13ns)   --->   "%sdiv_ln102 = sdiv i32 %add_ln102, i32 %stride_read" [src/accel_top.cpp:102]   --->   Operation 220 'sdiv' 'sdiv_ln102' <Predicate = true> <Delay = 4.13> <CoreInst = "DivnS_SEQ">   --->   Core 7 'DivnS_SEQ' <Latency = 35> <II = 32> <Delay = 4.13> <FuncUnit> <Opcode : 'sdiv' 'srem' 'udiv' 'urem'> <InPorts = 2> <OutPorts = 1>

State 30 <SV = 28> <Delay = 4.13>
ST_30 : Operation 221 [11/36] (4.13ns)   --->   "%sdiv_ln101 = sdiv i32 %add_ln101, i32 %stride_read" [src/accel_top.cpp:101]   --->   Operation 221 'sdiv' 'sdiv_ln101' <Predicate = true> <Delay = 4.13> <CoreInst = "DivnS_SEQ">   --->   Core 7 'DivnS_SEQ' <Latency = 35> <II = 32> <Delay = 4.13> <FuncUnit> <Opcode : 'sdiv' 'srem' 'udiv' 'urem'> <InPorts = 2> <OutPorts = 1>
ST_30 : Operation 222 [10/36] (4.13ns)   --->   "%sdiv_ln102 = sdiv i32 %add_ln102, i32 %stride_read" [src/accel_top.cpp:102]   --->   Operation 222 'sdiv' 'sdiv_ln102' <Predicate = true> <Delay = 4.13> <CoreInst = "DivnS_SEQ">   --->   Core 7 'DivnS_SEQ' <Latency = 35> <II = 32> <Delay = 4.13> <FuncUnit> <Opcode : 'sdiv' 'srem' 'udiv' 'urem'> <InPorts = 2> <OutPorts = 1>

State 31 <SV = 29> <Delay = 4.13>
ST_31 : Operation 223 [10/36] (4.13ns)   --->   "%sdiv_ln101 = sdiv i32 %add_ln101, i32 %stride_read" [src/accel_top.cpp:101]   --->   Operation 223 'sdiv' 'sdiv_ln101' <Predicate = true> <Delay = 4.13> <CoreInst = "DivnS_SEQ">   --->   Core 7 'DivnS_SEQ' <Latency = 35> <II = 32> <Delay = 4.13> <FuncUnit> <Opcode : 'sdiv' 'srem' 'udiv' 'urem'> <InPorts = 2> <OutPorts = 1>
ST_31 : Operation 224 [9/36] (4.13ns)   --->   "%sdiv_ln102 = sdiv i32 %add_ln102, i32 %stride_read" [src/accel_top.cpp:102]   --->   Operation 224 'sdiv' 'sdiv_ln102' <Predicate = true> <Delay = 4.13> <CoreInst = "DivnS_SEQ">   --->   Core 7 'DivnS_SEQ' <Latency = 35> <II = 32> <Delay = 4.13> <FuncUnit> <Opcode : 'sdiv' 'srem' 'udiv' 'urem'> <InPorts = 2> <OutPorts = 1>

State 32 <SV = 30> <Delay = 4.13>
ST_32 : Operation 225 [9/36] (4.13ns)   --->   "%sdiv_ln101 = sdiv i32 %add_ln101, i32 %stride_read" [src/accel_top.cpp:101]   --->   Operation 225 'sdiv' 'sdiv_ln101' <Predicate = true> <Delay = 4.13> <CoreInst = "DivnS_SEQ">   --->   Core 7 'DivnS_SEQ' <Latency = 35> <II = 32> <Delay = 4.13> <FuncUnit> <Opcode : 'sdiv' 'srem' 'udiv' 'urem'> <InPorts = 2> <OutPorts = 1>
ST_32 : Operation 226 [8/36] (4.13ns)   --->   "%sdiv_ln102 = sdiv i32 %add_ln102, i32 %stride_read" [src/accel_top.cpp:102]   --->   Operation 226 'sdiv' 'sdiv_ln102' <Predicate = true> <Delay = 4.13> <CoreInst = "DivnS_SEQ">   --->   Core 7 'DivnS_SEQ' <Latency = 35> <II = 32> <Delay = 4.13> <FuncUnit> <Opcode : 'sdiv' 'srem' 'udiv' 'urem'> <InPorts = 2> <OutPorts = 1>

State 33 <SV = 31> <Delay = 4.13>
ST_33 : Operation 227 [8/36] (4.13ns)   --->   "%sdiv_ln101 = sdiv i32 %add_ln101, i32 %stride_read" [src/accel_top.cpp:101]   --->   Operation 227 'sdiv' 'sdiv_ln101' <Predicate = true> <Delay = 4.13> <CoreInst = "DivnS_SEQ">   --->   Core 7 'DivnS_SEQ' <Latency = 35> <II = 32> <Delay = 4.13> <FuncUnit> <Opcode : 'sdiv' 'srem' 'udiv' 'urem'> <InPorts = 2> <OutPorts = 1>
ST_33 : Operation 228 [7/36] (4.13ns)   --->   "%sdiv_ln102 = sdiv i32 %add_ln102, i32 %stride_read" [src/accel_top.cpp:102]   --->   Operation 228 'sdiv' 'sdiv_ln102' <Predicate = true> <Delay = 4.13> <CoreInst = "DivnS_SEQ">   --->   Core 7 'DivnS_SEQ' <Latency = 35> <II = 32> <Delay = 4.13> <FuncUnit> <Opcode : 'sdiv' 'srem' 'udiv' 'urem'> <InPorts = 2> <OutPorts = 1>

State 34 <SV = 32> <Delay = 4.13>
ST_34 : Operation 229 [7/36] (4.13ns)   --->   "%sdiv_ln101 = sdiv i32 %add_ln101, i32 %stride_read" [src/accel_top.cpp:101]   --->   Operation 229 'sdiv' 'sdiv_ln101' <Predicate = true> <Delay = 4.13> <CoreInst = "DivnS_SEQ">   --->   Core 7 'DivnS_SEQ' <Latency = 35> <II = 32> <Delay = 4.13> <FuncUnit> <Opcode : 'sdiv' 'srem' 'udiv' 'urem'> <InPorts = 2> <OutPorts = 1>
ST_34 : Operation 230 [6/36] (4.13ns)   --->   "%sdiv_ln102 = sdiv i32 %add_ln102, i32 %stride_read" [src/accel_top.cpp:102]   --->   Operation 230 'sdiv' 'sdiv_ln102' <Predicate = true> <Delay = 4.13> <CoreInst = "DivnS_SEQ">   --->   Core 7 'DivnS_SEQ' <Latency = 35> <II = 32> <Delay = 4.13> <FuncUnit> <Opcode : 'sdiv' 'srem' 'udiv' 'urem'> <InPorts = 2> <OutPorts = 1>

State 35 <SV = 33> <Delay = 4.13>
ST_35 : Operation 231 [6/36] (4.13ns)   --->   "%sdiv_ln101 = sdiv i32 %add_ln101, i32 %stride_read" [src/accel_top.cpp:101]   --->   Operation 231 'sdiv' 'sdiv_ln101' <Predicate = true> <Delay = 4.13> <CoreInst = "DivnS_SEQ">   --->   Core 7 'DivnS_SEQ' <Latency = 35> <II = 32> <Delay = 4.13> <FuncUnit> <Opcode : 'sdiv' 'srem' 'udiv' 'urem'> <InPorts = 2> <OutPorts = 1>
ST_35 : Operation 232 [5/36] (4.13ns)   --->   "%sdiv_ln102 = sdiv i32 %add_ln102, i32 %stride_read" [src/accel_top.cpp:102]   --->   Operation 232 'sdiv' 'sdiv_ln102' <Predicate = true> <Delay = 4.13> <CoreInst = "DivnS_SEQ">   --->   Core 7 'DivnS_SEQ' <Latency = 35> <II = 32> <Delay = 4.13> <FuncUnit> <Opcode : 'sdiv' 'srem' 'udiv' 'urem'> <InPorts = 2> <OutPorts = 1>

State 36 <SV = 34> <Delay = 4.13>
ST_36 : Operation 233 [5/36] (4.13ns)   --->   "%sdiv_ln101 = sdiv i32 %add_ln101, i32 %stride_read" [src/accel_top.cpp:101]   --->   Operation 233 'sdiv' 'sdiv_ln101' <Predicate = true> <Delay = 4.13> <CoreInst = "DivnS_SEQ">   --->   Core 7 'DivnS_SEQ' <Latency = 35> <II = 32> <Delay = 4.13> <FuncUnit> <Opcode : 'sdiv' 'srem' 'udiv' 'urem'> <InPorts = 2> <OutPorts = 1>
ST_36 : Operation 234 [4/36] (4.13ns)   --->   "%sdiv_ln102 = sdiv i32 %add_ln102, i32 %stride_read" [src/accel_top.cpp:102]   --->   Operation 234 'sdiv' 'sdiv_ln102' <Predicate = true> <Delay = 4.13> <CoreInst = "DivnS_SEQ">   --->   Core 7 'DivnS_SEQ' <Latency = 35> <II = 32> <Delay = 4.13> <FuncUnit> <Opcode : 'sdiv' 'srem' 'udiv' 'urem'> <InPorts = 2> <OutPorts = 1>

State 37 <SV = 35> <Delay = 4.13>
ST_37 : Operation 235 [4/36] (4.13ns)   --->   "%sdiv_ln101 = sdiv i32 %add_ln101, i32 %stride_read" [src/accel_top.cpp:101]   --->   Operation 235 'sdiv' 'sdiv_ln101' <Predicate = true> <Delay = 4.13> <CoreInst = "DivnS_SEQ">   --->   Core 7 'DivnS_SEQ' <Latency = 35> <II = 32> <Delay = 4.13> <FuncUnit> <Opcode : 'sdiv' 'srem' 'udiv' 'urem'> <InPorts = 2> <OutPorts = 1>
ST_37 : Operation 236 [3/36] (4.13ns)   --->   "%sdiv_ln102 = sdiv i32 %add_ln102, i32 %stride_read" [src/accel_top.cpp:102]   --->   Operation 236 'sdiv' 'sdiv_ln102' <Predicate = true> <Delay = 4.13> <CoreInst = "DivnS_SEQ">   --->   Core 7 'DivnS_SEQ' <Latency = 35> <II = 32> <Delay = 4.13> <FuncUnit> <Opcode : 'sdiv' 'srem' 'udiv' 'urem'> <InPorts = 2> <OutPorts = 1>

State 38 <SV = 36> <Delay = 4.13>
ST_38 : Operation 237 [3/36] (4.13ns)   --->   "%sdiv_ln101 = sdiv i32 %add_ln101, i32 %stride_read" [src/accel_top.cpp:101]   --->   Operation 237 'sdiv' 'sdiv_ln101' <Predicate = true> <Delay = 4.13> <CoreInst = "DivnS_SEQ">   --->   Core 7 'DivnS_SEQ' <Latency = 35> <II = 32> <Delay = 4.13> <FuncUnit> <Opcode : 'sdiv' 'srem' 'udiv' 'urem'> <InPorts = 2> <OutPorts = 1>
ST_38 : Operation 238 [2/36] (4.13ns)   --->   "%sdiv_ln102 = sdiv i32 %add_ln102, i32 %stride_read" [src/accel_top.cpp:102]   --->   Operation 238 'sdiv' 'sdiv_ln102' <Predicate = true> <Delay = 4.13> <CoreInst = "DivnS_SEQ">   --->   Core 7 'DivnS_SEQ' <Latency = 35> <II = 32> <Delay = 4.13> <FuncUnit> <Opcode : 'sdiv' 'srem' 'udiv' 'urem'> <InPorts = 2> <OutPorts = 1>

State 39 <SV = 37> <Delay = 6.65>
ST_39 : Operation 239 [2/36] (4.13ns)   --->   "%sdiv_ln101 = sdiv i32 %add_ln101, i32 %stride_read" [src/accel_top.cpp:101]   --->   Operation 239 'sdiv' 'sdiv_ln101' <Predicate = true> <Delay = 4.13> <CoreInst = "DivnS_SEQ">   --->   Core 7 'DivnS_SEQ' <Latency = 35> <II = 32> <Delay = 4.13> <FuncUnit> <Opcode : 'sdiv' 'srem' 'udiv' 'urem'> <InPorts = 2> <OutPorts = 1>
ST_39 : Operation 240 [1/36] (4.13ns)   --->   "%sdiv_ln102 = sdiv i32 %add_ln102, i32 %stride_read" [src/accel_top.cpp:102]   --->   Operation 240 'sdiv' 'sdiv_ln102' <Predicate = true> <Delay = 4.13> <CoreInst = "DivnS_SEQ">   --->   Core 7 'DivnS_SEQ' <Latency = 35> <II = 32> <Delay = 4.13> <FuncUnit> <Opcode : 'sdiv' 'srem' 'udiv' 'urem'> <InPorts = 2> <OutPorts = 1>
ST_39 : Operation 241 [1/1] (0.00ns) (grouped into LUT with out node sub_ln105)   --->   "%trunc_ln105_1 = partselect i31 @_ssdm_op_PartSelect.i31.i32.i32.i32, i32 %sdiv_ln102, i32 1, i32 31" [src/accel_top.cpp:105]   --->   Operation 241 'partselect' 'trunc_ln105_1' <Predicate = (icmp_ln104)> <Delay = 0.00>
ST_39 : Operation 242 [1/1] (0.00ns) (grouped into LUT with out node sub_ln105)   --->   "%xor_ln105 = xor i31 %trunc_ln105_1, i31 2147483647" [src/accel_top.cpp:105]   --->   Operation 242 'xor' 'xor_ln105' <Predicate = (icmp_ln104)> <Delay = 0.00> <CoreInst = "LogicGate">   --->   Core 74 'LogicGate' <Latency = 0> <II = 1> <Delay = 0.99> <FuncUnit> <Opcode : 'and' 'or' 'xor'> <InPorts = 2> <OutPorts = 1>
ST_39 : Operation 243 [1/1] (0.00ns) (grouped into LUT with out node sub_ln105)   --->   "%zext_ln105 = zext i31 %xor_ln105" [src/accel_top.cpp:105]   --->   Operation 243 'zext' 'zext_ln105' <Predicate = (icmp_ln104)> <Delay = 0.00>
ST_39 : Operation 244 [1/1] (2.52ns) (out node of the LUT)   --->   "%sub_ln105 = sub i32 0, i32 %zext_ln105" [src/accel_top.cpp:105]   --->   Operation 244 'sub' 'sub_ln105' <Predicate = (icmp_ln104)> <Delay = 2.52> <CoreInst = "Adder">   --->   Core 1 'Adder' <Latency = 0> <II = 1> <Delay = 2.55> <FuncUnit> <Opcode : 'add' 'sub'> <InPorts = 2> <OutPorts = 1>

State 40 <SV = 38> <Delay = 8.51>
ST_40 : Operation 245 [1/36] (4.13ns)   --->   "%sdiv_ln101 = sdiv i32 %add_ln101, i32 %stride_read" [src/accel_top.cpp:101]   --->   Operation 245 'sdiv' 'sdiv_ln101' <Predicate = true> <Delay = 4.13> <CoreInst = "DivnS_SEQ">   --->   Core 7 'DivnS_SEQ' <Latency = 35> <II = 32> <Delay = 4.13> <FuncUnit> <Opcode : 'sdiv' 'srem' 'udiv' 'urem'> <InPorts = 2> <OutPorts = 1>
ST_40 : Operation 246 [1/1] (2.55ns)   --->   "%out_height = add i32 %sdiv_ln101, i32 1" [src/accel_top.cpp:101]   --->   Operation 246 'add' 'out_height' <Predicate = true> <Delay = 2.55> <CoreInst = "Adder">   --->   Core 1 'Adder' <Latency = 0> <II = 1> <Delay = 2.55> <FuncUnit> <Opcode : 'add' 'sub'> <InPorts = 2> <OutPorts = 1>
ST_40 : Operation 247 [1/1] (2.55ns)   --->   "%out_width = add i32 %sdiv_ln102, i32 1" [src/accel_top.cpp:102]   --->   Operation 247 'add' 'out_width' <Predicate = true> <Delay = 2.55> <CoreInst = "Adder">   --->   Core 1 'Adder' <Latency = 0> <II = 1> <Delay = 2.55> <FuncUnit> <Opcode : 'add' 'sub'> <InPorts = 2> <OutPorts = 1>
ST_40 : Operation 248 [1/1] (0.00ns) (grouped into LUT with out node final_height)   --->   "%tmp = bitselect i1 @_ssdm_op_BitSelect.i1.i32.i32, i32 %out_height, i32 31" [src/accel_top.cpp:104]   --->   Operation 248 'bitselect' 'tmp' <Predicate = (icmp_ln104)> <Delay = 0.00>
ST_40 : Operation 249 [1/1] (0.00ns) (grouped into LUT with out node sub_ln104)   --->   "%trunc_ln104_1 = partselect i31 @_ssdm_op_PartSelect.i31.i32.i32.i32, i32 %sdiv_ln101, i32 1, i32 31" [src/accel_top.cpp:104]   --->   Operation 249 'partselect' 'trunc_ln104_1' <Predicate = (icmp_ln104)> <Delay = 0.00>
ST_40 : Operation 250 [1/1] (0.00ns) (grouped into LUT with out node sub_ln104)   --->   "%xor_ln104 = xor i31 %trunc_ln104_1, i31 2147483647" [src/accel_top.cpp:104]   --->   Operation 250 'xor' 'xor_ln104' <Predicate = (icmp_ln104)> <Delay = 0.00> <CoreInst = "LogicGate">   --->   Core 74 'LogicGate' <Latency = 0> <II = 1> <Delay = 0.99> <FuncUnit> <Opcode : 'and' 'or' 'xor'> <InPorts = 2> <OutPorts = 1>
ST_40 : Operation 251 [1/1] (0.00ns) (grouped into LUT with out node sub_ln104)   --->   "%zext_ln104 = zext i31 %xor_ln104" [src/accel_top.cpp:104]   --->   Operation 251 'zext' 'zext_ln104' <Predicate = (icmp_ln104)> <Delay = 0.00>
ST_40 : Operation 252 [1/1] (2.52ns) (out node of the LUT)   --->   "%sub_ln104 = sub i32 0, i32 %zext_ln104" [src/accel_top.cpp:104]   --->   Operation 252 'sub' 'sub_ln104' <Predicate = (icmp_ln104)> <Delay = 2.52> <CoreInst = "Adder">   --->   Core 1 'Adder' <Latency = 0> <II = 1> <Delay = 2.55> <FuncUnit> <Opcode : 'add' 'sub'> <InPorts = 2> <OutPorts = 1>
ST_40 : Operation 253 [1/1] (0.00ns) (grouped into LUT with out node final_height)   --->   "%lshr_ln104_2 = partselect i31 @_ssdm_op_PartSelect.i31.i32.i32.i32, i32 %out_height, i32 1, i32 31" [src/accel_top.cpp:104]   --->   Operation 253 'partselect' 'lshr_ln104_2' <Predicate = (icmp_ln104)> <Delay = 0.00>
ST_40 : Operation 254 [1/1] (0.00ns) (grouped into LUT with out node final_height)   --->   "%zext_ln104_1 = zext i31 %lshr_ln104_2" [src/accel_top.cpp:104]   --->   Operation 254 'zext' 'zext_ln104_1' <Predicate = (icmp_ln104)> <Delay = 0.00>
ST_40 : Operation 255 [1/1] (0.00ns) (grouped into LUT with out node final_height)   --->   "%select_ln104 = select i1 %tmp, i32 %sub_ln104, i32 %zext_ln104_1" [src/accel_top.cpp:104]   --->   Operation 255 'select' 'select_ln104' <Predicate = (icmp_ln104)> <Delay = 0.00> <CoreInst = "Sel">   --->   Core 73 'Sel' <Latency = 0> <II = 1> <Delay = 0.69> <FuncUnit> <Opcode : 'select'> <InPorts = 3> <OutPorts = 1>
ST_40 : Operation 256 [1/1] (0.69ns) (out node of the LUT)   --->   "%final_height = select i1 %icmp_ln104, i32 %select_ln104, i32 %out_height" [src/accel_top.cpp:104]   --->   Operation 256 'select' 'final_height' <Predicate = true> <Delay = 0.69> <CoreInst = "Sel">   --->   Core 73 'Sel' <Latency = 0> <II = 1> <Delay = 0.69> <FuncUnit> <Opcode : 'select'> <InPorts = 3> <OutPorts = 1>
ST_40 : Operation 257 [1/1] (0.00ns) (grouped into LUT with out node final_width)   --->   "%tmp_8 = bitselect i1 @_ssdm_op_BitSelect.i1.i32.i32, i32 %out_width, i32 31" [src/accel_top.cpp:105]   --->   Operation 257 'bitselect' 'tmp_8' <Predicate = (icmp_ln104)> <Delay = 0.00>
ST_40 : Operation 258 [1/1] (0.00ns) (grouped into LUT with out node final_width)   --->   "%lshr_ln105_2 = partselect i31 @_ssdm_op_PartSelect.i31.i32.i32.i32, i32 %out_width, i32 1, i32 31" [src/accel_top.cpp:105]   --->   Operation 258 'partselect' 'lshr_ln105_2' <Predicate = (icmp_ln104)> <Delay = 0.00>
ST_40 : Operation 259 [1/1] (0.00ns) (grouped into LUT with out node final_width)   --->   "%zext_ln105_1 = zext i31 %lshr_ln105_2" [src/accel_top.cpp:105]   --->   Operation 259 'zext' 'zext_ln105_1' <Predicate = (icmp_ln104)> <Delay = 0.00>
ST_40 : Operation 260 [1/1] (0.00ns) (grouped into LUT with out node final_width)   --->   "%select_ln105 = select i1 %tmp_8, i32 %sub_ln105, i32 %zext_ln105_1" [src/accel_top.cpp:105]   --->   Operation 260 'select' 'select_ln105' <Predicate = (icmp_ln104)> <Delay = 0.00> <CoreInst = "Sel">   --->   Core 73 'Sel' <Latency = 0> <II = 1> <Delay = 0.69> <FuncUnit> <Opcode : 'select'> <InPorts = 3> <OutPorts = 1>
ST_40 : Operation 261 [1/1] (0.69ns) (out node of the LUT)   --->   "%final_width = select i1 %icmp_ln104, i32 %select_ln105, i32 %out_width" [src/accel_top.cpp:105]   --->   Operation 261 'select' 'final_width' <Predicate = true> <Delay = 0.69> <CoreInst = "Sel">   --->   Core 73 'Sel' <Latency = 0> <II = 1> <Delay = 0.69> <FuncUnit> <Opcode : 'select'> <InPorts = 3> <OutPorts = 1>
ST_40 : Operation 262 [1/1] (0.00ns)   --->   "%trunc_ln105 = trunc i32 %final_width" [src/accel_top.cpp:105]   --->   Operation 262 'trunc' 'trunc_ln105' <Predicate = true> <Delay = 0.00>
ST_40 : Operation 263 [1/1] (2.47ns)   --->   "%cmp10479 = icmp_sgt  i32 %kernel_size_read, i32 0" [src/accel_top.cpp:24]   --->   Operation 263 'icmp' 'cmp10479' <Predicate = true> <Delay = 2.47> <CoreInst = "Cmp">   --->   Core 9 'Cmp' <Latency = 0> <II = 1> <Delay = 2.47> <FuncUnit> <Opcode : 'icmp'> <InPorts = 2> <OutPorts = 1>
ST_40 : Operation 264 [1/1] (2.47ns)   --->   "%cmp14787 = icmp_sgt  i32 %final_width, i32 0" [src/accel_top.cpp:105]   --->   Operation 264 'icmp' 'cmp14787' <Predicate = true> <Delay = 2.47> <CoreInst = "Cmp">   --->   Core 9 'Cmp' <Latency = 0> <II = 1> <Delay = 2.47> <FuncUnit> <Opcode : 'icmp'> <InPorts = 2> <OutPorts = 1>
ST_40 : Operation 265 [1/1] (8.51ns)   --->   "%mul_ln110 = mul i32 %kernel_size_read, i32 %kernel_size_read" [src/accel_top.cpp:110]   --->   Operation 265 'mul' 'mul_ln110' <Predicate = true> <Delay = 8.51> <CoreInst = "Multiplier">   --->   Core 3 'Multiplier' <Latency = 0> <II = 1> <Delay = 8.51> <FuncUnit> <Opcode : 'mul'> <InPorts = 2> <OutPorts = 1>
ST_40 : Operation 266 [1/1] (0.00ns)   --->   "%trunc_ln117 = trunc i64 %weight_data_read" [src/accel_top.cpp:117]   --->   Operation 266 'trunc' 'trunc_ln117' <Predicate = true> <Delay = 0.00>
ST_40 : Operation 267 [1/1] (0.00ns)   --->   "%zext_ln101 = zext i32 %kernel_size_read" [src/accel_top.cpp:101]   --->   Operation 267 'zext' 'zext_ln101' <Predicate = true> <Delay = 0.00>
ST_40 : Operation 268 [1/1] (8.51ns)   --->   "%mul_ln101 = mul i62 %zext_ln101, i62 %zext_ln101" [src/accel_top.cpp:101]   --->   Operation 268 'mul' 'mul_ln101' <Predicate = true> <Delay = 8.51> <CoreInst = "Multiplier">   --->   Core 3 'Multiplier' <Latency = 0> <II = 1> <Delay = 8.51> <FuncUnit> <Opcode : 'mul'> <InPorts = 2> <OutPorts = 1>
ST_40 : Operation 269 [1/1] (0.00ns)   --->   "%br_ln110 = br void %LOAD_W_IC" [src/accel_top.cpp:110]   --->   Operation 269 'br' 'br_ln110' <Predicate = true> <Delay = 0.00>

State 41 <SV = 39> <Delay = 2.55>
ST_41 : Operation 270 [1/1] (0.00ns)   --->   "%oc_1 = load i32 %oc" [src/accel_top.cpp:110]   --->   Operation 270 'load' 'oc_1' <Predicate = true> <Delay = 0.00>
ST_41 : Operation 271 [1/1] (2.47ns)   --->   "%icmp_ln110 = icmp_eq  i32 %oc_1, i32 %out_channels_read" [src/accel_top.cpp:110]   --->   Operation 271 'icmp' 'icmp_ln110' <Predicate = true> <Delay = 2.47> <CoreInst = "Cmp">   --->   Core 9 'Cmp' <Latency = 0> <II = 1> <Delay = 2.47> <FuncUnit> <Opcode : 'icmp'> <InPorts = 2> <OutPorts = 1>
ST_41 : Operation 272 [1/1] (2.55ns)   --->   "%add_ln110 = add i32 %oc_1, i32 1" [src/accel_top.cpp:110]   --->   Operation 272 'add' 'add_ln110' <Predicate = true> <Delay = 2.55> <CoreInst = "Adder">   --->   Core 1 'Adder' <Latency = 0> <II = 1> <Delay = 2.55> <FuncUnit> <Opcode : 'add' 'sub'> <InPorts = 2> <OutPorts = 1>
ST_41 : Operation 273 [1/1] (0.00ns)   --->   "%br_ln110 = br i1 %icmp_ln110, void %LOAD_W_IC.split, void %for.end176.loopexit" [src/accel_top.cpp:110]   --->   Operation 273 'br' 'br_ln110' <Predicate = true> <Delay = 0.00>
ST_41 : Operation 274 [1/1] (0.00ns)   --->   "%specloopname_ln107 = specloopname void @_ssdm_op_SpecLoopName, void @empty_16" [src/accel_top.cpp:107]   --->   Operation 274 'specloopname' 'specloopname_ln107' <Predicate = (!icmp_ln110)> <Delay = 0.00>
ST_41 : Operation 275 [1/1] (1.58ns)   --->   "%br_ln115 = br void %LOAD_W_KH" [src/accel_top.cpp:115]   --->   Operation 275 'br' 'br_ln115' <Predicate = (!icmp_ln110)> <Delay = 1.58>
ST_41 : Operation 276 [1/1] (0.00ns)   --->   "%ret_ln172 = ret" [src/accel_top.cpp:172]   --->   Operation 276 'ret' 'ret_ln172' <Predicate = (icmp_ln110)> <Delay = 0.00>

State 42 <SV = 40> <Delay = 4.26>
ST_42 : Operation 277 [1/1] (0.00ns)   --->   "%ic_1 = phi i32 %add_ln115, void %for.inc126, i32 0, void %LOAD_W_IC.split" [src/accel_top.cpp:115]   --->   Operation 277 'phi' 'ic_1' <Predicate = true> <Delay = 0.00>
ST_42 : Operation 278 [1/1] (2.47ns)   --->   "%icmp_ln115 = icmp_eq  i32 %ic_1, i32 %in_channels_read" [src/accel_top.cpp:115]   --->   Operation 278 'icmp' 'icmp_ln115' <Predicate = true> <Delay = 2.47> <CoreInst = "Cmp">   --->   Core 9 'Cmp' <Latency = 0> <II = 1> <Delay = 2.47> <FuncUnit> <Opcode : 'icmp'> <InPorts = 2> <OutPorts = 1>
ST_42 : Operation 279 [1/1] (2.55ns)   --->   "%add_ln115 = add i32 %ic_1, i32 1" [src/accel_top.cpp:115]   --->   Operation 279 'add' 'add_ln115' <Predicate = true> <Delay = 2.55> <CoreInst = "Adder">   --->   Core 1 'Adder' <Latency = 0> <II = 1> <Delay = 2.55> <FuncUnit> <Opcode : 'add' 'sub'> <InPorts = 2> <OutPorts = 1>
ST_42 : Operation 280 [1/1] (0.00ns)   --->   "%br_ln115 = br i1 %icmp_ln115, void %LOAD_W_KH.split, void %for.end128.loopexit" [src/accel_top.cpp:115]   --->   Operation 280 'br' 'br_ln115' <Predicate = true> <Delay = 0.00>
ST_42 : Operation 281 [1/1] (0.00ns)   --->   "%zext_ln119 = zext i32 %ic_1" [src/accel_top.cpp:119]   --->   Operation 281 'zext' 'zext_ln119' <Predicate = (!icmp_ln115)> <Delay = 0.00>
ST_42 : Operation 282 [1/1] (0.00ns)   --->   "%tmp_1 = bitconcatenate i35 @_ssdm_op_BitConcatenate.i35.i32.i3, i32 %ic_1, i3 0" [src/accel_top.cpp:119]   --->   Operation 282 'bitconcatenate' 'tmp_1' <Predicate = (!icmp_ln115)> <Delay = 0.00>
ST_42 : Operation 283 [1/1] (0.00ns)   --->   "%zext_ln119_3 = zext i35 %tmp_1" [src/accel_top.cpp:119]   --->   Operation 283 'zext' 'zext_ln119_3' <Predicate = (!icmp_ln115)> <Delay = 0.00>
ST_42 : Operation 284 [1/1] (2.67ns)   --->   "%sub_ln119 = sub i36 %zext_ln119_3, i36 %zext_ln119" [src/accel_top.cpp:119]   --->   Operation 284 'sub' 'sub_ln119' <Predicate = (!icmp_ln115)> <Delay = 2.67> <CoreInst = "Adder">   --->   Core 1 'Adder' <Latency = 0> <II = 1> <Delay = 2.71> <FuncUnit> <Opcode : 'add' 'sub'> <InPorts = 2> <OutPorts = 1>
ST_42 : Operation 285 [1/1] (0.00ns)   --->   "%specloopname_ln107 = specloopname void @_ssdm_op_SpecLoopName, void @empty_13" [src/accel_top.cpp:107]   --->   Operation 285 'specloopname' 'specloopname_ln107' <Predicate = (!icmp_ln115)> <Delay = 0.00>
ST_42 : Operation 286 [1/1] (0.00ns)   --->   "%br_ln116 = br i1 %cmp10479, void %for.inc126, void %for.inc120.preheader" [src/accel_top.cpp:116]   --->   Operation 286 'br' 'br_ln116' <Predicate = (!icmp_ln115)> <Delay = 0.00>
ST_42 : Operation 287 [1/1] (0.00ns)   --->   "%w_ptr_load = load i32 %w_ptr" [src/accel_top.cpp:116]   --->   Operation 287 'load' 'w_ptr_load' <Predicate = (!icmp_ln115 & cmp10479)> <Delay = 0.00>
ST_42 : Operation 288 [2/2] (1.58ns)   --->   "%call_ln116 = call void @accel_top_Pipeline_LOAD_W_KH_LOAD_W_KW, i32 %w_ptr_load, i32 %DATA, i31 %trunc_ln24, i62 %mul_ln101, i36 %sub_ln119, i64 %weight_data_read, i8 %local_weights_V, i2 %trunc_ln117" [src/accel_top.cpp:116]   --->   Operation 288 'call' 'call_ln116' <Predicate = (!icmp_ln115 & cmp10479)> <Delay = 1.58> <CoreType = "Generic">   --->   Core 0 '' <Latency = 0> <II = 1> <Delay = 1.00> <Generic> <Opcode : >
ST_42 : Operation 289 [1/1] (2.55ns)   --->   "%add_ln116 = add i32 %w_ptr_load, i32 %mul_ln110" [src/accel_top.cpp:116]   --->   Operation 289 'add' 'add_ln116' <Predicate = (!icmp_ln115 & cmp10479)> <Delay = 2.55> <CoreInst = "Adder">   --->   Core 1 'Adder' <Latency = 0> <II = 1> <Delay = 2.55> <FuncUnit> <Opcode : 'add' 'sub'> <InPorts = 2> <OutPorts = 1>
ST_42 : Operation 290 [1/1] (1.58ns)   --->   "%store_ln115 = store i32 %add_ln116, i32 %w_ptr" [src/accel_top.cpp:115]   --->   Operation 290 'store' 'store_ln115' <Predicate = (!icmp_ln115 & cmp10479)> <Delay = 1.58>
ST_42 : Operation 291 [1/1] (0.00ns)   --->   "%shl_ln2 = bitconcatenate i34 @_ssdm_op_BitConcatenate.i34.i32.i2, i32 %oc_1, i2 0" [src/accel_top.cpp:133]   --->   Operation 291 'bitconcatenate' 'shl_ln2' <Predicate = (icmp_ln115)> <Delay = 0.00>
ST_42 : Operation 292 [1/1] (0.00ns)   --->   "%zext_ln133 = zext i34 %shl_ln2" [src/accel_top.cpp:133]   --->   Operation 292 'zext' 'zext_ln133' <Predicate = (icmp_ln115)> <Delay = 0.00>
ST_42 : Operation 293 [1/1] (3.52ns)   --->   "%add_ln133 = add i64 %zext_ln133, i64 %bias_data_read" [src/accel_top.cpp:133]   --->   Operation 293 'add' 'add_ln133' <Predicate = (icmp_ln115)> <Delay = 3.52> <CoreInst = "Adder">   --->   Core 1 'Adder' <Latency = 0> <II = 1> <Delay = 3.52> <FuncUnit> <Opcode : 'add' 'sub'> <InPorts = 2> <OutPorts = 1>
ST_42 : Operation 294 [1/1] (0.00ns)   --->   "%trunc_ln6 = partselect i62 @_ssdm_op_PartSelect.i62.i64.i32.i32, i64 %add_ln133, i32 2, i32 63" [src/accel_top.cpp:133]   --->   Operation 294 'partselect' 'trunc_ln6' <Predicate = (icmp_ln115)> <Delay = 0.00>
ST_42 : Operation 295 [1/1] (0.00ns)   --->   "%sext_ln133 = sext i62 %trunc_ln6" [src/accel_top.cpp:133]   --->   Operation 295 'sext' 'sext_ln133' <Predicate = (icmp_ln115)> <Delay = 0.00>
ST_42 : Operation 296 [1/1] (0.00ns)   --->   "%DATA_addr = getelementptr i32 %DATA, i64 %sext_ln133" [src/accel_top.cpp:133]   --->   Operation 296 'getelementptr' 'DATA_addr' <Predicate = (icmp_ln115)> <Delay = 0.00>

State 43 <SV = 41> <Delay = 0.00>
ST_43 : Operation 297 [1/2] (0.00ns)   --->   "%call_ln116 = call void @accel_top_Pipeline_LOAD_W_KH_LOAD_W_KW, i32 %w_ptr_load, i32 %DATA, i31 %trunc_ln24, i62 %mul_ln101, i36 %sub_ln119, i64 %weight_data_read, i8 %local_weights_V, i2 %trunc_ln117" [src/accel_top.cpp:116]   --->   Operation 297 'call' 'call_ln116' <Predicate = (cmp10479)> <Delay = 0.00> <CoreType = "Generic">   --->   Core 0 '' <Latency = 0> <II = 1> <Delay = 1.00> <Generic> <Opcode : >
ST_43 : Operation 298 [1/1] (0.00ns)   --->   "%br_ln115 = br void %for.inc126" [src/accel_top.cpp:115]   --->   Operation 298 'br' 'br_ln115' <Predicate = (cmp10479)> <Delay = 0.00>
ST_43 : Operation 299 [1/1] (0.00ns)   --->   "%br_ln115 = br void %LOAD_W_KH" [src/accel_top.cpp:115]   --->   Operation 299 'br' 'br_ln115' <Predicate = true> <Delay = 0.00>

State 44 <SV = 41> <Delay = 8.75>
ST_44 : Operation 300 [7/7] (8.75ns)   --->   "%DATA_load_req = readreq i1 @_ssdm_op_ReadReq.m_axi.i32P1A, i64 %DATA_addr, i32 1" [src/accel_top.cpp:133]   --->   Operation 300 'readreq' 'DATA_load_req' <Predicate = true> <Delay = 8.75> <CoreInst = "m_axi">   --->   Core 113 'm_axi' <Latency = 0> <II = 1> <Delay = 1.00> <Adapter> <Opcode : 'read' 'write' 'readreq' 'writereq' 'writeresp'>

State 45 <SV = 42> <Delay = 8.75>
ST_45 : Operation 301 [6/7] (8.75ns)   --->   "%DATA_load_req = readreq i1 @_ssdm_op_ReadReq.m_axi.i32P1A, i64 %DATA_addr, i32 1" [src/accel_top.cpp:133]   --->   Operation 301 'readreq' 'DATA_load_req' <Predicate = true> <Delay = 8.75> <CoreInst = "m_axi">   --->   Core 113 'm_axi' <Latency = 0> <II = 1> <Delay = 1.00> <Adapter> <Opcode : 'read' 'write' 'readreq' 'writereq' 'writeresp'>

State 46 <SV = 43> <Delay = 8.75>
ST_46 : Operation 302 [5/7] (8.75ns)   --->   "%DATA_load_req = readreq i1 @_ssdm_op_ReadReq.m_axi.i32P1A, i64 %DATA_addr, i32 1" [src/accel_top.cpp:133]   --->   Operation 302 'readreq' 'DATA_load_req' <Predicate = true> <Delay = 8.75> <CoreInst = "m_axi">   --->   Core 113 'm_axi' <Latency = 0> <II = 1> <Delay = 1.00> <Adapter> <Opcode : 'read' 'write' 'readreq' 'writereq' 'writeresp'>

State 47 <SV = 44> <Delay = 8.75>
ST_47 : Operation 303 [4/7] (8.75ns)   --->   "%DATA_load_req = readreq i1 @_ssdm_op_ReadReq.m_axi.i32P1A, i64 %DATA_addr, i32 1" [src/accel_top.cpp:133]   --->   Operation 303 'readreq' 'DATA_load_req' <Predicate = true> <Delay = 8.75> <CoreInst = "m_axi">   --->   Core 113 'm_axi' <Latency = 0> <II = 1> <Delay = 1.00> <Adapter> <Opcode : 'read' 'write' 'readreq' 'writereq' 'writeresp'>

State 48 <SV = 45> <Delay = 8.75>
ST_48 : Operation 304 [3/7] (8.75ns)   --->   "%DATA_load_req = readreq i1 @_ssdm_op_ReadReq.m_axi.i32P1A, i64 %DATA_addr, i32 1" [src/accel_top.cpp:133]   --->   Operation 304 'readreq' 'DATA_load_req' <Predicate = true> <Delay = 8.75> <CoreInst = "m_axi">   --->   Core 113 'm_axi' <Latency = 0> <II = 1> <Delay = 1.00> <Adapter> <Opcode : 'read' 'write' 'readreq' 'writereq' 'writeresp'>

State 49 <SV = 46> <Delay = 8.75>
ST_49 : Operation 305 [2/7] (8.75ns)   --->   "%DATA_load_req = readreq i1 @_ssdm_op_ReadReq.m_axi.i32P1A, i64 %DATA_addr, i32 1" [src/accel_top.cpp:133]   --->   Operation 305 'readreq' 'DATA_load_req' <Predicate = true> <Delay = 8.75> <CoreInst = "m_axi">   --->   Core 113 'm_axi' <Latency = 0> <II = 1> <Delay = 1.00> <Adapter> <Opcode : 'read' 'write' 'readreq' 'writereq' 'writeresp'>

State 50 <SV = 47> <Delay = 8.75>
ST_50 : Operation 306 [1/7] (8.75ns)   --->   "%DATA_load_req = readreq i1 @_ssdm_op_ReadReq.m_axi.i32P1A, i64 %DATA_addr, i32 1" [src/accel_top.cpp:133]   --->   Operation 306 'readreq' 'DATA_load_req' <Predicate = true> <Delay = 8.75> <CoreInst = "m_axi">   --->   Core 113 'm_axi' <Latency = 0> <II = 1> <Delay = 1.00> <Adapter> <Opcode : 'read' 'write' 'readreq' 'writereq' 'writeresp'>

State 51 <SV = 48> <Delay = 8.75>
ST_51 : Operation 307 [1/1] (8.75ns)   --->   "%DATA_addr_read = read i32 @_ssdm_op_Read.m_axi.i32P1A, i64 %DATA_addr" [src/accel_top.cpp:133]   --->   Operation 307 'read' 'DATA_addr_read' <Predicate = true> <Delay = 8.75> <CoreInst = "m_axi">   --->   Core 113 'm_axi' <Latency = 0> <II = 1> <Delay = 1.00> <Adapter> <Opcode : 'read' 'write' 'readreq' 'writereq' 'writeresp'>

State 52 <SV = 49> <Delay = 8.50>
ST_52 : Operation 308 [2/2] (8.50ns)   --->   "%call_ln130 = call void @conv_engine, i8 %local_input_V, i8 %local_weights_V, i32 %DATA_addr_read, i32 %conv_output_V, i32 %conv_output_V_1, i32 %conv_output_V_2, i32 %conv_output_V_3, i32 %kernel_size_read, i32 %in_channels_read, i32 %in_height_read, i32 %in_width_read, i32 %stride_read, i32 %padding_read" [src/accel_top.cpp:130]   --->   Operation 308 'call' 'call_ln130' <Predicate = true> <Delay = 8.50> <CoreType = "Generic">   --->   Core 0 '' <Latency = 0> <II = 1> <Delay = 1.00> <Generic> <Opcode : >

State 53 <SV = 50> <Delay = 0.00>
ST_53 : Operation 309 [1/2] (0.00ns)   --->   "%call_ln130 = call void @conv_engine, i8 %local_input_V, i8 %local_weights_V, i32 %DATA_addr_read, i32 %conv_output_V, i32 %conv_output_V_1, i32 %conv_output_V_2, i32 %conv_output_V_3, i32 %kernel_size_read, i32 %in_channels_read, i32 %in_height_read, i32 %in_width_read, i32 %stride_read, i32 %padding_read" [src/accel_top.cpp:130]   --->   Operation 309 'call' 'call_ln130' <Predicate = true> <Delay = 0.00> <CoreType = "Generic">   --->   Core 0 '' <Latency = 0> <II = 1> <Delay = 1.00> <Generic> <Opcode : >
ST_53 : Operation 310 [1/1] (0.00ns)   --->   "%br_ln146 = br i1 %tobool133, void %if.then, void %if.end" [src/accel_top.cpp:146]   --->   Operation 310 'br' 'br_ln146' <Predicate = true> <Delay = 0.00>

State 54 <SV = 51> <Delay = 8.51>
ST_54 : Operation 311 [2/2] (8.51ns)   --->   "%call_ln147 = call void @relu, i32 %conv_output_V, i32 %conv_output_V_1, i32 %conv_output_V_2, i32 %conv_output_V_3, i32 %out_height, i32 %out_width" [src/accel_top.cpp:147]   --->   Operation 311 'call' 'call_ln147' <Predicate = true> <Delay = 8.51> <CoreType = "Generic">   --->   Core 0 '' <Latency = 0> <II = 1> <Delay = 1.00> <Generic> <Opcode : >

State 55 <SV = 52> <Delay = 0.00>
ST_55 : Operation 312 [1/2] (0.00ns)   --->   "%call_ln147 = call void @relu, i32 %conv_output_V, i32 %conv_output_V_1, i32 %conv_output_V_2, i32 %conv_output_V_3, i32 %out_height, i32 %out_width" [src/accel_top.cpp:147]   --->   Operation 312 'call' 'call_ln147' <Predicate = (!tobool133)> <Delay = 0.00> <CoreType = "Generic">   --->   Core 0 '' <Latency = 0> <II = 1> <Delay = 1.00> <Generic> <Opcode : >
ST_55 : Operation 313 [1/1] (0.00ns)   --->   "%br_ln148 = br void %if.end" [src/accel_top.cpp:148]   --->   Operation 313 'br' 'br_ln148' <Predicate = (!tobool133)> <Delay = 0.00>
ST_55 : Operation 314 [1/1] (0.00ns)   --->   "%br_ln153 = br i1 %icmp_ln104, void %STORE_H, void %if.then136" [src/accel_top.cpp:153]   --->   Operation 314 'br' 'br_ln153' <Predicate = true> <Delay = 0.00>

State 56 <SV = 53> <Delay = 5.77>
ST_56 : Operation 315 [2/2] (5.77ns)   --->   "%call_ln154 = call void @maxpool_2x2, i32 %conv_output_V, i32 %conv_output_V_1, i32 %conv_output_V_2, i32 %conv_output_V_3, i32 %pool_output_V, i32 %out_height, i32 %out_width" [src/accel_top.cpp:154]   --->   Operation 315 'call' 'call_ln154' <Predicate = true> <Delay = 5.77> <CoreType = "Generic">   --->   Core 0 '' <Latency = 0> <II = 1> <Delay = 1.00> <Generic> <Opcode : >

State 57 <SV = 54> <Delay = 1.58>
ST_57 : Operation 316 [1/2] (0.00ns)   --->   "%call_ln154 = call void @maxpool_2x2, i32 %conv_output_V, i32 %conv_output_V_1, i32 %conv_output_V_2, i32 %conv_output_V_3, i32 %pool_output_V, i32 %out_height, i32 %out_width" [src/accel_top.cpp:154]   --->   Operation 316 'call' 'call_ln154' <Predicate = (icmp_ln104)> <Delay = 0.00> <CoreType = "Generic">   --->   Core 0 '' <Latency = 0> <II = 1> <Delay = 1.00> <Generic> <Opcode : >
ST_57 : Operation 317 [1/1] (0.00ns)   --->   "%br_ln155 = br void %STORE_H" [src/accel_top.cpp:155]   --->   Operation 317 'br' 'br_ln155' <Predicate = (icmp_ln104)> <Delay = 0.00>
ST_57 : Operation 318 [1/1] (1.58ns)   --->   "%br_ln160 = br void %STORE_W" [src/accel_top.cpp:160]   --->   Operation 318 'br' 'br_ln160' <Predicate = true> <Delay = 1.58>

State 58 <SV = 55> <Delay = 4.14>
ST_58 : Operation 319 [1/1] (0.00ns)   --->   "%h = phi i32 %add_ln160_1, void %for.inc171, i32 0, void %STORE_H" [src/accel_top.cpp:160]   --->   Operation 319 'phi' 'h' <Predicate = true> <Delay = 0.00>
ST_58 : Operation 320 [1/1] (0.00ns)   --->   "%trunc_ln160 = trunc i32 %h" [src/accel_top.cpp:160]   --->   Operation 320 'trunc' 'trunc_ln160' <Predicate = true> <Delay = 0.00>
ST_58 : Operation 321 [1/1] (2.47ns)   --->   "%icmp_ln160 = icmp_eq  i32 %h, i32 %final_height" [src/accel_top.cpp:160]   --->   Operation 321 'icmp' 'icmp_ln160' <Predicate = true> <Delay = 2.47> <CoreInst = "Cmp">   --->   Core 9 'Cmp' <Latency = 0> <II = 1> <Delay = 2.47> <FuncUnit> <Opcode : 'icmp'> <InPorts = 2> <OutPorts = 1>
ST_58 : Operation 322 [1/1] (2.55ns)   --->   "%add_ln160_1 = add i32 %h, i32 1" [src/accel_top.cpp:160]   --->   Operation 322 'add' 'add_ln160_1' <Predicate = true> <Delay = 2.55> <CoreInst = "Adder">   --->   Core 1 'Adder' <Latency = 0> <II = 1> <Delay = 2.55> <FuncUnit> <Opcode : 'add' 'sub'> <InPorts = 2> <OutPorts = 1>
ST_58 : Operation 323 [1/1] (0.00ns)   --->   "%br_ln160 = br i1 %icmp_ln160, void %STORE_W.split, void %for.inc174.loopexit" [src/accel_top.cpp:160]   --->   Operation 323 'br' 'br_ln160' <Predicate = true> <Delay = 0.00>
ST_58 : Operation 324 [1/1] (0.00ns)   --->   "%tmp_2 = bitconcatenate i10 @_ssdm_op_BitConcatenate.i10.i5.i5, i5 %trunc_ln160, i5 0" [src/accel_top.cpp:164]   --->   Operation 324 'bitconcatenate' 'tmp_2' <Predicate = (!icmp_ln160)> <Delay = 0.00>
ST_58 : Operation 325 [1/1] (0.00ns)   --->   "%trunc_ln160_1 = trunc i32 %h" [src/accel_top.cpp:160]   --->   Operation 325 'trunc' 'trunc_ln160_1' <Predicate = (!icmp_ln160)> <Delay = 0.00>
ST_58 : Operation 326 [1/1] (0.00ns)   --->   "%specloopname_ln108 = specloopname void @_ssdm_op_SpecLoopName, void @empty_15" [src/accel_top.cpp:108]   --->   Operation 326 'specloopname' 'specloopname_ln108' <Predicate = (!icmp_ln160)> <Delay = 0.00>
ST_58 : Operation 327 [1/1] (0.00ns)   --->   "%br_ln161 = br i1 %cmp14787, void %for.inc171, void %for.body149.lr.ph" [src/accel_top.cpp:161]   --->   Operation 327 'br' 'br_ln161' <Predicate = (!icmp_ln160)> <Delay = 0.00>
ST_58 : Operation 328 [1/1] (0.00ns)   --->   "%out_ptr_load = load i32 %out_ptr" [src/accel_top.cpp:160]   --->   Operation 328 'load' 'out_ptr_load' <Predicate = (!icmp_ln160 & cmp14787)> <Delay = 0.00>
ST_58 : Operation 329 [1/1] (0.00ns)   --->   "%lshr_ln = partselect i4 @_ssdm_op_PartSelect.i4.i32.i32.i32, i32 %h, i32 1, i32 4" [src/accel_top.cpp:166]   --->   Operation 329 'partselect' 'lshr_ln' <Predicate = (!icmp_ln160 & cmp14787)> <Delay = 0.00>
ST_58 : Operation 330 [1/1] (0.00ns)   --->   "%tmp_3 = bitconcatenate i8 @_ssdm_op_BitConcatenate.i8.i4.i4, i4 %lshr_ln, i4 0" [src/accel_top.cpp:166]   --->   Operation 330 'bitconcatenate' 'tmp_3' <Predicate = (!icmp_ln160 & cmp14787)> <Delay = 0.00>
ST_58 : Operation 331 [2/2] (1.58ns)   --->   "%call_ln160 = call void @accel_top_Pipeline_STORE_W, i32 %out_ptr_load, i32 %DATA, i31 %trunc_ln105, i10 %tmp_2, i32 %pool_output_V, i64 %output_data_read, i8 %tmp_3, i32 %conv_output_V, i32 %conv_output_V_1, i32 %conv_output_V_2, i32 %conv_output_V_3, i1 %trunc_ln160_1, i1 %icmp_ln104" [src/accel_top.cpp:160]   --->   Operation 331 'call' 'call_ln160' <Predicate = (!icmp_ln160 & cmp14787)> <Delay = 1.58> <CoreType = "Generic">   --->   Core 0 '' <Latency = 0> <II = 1> <Delay = 1.00> <Generic> <Opcode : >
ST_58 : Operation 332 [1/1] (2.55ns)   --->   "%add_ln160 = add i32 %out_ptr_load, i32 %final_width" [src/accel_top.cpp:160]   --->   Operation 332 'add' 'add_ln160' <Predicate = (!icmp_ln160 & cmp14787)> <Delay = 2.55> <CoreInst = "Adder">   --->   Core 1 'Adder' <Latency = 0> <II = 1> <Delay = 2.55> <FuncUnit> <Opcode : 'add' 'sub'> <InPorts = 2> <OutPorts = 1>
ST_58 : Operation 333 [1/1] (1.58ns)   --->   "%store_ln160 = store i32 %add_ln160, i32 %out_ptr" [src/accel_top.cpp:160]   --->   Operation 333 'store' 'store_ln160' <Predicate = (!icmp_ln160 & cmp14787)> <Delay = 1.58>
ST_58 : Operation 334 [1/1] (1.58ns)   --->   "%store_ln110 = store i32 %add_ln110, i32 %oc" [src/accel_top.cpp:110]   --->   Operation 334 'store' 'store_ln110' <Predicate = (icmp_ln160)> <Delay = 1.58>
ST_58 : Operation 335 [1/1] (0.00ns)   --->   "%br_ln110 = br void %LOAD_W_IC" [src/accel_top.cpp:110]   --->   Operation 335 'br' 'br_ln110' <Predicate = (icmp_ln160)> <Delay = 0.00>

State 59 <SV = 56> <Delay = 0.00>
ST_59 : Operation 336 [1/2] (0.00ns)   --->   "%call_ln160 = call void @accel_top_Pipeline_STORE_W, i32 %out_ptr_load, i32 %DATA, i31 %trunc_ln105, i10 %tmp_2, i32 %pool_output_V, i64 %output_data_read, i8 %tmp_3, i32 %conv_output_V, i32 %conv_output_V_1, i32 %conv_output_V_2, i32 %conv_output_V_3, i1 %trunc_ln160_1, i1 %icmp_ln104" [src/accel_top.cpp:160]   --->   Operation 336 'call' 'call_ln160' <Predicate = (cmp14787)> <Delay = 0.00> <CoreType = "Generic">   --->   Core 0 '' <Latency = 0> <II = 1> <Delay = 1.00> <Generic> <Opcode : >
ST_59 : Operation 337 [1/1] (0.00ns)   --->   "%br_ln160 = br void %for.inc171" [src/accel_top.cpp:160]   --->   Operation 337 'br' 'br_ln160' <Predicate = (cmp14787)> <Delay = 0.00>
ST_59 : Operation 338 [1/1] (0.00ns)   --->   "%br_ln160 = br void %STORE_W" [src/accel_top.cpp:160]   --->   Operation 338 'br' 'br_ln160' <Predicate = true> <Delay = 0.00>


============================================================
+ Verbose Summary: Binding
============================================================
STG Binding: 
---------------- STG Properties BEGIN ----------------
- Is combinational: 0
- Is one-state seq: 0
- Is datapath-only: 0
- Is pipelined: 0
- Is top level: 1
Port [ Return ] is wired: 1; IO mode=ap_ctrl_hs:ce=0
Port [ DATA]:  wired=1; compound=1; hidden=0; nouse=0; global=0; static=0; extern=0; dir=2; type=4; pingpong=0; private_global=0; IO mode=m_axi:ce=0
Port [ input_data]:  wired=1; compound=0; hidden=0; nouse=0; global=0; static=0; extern=0; dir=0; type=0; pingpong=0; private_global=0; IO mode=ap_none:ce=0
Port [ weight_data]:  wired=1; compound=0; hidden=0; nouse=0; global=0; static=0; extern=0; dir=0; type=0; pingpong=0; private_global=0; IO mode=ap_none:ce=0
Port [ bias_data]:  wired=1; compound=0; hidden=0; nouse=0; global=0; static=0; extern=0; dir=0; type=0; pingpong=0; private_global=0; IO mode=ap_none:ce=0
Port [ output_data]:  wired=1; compound=0; hidden=0; nouse=0; global=0; static=0; extern=0; dir=0; type=0; pingpong=0; private_global=0; IO mode=ap_none:ce=0
Port [ kernel_size]:  wired=1; compound=0; hidden=0; nouse=0; global=0; static=0; extern=0; dir=0; type=0; pingpong=0; private_global=0; IO mode=ap_none:ce=0
Port [ in_channels]:  wired=1; compound=0; hidden=0; nouse=0; global=0; static=0; extern=0; dir=0; type=0; pingpong=0; private_global=0; IO mode=ap_none:ce=0
Port [ out_channels]:  wired=1; compound=0; hidden=0; nouse=0; global=0; static=0; extern=0; dir=0; type=0; pingpong=0; private_global=0; IO mode=ap_none:ce=0
Port [ in_height]:  wired=1; compound=0; hidden=0; nouse=0; global=0; static=0; extern=0; dir=0; type=0; pingpong=0; private_global=0; IO mode=ap_none:ce=0
Port [ in_width]:  wired=1; compound=0; hidden=0; nouse=0; global=0; static=0; extern=0; dir=0; type=0; pingpong=0; private_global=0; IO mode=ap_none:ce=0
Port [ stride]:  wired=1; compound=0; hidden=0; nouse=0; global=0; static=0; extern=0; dir=0; type=0; pingpong=0; private_global=0; IO mode=ap_none:ce=0
Port [ padding]:  wired=1; compound=0; hidden=0; nouse=0; global=0; static=0; extern=0; dir=0; type=0; pingpong=0; private_global=0; IO mode=ap_none:ce=0
Port [ relu_enable]:  wired=1; compound=0; hidden=0; nouse=0; global=0; static=0; extern=0; dir=0; type=0; pingpong=0; private_global=0; IO mode=ap_none:ce=0
Port [ pool_enable]:  wired=1; compound=0; hidden=0; nouse=0; global=0; static=0; extern=0; dir=0; type=0; pingpong=0; private_global=0; IO mode=ap_none:ce=0
---------------- STG Properties END ------------------

---------------- Datapath Model BEGIN ----------------

<LifeTime>
<method=bitvector/>
ic                 (alloca        ) [ 011110000000000000000000000000000000000000000000000000000000]
in_ptr             (alloca        ) [ 011110000000000000000000000000000000000000000000000000000000]
pool_enable_read   (read          ) [ 001110000000000000000000000000000000000000000000000000000000]
relu_enable_read   (read          ) [ 001110000000000000000000000000000000000000000000000000000000]
padding_read       (read          ) [ 001111111111111111111111111111111111111111111111111111111111]
stride_read        (read          ) [ 001111111111111111111111111111111111111111111111111111111111]
in_width_read      (read          ) [ 001111111111111111111111111111111111111111111111111111111111]
in_height_read     (read          ) [ 001111111111111111111111111111111111111111111111111111111111]
out_channels_read  (read          ) [ 001111111111111111111111111111111111111111111111111111111111]
in_channels_read   (read          ) [ 001111111111111111111111111111111111111111111111111111111111]
kernel_size_read   (read          ) [ 001111111111111111111111111111111111111111111111111111111111]
output_data_read   (read          ) [ 001111111111111111111111111111111111111111111111111111111111]
bias_data_read     (read          ) [ 001111111111111111111111111111111111111111111111111111111111]
weight_data_read   (read          ) [ 001111111111111111111111111111111111111111111111111111111111]
input_data_read    (read          ) [ 001110000000000000000000000000000000000000000000000000000000]
trunc_ln24         (trunc         ) [ 001111111111111111111111111111111111111111111111111111111111]
trunc_ln24_1       (trunc         ) [ 000000000000000000000000000000000000000000000000000000000000]
local_input_V      (alloca        ) [ 001111111111111111111111111111111111111111111111111111111111]
local_weights_V    (alloca        ) [ 001111111111111111111111111111111111111111111111111111111111]
conv_output_V      (alloca        ) [ 001111111111111111111111111111111111111111111111111111111111]
conv_output_V_1    (alloca        ) [ 001111111111111111111111111111111111111111111111111111111111]
conv_output_V_2    (alloca        ) [ 001111111111111111111111111111111111111111111111111111111111]
conv_output_V_3    (alloca        ) [ 001111111111111111111111111111111111111111111111111111111111]
pool_output_V      (alloca        ) [ 001111111111111111111111111111111111111111111111111111111111]
cmp6599            (icmp          ) [ 000000000000000000000000000000000000000000000000000000000000]
select_ln87        (select        ) [ 001110000000000000000000000000000000000000000000000000000000]
trunc_ln89         (trunc         ) [ 001110000000000000000000000000000000000000000000000000000000]
store_ln87         (store         ) [ 000000000000000000000000000000000000000000000000000000000000]
store_ln87         (store         ) [ 000000000000000000000000000000000000000000000000000000000000]
spectopmodule_ln24 (spectopmodule ) [ 000000000000000000000000000000000000000000000000000000000000]
specinterface_ln0  (specinterface ) [ 000000000000000000000000000000000000000000000000000000000000]
specbitsmap_ln0    (specbitsmap   ) [ 000000000000000000000000000000000000000000000000000000000000]
specinterface_ln0  (specinterface ) [ 000000000000000000000000000000000000000000000000000000000000]
specinterface_ln0  (specinterface ) [ 000000000000000000000000000000000000000000000000000000000000]
specinterface_ln0  (specinterface ) [ 000000000000000000000000000000000000000000000000000000000000]
specinterface_ln0  (specinterface ) [ 000000000000000000000000000000000000000000000000000000000000]
specinterface_ln0  (specinterface ) [ 000000000000000000000000000000000000000000000000000000000000]
specinterface_ln0  (specinterface ) [ 000000000000000000000000000000000000000000000000000000000000]
specinterface_ln0  (specinterface ) [ 000000000000000000000000000000000000000000000000000000000000]
specinterface_ln0  (specinterface ) [ 000000000000000000000000000000000000000000000000000000000000]
specbitsmap_ln0    (specbitsmap   ) [ 000000000000000000000000000000000000000000000000000000000000]
specinterface_ln0  (specinterface ) [ 000000000000000000000000000000000000000000000000000000000000]
specinterface_ln0  (specinterface ) [ 000000000000000000000000000000000000000000000000000000000000]
specbitsmap_ln0    (specbitsmap   ) [ 000000000000000000000000000000000000000000000000000000000000]
specinterface_ln0  (specinterface ) [ 000000000000000000000000000000000000000000000000000000000000]
specinterface_ln0  (specinterface ) [ 000000000000000000000000000000000000000000000000000000000000]
specbitsmap_ln0    (specbitsmap   ) [ 000000000000000000000000000000000000000000000000000000000000]
specinterface_ln0  (specinterface ) [ 000000000000000000000000000000000000000000000000000000000000]
specinterface_ln0  (specinterface ) [ 000000000000000000000000000000000000000000000000000000000000]
specbitsmap_ln0    (specbitsmap   ) [ 000000000000000000000000000000000000000000000000000000000000]
specinterface_ln0  (specinterface ) [ 000000000000000000000000000000000000000000000000000000000000]
specinterface_ln0  (specinterface ) [ 000000000000000000000000000000000000000000000000000000000000]
specbitsmap_ln0    (specbitsmap   ) [ 000000000000000000000000000000000000000000000000000000000000]
specinterface_ln0  (specinterface ) [ 000000000000000000000000000000000000000000000000000000000000]
specinterface_ln0  (specinterface ) [ 000000000000000000000000000000000000000000000000000000000000]
specbitsmap_ln0    (specbitsmap   ) [ 000000000000000000000000000000000000000000000000000000000000]
specinterface_ln0  (specinterface ) [ 000000000000000000000000000000000000000000000000000000000000]
specinterface_ln0  (specinterface ) [ 000000000000000000000000000000000000000000000000000000000000]
specbitsmap_ln0    (specbitsmap   ) [ 000000000000000000000000000000000000000000000000000000000000]
specinterface_ln0  (specinterface ) [ 000000000000000000000000000000000000000000000000000000000000]
specinterface_ln0  (specinterface ) [ 000000000000000000000000000000000000000000000000000000000000]
specbitsmap_ln0    (specbitsmap   ) [ 000000000000000000000000000000000000000000000000000000000000]
specinterface_ln0  (specinterface ) [ 000000000000000000000000000000000000000000000000000000000000]
specinterface_ln0  (specinterface ) [ 000000000000000000000000000000000000000000000000000000000000]
specbitsmap_ln0    (specbitsmap   ) [ 000000000000000000000000000000000000000000000000000000000000]
specinterface_ln0  (specinterface ) [ 000000000000000000000000000000000000000000000000000000000000]
specinterface_ln0  (specinterface ) [ 000000000000000000000000000000000000000000000000000000000000]
specinterface_ln0  (specinterface ) [ 000000000000000000000000000000000000000000000000000000000000]
specmemcore_ln70   (specmemcore   ) [ 000000000000000000000000000000000000000000000000000000000000]
specmemcore_ln73   (specmemcore   ) [ 000000000000000000000000000000000000000000000000000000000000]
specmemcore_ln76   (specmemcore   ) [ 000000000000000000000000000000000000000000000000000000000000]
specmemcore_ln76   (specmemcore   ) [ 000000000000000000000000000000000000000000000000000000000000]
specmemcore_ln76   (specmemcore   ) [ 000000000000000000000000000000000000000000000000000000000000]
specmemcore_ln76   (specmemcore   ) [ 000000000000000000000000000000000000000000000000000000000000]
specmemcore_ln79   (specmemcore   ) [ 000000000000000000000000000000000000000000000000000000000000]
cmp61103           (icmp          ) [ 000110000000000000000000000000000000000000000000000000000000]
zext_ln87          (zext          ) [ 000000000000000000000000000000000000000000000000000000000000]
mul_ln87           (mul           ) [ 000110000000000000000000000000000000000000000000000000000000]
zext_ln24          (zext          ) [ 000000000000000000000000000000000000000000000000000000000000]
zext_ln24_1        (zext          ) [ 000000000000000000000000000000000000000000000000000000000000]
mul_ln24           (mul           ) [ 000110000000000000000000000000000000000000000000000000000000]
br_ln87            (br            ) [ 000000000000000000000000000000000000000000000000000000000000]
ic_2               (load          ) [ 000000000000000000000000000000000000000000000000000000000000]
icmp_ln87          (icmp          ) [ 000110000000000000000000000000000000000000000000000000000000]
add_ln87           (add           ) [ 000010000000000000000000000000000000000000000000000000000000]
br_ln87            (br            ) [ 000000000000000000000000000000000000000000000000000000000000]
tmp_s              (bitconcatenate) [ 000010000000000000000000000000000000000000000000000000000000]
specloopname_ln86  (specloopname  ) [ 000000000000000000000000000000000000000000000000000000000000]
br_ln88            (br            ) [ 000000000000000000000000000000000000000000000000000000000000]
in_ptr_load        (load          ) [ 000010000000000000000000000000000000000000000000000000000000]
add_ln88           (add           ) [ 000000000000000000000000000000000000000000000000000000000000]
store_ln87         (store         ) [ 000000000000000000000000000000000000000000000000000000000000]
oc                 (alloca        ) [ 000111111111111111111111111111111111111111111111111111111111]
w_ptr              (alloca        ) [ 000111111111111111111111111111111111111111111111111111111111]
out_ptr            (alloca        ) [ 000111111111111111111111111111111111111111111111111111111111]
shl_ln101          (shl           ) [ 000001000000000000000000000000000000000000000000000000000000]
sub_ln102          (sub           ) [ 000000000000000000000000000000000000000000000000000000000000]
add_ln102          (add           ) [ 000001111111111111111111111111111111111100000000000000000000]
icmp_ln104         (icmp          ) [ 000001111111111111111111111111111111111111111111111111111111]
tobool133          (icmp          ) [ 000001111111111111111111111111111111111111111111111111111111]
store_ln110        (store         ) [ 000000000000000000000000000000000000000000000000000000000000]
store_ln110        (store         ) [ 000000000000000000000000000000000000000000000000000000000000]
store_ln110        (store         ) [ 000000000000000000000000000000000000000000000000000000000000]
call_ln24          (call          ) [ 000000000000000000000000000000000000000000000000000000000000]
br_ln87            (br            ) [ 000000000000000000000000000000000000000000000000000000000000]
store_ln87         (store         ) [ 000000000000000000000000000000000000000000000000000000000000]
br_ln87            (br            ) [ 000000000000000000000000000000000000000000000000000000000000]
sub_ln101          (sub           ) [ 000000000000000000000000000000000000000000000000000000000000]
add_ln101          (add           ) [ 000000111111111111111111111111111111111110000000000000000000]
sdiv_ln102         (sdiv          ) [ 000000000000000000000000000000000000000010000000000000000000]
trunc_ln105_1      (partselect    ) [ 000000000000000000000000000000000000000000000000000000000000]
xor_ln105          (xor           ) [ 000000000000000000000000000000000000000000000000000000000000]
zext_ln105         (zext          ) [ 000000000000000000000000000000000000000000000000000000000000]
sub_ln105          (sub           ) [ 000000000000000000000000000000000000000010000000000000000000]
sdiv_ln101         (sdiv          ) [ 000000000000000000000000000000000000000000000000000000000000]
out_height         (add           ) [ 000000000000000000000000000000000000000001111111111111111111]
out_width          (add           ) [ 000000000000000000000000000000000000000001111111111111111111]
tmp                (bitselect     ) [ 000000000000000000000000000000000000000000000000000000000000]
trunc_ln104_1      (partselect    ) [ 000000000000000000000000000000000000000000000000000000000000]
xor_ln104          (xor           ) [ 000000000000000000000000000000000000000000000000000000000000]
zext_ln104         (zext          ) [ 000000000000000000000000000000000000000000000000000000000000]
sub_ln104          (sub           ) [ 000000000000000000000000000000000000000000000000000000000000]
lshr_ln104_2       (partselect    ) [ 000000000000000000000000000000000000000000000000000000000000]
zext_ln104_1       (zext          ) [ 000000000000000000000000000000000000000000000000000000000000]
select_ln104       (select        ) [ 000000000000000000000000000000000000000000000000000000000000]
final_height       (select        ) [ 000000000000000000000000000000000000000001111111111111111111]
tmp_8              (bitselect     ) [ 000000000000000000000000000000000000000000000000000000000000]
lshr_ln105_2       (partselect    ) [ 000000000000000000000000000000000000000000000000000000000000]
zext_ln105_1       (zext          ) [ 000000000000000000000000000000000000000000000000000000000000]
select_ln105       (select        ) [ 000000000000000000000000000000000000000000000000000000000000]
final_width        (select        ) [ 000000000000000000000000000000000000000001111111111111111111]
trunc_ln105        (trunc         ) [ 000000000000000000000000000000000000000001111111111111111111]
cmp10479           (icmp          ) [ 000000000000000000000000000000000000000001111111111111111111]
cmp14787           (icmp          ) [ 000000000000000000000000000000000000000001111111111111111111]
mul_ln110          (mul           ) [ 000000000000000000000000000000000000000001111111111111111111]
trunc_ln117        (trunc         ) [ 000000000000000000000000000000000000000001111111111111111111]
zext_ln101         (zext          ) [ 000000000000000000000000000000000000000000000000000000000000]
mul_ln101          (mul           ) [ 000000000000000000000000000000000000000001111111111111111111]
br_ln110           (br            ) [ 000000000000000000000000000000000000000000000000000000000000]
oc_1               (load          ) [ 000000000000000000000000000000000000000000110000000000000000]
icmp_ln110         (icmp          ) [ 000000000000000000000000000000000000000001111111111111111111]
add_ln110          (add           ) [ 000000000000000000000000000000000000000000111111111111111111]
br_ln110           (br            ) [ 000000000000000000000000000000000000000000000000000000000000]
specloopname_ln107 (specloopname  ) [ 000000000000000000000000000000000000000000000000000000000000]
br_ln115           (br            ) [ 000000000000000000000000000000000000000001111111111111111111]
ret_ln172          (ret           ) [ 000000000000000000000000000000000000000000000000000000000000]
ic_1               (phi           ) [ 000000000000000000000000000000000000000000100000000000000000]
icmp_ln115         (icmp          ) [ 000000000000000000000000000000000000000001111111111111111111]
add_ln115          (add           ) [ 000000000000000000000000000000000000000001111111111111111111]
br_ln115           (br            ) [ 000000000000000000000000000000000000000000000000000000000000]
zext_ln119         (zext          ) [ 000000000000000000000000000000000000000000000000000000000000]
tmp_1              (bitconcatenate) [ 000000000000000000000000000000000000000000000000000000000000]
zext_ln119_3       (zext          ) [ 000000000000000000000000000000000000000000000000000000000000]
sub_ln119          (sub           ) [ 000000000000000000000000000000000000000000010000000000000000]
specloopname_ln107 (specloopname  ) [ 000000000000000000000000000000000000000000000000000000000000]
br_ln116           (br            ) [ 000000000000000000000000000000000000000000000000000000000000]
w_ptr_load         (load          ) [ 000000000000000000000000000000000000000000010000000000000000]
add_ln116          (add           ) [ 000000000000000000000000000000000000000000000000000000000000]
store_ln115        (store         ) [ 000000000000000000000000000000000000000000000000000000000000]
shl_ln2            (bitconcatenate) [ 000000000000000000000000000000000000000000000000000000000000]
zext_ln133         (zext          ) [ 000000000000000000000000000000000000000000000000000000000000]
add_ln133          (add           ) [ 000000000000000000000000000000000000000000000000000000000000]
trunc_ln6          (partselect    ) [ 000000000000000000000000000000000000000000000000000000000000]
sext_ln133         (sext          ) [ 000000000000000000000000000000000000000000000000000000000000]
DATA_addr          (getelementptr ) [ 000000000000000000000000000000000000000000001111111100000000]
call_ln116         (call          ) [ 000000000000000000000000000000000000000000000000000000000000]
br_ln115           (br            ) [ 000000000000000000000000000000000000000000000000000000000000]
br_ln115           (br            ) [ 000000000000000000000000000000000000000001111111111111111111]
DATA_load_req      (readreq       ) [ 000000000000000000000000000000000000000000000000000000000000]
DATA_addr_read     (read          ) [ 000000000000000000000000000000000000000000000000000011000000]
call_ln130         (call          ) [ 000000000000000000000000000000000000000000000000000000000000]
br_ln146           (br            ) [ 000000000000000000000000000000000000000000000000000000000000]
call_ln147         (call          ) [ 000000000000000000000000000000000000000000000000000000000000]
br_ln148           (br            ) [ 000000000000000000000000000000000000000000000000000000000000]
br_ln153           (br            ) [ 000000000000000000000000000000000000000000000000000000000000]
call_ln154         (call          ) [ 000000000000000000000000000000000000000000000000000000000000]
br_ln155           (br            ) [ 000000000000000000000000000000000000000000000000000000000000]
br_ln160           (br            ) [ 000000000000000000000000000000000000000001111111111111111111]
h                  (phi           ) [ 000000000000000000000000000000000000000000000000000000000010]
trunc_ln160        (trunc         ) [ 000000000000000000000000000000000000000000000000000000000000]
icmp_ln160         (icmp          ) [ 000000000000000000000000000000000000000001111111111111111111]
add_ln160_1        (add           ) [ 000000000000000000000000000000000000000001111111111111111111]
br_ln160           (br            ) [ 000000000000000000000000000000000000000000000000000000000000]
tmp_2              (bitconcatenate) [ 000000000000000000000000000000000000000000000000000000000001]
trunc_ln160_1      (trunc         ) [ 000000000000000000000000000000000000000000000000000000000001]
specloopname_ln108 (specloopname  ) [ 000000000000000000000000000000000000000000000000000000000000]
br_ln161           (br            ) [ 000000000000000000000000000000000000000000000000000000000000]
out_ptr_load       (load          ) [ 000000000000000000000000000000000000000000000000000000000001]
lshr_ln            (partselect    ) [ 000000000000000000000000000000000000000000000000000000000000]
tmp_3              (bitconcatenate) [ 000000000000000000000000000000000000000000000000000000000001]
add_ln160          (add           ) [ 000000000000000000000000000000000000000000000000000000000000]
store_ln160        (store         ) [ 000000000000000000000000000000000000000000000000000000000000]
store_ln110        (store         ) [ 000000000000000000000000000000000000000000000000000000000000]
br_ln110           (br            ) [ 000000000000000000000000000000000000000000000000000000000000]
call_ln160         (call          ) [ 000000000000000000000000000000000000000000000000000000000000]
br_ln160           (br            ) [ 000000000000000000000000000000000000000000000000000000000000]
br_ln160           (br            ) [ 000000000000000000000000000000000000000001111111111111111111]
</LifeTime>

<model>

<comp_list>
<comp id="0" class="1000" name="DATA">
<pin_list>
<pin id="1" dir="1" index="0" bw="1" slack="0"/>
</pin_list>
<bind>
<StgValue><ssdm name="DATA"/></StgValue>
</bind>
</comp>

<comp id="2" class="1000" name="input_data">
<pin_list>
<pin id="3" dir="1" index="0" bw="1" slack="0"/>
</pin_list>
<bind>
<StgValue><ssdm name="input_data"/></StgValue>
</bind>
</comp>

<comp id="4" class="1000" name="weight_data">
<pin_list>
<pin id="5" dir="1" index="0" bw="1" slack="0"/>
</pin_list>
<bind>
<StgValue><ssdm name="weight_data"/></StgValue>
</bind>
</comp>

<comp id="6" class="1000" name="bias_data">
<pin_list>
<pin id="7" dir="1" index="0" bw="1" slack="0"/>
</pin_list>
<bind>
<StgValue><ssdm name="bias_data"/></StgValue>
</bind>
</comp>

<comp id="8" class="1000" name="output_data">
<pin_list>
<pin id="9" dir="1" index="0" bw="1" slack="0"/>
</pin_list>
<bind>
<StgValue><ssdm name="output_data"/></StgValue>
</bind>
</comp>

<comp id="10" class="1000" name="kernel_size">
<pin_list>
<pin id="11" dir="1" index="0" bw="1" slack="0"/>
</pin_list>
<bind>
<StgValue><ssdm name="kernel_size"/></StgValue>
</bind>
</comp>

<comp id="12" class="1000" name="in_channels">
<pin_list>
<pin id="13" dir="1" index="0" bw="1" slack="0"/>
</pin_list>
<bind>
<StgValue><ssdm name="in_channels"/></StgValue>
</bind>
</comp>

<comp id="14" class="1000" name="out_channels">
<pin_list>
<pin id="15" dir="1" index="0" bw="1" slack="0"/>
</pin_list>
<bind>
<StgValue><ssdm name="out_channels"/></StgValue>
</bind>
</comp>

<comp id="16" class="1000" name="in_height">
<pin_list>
<pin id="17" dir="1" index="0" bw="1" slack="0"/>
</pin_list>
<bind>
<StgValue><ssdm name="in_height"/></StgValue>
</bind>
</comp>

<comp id="18" class="1000" name="in_width">
<pin_list>
<pin id="19" dir="1" index="0" bw="1" slack="0"/>
</pin_list>
<bind>
<StgValue><ssdm name="in_width"/></StgValue>
</bind>
</comp>

<comp id="20" class="1000" name="stride">
<pin_list>
<pin id="21" dir="1" index="0" bw="1" slack="0"/>
</pin_list>
<bind>
<StgValue><ssdm name="stride"/></StgValue>
</bind>
</comp>

<comp id="22" class="1000" name="padding">
<pin_list>
<pin id="23" dir="1" index="0" bw="1" slack="0"/>
</pin_list>
<bind>
<StgValue><ssdm name="padding"/></StgValue>
</bind>
</comp>

<comp id="24" class="1000" name="relu_enable">
<pin_list>
<pin id="25" dir="1" index="0" bw="1" slack="0"/>
</pin_list>
<bind>
<StgValue><ssdm name="relu_enable"/></StgValue>
</bind>
</comp>

<comp id="26" class="1000" name="pool_enable">
<pin_list>
<pin id="27" dir="1" index="0" bw="1" slack="0"/>
</pin_list>
<bind>
<StgValue><ssdm name="pool_enable"/></StgValue>
</bind>
</comp>

<comp id="28" class="1001" name="const_28">
<pin_list>
<pin id="29" dir="1" index="0" bw="1" slack="0"/>
</pin_list>
<bind>
<StgValue><ssdm name=""/></StgValue>
</bind>
</comp>

<comp id="30" class="1001" name="const_30">
<pin_list>
<pin id="31" dir="1" index="0" bw="1" slack="0"/>
</pin_list>
<bind>
<StgValue><ssdm name="_ssdm_op_Read.s_axilite.i32"/></StgValue>
</bind>
</comp>

<comp id="32" class="1001" name="const_32">
<pin_list>
<pin id="33" dir="1" index="0" bw="1" slack="0"/>
</pin_list>
<bind>
<StgValue><ssdm name="_ssdm_op_Read.s_axilite.i64"/></StgValue>
</bind>
</comp>

<comp id="34" class="1001" name="const_34">
<pin_list>
<pin id="35" dir="1" index="0" bw="1" slack="0"/>
</pin_list>
<bind>
<StgValue><ssdm name=""/></StgValue>
</bind>
</comp>

<comp id="36" class="1001" name="const_36">
<pin_list>
<pin id="37" dir="1" index="0" bw="1" slack="0"/>
</pin_list>
<bind>
<StgValue><ssdm name=""/></StgValue>
</bind>
</comp>

<comp id="38" class="1001" name="const_38">
<pin_list>
<pin id="39" dir="1" index="0" bw="1" slack="0"/>
</pin_list>
<bind>
<StgValue><ssdm name=""/></StgValue>
</bind>
</comp>

<comp id="40" class="1001" name="const_40">
<pin_list>
<pin id="41" dir="1" index="0" bw="1" slack="2147483647"/>
</pin_list>
<bind>
<StgValue><ssdm name="_ssdm_op_SpecTopModule"/></StgValue>
</bind>
</comp>

<comp id="42" class="1001" name="const_42">
<pin_list>
<pin id="43" dir="1" index="0" bw="1" slack="2147483647"/>
</pin_list>
<bind>
<StgValue><ssdm name="empty_12"/></StgValue>
</bind>
</comp>

<comp id="44" class="1001" name="const_44">
<pin_list>
<pin id="45" dir="1" index="0" bw="1" slack="2147483647"/>
</pin_list>
<bind>
<StgValue><ssdm name="_ssdm_op_SpecInterface"/></StgValue>
</bind>
</comp>

<comp id="46" class="1001" name="const_46">
<pin_list>
<pin id="47" dir="1" index="0" bw="1" slack="2147483647"/>
</pin_list>
<bind>
<StgValue><ssdm name="empty_19"/></StgValue>
</bind>
</comp>

<comp id="48" class="1001" name="const_48">
<pin_list>
<pin id="49" dir="1" index="0" bw="1" slack="2147483647"/>
</pin_list>
<bind>
<StgValue><ssdm name="empty_23"/></StgValue>
</bind>
</comp>

<comp id="50" class="1001" name="const_50">
<pin_list>
<pin id="51" dir="1" index="0" bw="1" slack="2147483647"/>
</pin_list>
<bind>
<StgValue><ssdm name=""/></StgValue>
</bind>
</comp>

<comp id="52" class="1001" name="const_52">
<pin_list>
<pin id="53" dir="1" index="0" bw="1" slack="2147483647"/>
</pin_list>
<bind>
<StgValue><ssdm name="empty_31"/></StgValue>
</bind>
</comp>

<comp id="54" class="1001" name="const_54">
<pin_list>
<pin id="55" dir="1" index="0" bw="1" slack="2147483647"/>
</pin_list>
<bind>
<StgValue><ssdm name="empty_25"/></StgValue>
</bind>
</comp>

<comp id="56" class="1001" name="const_56">
<pin_list>
<pin id="57" dir="1" index="0" bw="1" slack="2147483647"/>
</pin_list>
<bind>
<StgValue><ssdm name=""/></StgValue>
</bind>
</comp>

<comp id="58" class="1001" name="const_58">
<pin_list>
<pin id="59" dir="1" index="0" bw="1" slack="2147483647"/>
</pin_list>
<bind>
<StgValue><ssdm name=""/></StgValue>
</bind>
</comp>

<comp id="60" class="1001" name="const_60">
<pin_list>
<pin id="61" dir="1" index="0" bw="1" slack="2147483647"/>
</pin_list>
<bind>
<StgValue><ssdm name="_ssdm_op_SpecBitsMap"/></StgValue>
</bind>
</comp>

<comp id="62" class="1001" name="const_62">
<pin_list>
<pin id="63" dir="1" index="0" bw="1" slack="2147483647"/>
</pin_list>
<bind>
<StgValue><ssdm name="empty_26"/></StgValue>
</bind>
</comp>

<comp id="64" class="1001" name="const_64">
<pin_list>
<pin id="65" dir="1" index="0" bw="1" slack="2147483647"/>
</pin_list>
<bind>
<StgValue><ssdm name="empty_27"/></StgValue>
</bind>
</comp>

<comp id="66" class="1001" name="const_66">
<pin_list>
<pin id="67" dir="1" index="0" bw="1" slack="2147483647"/>
</pin_list>
<bind>
<StgValue><ssdm name="empty_28"/></StgValue>
</bind>
</comp>

<comp id="68" class="1001" name="const_68">
<pin_list>
<pin id="69" dir="1" index="0" bw="1" slack="2147483647"/>
</pin_list>
<bind>
<StgValue><ssdm name="empty_29"/></StgValue>
</bind>
</comp>

<comp id="70" class="1001" name="const_70">
<pin_list>
<pin id="71" dir="1" index="0" bw="1" slack="2147483647"/>
</pin_list>
<bind>
<StgValue><ssdm name="empty_30"/></StgValue>
</bind>
</comp>

<comp id="72" class="1001" name="const_72">
<pin_list>
<pin id="73" dir="1" index="0" bw="1" slack="2147483647"/>
</pin_list>
<bind>
<StgValue><ssdm name="empty"/></StgValue>
</bind>
</comp>

<comp id="74" class="1001" name="const_74">
<pin_list>
<pin id="75" dir="1" index="0" bw="1" slack="2147483647"/>
</pin_list>
<bind>
<StgValue><ssdm name="empty_0"/></StgValue>
</bind>
</comp>

<comp id="76" class="1001" name="const_76">
<pin_list>
<pin id="77" dir="1" index="0" bw="1" slack="2147483647"/>
</pin_list>
<bind>
<StgValue><ssdm name="empty_1"/></StgValue>
</bind>
</comp>

<comp id="78" class="1001" name="const_78">
<pin_list>
<pin id="79" dir="1" index="0" bw="1" slack="2147483647"/>
</pin_list>
<bind>
<StgValue><ssdm name="empty_2"/></StgValue>
</bind>
</comp>

<comp id="80" class="1001" name="const_80">
<pin_list>
<pin id="81" dir="1" index="0" bw="1" slack="2147483647"/>
</pin_list>
<bind>
<StgValue><ssdm name="empty_3"/></StgValue>
</bind>
</comp>

<comp id="82" class="1001" name="const_82">
<pin_list>
<pin id="83" dir="1" index="0" bw="1" slack="2147483647"/>
</pin_list>
<bind>
<StgValue><ssdm name="empty_4"/></StgValue>
</bind>
</comp>

<comp id="84" class="1001" name="const_84">
<pin_list>
<pin id="85" dir="1" index="0" bw="1" slack="2147483647"/>
</pin_list>
<bind>
<StgValue><ssdm name="empty_5"/></StgValue>
</bind>
</comp>

<comp id="86" class="1001" name="const_86">
<pin_list>
<pin id="87" dir="1" index="0" bw="1" slack="2147483647"/>
</pin_list>
<bind>
<StgValue><ssdm name="empty_6"/></StgValue>
</bind>
</comp>

<comp id="88" class="1001" name="const_88">
<pin_list>
<pin id="89" dir="1" index="0" bw="1" slack="2147483647"/>
</pin_list>
<bind>
<StgValue><ssdm name="empty_7"/></StgValue>
</bind>
</comp>

<comp id="90" class="1001" name="const_90">
<pin_list>
<pin id="91" dir="1" index="0" bw="1" slack="2147483647"/>
</pin_list>
<bind>
<StgValue><ssdm name="empty_8"/></StgValue>
</bind>
</comp>

<comp id="92" class="1001" name="const_92">
<pin_list>
<pin id="93" dir="1" index="0" bw="1" slack="2147483647"/>
</pin_list>
<bind>
<StgValue><ssdm name="empty_9"/></StgValue>
</bind>
</comp>

<comp id="94" class="1001" name="const_94">
<pin_list>
<pin id="95" dir="1" index="0" bw="1" slack="2147483647"/>
</pin_list>
<bind>
<StgValue><ssdm name="empty_10"/></StgValue>
</bind>
</comp>

<comp id="96" class="1001" name="const_96">
<pin_list>
<pin id="97" dir="1" index="0" bw="1" slack="2147483647"/>
</pin_list>
<bind>
<StgValue><ssdm name="_ssdm_op_SpecMemCore"/></StgValue>
</bind>
</comp>

<comp id="98" class="1001" name="const_98">
<pin_list>
<pin id="99" dir="1" index="0" bw="1" slack="2147483647"/>
</pin_list>
<bind>
<StgValue><ssdm name=""/></StgValue>
</bind>
</comp>

<comp id="100" class="1001" name="const_100">
<pin_list>
<pin id="101" dir="1" index="0" bw="1" slack="2147483647"/>
</pin_list>
<bind>
<StgValue><ssdm name=""/></StgValue>
</bind>
</comp>

<comp id="102" class="1001" name="const_102">
<pin_list>
<pin id="103" dir="1" index="0" bw="1" slack="2147483647"/>
</pin_list>
<bind>
<StgValue><ssdm name=""/></StgValue>
</bind>
</comp>

<comp id="104" class="1001" name="const_104">
<pin_list>
<pin id="105" dir="1" index="0" bw="1" slack="0"/>
</pin_list>
<bind>
<StgValue><ssdm name="_ssdm_op_BitConcatenate.i37.i32.i5"/></StgValue>
</bind>
</comp>

<comp id="106" class="1001" name="const_106">
<pin_list>
<pin id="107" dir="1" index="0" bw="1" slack="0"/>
</pin_list>
<bind>
<StgValue><ssdm name=""/></StgValue>
</bind>
</comp>

<comp id="108" class="1001" name="const_108">
<pin_list>
<pin id="109" dir="1" index="0" bw="1" slack="2147483647"/>
</pin_list>
<bind>
<StgValue><ssdm name="_ssdm_op_SpecLoopName"/></StgValue>
</bind>
</comp>

<comp id="110" class="1001" name="const_110">
<pin_list>
<pin id="111" dir="1" index="0" bw="1" slack="2147483647"/>
</pin_list>
<bind>
<StgValue><ssdm name="empty_18"/></StgValue>
</bind>
</comp>

<comp id="112" class="1001" name="const_112">
<pin_list>
<pin id="113" dir="1" index="0" bw="1" slack="0"/>
</pin_list>
<bind>
<StgValue><ssdm name="accel_top_Pipeline_LOAD_INPUT_H_LOAD_INPUT_W"/></StgValue>
</bind>
</comp>

<comp id="114" class="1001" name="const_114">
<pin_list>
<pin id="115" dir="1" index="0" bw="1" slack="0"/>
</pin_list>
<bind>
<StgValue><ssdm name="_ssdm_op_PartSelect.i31.i32.i32.i32"/></StgValue>
</bind>
</comp>

<comp id="116" class="1001" name="const_116">
<pin_list>
<pin id="117" dir="1" index="0" bw="1" slack="0"/>
</pin_list>
<bind>
<StgValue><ssdm name=""/></StgValue>
</bind>
</comp>

<comp id="118" class="1001" name="const_118">
<pin_list>
<pin id="119" dir="1" index="0" bw="1" slack="0"/>
</pin_list>
<bind>
<StgValue><ssdm name=""/></StgValue>
</bind>
</comp>

<comp id="120" class="1001" name="const_120">
<pin_list>
<pin id="121" dir="1" index="0" bw="1" slack="0"/>
</pin_list>
<bind>
<StgValue><ssdm name="_ssdm_op_BitSelect.i1.i32.i32"/></StgValue>
</bind>
</comp>

<comp id="122" class="1001" name="const_122">
<pin_list>
<pin id="123" dir="1" index="0" bw="1" slack="2147483647"/>
</pin_list>
<bind>
<StgValue><ssdm name="empty_16"/></StgValue>
</bind>
</comp>

<comp id="124" class="1001" name="const_124">
<pin_list>
<pin id="125" dir="1" index="0" bw="1" slack="0"/>
</pin_list>
<bind>
<StgValue><ssdm name="_ssdm_op_BitConcatenate.i35.i32.i3"/></StgValue>
</bind>
</comp>

<comp id="126" class="1001" name="const_126">
<pin_list>
<pin id="127" dir="1" index="0" bw="1" slack="0"/>
</pin_list>
<bind>
<StgValue><ssdm name=""/></StgValue>
</bind>
</comp>

<comp id="128" class="1001" name="const_128">
<pin_list>
<pin id="129" dir="1" index="0" bw="1" slack="2147483647"/>
</pin_list>
<bind>
<StgValue><ssdm name="empty_13"/></StgValue>
</bind>
</comp>

<comp id="130" class="1001" name="const_130">
<pin_list>
<pin id="131" dir="1" index="0" bw="1" slack="0"/>
</pin_list>
<bind>
<StgValue><ssdm name="accel_top_Pipeline_LOAD_W_KH_LOAD_W_KW"/></StgValue>
</bind>
</comp>

<comp id="132" class="1001" name="const_132">
<pin_list>
<pin id="133" dir="1" index="0" bw="1" slack="0"/>
</pin_list>
<bind>
<StgValue><ssdm name="_ssdm_op_BitConcatenate.i34.i32.i2"/></StgValue>
</bind>
</comp>

<comp id="134" class="1001" name="const_134">
<pin_list>
<pin id="135" dir="1" index="0" bw="1" slack="0"/>
</pin_list>
<bind>
<StgValue><ssdm name=""/></StgValue>
</bind>
</comp>

<comp id="136" class="1001" name="const_136">
<pin_list>
<pin id="137" dir="1" index="0" bw="1" slack="0"/>
</pin_list>
<bind>
<StgValue><ssdm name="_ssdm_op_PartSelect.i62.i64.i32.i32"/></StgValue>
</bind>
</comp>

<comp id="138" class="1001" name="const_138">
<pin_list>
<pin id="139" dir="1" index="0" bw="1" slack="0"/>
</pin_list>
<bind>
<StgValue><ssdm name=""/></StgValue>
</bind>
</comp>

<comp id="140" class="1001" name="const_140">
<pin_list>
<pin id="141" dir="1" index="0" bw="1" slack="0"/>
</pin_list>
<bind>
<StgValue><ssdm name=""/></StgValue>
</bind>
</comp>

<comp id="142" class="1001" name="const_142">
<pin_list>
<pin id="143" dir="1" index="0" bw="1" slack="0"/>
</pin_list>
<bind>
<StgValue><ssdm name="_ssdm_op_ReadReq.m_axi.i32P1A"/></StgValue>
</bind>
</comp>

<comp id="144" class="1001" name="const_144">
<pin_list>
<pin id="145" dir="1" index="0" bw="1" slack="0"/>
</pin_list>
<bind>
<StgValue><ssdm name="_ssdm_op_Read.m_axi.i32P1A"/></StgValue>
</bind>
</comp>

<comp id="146" class="1001" name="const_146">
<pin_list>
<pin id="147" dir="1" index="0" bw="1" slack="0"/>
</pin_list>
<bind>
<StgValue><ssdm name="conv_engine"/></StgValue>
</bind>
</comp>

<comp id="148" class="1001" name="const_148">
<pin_list>
<pin id="149" dir="1" index="0" bw="1" slack="0"/>
</pin_list>
<bind>
<StgValue><ssdm name="relu"/></StgValue>
</bind>
</comp>

<comp id="150" class="1001" name="const_150">
<pin_list>
<pin id="151" dir="1" index="0" bw="1" slack="0"/>
</pin_list>
<bind>
<StgValue><ssdm name="maxpool_2x2"/></StgValue>
</bind>
</comp>

<comp id="152" class="1001" name="const_152">
<pin_list>
<pin id="153" dir="1" index="0" bw="1" slack="0"/>
</pin_list>
<bind>
<StgValue><ssdm name="_ssdm_op_BitConcatenate.i10.i5.i5"/></StgValue>
</bind>
</comp>

<comp id="154" class="1001" name="const_154">
<pin_list>
<pin id="155" dir="1" index="0" bw="1" slack="2147483647"/>
</pin_list>
<bind>
<StgValue><ssdm name="empty_15"/></StgValue>
</bind>
</comp>

<comp id="156" class="1001" name="const_156">
<pin_list>
<pin id="157" dir="1" index="0" bw="1" slack="0"/>
</pin_list>
<bind>
<StgValue><ssdm name="_ssdm_op_PartSelect.i4.i32.i32.i32"/></StgValue>
</bind>
</comp>

<comp id="158" class="1001" name="const_158">
<pin_list>
<pin id="159" dir="1" index="0" bw="1" slack="0"/>
</pin_list>
<bind>
<StgValue><ssdm name=""/></StgValue>
</bind>
</comp>

<comp id="160" class="1001" name="const_160">
<pin_list>
<pin id="161" dir="1" index="0" bw="1" slack="0"/>
</pin_list>
<bind>
<StgValue><ssdm name="_ssdm_op_BitConcatenate.i8.i4.i4"/></StgValue>
</bind>
</comp>

<comp id="162" class="1001" name="const_162">
<pin_list>
<pin id="163" dir="1" index="0" bw="1" slack="0"/>
</pin_list>
<bind>
<StgValue><ssdm name=""/></StgValue>
</bind>
</comp>

<comp id="164" class="1001" name="const_164">
<pin_list>
<pin id="165" dir="1" index="0" bw="1" slack="0"/>
</pin_list>
<bind>
<StgValue><ssdm name="accel_top_Pipeline_STORE_W"/></StgValue>
</bind>
</comp>

<comp id="166" class="1004" name="ic_fu_166">
<pin_list>
<pin id="167" dir="0" index="0" bw="1" slack="0"/>
<pin id="168" dir="1" index="1" bw="32" slack="0"/>
</pin_list>
<bind>
<opcode="alloca(26) " fcode="alloca"/>
<opset="ic/1 "/>
</bind>
</comp>

<comp id="170" class="1004" name="in_ptr_fu_170">
<pin_list>
<pin id="171" dir="0" index="0" bw="1" slack="0"/>
<pin id="172" dir="1" index="1" bw="32" slack="0"/>
</pin_list>
<bind>
<opcode="alloca(26) " fcode="alloca"/>
<opset="in_ptr/1 "/>
</bind>
</comp>

<comp id="174" class="1004" name="local_input_V_alloca_fu_174">
<pin_list>
<pin id="175" dir="0" index="0" bw="1" slack="0"/>
<pin id="176" dir="1" index="1" bw="8" slack="2147483647"/>
</pin_list>
<bind>
<opcode="alloca(26) " fcode="alloca"/>
<opset="local_input_V/1 "/>
</bind>
</comp>

<comp id="178" class="1004" name="local_weights_V_alloca_fu_178">
<pin_list>
<pin id="179" dir="0" index="0" bw="1" slack="0"/>
<pin id="180" dir="1" index="1" bw="8" slack="2147483647"/>
</pin_list>
<bind>
<opcode="alloca(26) " fcode="alloca"/>
<opset="local_weights_V/1 "/>
</bind>
</comp>

<comp id="182" class="1004" name="conv_output_V_alloca_fu_182">
<pin_list>
<pin id="183" dir="0" index="0" bw="1" slack="0"/>
<pin id="184" dir="1" index="1" bw="32" slack="2147483647"/>
</pin_list>
<bind>
<opcode="alloca(26) " fcode="alloca"/>
<opset="conv_output_V/1 "/>
</bind>
</comp>

<comp id="186" class="1004" name="conv_output_V_1_alloca_fu_186">
<pin_list>
<pin id="187" dir="0" index="0" bw="1" slack="0"/>
<pin id="188" dir="1" index="1" bw="32" slack="2147483647"/>
</pin_list>
<bind>
<opcode="alloca(26) " fcode="alloca"/>
<opset="conv_output_V_1/1 "/>
</bind>
</comp>

<comp id="190" class="1004" name="conv_output_V_2_alloca_fu_190">
<pin_list>
<pin id="191" dir="0" index="0" bw="1" slack="0"/>
<pin id="192" dir="1" index="1" bw="32" slack="2147483647"/>
</pin_list>
<bind>
<opcode="alloca(26) " fcode="alloca"/>
<opset="conv_output_V_2/1 "/>
</bind>
</comp>

<comp id="194" class="1004" name="conv_output_V_3_alloca_fu_194">
<pin_list>
<pin id="195" dir="0" index="0" bw="1" slack="0"/>
<pin id="196" dir="1" index="1" bw="32" slack="2147483647"/>
</pin_list>
<bind>
<opcode="alloca(26) " fcode="alloca"/>
<opset="conv_output_V_3/1 "/>
</bind>
</comp>

<comp id="198" class="1004" name="pool_output_V_alloca_fu_198">
<pin_list>
<pin id="199" dir="0" index="0" bw="1" slack="0"/>
<pin id="200" dir="1" index="1" bw="32" slack="2147483647"/>
</pin_list>
<bind>
<opcode="alloca(26) " fcode="alloca"/>
<opset="pool_output_V/1 "/>
</bind>
</comp>

<comp id="202" class="1004" name="oc_fu_202">
<pin_list>
<pin id="203" dir="0" index="0" bw="1" slack="0"/>
<pin id="204" dir="1" index="1" bw="32" slack="0"/>
</pin_list>
<bind>
<opcode="alloca(26) " fcode="alloca"/>
<opset="oc/3 "/>
</bind>
</comp>

<comp id="206" class="1004" name="w_ptr_fu_206">
<pin_list>
<pin id="207" dir="0" index="0" bw="1" slack="0"/>
<pin id="208" dir="1" index="1" bw="32" slack="0"/>
</pin_list>
<bind>
<opcode="alloca(26) " fcode="alloca"/>
<opset="w_ptr/3 "/>
</bind>
</comp>

<comp id="210" class="1004" name="out_ptr_fu_210">
<pin_list>
<pin id="211" dir="0" index="0" bw="1" slack="0"/>
<pin id="212" dir="1" index="1" bw="32" slack="0"/>
</pin_list>
<bind>
<opcode="alloca(26) " fcode="alloca"/>
<opset="out_ptr/3 "/>
</bind>
</comp>

<comp id="214" class="1004" name="pool_enable_read_read_fu_214">
<pin_list>
<pin id="215" dir="0" index="0" bw="32" slack="0"/>
<pin id="216" dir="0" index="1" bw="32" slack="0"/>
<pin id="217" dir="1" index="2" bw="32" slack="2"/>
</pin_list>
<bind>
<opcode="read(1150) " fcode="read"/>
<opset="pool_enable_read/1 "/>
</bind>
</comp>

<comp id="220" class="1004" name="relu_enable_read_read_fu_220">
<pin_list>
<pin id="221" dir="0" index="0" bw="32" slack="0"/>
<pin id="222" dir="0" index="1" bw="32" slack="0"/>
<pin id="223" dir="1" index="2" bw="32" slack="2"/>
</pin_list>
<bind>
<opcode="read(1150) " fcode="read"/>
<opset="relu_enable_read/1 "/>
</bind>
</comp>

<comp id="226" class="1004" name="padding_read_read_fu_226">
<pin_list>
<pin id="227" dir="0" index="0" bw="32" slack="0"/>
<pin id="228" dir="0" index="1" bw="32" slack="0"/>
<pin id="229" dir="1" index="2" bw="32" slack="2"/>
</pin_list>
<bind>
<opcode="read(1150) " fcode="read"/>
<opset="padding_read/1 "/>
</bind>
</comp>

<comp id="232" class="1004" name="stride_read_read_fu_232">
<pin_list>
<pin id="233" dir="0" index="0" bw="32" slack="0"/>
<pin id="234" dir="0" index="1" bw="32" slack="0"/>
<pin id="235" dir="1" index="2" bw="32" slack="2"/>
</pin_list>
<bind>
<opcode="read(1150) " fcode="read"/>
<opset="stride_read/1 "/>
</bind>
</comp>

<comp id="238" class="1004" name="in_width_read_read_fu_238">
<pin_list>
<pin id="239" dir="0" index="0" bw="32" slack="0"/>
<pin id="240" dir="0" index="1" bw="32" slack="0"/>
<pin id="241" dir="1" index="2" bw="32" slack="0"/>
</pin_list>
<bind>
<opcode="read(1150) " fcode="read"/>
<opset="in_width_read/1 "/>
</bind>
</comp>

<comp id="244" class="1004" name="in_height_read_read_fu_244">
<pin_list>
<pin id="245" dir="0" index="0" bw="32" slack="0"/>
<pin id="246" dir="0" index="1" bw="32" slack="0"/>
<pin id="247" dir="1" index="2" bw="32" slack="1"/>
</pin_list>
<bind>
<opcode="read(1150) " fcode="read"/>
<opset="in_height_read/1 "/>
</bind>
</comp>

<comp id="250" class="1004" name="out_channels_read_read_fu_250">
<pin_list>
<pin id="251" dir="0" index="0" bw="32" slack="0"/>
<pin id="252" dir="0" index="1" bw="32" slack="0"/>
<pin id="253" dir="1" index="2" bw="32" slack="39"/>
</pin_list>
<bind>
<opcode="read(1150) " fcode="read"/>
<opset="out_channels_read/1 "/>
</bind>
</comp>

<comp id="256" class="1004" name="in_channels_read_read_fu_256">
<pin_list>
<pin id="257" dir="0" index="0" bw="32" slack="0"/>
<pin id="258" dir="0" index="1" bw="32" slack="0"/>
<pin id="259" dir="1" index="2" bw="32" slack="2"/>
</pin_list>
<bind>
<opcode="read(1150) " fcode="read"/>
<opset="in_channels_read/1 "/>
</bind>
</comp>

<comp id="262" class="1004" name="kernel_size_read_read_fu_262">
<pin_list>
<pin id="263" dir="0" index="0" bw="32" slack="0"/>
<pin id="264" dir="0" index="1" bw="32" slack="0"/>
<pin id="265" dir="1" index="2" bw="32" slack="0"/>
</pin_list>
<bind>
<opcode="read(1150) " fcode="read"/>
<opset="kernel_size_read/1 "/>
</bind>
</comp>

<comp id="268" class="1004" name="output_data_read_read_fu_268">
<pin_list>
<pin id="269" dir="0" index="0" bw="64" slack="0"/>
<pin id="270" dir="0" index="1" bw="64" slack="0"/>
<pin id="271" dir="1" index="2" bw="64" slack="55"/>
</pin_list>
<bind>
<opcode="read(1150) " fcode="read"/>
<opset="output_data_read/1 "/>
</bind>
</comp>

<comp id="274" class="1004" name="bias_data_read_read_fu_274">
<pin_list>
<pin id="275" dir="0" index="0" bw="64" slack="0"/>
<pin id="276" dir="0" index="1" bw="64" slack="0"/>
<pin id="277" dir="1" index="2" bw="64" slack="40"/>
</pin_list>
<bind>
<opcode="read(1150) " fcode="read"/>
<opset="bias_data_read/1 "/>
</bind>
</comp>

<comp id="280" class="1004" name="weight_data_read_read_fu_280">
<pin_list>
<pin id="281" dir="0" index="0" bw="64" slack="0"/>
<pin id="282" dir="0" index="1" bw="64" slack="0"/>
<pin id="283" dir="1" index="2" bw="64" slack="38"/>
</pin_list>
<bind>
<opcode="read(1150) " fcode="read"/>
<opset="weight_data_read/1 "/>
</bind>
</comp>

<comp id="286" class="1004" name="input_data_read_read_fu_286">
<pin_list>
<pin id="287" dir="0" index="0" bw="64" slack="0"/>
<pin id="288" dir="0" index="1" bw="64" slack="0"/>
<pin id="289" dir="1" index="2" bw="64" slack="0"/>
</pin_list>
<bind>
<opcode="read(1150) " fcode="read"/>
<opset="input_data_read/1 "/>
</bind>
</comp>

<comp id="292" class="1004" name="grp_readreq_fu_292">
<pin_list>
<pin id="293" dir="0" index="0" bw="1" slack="0"/>
<pin id="294" dir="0" index="1" bw="32" slack="1"/>
<pin id="295" dir="0" index="2" bw="1" slack="0"/>
<pin id="296" dir="1" index="3" bw="1" slack="2147483647"/>
</pin_list>
<bind>
<opcode="readreq(1154) " fcode="readreq"/>
<opset="DATA_load_req/44 "/>
</bind>
</comp>

<comp id="299" class="1004" name="DATA_addr_read_read_fu_299">
<pin_list>
<pin id="300" dir="0" index="0" bw="32" slack="0"/>
<pin id="301" dir="0" index="1" bw="32" slack="8"/>
<pin id="302" dir="1" index="2" bw="32" slack="1"/>
</pin_list>
<bind>
<opcode="read(1150) " fcode="read"/>
<opset="DATA_addr_read/51 "/>
</bind>
</comp>

<comp id="304" class="1005" name="ic_1_reg_304">
<pin_list>
<pin id="305" dir="0" index="0" bw="32" slack="1"/>
<pin id="306" dir="1" index="1" bw="32" slack="1"/>
</pin_list>
<bind>
<opset="ic_1 (phireg) "/>
</bind>
</comp>

<comp id="308" class="1004" name="ic_1_phi_fu_308">
<pin_list>
<pin id="309" dir="0" index="0" bw="32" slack="0"/>
<pin id="310" dir="0" index="1" bw="0" slack="2147483647"/>
<pin id="311" dir="0" index="2" bw="1" slack="1"/>
<pin id="312" dir="0" index="3" bw="0" slack="2147483647"/>
<pin id="313" dir="1" index="4" bw="32" slack="0"/>
</pin_list>
<bind>
<opcode="phi(47) " fcode="phi"/>
<opset="ic_1/42 "/>
</bind>
</comp>

<comp id="315" class="1005" name="h_reg_315">
<pin_list>
<pin id="316" dir="0" index="0" bw="32" slack="1"/>
<pin id="317" dir="1" index="1" bw="32" slack="1"/>
</pin_list>
<bind>
<opset="h (phireg) "/>
</bind>
</comp>

<comp id="319" class="1004" name="h_phi_fu_319">
<pin_list>
<pin id="320" dir="0" index="0" bw="32" slack="0"/>
<pin id="321" dir="0" index="1" bw="0" slack="2147483647"/>
<pin id="322" dir="0" index="2" bw="1" slack="1"/>
<pin id="323" dir="0" index="3" bw="0" slack="2147483647"/>
<pin id="324" dir="1" index="4" bw="32" slack="0"/>
</pin_list>
<bind>
<opcode="phi(47) " fcode="phi"/>
<opset="h/58 "/>
</bind>
</comp>

<comp id="326" class="1004" name="grp_accel_top_Pipeline_LOAD_INPUT_H_LOAD_INPUT_W_fu_326">
<pin_list>
<pin id="327" dir="0" index="0" bw="0" slack="0"/>
<pin id="328" dir="0" index="1" bw="32" slack="0"/>
<pin id="329" dir="0" index="2" bw="32" slack="2"/>
<pin id="330" dir="0" index="3" bw="63" slack="1"/>
<pin id="331" dir="0" index="4" bw="37" slack="0"/>
<pin id="332" dir="0" index="5" bw="31" slack="2"/>
<pin id="333" dir="0" index="6" bw="32" slack="0"/>
<pin id="334" dir="0" index="7" bw="64" slack="2"/>
<pin id="335" dir="0" index="8" bw="8" slack="2147483647"/>
<pin id="336" dir="0" index="9" bw="2" slack="2"/>
<pin id="337" dir="1" index="10" bw="0" slack="2147483647"/>
</pin_list>
<bind>
<opcode="call(48) " fcode="call"/>
<opset="call_ln24/3 "/>
</bind>
</comp>

<comp id="340" class="1004" name="grp_accel_top_Pipeline_LOAD_W_KH_LOAD_W_KW_fu_340">
<pin_list>
<pin id="341" dir="0" index="0" bw="0" slack="0"/>
<pin id="342" dir="0" index="1" bw="32" slack="0"/>
<pin id="343" dir="0" index="2" bw="32" slack="0"/>
<pin id="344" dir="0" index="3" bw="31" slack="40"/>
<pin id="345" dir="0" index="4" bw="62" slack="2"/>
<pin id="346" dir="0" index="5" bw="36" slack="0"/>
<pin id="347" dir="0" index="6" bw="64" slack="40"/>
<pin id="348" dir="0" index="7" bw="8" slack="2147483647"/>
<pin id="349" dir="0" index="8" bw="2" slack="2"/>
<pin id="350" dir="1" index="9" bw="0" slack="2147483647"/>
</pin_list>
<bind>
<opcode="call(48) " fcode="call"/>
<opset="call_ln116/42 "/>
</bind>
</comp>

<comp id="353" class="1004" name="grp_conv_engine_fu_353">
<pin_list>
<pin id="354" dir="0" index="0" bw="0" slack="0"/>
<pin id="355" dir="0" index="1" bw="8" slack="2147483647"/>
<pin id="356" dir="0" index="2" bw="8" slack="2147483647"/>
<pin id="357" dir="0" index="3" bw="32" slack="1"/>
<pin id="358" dir="0" index="4" bw="32" slack="2147483647"/>
<pin id="359" dir="0" index="5" bw="32" slack="2147483647"/>
<pin id="360" dir="0" index="6" bw="32" slack="2147483647"/>
<pin id="361" dir="0" index="7" bw="32" slack="2147483647"/>
<pin id="362" dir="0" index="8" bw="32" slack="49"/>
<pin id="363" dir="0" index="9" bw="32" slack="49"/>
<pin id="364" dir="0" index="10" bw="32" slack="49"/>
<pin id="365" dir="0" index="11" bw="32" slack="49"/>
<pin id="366" dir="0" index="12" bw="32" slack="49"/>
<pin id="367" dir="0" index="13" bw="32" slack="49"/>
<pin id="368" dir="1" index="14" bw="0" slack="2147483647"/>
</pin_list>
<bind>
<opcode="call(48) " fcode="call"/>
<opset="call_ln130/52 "/>
</bind>
</comp>

<comp id="370" class="1004" name="grp_relu_fu_370">
<pin_list>
<pin id="371" dir="0" index="0" bw="0" slack="0"/>
<pin id="372" dir="0" index="1" bw="32" slack="2147483647"/>
<pin id="373" dir="0" index="2" bw="32" slack="2147483647"/>
<pin id="374" dir="0" index="3" bw="32" slack="2147483647"/>
<pin id="375" dir="0" index="4" bw="32" slack="2147483647"/>
<pin id="376" dir="0" index="5" bw="32" slack="13"/>
<pin id="377" dir="0" index="6" bw="32" slack="13"/>
<pin id="378" dir="1" index="7" bw="0" slack="2147483647"/>
</pin_list>
<bind>
<opcode="call(48) " fcode="call"/>
<opset="call_ln147/54 "/>
</bind>
</comp>

<comp id="380" class="1004" name="grp_maxpool_2x2_fu_380">
<pin_list>
<pin id="381" dir="0" index="0" bw="0" slack="0"/>
<pin id="382" dir="0" index="1" bw="32" slack="2147483647"/>
<pin id="383" dir="0" index="2" bw="32" slack="2147483647"/>
<pin id="384" dir="0" index="3" bw="32" slack="2147483647"/>
<pin id="385" dir="0" index="4" bw="32" slack="2147483647"/>
<pin id="386" dir="0" index="5" bw="32" slack="2147483647"/>
<pin id="387" dir="0" index="6" bw="32" slack="15"/>
<pin id="388" dir="0" index="7" bw="32" slack="15"/>
<pin id="389" dir="1" index="8" bw="0" slack="2147483647"/>
</pin_list>
<bind>
<opcode="call(48) " fcode="call"/>
<opset="call_ln154/56 "/>
</bind>
</comp>

<comp id="391" class="1004" name="grp_accel_top_Pipeline_STORE_W_fu_391">
<pin_list>
<pin id="392" dir="0" index="0" bw="0" slack="0"/>
<pin id="393" dir="0" index="1" bw="32" slack="0"/>
<pin id="394" dir="0" index="2" bw="32" slack="0"/>
<pin id="395" dir="0" index="3" bw="31" slack="17"/>
<pin id="396" dir="0" index="4" bw="10" slack="0"/>
<pin id="397" dir="0" index="5" bw="32" slack="2147483647"/>
<pin id="398" dir="0" index="6" bw="64" slack="55"/>
<pin id="399" dir="0" index="7" bw="8" slack="0"/>
<pin id="400" dir="0" index="8" bw="32" slack="2147483647"/>
<pin id="401" dir="0" index="9" bw="32" slack="2147483647"/>
<pin id="402" dir="0" index="10" bw="32" slack="2147483647"/>
<pin id="403" dir="0" index="11" bw="32" slack="2147483647"/>
<pin id="404" dir="0" index="12" bw="1" slack="0"/>
<pin id="405" dir="0" index="13" bw="1" slack="53"/>
<pin id="406" dir="1" index="14" bw="0" slack="2147483647"/>
</pin_list>
<bind>
<opcode="call(48) " fcode="call"/>
<opset="call_ln160/58 "/>
</bind>
</comp>

<comp id="409" class="1004" name="trunc_ln24_fu_409">
<pin_list>
<pin id="410" dir="0" index="0" bw="32" slack="0"/>
<pin id="411" dir="1" index="1" bw="31" slack="40"/>
</pin_list>
<bind>
<opcode="trunc(33) " fcode="trunc"/>
<opset="trunc_ln24/1 "/>
</bind>
</comp>

<comp id="413" class="1004" name="trunc_ln24_1_fu_413">
<pin_list>
<pin id="414" dir="0" index="0" bw="32" slack="0"/>
<pin id="415" dir="1" index="1" bw="31" slack="0"/>
</pin_list>
<bind>
<opcode="trunc(33) " fcode="trunc"/>
<opset="trunc_ln24_1/1 "/>
</bind>
</comp>

<comp id="417" class="1004" name="cmp6599_fu_417">
<pin_list>
<pin id="418" dir="0" index="0" bw="32" slack="0"/>
<pin id="419" dir="0" index="1" bw="32" slack="0"/>
<pin id="420" dir="1" index="2" bw="1" slack="0"/>
</pin_list>
<bind>
<opcode="icmp(45) " fcode="icmp"/>
<opset="cmp6599/1 "/>
</bind>
</comp>

<comp id="423" class="1004" name="select_ln87_fu_423">
<pin_list>
<pin id="424" dir="0" index="0" bw="1" slack="0"/>
<pin id="425" dir="0" index="1" bw="31" slack="0"/>
<pin id="426" dir="0" index="2" bw="31" slack="0"/>
<pin id="427" dir="1" index="3" bw="31" slack="1"/>
</pin_list>
<bind>
<opcode="select(49) " fcode="select"/>
<opset="select_ln87/1 "/>
</bind>
</comp>

<comp id="431" class="1004" name="trunc_ln89_fu_431">
<pin_list>
<pin id="432" dir="0" index="0" bw="64" slack="0"/>
<pin id="433" dir="1" index="1" bw="2" slack="2"/>
</pin_list>
<bind>
<opcode="trunc(33) " fcode="trunc"/>
<opset="trunc_ln89/1 "/>
</bind>
</comp>

<comp id="435" class="1004" name="store_ln87_store_fu_435">
<pin_list>
<pin id="436" dir="0" index="0" bw="1" slack="0"/>
<pin id="437" dir="0" index="1" bw="32" slack="0"/>
<pin id="438" dir="1" index="2" bw="0" slack="2147483647"/>
</pin_list>
<bind>
<opcode="store(28) " fcode="store"/>
<opset="store_ln87/1 "/>
</bind>
</comp>

<comp id="440" class="1004" name="store_ln87_store_fu_440">
<pin_list>
<pin id="441" dir="0" index="0" bw="1" slack="0"/>
<pin id="442" dir="0" index="1" bw="32" slack="0"/>
<pin id="443" dir="1" index="2" bw="0" slack="2147483647"/>
</pin_list>
<bind>
<opcode="store(28) " fcode="store"/>
<opset="store_ln87/1 "/>
</bind>
</comp>

<comp id="445" class="1004" name="cmp61103_fu_445">
<pin_list>
<pin id="446" dir="0" index="0" bw="32" slack="1"/>
<pin id="447" dir="0" index="1" bw="32" slack="0"/>
<pin id="448" dir="1" index="2" bw="1" slack="1"/>
</pin_list>
<bind>
<opcode="icmp(45) " fcode="icmp"/>
<opset="cmp61103/2 "/>
</bind>
</comp>

<comp id="450" class="1004" name="zext_ln87_fu_450">
<pin_list>
<pin id="451" dir="0" index="0" bw="31" slack="1"/>
<pin id="452" dir="1" index="1" bw="32" slack="0"/>
</pin_list>
<bind>
<opcode="zext(34) " fcode="zext"/>
<opset="zext_ln87/2 "/>
</bind>
</comp>

<comp id="453" class="1004" name="mul_ln87_fu_453">
<pin_list>
<pin id="454" dir="0" index="0" bw="31" slack="0"/>
<pin id="455" dir="0" index="1" bw="32" slack="1"/>
<pin id="456" dir="1" index="2" bw="32" slack="1"/>
</pin_list>
<bind>
<opcode="mul(12) " fcode="mul"/>
<opset="mul_ln87/2 "/>
</bind>
</comp>

<comp id="458" class="1004" name="zext_ln24_fu_458">
<pin_list>
<pin id="459" dir="0" index="0" bw="32" slack="1"/>
<pin id="460" dir="1" index="1" bw="63" slack="0"/>
</pin_list>
<bind>
<opcode="zext(34) " fcode="zext"/>
<opset="zext_ln24/2 "/>
</bind>
</comp>

<comp id="461" class="1004" name="zext_ln24_1_fu_461">
<pin_list>
<pin id="462" dir="0" index="0" bw="32" slack="1"/>
<pin id="463" dir="1" index="1" bw="63" slack="0"/>
</pin_list>
<bind>
<opcode="zext(34) " fcode="zext"/>
<opset="zext_ln24_1/2 "/>
</bind>
</comp>

<comp id="464" class="1004" name="mul_ln24_fu_464">
<pin_list>
<pin id="465" dir="0" index="0" bw="32" slack="0"/>
<pin id="466" dir="0" index="1" bw="32" slack="0"/>
<pin id="467" dir="1" index="2" bw="63" slack="1"/>
</pin_list>
<bind>
<opcode="mul(12) " fcode="mul"/>
<opset="mul_ln24/2 "/>
</bind>
</comp>

<comp id="470" class="1004" name="ic_2_load_fu_470">
<pin_list>
<pin id="471" dir="0" index="0" bw="32" slack="2"/>
<pin id="472" dir="1" index="1" bw="32" slack="0"/>
</pin_list>
<bind>
<opcode="load(27) " fcode="load"/>
<opset="ic_2/3 "/>
</bind>
</comp>

<comp id="473" class="1004" name="icmp_ln87_fu_473">
<pin_list>
<pin id="474" dir="0" index="0" bw="32" slack="0"/>
<pin id="475" dir="0" index="1" bw="32" slack="2"/>
<pin id="476" dir="1" index="2" bw="1" slack="2147483647"/>
</pin_list>
<bind>
<opcode="icmp(45) " fcode="icmp"/>
<opset="icmp_ln87/3 "/>
</bind>
</comp>

<comp id="478" class="1004" name="add_ln87_fu_478">
<pin_list>
<pin id="479" dir="0" index="0" bw="32" slack="0"/>
<pin id="480" dir="0" index="1" bw="1" slack="0"/>
<pin id="481" dir="1" index="2" bw="32" slack="1"/>
</pin_list>
<bind>
<opcode="add(8) " fcode="add"/>
<opset="add_ln87/3 "/>
</bind>
</comp>

<comp id="484" class="1004" name="tmp_s_fu_484">
<pin_list>
<pin id="485" dir="0" index="0" bw="37" slack="0"/>
<pin id="486" dir="0" index="1" bw="32" slack="0"/>
<pin id="487" dir="0" index="2" bw="1" slack="0"/>
<pin id="488" dir="1" index="3" bw="37" slack="0"/>
</pin_list>
<bind>
<opcode="bitconcatenate(1004) " fcode="bitconcatenate"/>
<opset="tmp_s/3 "/>
</bind>
</comp>

<comp id="493" class="1004" name="in_ptr_load_load_fu_493">
<pin_list>
<pin id="494" dir="0" index="0" bw="32" slack="2"/>
<pin id="495" dir="1" index="1" bw="32" slack="0"/>
</pin_list>
<bind>
<opcode="load(27) " fcode="load"/>
<opset="in_ptr_load/3 "/>
</bind>
</comp>

<comp id="497" class="1004" name="add_ln88_fu_497">
<pin_list>
<pin id="498" dir="0" index="0" bw="32" slack="0"/>
<pin id="499" dir="0" index="1" bw="32" slack="1"/>
<pin id="500" dir="1" index="2" bw="32" slack="0"/>
</pin_list>
<bind>
<opcode="add(8) " fcode="add"/>
<opset="add_ln88/3 "/>
</bind>
</comp>

<comp id="502" class="1004" name="store_ln87_store_fu_502">
<pin_list>
<pin id="503" dir="0" index="0" bw="32" slack="0"/>
<pin id="504" dir="0" index="1" bw="32" slack="2"/>
<pin id="505" dir="1" index="2" bw="0" slack="2147483647"/>
</pin_list>
<bind>
<opcode="store(28) " fcode="store"/>
<opset="store_ln87/3 "/>
</bind>
</comp>

<comp id="507" class="1004" name="shl_ln101_fu_507">
<pin_list>
<pin id="508" dir="0" index="0" bw="32" slack="2"/>
<pin id="509" dir="0" index="1" bw="1" slack="0"/>
<pin id="510" dir="1" index="2" bw="32" slack="0"/>
</pin_list>
<bind>
<opcode="shl(20) " fcode="shl"/>
<opset="shl_ln101/3 "/>
</bind>
</comp>

<comp id="512" class="1004" name="sub_ln102_fu_512">
<pin_list>
<pin id="513" dir="0" index="0" bw="32" slack="2"/>
<pin id="514" dir="0" index="1" bw="32" slack="2"/>
<pin id="515" dir="1" index="2" bw="32" slack="0"/>
</pin_list>
<bind>
<opcode="sub(10) " fcode="sub"/>
<opset="sub_ln102/3 "/>
</bind>
</comp>

<comp id="516" class="1004" name="add_ln102_fu_516">
<pin_list>
<pin id="517" dir="0" index="0" bw="32" slack="0"/>
<pin id="518" dir="0" index="1" bw="32" slack="0"/>
<pin id="519" dir="1" index="2" bw="32" slack="0"/>
</pin_list>
<bind>
<opcode="add(8) " fcode="add"/>
<opset="add_ln102/3 "/>
</bind>
</comp>

<comp id="522" class="1004" name="grp_fu_522">
<pin_list>
<pin id="523" dir="0" index="0" bw="32" slack="0"/>
<pin id="524" dir="0" index="1" bw="32" slack="2"/>
<pin id="525" dir="1" index="2" bw="32" slack="0"/>
</pin_list>
<bind>
<opcode="sdiv(15) " fcode="sdiv"/>
<opset="sdiv_ln102/3 "/>
</bind>
</comp>

<comp id="527" class="1004" name="icmp_ln104_fu_527">
<pin_list>
<pin id="528" dir="0" index="0" bw="32" slack="2"/>
<pin id="529" dir="0" index="1" bw="32" slack="0"/>
<pin id="530" dir="1" index="2" bw="1" slack="35"/>
</pin_list>
<bind>
<opcode="icmp(45) " fcode="icmp"/>
<opset="icmp_ln104/3 "/>
</bind>
</comp>

<comp id="532" class="1004" name="tobool133_fu_532">
<pin_list>
<pin id="533" dir="0" index="0" bw="32" slack="2"/>
<pin id="534" dir="0" index="1" bw="32" slack="0"/>
<pin id="535" dir="1" index="2" bw="1" slack="48"/>
</pin_list>
<bind>
<opcode="icmp(45) " fcode="icmp"/>
<opset="tobool133/3 "/>
</bind>
</comp>

<comp id="537" class="1004" name="store_ln110_store_fu_537">
<pin_list>
<pin id="538" dir="0" index="0" bw="1" slack="0"/>
<pin id="539" dir="0" index="1" bw="32" slack="0"/>
<pin id="540" dir="1" index="2" bw="0" slack="2147483647"/>
</pin_list>
<bind>
<opcode="store(28) " fcode="store"/>
<opset="store_ln110/3 "/>
</bind>
</comp>

<comp id="542" class="1004" name="store_ln110_store_fu_542">
<pin_list>
<pin id="543" dir="0" index="0" bw="1" slack="0"/>
<pin id="544" dir="0" index="1" bw="32" slack="0"/>
<pin id="545" dir="1" index="2" bw="0" slack="2147483647"/>
</pin_list>
<bind>
<opcode="store(28) " fcode="store"/>
<opset="store_ln110/3 "/>
</bind>
</comp>

<comp id="547" class="1004" name="store_ln110_store_fu_547">
<pin_list>
<pin id="548" dir="0" index="0" bw="1" slack="0"/>
<pin id="549" dir="0" index="1" bw="32" slack="0"/>
<pin id="550" dir="1" index="2" bw="0" slack="2147483647"/>
</pin_list>
<bind>
<opcode="store(28) " fcode="store"/>
<opset="store_ln110/3 "/>
</bind>
</comp>

<comp id="552" class="1004" name="store_ln87_store_fu_552">
<pin_list>
<pin id="553" dir="0" index="0" bw="32" slack="1"/>
<pin id="554" dir="0" index="1" bw="32" slack="3"/>
<pin id="555" dir="1" index="2" bw="0" slack="2147483647"/>
</pin_list>
<bind>
<opcode="store(28) " fcode="store"/>
<opset="store_ln87/4 "/>
</bind>
</comp>

<comp id="556" class="1004" name="sub_ln101_fu_556">
<pin_list>
<pin id="557" dir="0" index="0" bw="32" slack="3"/>
<pin id="558" dir="0" index="1" bw="32" slack="3"/>
<pin id="559" dir="1" index="2" bw="32" slack="0"/>
</pin_list>
<bind>
<opcode="sub(10) " fcode="sub"/>
<opset="sub_ln101/5 "/>
</bind>
</comp>

<comp id="560" class="1004" name="add_ln101_fu_560">
<pin_list>
<pin id="561" dir="0" index="0" bw="32" slack="0"/>
<pin id="562" dir="0" index="1" bw="32" slack="1"/>
<pin id="563" dir="1" index="2" bw="32" slack="0"/>
</pin_list>
<bind>
<opcode="add(8) " fcode="add"/>
<opset="add_ln101/5 "/>
</bind>
</comp>

<comp id="565" class="1004" name="grp_fu_565">
<pin_list>
<pin id="566" dir="0" index="0" bw="32" slack="0"/>
<pin id="567" dir="0" index="1" bw="32" slack="3"/>
<pin id="568" dir="1" index="2" bw="32" slack="0"/>
</pin_list>
<bind>
<opcode="sdiv(15) " fcode="sdiv"/>
<opset="sdiv_ln101/5 "/>
</bind>
</comp>

<comp id="570" class="1004" name="trunc_ln105_1_fu_570">
<pin_list>
<pin id="571" dir="0" index="0" bw="31" slack="0"/>
<pin id="572" dir="0" index="1" bw="32" slack="0"/>
<pin id="573" dir="0" index="2" bw="1" slack="0"/>
<pin id="574" dir="0" index="3" bw="6" slack="0"/>
<pin id="575" dir="1" index="4" bw="31" slack="0"/>
</pin_list>
<bind>
<opcode="partselect(1002) " fcode="partselect"/>
<opset="trunc_ln105_1/39 "/>
</bind>
</comp>

<comp id="580" class="1004" name="xor_ln105_fu_580">
<pin_list>
<pin id="581" dir="0" index="0" bw="31" slack="0"/>
<pin id="582" dir="0" index="1" bw="31" slack="0"/>
<pin id="583" dir="1" index="2" bw="31" slack="0"/>
</pin_list>
<bind>
<opcode="xor(25) " fcode="xor"/>
<opset="xor_ln105/39 "/>
</bind>
</comp>

<comp id="586" class="1004" name="zext_ln105_fu_586">
<pin_list>
<pin id="587" dir="0" index="0" bw="31" slack="0"/>
<pin id="588" dir="1" index="1" bw="32" slack="0"/>
</pin_list>
<bind>
<opcode="zext(34) " fcode="zext"/>
<opset="zext_ln105/39 "/>
</bind>
</comp>

<comp id="590" class="1004" name="sub_ln105_fu_590">
<pin_list>
<pin id="591" dir="0" index="0" bw="1" slack="0"/>
<pin id="592" dir="0" index="1" bw="31" slack="0"/>
<pin id="593" dir="1" index="2" bw="32" slack="1"/>
</pin_list>
<bind>
<opcode="sub(10) " fcode="sub"/>
<opset="sub_ln105/39 "/>
</bind>
</comp>

<comp id="596" class="1004" name="out_height_fu_596">
<pin_list>
<pin id="597" dir="0" index="0" bw="32" slack="0"/>
<pin id="598" dir="0" index="1" bw="1" slack="0"/>
<pin id="599" dir="1" index="2" bw="32" slack="0"/>
</pin_list>
<bind>
<opcode="add(8) " fcode="add"/>
<opset="out_height/40 "/>
</bind>
</comp>

<comp id="602" class="1004" name="out_width_fu_602">
<pin_list>
<pin id="603" dir="0" index="0" bw="32" slack="1"/>
<pin id="604" dir="0" index="1" bw="1" slack="0"/>
<pin id="605" dir="1" index="2" bw="32" slack="0"/>
</pin_list>
<bind>
<opcode="add(8) " fcode="add"/>
<opset="out_width/40 "/>
</bind>
</comp>

<comp id="607" class="1004" name="tmp_fu_607">
<pin_list>
<pin id="608" dir="0" index="0" bw="1" slack="0"/>
<pin id="609" dir="0" index="1" bw="32" slack="0"/>
<pin id="610" dir="0" index="2" bw="6" slack="0"/>
<pin id="611" dir="1" index="3" bw="1" slack="0"/>
</pin_list>
<bind>
<opcode="bitselect(1000) " fcode="bitselect"/>
<opset="tmp/40 "/>
</bind>
</comp>

<comp id="615" class="1004" name="trunc_ln104_1_fu_615">
<pin_list>
<pin id="616" dir="0" index="0" bw="31" slack="0"/>
<pin id="617" dir="0" index="1" bw="32" slack="0"/>
<pin id="618" dir="0" index="2" bw="1" slack="0"/>
<pin id="619" dir="0" index="3" bw="6" slack="0"/>
<pin id="620" dir="1" index="4" bw="31" slack="0"/>
</pin_list>
<bind>
<opcode="partselect(1002) " fcode="partselect"/>
<opset="trunc_ln104_1/40 "/>
</bind>
</comp>

<comp id="625" class="1004" name="xor_ln104_fu_625">
<pin_list>
<pin id="626" dir="0" index="0" bw="31" slack="0"/>
<pin id="627" dir="0" index="1" bw="31" slack="0"/>
<pin id="628" dir="1" index="2" bw="31" slack="0"/>
</pin_list>
<bind>
<opcode="xor(25) " fcode="xor"/>
<opset="xor_ln104/40 "/>
</bind>
</comp>

<comp id="631" class="1004" name="zext_ln104_fu_631">
<pin_list>
<pin id="632" dir="0" index="0" bw="31" slack="0"/>
<pin id="633" dir="1" index="1" bw="32" slack="0"/>
</pin_list>
<bind>
<opcode="zext(34) " fcode="zext"/>
<opset="zext_ln104/40 "/>
</bind>
</comp>

<comp id="635" class="1004" name="sub_ln104_fu_635">
<pin_list>
<pin id="636" dir="0" index="0" bw="1" slack="0"/>
<pin id="637" dir="0" index="1" bw="31" slack="0"/>
<pin id="638" dir="1" index="2" bw="32" slack="0"/>
</pin_list>
<bind>
<opcode="sub(10) " fcode="sub"/>
<opset="sub_ln104/40 "/>
</bind>
</comp>

<comp id="641" class="1004" name="lshr_ln104_2_fu_641">
<pin_list>
<pin id="642" dir="0" index="0" bw="31" slack="0"/>
<pin id="643" dir="0" index="1" bw="32" slack="0"/>
<pin id="644" dir="0" index="2" bw="1" slack="0"/>
<pin id="645" dir="0" index="3" bw="6" slack="0"/>
<pin id="646" dir="1" index="4" bw="31" slack="0"/>
</pin_list>
<bind>
<opcode="partselect(1002) " fcode="partselect"/>
<opset="lshr_ln104_2/40 "/>
</bind>
</comp>

<comp id="651" class="1004" name="zext_ln104_1_fu_651">
<pin_list>
<pin id="652" dir="0" index="0" bw="31" slack="0"/>
<pin id="653" dir="1" index="1" bw="32" slack="0"/>
</pin_list>
<bind>
<opcode="zext(34) " fcode="zext"/>
<opset="zext_ln104_1/40 "/>
</bind>
</comp>

<comp id="655" class="1004" name="select_ln104_fu_655">
<pin_list>
<pin id="656" dir="0" index="0" bw="1" slack="0"/>
<pin id="657" dir="0" index="1" bw="32" slack="0"/>
<pin id="658" dir="0" index="2" bw="32" slack="0"/>
<pin id="659" dir="1" index="3" bw="32" slack="0"/>
</pin_list>
<bind>
<opcode="select(49) " fcode="select"/>
<opset="select_ln104/40 "/>
</bind>
</comp>

<comp id="663" class="1004" name="final_height_fu_663">
<pin_list>
<pin id="664" dir="0" index="0" bw="1" slack="36"/>
<pin id="665" dir="0" index="1" bw="32" slack="0"/>
<pin id="666" dir="0" index="2" bw="32" slack="0"/>
<pin id="667" dir="1" index="3" bw="32" slack="17"/>
</pin_list>
<bind>
<opcode="select(49) " fcode="select"/>
<opset="final_height/40 "/>
</bind>
</comp>

<comp id="670" class="1004" name="tmp_8_fu_670">
<pin_list>
<pin id="671" dir="0" index="0" bw="1" slack="0"/>
<pin id="672" dir="0" index="1" bw="32" slack="0"/>
<pin id="673" dir="0" index="2" bw="6" slack="0"/>
<pin id="674" dir="1" index="3" bw="1" slack="0"/>
</pin_list>
<bind>
<opcode="bitselect(1000) " fcode="bitselect"/>
<opset="tmp_8/40 "/>
</bind>
</comp>

<comp id="678" class="1004" name="lshr_ln105_2_fu_678">
<pin_list>
<pin id="679" dir="0" index="0" bw="31" slack="0"/>
<pin id="680" dir="0" index="1" bw="32" slack="0"/>
<pin id="681" dir="0" index="2" bw="1" slack="0"/>
<pin id="682" dir="0" index="3" bw="6" slack="0"/>
<pin id="683" dir="1" index="4" bw="31" slack="0"/>
</pin_list>
<bind>
<opcode="partselect(1002) " fcode="partselect"/>
<opset="lshr_ln105_2/40 "/>
</bind>
</comp>

<comp id="688" class="1004" name="zext_ln105_1_fu_688">
<pin_list>
<pin id="689" dir="0" index="0" bw="31" slack="0"/>
<pin id="690" dir="1" index="1" bw="32" slack="0"/>
</pin_list>
<bind>
<opcode="zext(34) " fcode="zext"/>
<opset="zext_ln105_1/40 "/>
</bind>
</comp>

<comp id="692" class="1004" name="select_ln105_fu_692">
<pin_list>
<pin id="693" dir="0" index="0" bw="1" slack="0"/>
<pin id="694" dir="0" index="1" bw="32" slack="1"/>
<pin id="695" dir="0" index="2" bw="32" slack="0"/>
<pin id="696" dir="1" index="3" bw="32" slack="0"/>
</pin_list>
<bind>
<opcode="select(49) " fcode="select"/>
<opset="select_ln105/40 "/>
</bind>
</comp>

<comp id="699" class="1004" name="final_width_fu_699">
<pin_list>
<pin id="700" dir="0" index="0" bw="1" slack="36"/>
<pin id="701" dir="0" index="1" bw="32" slack="0"/>
<pin id="702" dir="0" index="2" bw="32" slack="0"/>
<pin id="703" dir="1" index="3" bw="32" slack="0"/>
</pin_list>
<bind>
<opcode="select(49) " fcode="select"/>
<opset="final_width/40 "/>
</bind>
</comp>

<comp id="706" class="1004" name="trunc_ln105_fu_706">
<pin_list>
<pin id="707" dir="0" index="0" bw="32" slack="0"/>
<pin id="708" dir="1" index="1" bw="31" slack="17"/>
</pin_list>
<bind>
<opcode="trunc(33) " fcode="trunc"/>
<opset="trunc_ln105/40 "/>
</bind>
</comp>

<comp id="710" class="1004" name="cmp10479_fu_710">
<pin_list>
<pin id="711" dir="0" index="0" bw="32" slack="38"/>
<pin id="712" dir="0" index="1" bw="32" slack="0"/>
<pin id="713" dir="1" index="2" bw="1" slack="2"/>
</pin_list>
<bind>
<opcode="icmp(45) " fcode="icmp"/>
<opset="cmp10479/40 "/>
</bind>
</comp>

<comp id="715" class="1004" name="cmp14787_fu_715">
<pin_list>
<pin id="716" dir="0" index="0" bw="32" slack="0"/>
<pin id="717" dir="0" index="1" bw="32" slack="0"/>
<pin id="718" dir="1" index="2" bw="1" slack="17"/>
</pin_list>
<bind>
<opcode="icmp(45) " fcode="icmp"/>
<opset="cmp14787/40 "/>
</bind>
</comp>

<comp id="721" class="1004" name="mul_ln110_fu_721">
<pin_list>
<pin id="722" dir="0" index="0" bw="32" slack="38"/>
<pin id="723" dir="0" index="1" bw="32" slack="38"/>
<pin id="724" dir="1" index="2" bw="32" slack="2"/>
</pin_list>
<bind>
<opcode="mul(12) " fcode="mul"/>
<opset="mul_ln110/40 "/>
</bind>
</comp>

<comp id="725" class="1004" name="trunc_ln117_fu_725">
<pin_list>
<pin id="726" dir="0" index="0" bw="64" slack="38"/>
<pin id="727" dir="1" index="1" bw="2" slack="2"/>
</pin_list>
<bind>
<opcode="trunc(33) " fcode="trunc"/>
<opset="trunc_ln117/40 "/>
</bind>
</comp>

<comp id="728" class="1004" name="zext_ln101_fu_728">
<pin_list>
<pin id="729" dir="0" index="0" bw="32" slack="38"/>
<pin id="730" dir="1" index="1" bw="62" slack="0"/>
</pin_list>
<bind>
<opcode="zext(34) " fcode="zext"/>
<opset="zext_ln101/40 "/>
</bind>
</comp>

<comp id="731" class="1004" name="mul_ln101_fu_731">
<pin_list>
<pin id="732" dir="0" index="0" bw="32" slack="0"/>
<pin id="733" dir="0" index="1" bw="32" slack="0"/>
<pin id="734" dir="1" index="2" bw="62" slack="2"/>
</pin_list>
<bind>
<opcode="mul(12) " fcode="mul"/>
<opset="mul_ln101/40 "/>
</bind>
</comp>

<comp id="737" class="1004" name="oc_1_load_fu_737">
<pin_list>
<pin id="738" dir="0" index="0" bw="32" slack="37"/>
<pin id="739" dir="1" index="1" bw="32" slack="0"/>
</pin_list>
<bind>
<opcode="load(27) " fcode="load"/>
<opset="oc_1/41 "/>
</bind>
</comp>

<comp id="740" class="1004" name="icmp_ln110_fu_740">
<pin_list>
<pin id="741" dir="0" index="0" bw="32" slack="0"/>
<pin id="742" dir="0" index="1" bw="32" slack="39"/>
<pin id="743" dir="1" index="2" bw="1" slack="2147483647"/>
</pin_list>
<bind>
<opcode="icmp(45) " fcode="icmp"/>
<opset="icmp_ln110/41 "/>
</bind>
</comp>

<comp id="745" class="1004" name="add_ln110_fu_745">
<pin_list>
<pin id="746" dir="0" index="0" bw="32" slack="0"/>
<pin id="747" dir="0" index="1" bw="1" slack="0"/>
<pin id="748" dir="1" index="2" bw="32" slack="16"/>
</pin_list>
<bind>
<opcode="add(8) " fcode="add"/>
<opset="add_ln110/41 "/>
</bind>
</comp>

<comp id="751" class="1004" name="icmp_ln115_fu_751">
<pin_list>
<pin id="752" dir="0" index="0" bw="32" slack="0"/>
<pin id="753" dir="0" index="1" bw="32" slack="40"/>
<pin id="754" dir="1" index="2" bw="1" slack="2147483647"/>
</pin_list>
<bind>
<opcode="icmp(45) " fcode="icmp"/>
<opset="icmp_ln115/42 "/>
</bind>
</comp>

<comp id="756" class="1004" name="add_ln115_fu_756">
<pin_list>
<pin id="757" dir="0" index="0" bw="32" slack="0"/>
<pin id="758" dir="0" index="1" bw="1" slack="0"/>
<pin id="759" dir="1" index="2" bw="32" slack="0"/>
</pin_list>
<bind>
<opcode="add(8) " fcode="add"/>
<opset="add_ln115/42 "/>
</bind>
</comp>

<comp id="762" class="1004" name="zext_ln119_fu_762">
<pin_list>
<pin id="763" dir="0" index="0" bw="32" slack="0"/>
<pin id="764" dir="1" index="1" bw="36" slack="0"/>
</pin_list>
<bind>
<opcode="zext(34) " fcode="zext"/>
<opset="zext_ln119/42 "/>
</bind>
</comp>

<comp id="766" class="1004" name="tmp_1_fu_766">
<pin_list>
<pin id="767" dir="0" index="0" bw="35" slack="0"/>
<pin id="768" dir="0" index="1" bw="32" slack="0"/>
<pin id="769" dir="0" index="2" bw="1" slack="0"/>
<pin id="770" dir="1" index="3" bw="35" slack="0"/>
</pin_list>
<bind>
<opcode="bitconcatenate(1004) " fcode="bitconcatenate"/>
<opset="tmp_1/42 "/>
</bind>
</comp>

<comp id="774" class="1004" name="zext_ln119_3_fu_774">
<pin_list>
<pin id="775" dir="0" index="0" bw="35" slack="0"/>
<pin id="776" dir="1" index="1" bw="36" slack="0"/>
</pin_list>
<bind>
<opcode="zext(34) " fcode="zext"/>
<opset="zext_ln119_3/42 "/>
</bind>
</comp>

<comp id="778" class="1004" name="sub_ln119_fu_778">
<pin_list>
<pin id="779" dir="0" index="0" bw="35" slack="0"/>
<pin id="780" dir="0" index="1" bw="32" slack="0"/>
<pin id="781" dir="1" index="2" bw="36" slack="0"/>
</pin_list>
<bind>
<opcode="sub(10) " fcode="sub"/>
<opset="sub_ln119/42 "/>
</bind>
</comp>

<comp id="785" class="1004" name="w_ptr_load_load_fu_785">
<pin_list>
<pin id="786" dir="0" index="0" bw="32" slack="38"/>
<pin id="787" dir="1" index="1" bw="32" slack="0"/>
</pin_list>
<bind>
<opcode="load(27) " fcode="load"/>
<opset="w_ptr_load/42 "/>
</bind>
</comp>

<comp id="789" class="1004" name="add_ln116_fu_789">
<pin_list>
<pin id="790" dir="0" index="0" bw="32" slack="0"/>
<pin id="791" dir="0" index="1" bw="32" slack="2"/>
<pin id="792" dir="1" index="2" bw="32" slack="0"/>
</pin_list>
<bind>
<opcode="add(8) " fcode="add"/>
<opset="add_ln116/42 "/>
</bind>
</comp>

<comp id="794" class="1004" name="store_ln115_store_fu_794">
<pin_list>
<pin id="795" dir="0" index="0" bw="32" slack="0"/>
<pin id="796" dir="0" index="1" bw="32" slack="38"/>
<pin id="797" dir="1" index="2" bw="0" slack="2147483647"/>
</pin_list>
<bind>
<opcode="store(28) " fcode="store"/>
<opset="store_ln115/42 "/>
</bind>
</comp>

<comp id="799" class="1004" name="shl_ln2_fu_799">
<pin_list>
<pin id="800" dir="0" index="0" bw="34" slack="0"/>
<pin id="801" dir="0" index="1" bw="32" slack="2147483647"/>
<pin id="802" dir="0" index="2" bw="1" slack="0"/>
<pin id="803" dir="1" index="3" bw="34" slack="0"/>
</pin_list>
<bind>
<opcode="bitconcatenate(1004) " fcode="bitconcatenate"/>
<opset="shl_ln2/42 "/>
</bind>
</comp>

<comp id="806" class="1004" name="zext_ln133_fu_806">
<pin_list>
<pin id="807" dir="0" index="0" bw="34" slack="0"/>
<pin id="808" dir="1" index="1" bw="64" slack="0"/>
</pin_list>
<bind>
<opcode="zext(34) " fcode="zext"/>
<opset="zext_ln133/42 "/>
</bind>
</comp>

<comp id="810" class="1004" name="add_ln133_fu_810">
<pin_list>
<pin id="811" dir="0" index="0" bw="34" slack="0"/>
<pin id="812" dir="0" index="1" bw="64" slack="40"/>
<pin id="813" dir="1" index="2" bw="64" slack="0"/>
</pin_list>
<bind>
<opcode="add(8) " fcode="add"/>
<opset="add_ln133/42 "/>
</bind>
</comp>

<comp id="815" class="1004" name="trunc_ln6_fu_815">
<pin_list>
<pin id="816" dir="0" index="0" bw="62" slack="0"/>
<pin id="817" dir="0" index="1" bw="64" slack="0"/>
<pin id="818" dir="0" index="2" bw="3" slack="0"/>
<pin id="819" dir="0" index="3" bw="7" slack="0"/>
<pin id="820" dir="1" index="4" bw="62" slack="0"/>
</pin_list>
<bind>
<opcode="partselect(1002) " fcode="partselect"/>
<opset="trunc_ln6/42 "/>
</bind>
</comp>

<comp id="825" class="1004" name="sext_ln133_fu_825">
<pin_list>
<pin id="826" dir="0" index="0" bw="62" slack="0"/>
<pin id="827" dir="1" index="1" bw="64" slack="0"/>
</pin_list>
<bind>
<opcode="sext(35) " fcode="sext"/>
<opset="sext_ln133/42 "/>
</bind>
</comp>

<comp id="829" class="1004" name="DATA_addr_fu_829">
<pin_list>
<pin id="830" dir="0" index="0" bw="64" slack="0"/>
<pin id="831" dir="0" index="1" bw="64" slack="0"/>
<pin id="832" dir="1" index="2" bw="64" slack="1"/>
</pin_list>
<bind>
<opcode="getelementptr(29) " fcode="getelementptr"/>
<opset="DATA_addr/42 "/>
</bind>
</comp>

<comp id="835" class="1004" name="trunc_ln160_fu_835">
<pin_list>
<pin id="836" dir="0" index="0" bw="32" slack="0"/>
<pin id="837" dir="1" index="1" bw="5" slack="0"/>
</pin_list>
<bind>
<opcode="trunc(33) " fcode="trunc"/>
<opset="trunc_ln160/58 "/>
</bind>
</comp>

<comp id="839" class="1004" name="icmp_ln160_fu_839">
<pin_list>
<pin id="840" dir="0" index="0" bw="32" slack="0"/>
<pin id="841" dir="0" index="1" bw="32" slack="17"/>
<pin id="842" dir="1" index="2" bw="1" slack="2147483647"/>
</pin_list>
<bind>
<opcode="icmp(45) " fcode="icmp"/>
<opset="icmp_ln160/58 "/>
</bind>
</comp>

<comp id="844" class="1004" name="add_ln160_1_fu_844">
<pin_list>
<pin id="845" dir="0" index="0" bw="32" slack="0"/>
<pin id="846" dir="0" index="1" bw="1" slack="0"/>
<pin id="847" dir="1" index="2" bw="32" slack="0"/>
</pin_list>
<bind>
<opcode="add(8) " fcode="add"/>
<opset="add_ln160_1/58 "/>
</bind>
</comp>

<comp id="850" class="1004" name="tmp_2_fu_850">
<pin_list>
<pin id="851" dir="0" index="0" bw="10" slack="0"/>
<pin id="852" dir="0" index="1" bw="5" slack="0"/>
<pin id="853" dir="0" index="2" bw="1" slack="0"/>
<pin id="854" dir="1" index="3" bw="10" slack="0"/>
</pin_list>
<bind>
<opcode="bitconcatenate(1004) " fcode="bitconcatenate"/>
<opset="tmp_2/58 "/>
</bind>
</comp>

<comp id="859" class="1004" name="trunc_ln160_1_fu_859">
<pin_list>
<pin id="860" dir="0" index="0" bw="32" slack="0"/>
<pin id="861" dir="1" index="1" bw="1" slack="0"/>
</pin_list>
<bind>
<opcode="trunc(33) " fcode="trunc"/>
<opset="trunc_ln160_1/58 "/>
</bind>
</comp>

<comp id="864" class="1004" name="out_ptr_load_load_fu_864">
<pin_list>
<pin id="865" dir="0" index="0" bw="32" slack="53"/>
<pin id="866" dir="1" index="1" bw="32" slack="0"/>
</pin_list>
<bind>
<opcode="load(27) " fcode="load"/>
<opset="out_ptr_load/58 "/>
</bind>
</comp>

<comp id="868" class="1004" name="lshr_ln_fu_868">
<pin_list>
<pin id="869" dir="0" index="0" bw="4" slack="0"/>
<pin id="870" dir="0" index="1" bw="32" slack="0"/>
<pin id="871" dir="0" index="2" bw="1" slack="0"/>
<pin id="872" dir="0" index="3" bw="4" slack="0"/>
<pin id="873" dir="1" index="4" bw="4" slack="0"/>
</pin_list>
<bind>
<opcode="partselect(1002) " fcode="partselect"/>
<opset="lshr_ln/58 "/>
</bind>
</comp>

<comp id="878" class="1004" name="tmp_3_fu_878">
<pin_list>
<pin id="879" dir="0" index="0" bw="8" slack="0"/>
<pin id="880" dir="0" index="1" bw="4" slack="0"/>
<pin id="881" dir="0" index="2" bw="1" slack="0"/>
<pin id="882" dir="1" index="3" bw="8" slack="0"/>
</pin_list>
<bind>
<opcode="bitconcatenate(1004) " fcode="bitconcatenate"/>
<opset="tmp_3/58 "/>
</bind>
</comp>

<comp id="887" class="1004" name="add_ln160_fu_887">
<pin_list>
<pin id="888" dir="0" index="0" bw="32" slack="0"/>
<pin id="889" dir="0" index="1" bw="32" slack="17"/>
<pin id="890" dir="1" index="2" bw="32" slack="0"/>
</pin_list>
<bind>
<opcode="add(8) " fcode="add"/>
<opset="add_ln160/58 "/>
</bind>
</comp>

<comp id="892" class="1004" name="store_ln160_store_fu_892">
<pin_list>
<pin id="893" dir="0" index="0" bw="32" slack="0"/>
<pin id="894" dir="0" index="1" bw="32" slack="53"/>
<pin id="895" dir="1" index="2" bw="0" slack="2147483647"/>
</pin_list>
<bind>
<opcode="store(28) " fcode="store"/>
<opset="store_ln160/58 "/>
</bind>
</comp>

<comp id="897" class="1004" name="store_ln110_store_fu_897">
<pin_list>
<pin id="898" dir="0" index="0" bw="32" slack="16"/>
<pin id="899" dir="0" index="1" bw="32" slack="53"/>
<pin id="900" dir="1" index="2" bw="0" slack="2147483647"/>
</pin_list>
<bind>
<opcode="store(28) " fcode="store"/>
<opset="store_ln110/58 "/>
</bind>
</comp>

<comp id="901" class="1005" name="ic_reg_901">
<pin_list>
<pin id="902" dir="0" index="0" bw="32" slack="0"/>
<pin id="903" dir="1" index="1" bw="32" slack="0"/>
</pin_list>
<bind>
<opset="ic "/>
</bind>
</comp>

<comp id="908" class="1005" name="in_ptr_reg_908">
<pin_list>
<pin id="909" dir="0" index="0" bw="32" slack="0"/>
<pin id="910" dir="1" index="1" bw="32" slack="0"/>
</pin_list>
<bind>
<opset="in_ptr "/>
</bind>
</comp>

<comp id="915" class="1005" name="pool_enable_read_reg_915">
<pin_list>
<pin id="916" dir="0" index="0" bw="32" slack="2"/>
<pin id="917" dir="1" index="1" bw="32" slack="2"/>
</pin_list>
<bind>
<opset="pool_enable_read "/>
</bind>
</comp>

<comp id="920" class="1005" name="relu_enable_read_reg_920">
<pin_list>
<pin id="921" dir="0" index="0" bw="32" slack="2"/>
<pin id="922" dir="1" index="1" bw="32" slack="2"/>
</pin_list>
<bind>
<opset="relu_enable_read "/>
</bind>
</comp>

<comp id="925" class="1005" name="padding_read_reg_925">
<pin_list>
<pin id="926" dir="0" index="0" bw="32" slack="2"/>
<pin id="927" dir="1" index="1" bw="32" slack="2"/>
</pin_list>
<bind>
<opset="padding_read "/>
</bind>
</comp>

<comp id="931" class="1005" name="stride_read_reg_931">
<pin_list>
<pin id="932" dir="0" index="0" bw="32" slack="2"/>
<pin id="933" dir="1" index="1" bw="32" slack="2"/>
</pin_list>
<bind>
<opset="stride_read "/>
</bind>
</comp>

<comp id="938" class="1005" name="in_width_read_reg_938">
<pin_list>
<pin id="939" dir="0" index="0" bw="32" slack="1"/>
<pin id="940" dir="1" index="1" bw="32" slack="1"/>
</pin_list>
<bind>
<opset="in_width_read "/>
</bind>
</comp>

<comp id="946" class="1005" name="in_height_read_reg_946">
<pin_list>
<pin id="947" dir="0" index="0" bw="32" slack="1"/>
<pin id="948" dir="1" index="1" bw="32" slack="1"/>
</pin_list>
<bind>
<opset="in_height_read "/>
</bind>
</comp>

<comp id="955" class="1005" name="out_channels_read_reg_955">
<pin_list>
<pin id="956" dir="0" index="0" bw="32" slack="39"/>
<pin id="957" dir="1" index="1" bw="32" slack="39"/>
</pin_list>
<bind>
<opset="out_channels_read "/>
</bind>
</comp>

<comp id="960" class="1005" name="in_channels_read_reg_960">
<pin_list>
<pin id="961" dir="0" index="0" bw="32" slack="2"/>
<pin id="962" dir="1" index="1" bw="32" slack="2"/>
</pin_list>
<bind>
<opset="in_channels_read "/>
</bind>
</comp>

<comp id="967" class="1005" name="kernel_size_read_reg_967">
<pin_list>
<pin id="968" dir="0" index="0" bw="32" slack="2"/>
<pin id="969" dir="1" index="1" bw="32" slack="2"/>
</pin_list>
<bind>
<opset="kernel_size_read "/>
</bind>
</comp>

<comp id="978" class="1005" name="output_data_read_reg_978">
<pin_list>
<pin id="979" dir="0" index="0" bw="64" slack="55"/>
<pin id="980" dir="1" index="1" bw="64" slack="55"/>
</pin_list>
<bind>
<opset="output_data_read "/>
</bind>
</comp>

<comp id="983" class="1005" name="bias_data_read_reg_983">
<pin_list>
<pin id="984" dir="0" index="0" bw="64" slack="40"/>
<pin id="985" dir="1" index="1" bw="64" slack="40"/>
</pin_list>
<bind>
<opset="bias_data_read "/>
</bind>
</comp>

<comp id="988" class="1005" name="weight_data_read_reg_988">
<pin_list>
<pin id="989" dir="0" index="0" bw="64" slack="38"/>
<pin id="990" dir="1" index="1" bw="64" slack="38"/>
</pin_list>
<bind>
<opset="weight_data_read "/>
</bind>
</comp>

<comp id="994" class="1005" name="input_data_read_reg_994">
<pin_list>
<pin id="995" dir="0" index="0" bw="64" slack="2"/>
<pin id="996" dir="1" index="1" bw="64" slack="2"/>
</pin_list>
<bind>
<opset="input_data_read "/>
</bind>
</comp>

<comp id="999" class="1005" name="trunc_ln24_reg_999">
<pin_list>
<pin id="1000" dir="0" index="0" bw="31" slack="40"/>
<pin id="1001" dir="1" index="1" bw="31" slack="40"/>
</pin_list>
<bind>
<opset="trunc_ln24 "/>
</bind>
</comp>

<comp id="1004" class="1005" name="select_ln87_reg_1004">
<pin_list>
<pin id="1005" dir="0" index="0" bw="31" slack="1"/>
<pin id="1006" dir="1" index="1" bw="31" slack="1"/>
</pin_list>
<bind>
<opset="select_ln87 "/>
</bind>
</comp>

<comp id="1010" class="1005" name="trunc_ln89_reg_1010">
<pin_list>
<pin id="1011" dir="0" index="0" bw="2" slack="2"/>
<pin id="1012" dir="1" index="1" bw="2" slack="2"/>
</pin_list>
<bind>
<opset="trunc_ln89 "/>
</bind>
</comp>

<comp id="1015" class="1005" name="cmp61103_reg_1015">
<pin_list>
<pin id="1016" dir="0" index="0" bw="1" slack="1"/>
<pin id="1017" dir="1" index="1" bw="1" slack="2147483647"/>
</pin_list>
<bind>
<opset="cmp61103 "/>
</bind>
</comp>

<comp id="1019" class="1005" name="mul_ln87_reg_1019">
<pin_list>
<pin id="1020" dir="0" index="0" bw="32" slack="1"/>
<pin id="1021" dir="1" index="1" bw="32" slack="1"/>
</pin_list>
<bind>
<opset="mul_ln87 "/>
</bind>
</comp>

<comp id="1024" class="1005" name="mul_ln24_reg_1024">
<pin_list>
<pin id="1025" dir="0" index="0" bw="63" slack="1"/>
<pin id="1026" dir="1" index="1" bw="63" slack="1"/>
</pin_list>
<bind>
<opset="mul_ln24 "/>
</bind>
</comp>

<comp id="1032" class="1005" name="add_ln87_reg_1032">
<pin_list>
<pin id="1033" dir="0" index="0" bw="32" slack="1"/>
<pin id="1034" dir="1" index="1" bw="32" slack="1"/>
</pin_list>
<bind>
<opset="add_ln87 "/>
</bind>
</comp>

<comp id="1037" class="1005" name="tmp_s_reg_1037">
<pin_list>
<pin id="1038" dir="0" index="0" bw="37" slack="1"/>
<pin id="1039" dir="1" index="1" bw="37" slack="1"/>
</pin_list>
<bind>
<opset="tmp_s "/>
</bind>
</comp>

<comp id="1042" class="1005" name="in_ptr_load_reg_1042">
<pin_list>
<pin id="1043" dir="0" index="0" bw="32" slack="1"/>
<pin id="1044" dir="1" index="1" bw="32" slack="1"/>
</pin_list>
<bind>
<opset="in_ptr_load "/>
</bind>
</comp>

<comp id="1047" class="1005" name="oc_reg_1047">
<pin_list>
<pin id="1048" dir="0" index="0" bw="32" slack="0"/>
<pin id="1049" dir="1" index="1" bw="32" slack="0"/>
</pin_list>
<bind>
<opset="oc "/>
</bind>
</comp>

<comp id="1054" class="1005" name="w_ptr_reg_1054">
<pin_list>
<pin id="1055" dir="0" index="0" bw="32" slack="0"/>
<pin id="1056" dir="1" index="1" bw="32" slack="0"/>
</pin_list>
<bind>
<opset="w_ptr "/>
</bind>
</comp>

<comp id="1061" class="1005" name="out_ptr_reg_1061">
<pin_list>
<pin id="1062" dir="0" index="0" bw="32" slack="0"/>
<pin id="1063" dir="1" index="1" bw="32" slack="0"/>
</pin_list>
<bind>
<opset="out_ptr "/>
</bind>
</comp>

<comp id="1068" class="1005" name="shl_ln101_reg_1068">
<pin_list>
<pin id="1069" dir="0" index="0" bw="32" slack="1"/>
<pin id="1070" dir="1" index="1" bw="32" slack="1"/>
</pin_list>
<bind>
<opset="shl_ln101 "/>
</bind>
</comp>

<comp id="1073" class="1005" name="add_ln102_reg_1073">
<pin_list>
<pin id="1074" dir="0" index="0" bw="32" slack="1"/>
<pin id="1075" dir="1" index="1" bw="32" slack="1"/>
</pin_list>
<bind>
<opset="add_ln102 "/>
</bind>
</comp>

<comp id="1078" class="1005" name="icmp_ln104_reg_1078">
<pin_list>
<pin id="1079" dir="0" index="0" bw="1" slack="35"/>
<pin id="1080" dir="1" index="1" bw="1" slack="36"/>
</pin_list>
<bind>
<opset="icmp_ln104 "/>
</bind>
</comp>

<comp id="1085" class="1005" name="tobool133_reg_1085">
<pin_list>
<pin id="1086" dir="0" index="0" bw="1" slack="48"/>
<pin id="1087" dir="1" index="1" bw="1" slack="2147483647"/>
</pin_list>
<bind>
<opset="tobool133 "/>
</bind>
</comp>

<comp id="1089" class="1005" name="add_ln101_reg_1089">
<pin_list>
<pin id="1090" dir="0" index="0" bw="32" slack="1"/>
<pin id="1091" dir="1" index="1" bw="32" slack="1"/>
</pin_list>
<bind>
<opset="add_ln101 "/>
</bind>
</comp>

<comp id="1094" class="1005" name="sdiv_ln102_reg_1094">
<pin_list>
<pin id="1095" dir="0" index="0" bw="32" slack="1"/>
<pin id="1096" dir="1" index="1" bw="32" slack="1"/>
</pin_list>
<bind>
<opset="sdiv_ln102 "/>
</bind>
</comp>

<comp id="1099" class="1005" name="sub_ln105_reg_1099">
<pin_list>
<pin id="1100" dir="0" index="0" bw="32" slack="1"/>
<pin id="1101" dir="1" index="1" bw="32" slack="1"/>
</pin_list>
<bind>
<opset="sub_ln105 "/>
</bind>
</comp>

<comp id="1104" class="1005" name="out_height_reg_1104">
<pin_list>
<pin id="1105" dir="0" index="0" bw="32" slack="13"/>
<pin id="1106" dir="1" index="1" bw="32" slack="13"/>
</pin_list>
<bind>
<opset="out_height "/>
</bind>
</comp>

<comp id="1110" class="1005" name="out_width_reg_1110">
<pin_list>
<pin id="1111" dir="0" index="0" bw="32" slack="13"/>
<pin id="1112" dir="1" index="1" bw="32" slack="13"/>
</pin_list>
<bind>
<opset="out_width "/>
</bind>
</comp>

<comp id="1116" class="1005" name="final_height_reg_1116">
<pin_list>
<pin id="1117" dir="0" index="0" bw="32" slack="17"/>
<pin id="1118" dir="1" index="1" bw="32" slack="17"/>
</pin_list>
<bind>
<opset="final_height "/>
</bind>
</comp>

<comp id="1121" class="1005" name="final_width_reg_1121">
<pin_list>
<pin id="1122" dir="0" index="0" bw="32" slack="17"/>
<pin id="1123" dir="1" index="1" bw="32" slack="17"/>
</pin_list>
<bind>
<opset="final_width "/>
</bind>
</comp>

<comp id="1126" class="1005" name="trunc_ln105_reg_1126">
<pin_list>
<pin id="1127" dir="0" index="0" bw="31" slack="17"/>
<pin id="1128" dir="1" index="1" bw="31" slack="17"/>
</pin_list>
<bind>
<opset="trunc_ln105 "/>
</bind>
</comp>

<comp id="1131" class="1005" name="cmp10479_reg_1131">
<pin_list>
<pin id="1132" dir="0" index="0" bw="1" slack="2"/>
<pin id="1133" dir="1" index="1" bw="1" slack="2147483647"/>
</pin_list>
<bind>
<opset="cmp10479 "/>
</bind>
</comp>

<comp id="1135" class="1005" name="cmp14787_reg_1135">
<pin_list>
<pin id="1136" dir="0" index="0" bw="1" slack="17"/>
<pin id="1137" dir="1" index="1" bw="1" slack="2147483647"/>
</pin_list>
<bind>
<opset="cmp14787 "/>
</bind>
</comp>

<comp id="1139" class="1005" name="mul_ln110_reg_1139">
<pin_list>
<pin id="1140" dir="0" index="0" bw="32" slack="2"/>
<pin id="1141" dir="1" index="1" bw="32" slack="2"/>
</pin_list>
<bind>
<opset="mul_ln110 "/>
</bind>
</comp>

<comp id="1144" class="1005" name="trunc_ln117_reg_1144">
<pin_list>
<pin id="1145" dir="0" index="0" bw="2" slack="2"/>
<pin id="1146" dir="1" index="1" bw="2" slack="2"/>
</pin_list>
<bind>
<opset="trunc_ln117 "/>
</bind>
</comp>

<comp id="1149" class="1005" name="mul_ln101_reg_1149">
<pin_list>
<pin id="1150" dir="0" index="0" bw="62" slack="2"/>
<pin id="1151" dir="1" index="1" bw="62" slack="2"/>
</pin_list>
<bind>
<opset="mul_ln101 "/>
</bind>
</comp>

<comp id="1160" class="1005" name="add_ln110_reg_1160">
<pin_list>
<pin id="1161" dir="0" index="0" bw="32" slack="16"/>
<pin id="1162" dir="1" index="1" bw="32" slack="16"/>
</pin_list>
<bind>
<opset="add_ln110 "/>
</bind>
</comp>

<comp id="1168" class="1005" name="add_ln115_reg_1168">
<pin_list>
<pin id="1169" dir="0" index="0" bw="32" slack="0"/>
<pin id="1170" dir="1" index="1" bw="32" slack="0"/>
</pin_list>
<bind>
<opset="add_ln115 "/>
</bind>
</comp>

<comp id="1173" class="1005" name="sub_ln119_reg_1173">
<pin_list>
<pin id="1174" dir="0" index="0" bw="36" slack="1"/>
<pin id="1175" dir="1" index="1" bw="36" slack="1"/>
</pin_list>
<bind>
<opset="sub_ln119 "/>
</bind>
</comp>

<comp id="1178" class="1005" name="w_ptr_load_reg_1178">
<pin_list>
<pin id="1179" dir="0" index="0" bw="32" slack="1"/>
<pin id="1180" dir="1" index="1" bw="32" slack="1"/>
</pin_list>
<bind>
<opset="w_ptr_load "/>
</bind>
</comp>

<comp id="1183" class="1005" name="DATA_addr_reg_1183">
<pin_list>
<pin id="1184" dir="0" index="0" bw="32" slack="1"/>
<pin id="1185" dir="1" index="1" bw="32" slack="1"/>
</pin_list>
<bind>
<opset="DATA_addr "/>
</bind>
</comp>

<comp id="1189" class="1005" name="DATA_addr_read_reg_1189">
<pin_list>
<pin id="1190" dir="0" index="0" bw="32" slack="1"/>
<pin id="1191" dir="1" index="1" bw="32" slack="1"/>
</pin_list>
<bind>
<opset="DATA_addr_read "/>
</bind>
</comp>

<comp id="1197" class="1005" name="add_ln160_1_reg_1197">
<pin_list>
<pin id="1198" dir="0" index="0" bw="32" slack="0"/>
<pin id="1199" dir="1" index="1" bw="32" slack="0"/>
</pin_list>
<bind>
<opset="add_ln160_1 "/>
</bind>
</comp>

<comp id="1202" class="1005" name="tmp_2_reg_1202">
<pin_list>
<pin id="1203" dir="0" index="0" bw="10" slack="1"/>
<pin id="1204" dir="1" index="1" bw="10" slack="1"/>
</pin_list>
<bind>
<opset="tmp_2 "/>
</bind>
</comp>

<comp id="1207" class="1005" name="trunc_ln160_1_reg_1207">
<pin_list>
<pin id="1208" dir="0" index="0" bw="1" slack="1"/>
<pin id="1209" dir="1" index="1" bw="1" slack="1"/>
</pin_list>
<bind>
<opset="trunc_ln160_1 "/>
</bind>
</comp>

<comp id="1212" class="1005" name="out_ptr_load_reg_1212">
<pin_list>
<pin id="1213" dir="0" index="0" bw="32" slack="1"/>
<pin id="1214" dir="1" index="1" bw="32" slack="1"/>
</pin_list>
<bind>
<opset="out_ptr_load "/>
</bind>
</comp>

<comp id="1217" class="1005" name="tmp_3_reg_1217">
<pin_list>
<pin id="1218" dir="0" index="0" bw="8" slack="1"/>
<pin id="1219" dir="1" index="1" bw="8" slack="1"/>
</pin_list>
<bind>
<opset="tmp_3 "/>
</bind>
</comp>

</comp_list>

<net_list>
<net id="169"><net_src comp="28" pin="0"/><net_sink comp="166" pin=0"/></net>

<net id="173"><net_src comp="28" pin="0"/><net_sink comp="170" pin=0"/></net>

<net id="177"><net_src comp="34" pin="0"/><net_sink comp="174" pin=0"/></net>

<net id="181"><net_src comp="34" pin="0"/><net_sink comp="178" pin=0"/></net>

<net id="185"><net_src comp="34" pin="0"/><net_sink comp="182" pin=0"/></net>

<net id="189"><net_src comp="34" pin="0"/><net_sink comp="186" pin=0"/></net>

<net id="193"><net_src comp="34" pin="0"/><net_sink comp="190" pin=0"/></net>

<net id="197"><net_src comp="34" pin="0"/><net_sink comp="194" pin=0"/></net>

<net id="201"><net_src comp="34" pin="0"/><net_sink comp="198" pin=0"/></net>

<net id="205"><net_src comp="28" pin="0"/><net_sink comp="202" pin=0"/></net>

<net id="209"><net_src comp="28" pin="0"/><net_sink comp="206" pin=0"/></net>

<net id="213"><net_src comp="28" pin="0"/><net_sink comp="210" pin=0"/></net>

<net id="218"><net_src comp="30" pin="0"/><net_sink comp="214" pin=0"/></net>

<net id="219"><net_src comp="26" pin="0"/><net_sink comp="214" pin=1"/></net>

<net id="224"><net_src comp="30" pin="0"/><net_sink comp="220" pin=0"/></net>

<net id="225"><net_src comp="24" pin="0"/><net_sink comp="220" pin=1"/></net>

<net id="230"><net_src comp="30" pin="0"/><net_sink comp="226" pin=0"/></net>

<net id="231"><net_src comp="22" pin="0"/><net_sink comp="226" pin=1"/></net>

<net id="236"><net_src comp="30" pin="0"/><net_sink comp="232" pin=0"/></net>

<net id="237"><net_src comp="20" pin="0"/><net_sink comp="232" pin=1"/></net>

<net id="242"><net_src comp="30" pin="0"/><net_sink comp="238" pin=0"/></net>

<net id="243"><net_src comp="18" pin="0"/><net_sink comp="238" pin=1"/></net>

<net id="248"><net_src comp="30" pin="0"/><net_sink comp="244" pin=0"/></net>

<net id="249"><net_src comp="16" pin="0"/><net_sink comp="244" pin=1"/></net>

<net id="254"><net_src comp="30" pin="0"/><net_sink comp="250" pin=0"/></net>

<net id="255"><net_src comp="14" pin="0"/><net_sink comp="250" pin=1"/></net>

<net id="260"><net_src comp="30" pin="0"/><net_sink comp="256" pin=0"/></net>

<net id="261"><net_src comp="12" pin="0"/><net_sink comp="256" pin=1"/></net>

<net id="266"><net_src comp="30" pin="0"/><net_sink comp="262" pin=0"/></net>

<net id="267"><net_src comp="10" pin="0"/><net_sink comp="262" pin=1"/></net>

<net id="272"><net_src comp="32" pin="0"/><net_sink comp="268" pin=0"/></net>

<net id="273"><net_src comp="8" pin="0"/><net_sink comp="268" pin=1"/></net>

<net id="278"><net_src comp="32" pin="0"/><net_sink comp="274" pin=0"/></net>

<net id="279"><net_src comp="6" pin="0"/><net_sink comp="274" pin=1"/></net>

<net id="284"><net_src comp="32" pin="0"/><net_sink comp="280" pin=0"/></net>

<net id="285"><net_src comp="4" pin="0"/><net_sink comp="280" pin=1"/></net>

<net id="290"><net_src comp="32" pin="0"/><net_sink comp="286" pin=0"/></net>

<net id="291"><net_src comp="2" pin="0"/><net_sink comp="286" pin=1"/></net>

<net id="297"><net_src comp="142" pin="0"/><net_sink comp="292" pin=0"/></net>

<net id="298"><net_src comp="28" pin="0"/><net_sink comp="292" pin=2"/></net>

<net id="303"><net_src comp="144" pin="0"/><net_sink comp="299" pin=0"/></net>

<net id="307"><net_src comp="36" pin="0"/><net_sink comp="304" pin=0"/></net>

<net id="314"><net_src comp="304" pin="1"/><net_sink comp="308" pin=2"/></net>

<net id="318"><net_src comp="36" pin="0"/><net_sink comp="315" pin=0"/></net>

<net id="325"><net_src comp="315" pin="1"/><net_sink comp="319" pin=2"/></net>

<net id="338"><net_src comp="112" pin="0"/><net_sink comp="326" pin=0"/></net>

<net id="339"><net_src comp="0" pin="0"/><net_sink comp="326" pin=1"/></net>

<net id="351"><net_src comp="130" pin="0"/><net_sink comp="340" pin=0"/></net>

<net id="352"><net_src comp="0" pin="0"/><net_sink comp="340" pin=2"/></net>

<net id="369"><net_src comp="146" pin="0"/><net_sink comp="353" pin=0"/></net>

<net id="379"><net_src comp="148" pin="0"/><net_sink comp="370" pin=0"/></net>

<net id="390"><net_src comp="150" pin="0"/><net_sink comp="380" pin=0"/></net>

<net id="407"><net_src comp="164" pin="0"/><net_sink comp="391" pin=0"/></net>

<net id="408"><net_src comp="0" pin="0"/><net_sink comp="391" pin=2"/></net>

<net id="412"><net_src comp="262" pin="2"/><net_sink comp="409" pin=0"/></net>

<net id="416"><net_src comp="238" pin="2"/><net_sink comp="413" pin=0"/></net>

<net id="421"><net_src comp="238" pin="2"/><net_sink comp="417" pin=0"/></net>

<net id="422"><net_src comp="36" pin="0"/><net_sink comp="417" pin=1"/></net>

<net id="428"><net_src comp="417" pin="2"/><net_sink comp="423" pin=0"/></net>

<net id="429"><net_src comp="413" pin="1"/><net_sink comp="423" pin=1"/></net>

<net id="430"><net_src comp="38" pin="0"/><net_sink comp="423" pin=2"/></net>

<net id="434"><net_src comp="286" pin="2"/><net_sink comp="431" pin=0"/></net>

<net id="439"><net_src comp="36" pin="0"/><net_sink comp="435" pin=0"/></net>

<net id="444"><net_src comp="36" pin="0"/><net_sink comp="440" pin=0"/></net>

<net id="449"><net_src comp="36" pin="0"/><net_sink comp="445" pin=1"/></net>

<net id="457"><net_src comp="450" pin="1"/><net_sink comp="453" pin=0"/></net>

<net id="468"><net_src comp="458" pin="1"/><net_sink comp="464" pin=0"/></net>

<net id="469"><net_src comp="461" pin="1"/><net_sink comp="464" pin=1"/></net>

<net id="477"><net_src comp="470" pin="1"/><net_sink comp="473" pin=0"/></net>

<net id="482"><net_src comp="470" pin="1"/><net_sink comp="478" pin=0"/></net>

<net id="483"><net_src comp="28" pin="0"/><net_sink comp="478" pin=1"/></net>

<net id="489"><net_src comp="104" pin="0"/><net_sink comp="484" pin=0"/></net>

<net id="490"><net_src comp="470" pin="1"/><net_sink comp="484" pin=1"/></net>

<net id="491"><net_src comp="106" pin="0"/><net_sink comp="484" pin=2"/></net>

<net id="492"><net_src comp="484" pin="3"/><net_sink comp="326" pin=4"/></net>

<net id="496"><net_src comp="493" pin="1"/><net_sink comp="326" pin=6"/></net>

<net id="501"><net_src comp="493" pin="1"/><net_sink comp="497" pin=0"/></net>

<net id="506"><net_src comp="497" pin="2"/><net_sink comp="502" pin=0"/></net>

<net id="511"><net_src comp="28" pin="0"/><net_sink comp="507" pin=1"/></net>

<net id="520"><net_src comp="512" pin="2"/><net_sink comp="516" pin=0"/></net>

<net id="521"><net_src comp="507" pin="2"/><net_sink comp="516" pin=1"/></net>

<net id="526"><net_src comp="516" pin="2"/><net_sink comp="522" pin=0"/></net>

<net id="531"><net_src comp="36" pin="0"/><net_sink comp="527" pin=1"/></net>

<net id="536"><net_src comp="36" pin="0"/><net_sink comp="532" pin=1"/></net>

<net id="541"><net_src comp="36" pin="0"/><net_sink comp="537" pin=0"/></net>

<net id="546"><net_src comp="36" pin="0"/><net_sink comp="542" pin=0"/></net>

<net id="551"><net_src comp="36" pin="0"/><net_sink comp="547" pin=0"/></net>

<net id="564"><net_src comp="556" pin="2"/><net_sink comp="560" pin=0"/></net>

<net id="569"><net_src comp="560" pin="2"/><net_sink comp="565" pin=0"/></net>

<net id="576"><net_src comp="114" pin="0"/><net_sink comp="570" pin=0"/></net>

<net id="577"><net_src comp="522" pin="2"/><net_sink comp="570" pin=1"/></net>

<net id="578"><net_src comp="28" pin="0"/><net_sink comp="570" pin=2"/></net>

<net id="579"><net_src comp="116" pin="0"/><net_sink comp="570" pin=3"/></net>

<net id="584"><net_src comp="570" pin="4"/><net_sink comp="580" pin=0"/></net>

<net id="585"><net_src comp="118" pin="0"/><net_sink comp="580" pin=1"/></net>

<net id="589"><net_src comp="580" pin="2"/><net_sink comp="586" pin=0"/></net>

<net id="594"><net_src comp="36" pin="0"/><net_sink comp="590" pin=0"/></net>

<net id="595"><net_src comp="586" pin="1"/><net_sink comp="590" pin=1"/></net>

<net id="600"><net_src comp="565" pin="2"/><net_sink comp="596" pin=0"/></net>

<net id="601"><net_src comp="28" pin="0"/><net_sink comp="596" pin=1"/></net>

<net id="606"><net_src comp="28" pin="0"/><net_sink comp="602" pin=1"/></net>

<net id="612"><net_src comp="120" pin="0"/><net_sink comp="607" pin=0"/></net>

<net id="613"><net_src comp="596" pin="2"/><net_sink comp="607" pin=1"/></net>

<net id="614"><net_src comp="116" pin="0"/><net_sink comp="607" pin=2"/></net>

<net id="621"><net_src comp="114" pin="0"/><net_sink comp="615" pin=0"/></net>

<net id="622"><net_src comp="565" pin="2"/><net_sink comp="615" pin=1"/></net>

<net id="623"><net_src comp="28" pin="0"/><net_sink comp="615" pin=2"/></net>

<net id="624"><net_src comp="116" pin="0"/><net_sink comp="615" pin=3"/></net>

<net id="629"><net_src comp="615" pin="4"/><net_sink comp="625" pin=0"/></net>

<net id="630"><net_src comp="118" pin="0"/><net_sink comp="625" pin=1"/></net>

<net id="634"><net_src comp="625" pin="2"/><net_sink comp="631" pin=0"/></net>

<net id="639"><net_src comp="36" pin="0"/><net_sink comp="635" pin=0"/></net>

<net id="640"><net_src comp="631" pin="1"/><net_sink comp="635" pin=1"/></net>

<net id="647"><net_src comp="114" pin="0"/><net_sink comp="641" pin=0"/></net>

<net id="648"><net_src comp="596" pin="2"/><net_sink comp="641" pin=1"/></net>

<net id="649"><net_src comp="28" pin="0"/><net_sink comp="641" pin=2"/></net>

<net id="650"><net_src comp="116" pin="0"/><net_sink comp="641" pin=3"/></net>

<net id="654"><net_src comp="641" pin="4"/><net_sink comp="651" pin=0"/></net>

<net id="660"><net_src comp="607" pin="3"/><net_sink comp="655" pin=0"/></net>

<net id="661"><net_src comp="635" pin="2"/><net_sink comp="655" pin=1"/></net>

<net id="662"><net_src comp="651" pin="1"/><net_sink comp="655" pin=2"/></net>

<net id="668"><net_src comp="655" pin="3"/><net_sink comp="663" pin=1"/></net>

<net id="669"><net_src comp="596" pin="2"/><net_sink comp="663" pin=2"/></net>

<net id="675"><net_src comp="120" pin="0"/><net_sink comp="670" pin=0"/></net>

<net id="676"><net_src comp="602" pin="2"/><net_sink comp="670" pin=1"/></net>

<net id="677"><net_src comp="116" pin="0"/><net_sink comp="670" pin=2"/></net>

<net id="684"><net_src comp="114" pin="0"/><net_sink comp="678" pin=0"/></net>

<net id="685"><net_src comp="602" pin="2"/><net_sink comp="678" pin=1"/></net>

<net id="686"><net_src comp="28" pin="0"/><net_sink comp="678" pin=2"/></net>

<net id="687"><net_src comp="116" pin="0"/><net_sink comp="678" pin=3"/></net>

<net id="691"><net_src comp="678" pin="4"/><net_sink comp="688" pin=0"/></net>

<net id="697"><net_src comp="670" pin="3"/><net_sink comp="692" pin=0"/></net>

<net id="698"><net_src comp="688" pin="1"/><net_sink comp="692" pin=2"/></net>

<net id="704"><net_src comp="692" pin="3"/><net_sink comp="699" pin=1"/></net>

<net id="705"><net_src comp="602" pin="2"/><net_sink comp="699" pin=2"/></net>

<net id="709"><net_src comp="699" pin="3"/><net_sink comp="706" pin=0"/></net>

<net id="714"><net_src comp="36" pin="0"/><net_sink comp="710" pin=1"/></net>

<net id="719"><net_src comp="699" pin="3"/><net_sink comp="715" pin=0"/></net>

<net id="720"><net_src comp="36" pin="0"/><net_sink comp="715" pin=1"/></net>

<net id="735"><net_src comp="728" pin="1"/><net_sink comp="731" pin=0"/></net>

<net id="736"><net_src comp="728" pin="1"/><net_sink comp="731" pin=1"/></net>

<net id="744"><net_src comp="737" pin="1"/><net_sink comp="740" pin=0"/></net>

<net id="749"><net_src comp="737" pin="1"/><net_sink comp="745" pin=0"/></net>

<net id="750"><net_src comp="28" pin="0"/><net_sink comp="745" pin=1"/></net>

<net id="755"><net_src comp="308" pin="4"/><net_sink comp="751" pin=0"/></net>

<net id="760"><net_src comp="308" pin="4"/><net_sink comp="756" pin=0"/></net>

<net id="761"><net_src comp="28" pin="0"/><net_sink comp="756" pin=1"/></net>

<net id="765"><net_src comp="308" pin="4"/><net_sink comp="762" pin=0"/></net>

<net id="771"><net_src comp="124" pin="0"/><net_sink comp="766" pin=0"/></net>

<net id="772"><net_src comp="308" pin="4"/><net_sink comp="766" pin=1"/></net>

<net id="773"><net_src comp="126" pin="0"/><net_sink comp="766" pin=2"/></net>

<net id="777"><net_src comp="766" pin="3"/><net_sink comp="774" pin=0"/></net>

<net id="782"><net_src comp="774" pin="1"/><net_sink comp="778" pin=0"/></net>

<net id="783"><net_src comp="762" pin="1"/><net_sink comp="778" pin=1"/></net>

<net id="784"><net_src comp="778" pin="2"/><net_sink comp="340" pin=5"/></net>

<net id="788"><net_src comp="785" pin="1"/><net_sink comp="340" pin=1"/></net>

<net id="793"><net_src comp="785" pin="1"/><net_sink comp="789" pin=0"/></net>

<net id="798"><net_src comp="789" pin="2"/><net_sink comp="794" pin=0"/></net>

<net id="804"><net_src comp="132" pin="0"/><net_sink comp="799" pin=0"/></net>

<net id="805"><net_src comp="134" pin="0"/><net_sink comp="799" pin=2"/></net>

<net id="809"><net_src comp="799" pin="3"/><net_sink comp="806" pin=0"/></net>

<net id="814"><net_src comp="806" pin="1"/><net_sink comp="810" pin=0"/></net>

<net id="821"><net_src comp="136" pin="0"/><net_sink comp="815" pin=0"/></net>

<net id="822"><net_src comp="810" pin="2"/><net_sink comp="815" pin=1"/></net>

<net id="823"><net_src comp="138" pin="0"/><net_sink comp="815" pin=2"/></net>

<net id="824"><net_src comp="140" pin="0"/><net_sink comp="815" pin=3"/></net>

<net id="828"><net_src comp="815" pin="4"/><net_sink comp="825" pin=0"/></net>

<net id="833"><net_src comp="0" pin="0"/><net_sink comp="829" pin=0"/></net>

<net id="834"><net_src comp="825" pin="1"/><net_sink comp="829" pin=1"/></net>

<net id="838"><net_src comp="319" pin="4"/><net_sink comp="835" pin=0"/></net>

<net id="843"><net_src comp="319" pin="4"/><net_sink comp="839" pin=0"/></net>

<net id="848"><net_src comp="319" pin="4"/><net_sink comp="844" pin=0"/></net>

<net id="849"><net_src comp="28" pin="0"/><net_sink comp="844" pin=1"/></net>

<net id="855"><net_src comp="152" pin="0"/><net_sink comp="850" pin=0"/></net>

<net id="856"><net_src comp="835" pin="1"/><net_sink comp="850" pin=1"/></net>

<net id="857"><net_src comp="106" pin="0"/><net_sink comp="850" pin=2"/></net>

<net id="858"><net_src comp="850" pin="3"/><net_sink comp="391" pin=4"/></net>

<net id="862"><net_src comp="319" pin="4"/><net_sink comp="859" pin=0"/></net>

<net id="863"><net_src comp="859" pin="1"/><net_sink comp="391" pin=12"/></net>

<net id="867"><net_src comp="864" pin="1"/><net_sink comp="391" pin=1"/></net>

<net id="874"><net_src comp="156" pin="0"/><net_sink comp="868" pin=0"/></net>

<net id="875"><net_src comp="319" pin="4"/><net_sink comp="868" pin=1"/></net>

<net id="876"><net_src comp="28" pin="0"/><net_sink comp="868" pin=2"/></net>

<net id="877"><net_src comp="158" pin="0"/><net_sink comp="868" pin=3"/></net>

<net id="883"><net_src comp="160" pin="0"/><net_sink comp="878" pin=0"/></net>

<net id="884"><net_src comp="868" pin="4"/><net_sink comp="878" pin=1"/></net>

<net id="885"><net_src comp="162" pin="0"/><net_sink comp="878" pin=2"/></net>

<net id="886"><net_src comp="878" pin="3"/><net_sink comp="391" pin=7"/></net>

<net id="891"><net_src comp="864" pin="1"/><net_sink comp="887" pin=0"/></net>

<net id="896"><net_src comp="887" pin="2"/><net_sink comp="892" pin=0"/></net>

<net id="904"><net_src comp="166" pin="1"/><net_sink comp="901" pin=0"/></net>

<net id="905"><net_src comp="901" pin="1"/><net_sink comp="440" pin=1"/></net>

<net id="906"><net_src comp="901" pin="1"/><net_sink comp="470" pin=0"/></net>

<net id="907"><net_src comp="901" pin="1"/><net_sink comp="552" pin=1"/></net>

<net id="911"><net_src comp="170" pin="1"/><net_sink comp="908" pin=0"/></net>

<net id="912"><net_src comp="908" pin="1"/><net_sink comp="435" pin=1"/></net>

<net id="913"><net_src comp="908" pin="1"/><net_sink comp="493" pin=0"/></net>

<net id="914"><net_src comp="908" pin="1"/><net_sink comp="502" pin=1"/></net>

<net id="918"><net_src comp="214" pin="2"/><net_sink comp="915" pin=0"/></net>

<net id="919"><net_src comp="915" pin="1"/><net_sink comp="527" pin=0"/></net>

<net id="923"><net_src comp="220" pin="2"/><net_sink comp="920" pin=0"/></net>

<net id="924"><net_src comp="920" pin="1"/><net_sink comp="532" pin=0"/></net>

<net id="928"><net_src comp="226" pin="2"/><net_sink comp="925" pin=0"/></net>

<net id="929"><net_src comp="925" pin="1"/><net_sink comp="507" pin=0"/></net>

<net id="930"><net_src comp="925" pin="1"/><net_sink comp="353" pin=13"/></net>

<net id="934"><net_src comp="232" pin="2"/><net_sink comp="931" pin=0"/></net>

<net id="935"><net_src comp="931" pin="1"/><net_sink comp="522" pin=1"/></net>

<net id="936"><net_src comp="931" pin="1"/><net_sink comp="565" pin=1"/></net>

<net id="937"><net_src comp="931" pin="1"/><net_sink comp="353" pin=12"/></net>

<net id="941"><net_src comp="238" pin="2"/><net_sink comp="938" pin=0"/></net>

<net id="942"><net_src comp="938" pin="1"/><net_sink comp="461" pin=0"/></net>

<net id="943"><net_src comp="938" pin="1"/><net_sink comp="326" pin=2"/></net>

<net id="944"><net_src comp="938" pin="1"/><net_sink comp="512" pin=0"/></net>

<net id="945"><net_src comp="938" pin="1"/><net_sink comp="353" pin=11"/></net>

<net id="949"><net_src comp="244" pin="2"/><net_sink comp="946" pin=0"/></net>

<net id="950"><net_src comp="946" pin="1"/><net_sink comp="445" pin=0"/></net>

<net id="951"><net_src comp="946" pin="1"/><net_sink comp="453" pin=1"/></net>

<net id="952"><net_src comp="946" pin="1"/><net_sink comp="458" pin=0"/></net>

<net id="953"><net_src comp="946" pin="1"/><net_sink comp="556" pin=0"/></net>

<net id="954"><net_src comp="946" pin="1"/><net_sink comp="353" pin=10"/></net>

<net id="958"><net_src comp="250" pin="2"/><net_sink comp="955" pin=0"/></net>

<net id="959"><net_src comp="955" pin="1"/><net_sink comp="740" pin=1"/></net>

<net id="963"><net_src comp="256" pin="2"/><net_sink comp="960" pin=0"/></net>

<net id="964"><net_src comp="960" pin="1"/><net_sink comp="473" pin=1"/></net>

<net id="965"><net_src comp="960" pin="1"/><net_sink comp="751" pin=1"/></net>

<net id="966"><net_src comp="960" pin="1"/><net_sink comp="353" pin=9"/></net>

<net id="970"><net_src comp="262" pin="2"/><net_sink comp="967" pin=0"/></net>

<net id="971"><net_src comp="967" pin="1"/><net_sink comp="512" pin=1"/></net>

<net id="972"><net_src comp="967" pin="1"/><net_sink comp="556" pin=1"/></net>

<net id="973"><net_src comp="967" pin="1"/><net_sink comp="710" pin=0"/></net>

<net id="974"><net_src comp="967" pin="1"/><net_sink comp="721" pin=0"/></net>

<net id="975"><net_src comp="967" pin="1"/><net_sink comp="721" pin=1"/></net>

<net id="976"><net_src comp="967" pin="1"/><net_sink comp="728" pin=0"/></net>

<net id="977"><net_src comp="967" pin="1"/><net_sink comp="353" pin=8"/></net>

<net id="981"><net_src comp="268" pin="2"/><net_sink comp="978" pin=0"/></net>

<net id="982"><net_src comp="978" pin="1"/><net_sink comp="391" pin=6"/></net>

<net id="986"><net_src comp="274" pin="2"/><net_sink comp="983" pin=0"/></net>

<net id="987"><net_src comp="983" pin="1"/><net_sink comp="810" pin=1"/></net>

<net id="991"><net_src comp="280" pin="2"/><net_sink comp="988" pin=0"/></net>

<net id="992"><net_src comp="988" pin="1"/><net_sink comp="725" pin=0"/></net>

<net id="993"><net_src comp="988" pin="1"/><net_sink comp="340" pin=6"/></net>

<net id="997"><net_src comp="286" pin="2"/><net_sink comp="994" pin=0"/></net>

<net id="998"><net_src comp="994" pin="1"/><net_sink comp="326" pin=7"/></net>

<net id="1002"><net_src comp="409" pin="1"/><net_sink comp="999" pin=0"/></net>

<net id="1003"><net_src comp="999" pin="1"/><net_sink comp="340" pin=3"/></net>

<net id="1007"><net_src comp="423" pin="3"/><net_sink comp="1004" pin=0"/></net>

<net id="1008"><net_src comp="1004" pin="1"/><net_sink comp="450" pin=0"/></net>

<net id="1009"><net_src comp="1004" pin="1"/><net_sink comp="326" pin=5"/></net>

<net id="1013"><net_src comp="431" pin="1"/><net_sink comp="1010" pin=0"/></net>

<net id="1014"><net_src comp="1010" pin="1"/><net_sink comp="326" pin=9"/></net>

<net id="1018"><net_src comp="445" pin="2"/><net_sink comp="1015" pin=0"/></net>

<net id="1022"><net_src comp="453" pin="2"/><net_sink comp="1019" pin=0"/></net>

<net id="1023"><net_src comp="1019" pin="1"/><net_sink comp="497" pin=1"/></net>

<net id="1027"><net_src comp="464" pin="2"/><net_sink comp="1024" pin=0"/></net>

<net id="1028"><net_src comp="1024" pin="1"/><net_sink comp="326" pin=3"/></net>

<net id="1035"><net_src comp="478" pin="2"/><net_sink comp="1032" pin=0"/></net>

<net id="1036"><net_src comp="1032" pin="1"/><net_sink comp="552" pin=0"/></net>

<net id="1040"><net_src comp="484" pin="3"/><net_sink comp="1037" pin=0"/></net>

<net id="1041"><net_src comp="1037" pin="1"/><net_sink comp="326" pin=4"/></net>

<net id="1045"><net_src comp="493" pin="1"/><net_sink comp="1042" pin=0"/></net>

<net id="1046"><net_src comp="1042" pin="1"/><net_sink comp="326" pin=6"/></net>

<net id="1050"><net_src comp="202" pin="1"/><net_sink comp="1047" pin=0"/></net>

<net id="1051"><net_src comp="1047" pin="1"/><net_sink comp="547" pin=1"/></net>

<net id="1052"><net_src comp="1047" pin="1"/><net_sink comp="737" pin=0"/></net>

<net id="1053"><net_src comp="1047" pin="1"/><net_sink comp="897" pin=1"/></net>

<net id="1057"><net_src comp="206" pin="1"/><net_sink comp="1054" pin=0"/></net>

<net id="1058"><net_src comp="1054" pin="1"/><net_sink comp="542" pin=1"/></net>

<net id="1059"><net_src comp="1054" pin="1"/><net_sink comp="785" pin=0"/></net>

<net id="1060"><net_src comp="1054" pin="1"/><net_sink comp="794" pin=1"/></net>

<net id="1064"><net_src comp="210" pin="1"/><net_sink comp="1061" pin=0"/></net>

<net id="1065"><net_src comp="1061" pin="1"/><net_sink comp="537" pin=1"/></net>

<net id="1066"><net_src comp="1061" pin="1"/><net_sink comp="864" pin=0"/></net>

<net id="1067"><net_src comp="1061" pin="1"/><net_sink comp="892" pin=1"/></net>

<net id="1071"><net_src comp="507" pin="2"/><net_sink comp="1068" pin=0"/></net>

<net id="1072"><net_src comp="1068" pin="1"/><net_sink comp="560" pin=1"/></net>

<net id="1076"><net_src comp="516" pin="2"/><net_sink comp="1073" pin=0"/></net>

<net id="1077"><net_src comp="1073" pin="1"/><net_sink comp="522" pin=0"/></net>

<net id="1081"><net_src comp="527" pin="2"/><net_sink comp="1078" pin=0"/></net>

<net id="1082"><net_src comp="1078" pin="1"/><net_sink comp="663" pin=0"/></net>

<net id="1083"><net_src comp="1078" pin="1"/><net_sink comp="699" pin=0"/></net>

<net id="1084"><net_src comp="1078" pin="1"/><net_sink comp="391" pin=13"/></net>

<net id="1088"><net_src comp="532" pin="2"/><net_sink comp="1085" pin=0"/></net>

<net id="1092"><net_src comp="560" pin="2"/><net_sink comp="1089" pin=0"/></net>

<net id="1093"><net_src comp="1089" pin="1"/><net_sink comp="565" pin=0"/></net>

<net id="1097"><net_src comp="522" pin="2"/><net_sink comp="1094" pin=0"/></net>

<net id="1098"><net_src comp="1094" pin="1"/><net_sink comp="602" pin=0"/></net>

<net id="1102"><net_src comp="590" pin="2"/><net_sink comp="1099" pin=0"/></net>

<net id="1103"><net_src comp="1099" pin="1"/><net_sink comp="692" pin=1"/></net>

<net id="1107"><net_src comp="596" pin="2"/><net_sink comp="1104" pin=0"/></net>

<net id="1108"><net_src comp="1104" pin="1"/><net_sink comp="370" pin=5"/></net>

<net id="1109"><net_src comp="1104" pin="1"/><net_sink comp="380" pin=6"/></net>

<net id="1113"><net_src comp="602" pin="2"/><net_sink comp="1110" pin=0"/></net>

<net id="1114"><net_src comp="1110" pin="1"/><net_sink comp="370" pin=6"/></net>

<net id="1115"><net_src comp="1110" pin="1"/><net_sink comp="380" pin=7"/></net>

<net id="1119"><net_src comp="663" pin="3"/><net_sink comp="1116" pin=0"/></net>

<net id="1120"><net_src comp="1116" pin="1"/><net_sink comp="839" pin=1"/></net>

<net id="1124"><net_src comp="699" pin="3"/><net_sink comp="1121" pin=0"/></net>

<net id="1125"><net_src comp="1121" pin="1"/><net_sink comp="887" pin=1"/></net>

<net id="1129"><net_src comp="706" pin="1"/><net_sink comp="1126" pin=0"/></net>

<net id="1130"><net_src comp="1126" pin="1"/><net_sink comp="391" pin=3"/></net>

<net id="1134"><net_src comp="710" pin="2"/><net_sink comp="1131" pin=0"/></net>

<net id="1138"><net_src comp="715" pin="2"/><net_sink comp="1135" pin=0"/></net>

<net id="1142"><net_src comp="721" pin="2"/><net_sink comp="1139" pin=0"/></net>

<net id="1143"><net_src comp="1139" pin="1"/><net_sink comp="789" pin=1"/></net>

<net id="1147"><net_src comp="725" pin="1"/><net_sink comp="1144" pin=0"/></net>

<net id="1148"><net_src comp="1144" pin="1"/><net_sink comp="340" pin=8"/></net>

<net id="1152"><net_src comp="731" pin="2"/><net_sink comp="1149" pin=0"/></net>

<net id="1153"><net_src comp="1149" pin="1"/><net_sink comp="340" pin=4"/></net>

<net id="1163"><net_src comp="745" pin="2"/><net_sink comp="1160" pin=0"/></net>

<net id="1164"><net_src comp="1160" pin="1"/><net_sink comp="897" pin=0"/></net>

<net id="1171"><net_src comp="756" pin="2"/><net_sink comp="1168" pin=0"/></net>

<net id="1172"><net_src comp="1168" pin="1"/><net_sink comp="308" pin=0"/></net>

<net id="1176"><net_src comp="778" pin="2"/><net_sink comp="1173" pin=0"/></net>

<net id="1177"><net_src comp="1173" pin="1"/><net_sink comp="340" pin=5"/></net>

<net id="1181"><net_src comp="785" pin="1"/><net_sink comp="1178" pin=0"/></net>

<net id="1182"><net_src comp="1178" pin="1"/><net_sink comp="340" pin=1"/></net>

<net id="1186"><net_src comp="829" pin="2"/><net_sink comp="1183" pin=0"/></net>

<net id="1187"><net_src comp="1183" pin="1"/><net_sink comp="292" pin=1"/></net>

<net id="1188"><net_src comp="1183" pin="1"/><net_sink comp="299" pin=1"/></net>

<net id="1192"><net_src comp="299" pin="2"/><net_sink comp="1189" pin=0"/></net>

<net id="1193"><net_src comp="1189" pin="1"/><net_sink comp="353" pin=3"/></net>

<net id="1200"><net_src comp="844" pin="2"/><net_sink comp="1197" pin=0"/></net>

<net id="1201"><net_src comp="1197" pin="1"/><net_sink comp="319" pin=0"/></net>

<net id="1205"><net_src comp="850" pin="3"/><net_sink comp="1202" pin=0"/></net>

<net id="1206"><net_src comp="1202" pin="1"/><net_sink comp="391" pin=4"/></net>

<net id="1210"><net_src comp="859" pin="1"/><net_sink comp="1207" pin=0"/></net>

<net id="1211"><net_src comp="1207" pin="1"/><net_sink comp="391" pin=12"/></net>

<net id="1215"><net_src comp="864" pin="1"/><net_sink comp="1212" pin=0"/></net>

<net id="1216"><net_src comp="1212" pin="1"/><net_sink comp="391" pin=1"/></net>

<net id="1220"><net_src comp="878" pin="3"/><net_sink comp="1217" pin=0"/></net>

<net id="1221"><net_src comp="1217" pin="1"/><net_sink comp="391" pin=7"/></net>

</net_list>

</model> 
---------------- Datapath Model END ------------------

* FSMD analyzer results:
  - Output states:
	Port: DATA | {58 59 }
 - Input state : 
	Port: accel_top : DATA | {3 4 42 43 44 45 46 47 48 49 50 51 }
	Port: accel_top : input_data | {1 }
	Port: accel_top : weight_data | {1 }
	Port: accel_top : bias_data | {1 }
	Port: accel_top : output_data | {1 }
	Port: accel_top : kernel_size | {1 }
	Port: accel_top : in_channels | {1 }
	Port: accel_top : out_channels | {1 }
	Port: accel_top : in_height | {1 }
	Port: accel_top : in_width | {1 }
	Port: accel_top : stride | {1 }
	Port: accel_top : padding | {1 }
	Port: accel_top : relu_enable | {1 }
	Port: accel_top : pool_enable | {1 }
  - Chain level:
	State 1
		select_ln87 : 1
		store_ln87 : 1
		store_ln87 : 1
	State 2
		mul_ln87 : 1
		mul_ln24 : 1
	State 3
		icmp_ln87 : 1
		add_ln87 : 1
		br_ln87 : 2
		tmp_s : 1
		call_ln24 : 2
		add_ln88 : 1
		store_ln87 : 2
		add_ln102 : 1
		sdiv_ln102 : 2
		store_ln110 : 1
		store_ln110 : 1
		store_ln110 : 1
	State 4
	State 5
		add_ln101 : 1
		sdiv_ln101 : 2
	State 6
	State 7
	State 8
	State 9
	State 10
	State 11
	State 12
	State 13
	State 14
	State 15
	State 16
	State 17
	State 18
	State 19
	State 20
	State 21
	State 22
	State 23
	State 24
	State 25
	State 26
	State 27
	State 28
	State 29
	State 30
	State 31
	State 32
	State 33
	State 34
	State 35
	State 36
	State 37
	State 38
	State 39
		trunc_ln105_1 : 1
		xor_ln105 : 2
		zext_ln105 : 2
		sub_ln105 : 3
	State 40
		out_height : 1
		tmp : 2
		trunc_ln104_1 : 1
		xor_ln104 : 2
		zext_ln104 : 2
		sub_ln104 : 3
		lshr_ln104_2 : 2
		zext_ln104_1 : 3
		select_ln104 : 4
		final_height : 5
		tmp_8 : 1
		lshr_ln105_2 : 1
		zext_ln105_1 : 2
		select_ln105 : 3
		final_width : 4
		trunc_ln105 : 5
		cmp14787 : 5
		mul_ln101 : 1
	State 41
		icmp_ln110 : 1
		add_ln110 : 1
		br_ln110 : 2
	State 42
		icmp_ln115 : 1
		add_ln115 : 1
		br_ln115 : 2
		zext_ln119 : 1
		tmp_1 : 1
		zext_ln119_3 : 2
		sub_ln119 : 3
		call_ln116 : 4
		add_ln116 : 1
		store_ln115 : 2
		zext_ln133 : 1
		add_ln133 : 2
		trunc_ln6 : 3
		sext_ln133 : 4
		DATA_addr : 5
	State 43
	State 44
	State 45
	State 46
	State 47
	State 48
	State 49
	State 50
	State 51
	State 52
	State 53
	State 54
	State 55
	State 56
	State 57
	State 58
		trunc_ln160 : 1
		icmp_ln160 : 1
		add_ln160_1 : 1
		br_ln160 : 2
		tmp_2 : 2
		trunc_ln160_1 : 1
		lshr_ln : 1
		tmp_3 : 2
		call_ln160 : 3
		add_ln160 : 1
		store_ln160 : 2
	State 59


============================================================
+ Verbose Summary: Datapath Resource usage 
============================================================

* Functional unit list:
|----------|---------------------------------------------------------|---------|---------|---------|---------|
| Operation|                     Functional Unit                     |   DSP   |  Delay  |    FF   |   LUT   |
|----------|---------------------------------------------------------|---------|---------|---------|---------|
|          | grp_accel_top_Pipeline_LOAD_INPUT_H_LOAD_INPUT_W_fu_326 |    3    |    0    |   512   |   555   |
|          |    grp_accel_top_Pipeline_LOAD_W_KH_LOAD_W_KW_fu_340    |    0    |    0    |   477   |   577   |
|   call   |                  grp_conv_engine_fu_353                 |    19   | 20.7633 |   3283  |   2508  |
|          |                     grp_relu_fu_370                     |    3    |  9.528  |   356   |   376   |
|          |                  grp_maxpool_2x2_fu_380                 |    3    |   7.94  |   438   |   673   |
|          |          grp_accel_top_Pipeline_STORE_W_fu_391          |    0    |  9.528  |   287   |   298   |
|----------|---------------------------------------------------------|---------|---------|---------|---------|
|   sdiv   |                        grp_fu_522                       |    0    |    0    |   394   |   238   |
|          |                        grp_fu_565                       |    0    |    0    |   394   |   238   |
|----------|---------------------------------------------------------|---------|---------|---------|---------|
|          |                     add_ln87_fu_478                     |    0    |    0    |    0    |    39   |
|          |                     add_ln88_fu_497                     |    0    |    0    |    0    |    39   |
|          |                     add_ln102_fu_516                    |    0    |    0    |    0    |    32   |
|          |                     add_ln101_fu_560                    |    0    |    0    |    0    |    32   |
|          |                    out_height_fu_596                    |    0    |    0    |    0    |    39   |
|    add   |                     out_width_fu_602                    |    0    |    0    |    0    |    39   |
|          |                     add_ln110_fu_745                    |    0    |    0    |    0    |    39   |
|          |                     add_ln115_fu_756                    |    0    |    0    |    0    |    39   |
|          |                     add_ln116_fu_789                    |    0    |    0    |    0    |    39   |
|          |                     add_ln133_fu_810                    |    0    |    0    |    0    |    71   |
|          |                    add_ln160_1_fu_844                   |    0    |    0    |    0    |    39   |
|          |                     add_ln160_fu_887                    |    0    |    0    |    0    |    39   |
|----------|---------------------------------------------------------|---------|---------|---------|---------|
|          |                     sub_ln102_fu_512                    |    0    |    0    |    0    |    32   |
|          |                     sub_ln101_fu_556                    |    0    |    0    |    0    |    32   |
|    sub   |                     sub_ln105_fu_590                    |    0    |    0    |    0    |    38   |
|          |                     sub_ln104_fu_635                    |    0    |    0    |    0    |    38   |
|          |                     sub_ln119_fu_778                    |    0    |    0    |    0    |    42   |
|----------|---------------------------------------------------------|---------|---------|---------|---------|
|          |                      cmp6599_fu_417                     |    0    |    0    |    0    |    18   |
|          |                     cmp61103_fu_445                     |    0    |    0    |    0    |    18   |
|          |                     icmp_ln87_fu_473                    |    0    |    0    |    0    |    18   |
|          |                    icmp_ln104_fu_527                    |    0    |    0    |    0    |    18   |
|   icmp   |                     tobool133_fu_532                    |    0    |    0    |    0    |    18   |
|          |                     cmp10479_fu_710                     |    0    |    0    |    0    |    18   |
|          |                     cmp14787_fu_715                     |    0    |    0    |    0    |    18   |
|          |                    icmp_ln110_fu_740                    |    0    |    0    |    0    |    18   |
|          |                    icmp_ln115_fu_751                    |    0    |    0    |    0    |    18   |
|          |                    icmp_ln160_fu_839                    |    0    |    0    |    0    |    18   |
|----------|---------------------------------------------------------|---------|---------|---------|---------|
|          |                    select_ln87_fu_423                   |    0    |    0    |    0    |    31   |
|          |                   select_ln104_fu_655                   |    0    |    0    |    0    |    32   |
|  select  |                   final_height_fu_663                   |    0    |    0    |    0    |    32   |
|          |                   select_ln105_fu_692                   |    0    |    0    |    0    |    32   |
|          |                    final_width_fu_699                   |    0    |    0    |    0    |    32   |
|----------|---------------------------------------------------------|---------|---------|---------|---------|
|          |                     mul_ln87_fu_453                     |    3    |    0    |    0    |    20   |
|    mul   |                     mul_ln24_fu_464                     |    3    |    0    |    0    |    20   |
|          |                     mul_ln110_fu_721                    |    3    |    0    |    0    |    20   |
|          |                     mul_ln101_fu_731                    |    3    |    0    |    0    |    20   |
|----------|---------------------------------------------------------|---------|---------|---------|---------|
|    xor   |                     xor_ln105_fu_580                    |    0    |    0    |    0    |    31   |
|          |                     xor_ln104_fu_625                    |    0    |    0    |    0    |    31   |
|----------|---------------------------------------------------------|---------|---------|---------|---------|
|          |               pool_enable_read_read_fu_214              |    0    |    0    |    0    |    0    |
|          |               relu_enable_read_read_fu_220              |    0    |    0    |    0    |    0    |
|          |                 padding_read_read_fu_226                |    0    |    0    |    0    |    0    |
|          |                 stride_read_read_fu_232                 |    0    |    0    |    0    |    0    |
|          |                in_width_read_read_fu_238                |    0    |    0    |    0    |    0    |
|          |                in_height_read_read_fu_244               |    0    |    0    |    0    |    0    |
|   read   |              out_channels_read_read_fu_250              |    0    |    0    |    0    |    0    |
|          |               in_channels_read_read_fu_256              |    0    |    0    |    0    |    0    |
|          |               kernel_size_read_read_fu_262              |    0    |    0    |    0    |    0    |
|          |               output_data_read_read_fu_268              |    0    |    0    |    0    |    0    |
|          |                bias_data_read_read_fu_274               |    0    |    0    |    0    |    0    |
|          |               weight_data_read_read_fu_280              |    0    |    0    |    0    |    0    |
|          |               input_data_read_read_fu_286               |    0    |    0    |    0    |    0    |
|          |                DATA_addr_read_read_fu_299               |    0    |    0    |    0    |    0    |
|----------|---------------------------------------------------------|---------|---------|---------|---------|
|  readreq |                    grp_readreq_fu_292                   |    0    |    0    |    0    |    0    |
|----------|---------------------------------------------------------|---------|---------|---------|---------|
|          |                    trunc_ln24_fu_409                    |    0    |    0    |    0    |    0    |
|          |                   trunc_ln24_1_fu_413                   |    0    |    0    |    0    |    0    |
|          |                    trunc_ln89_fu_431                    |    0    |    0    |    0    |    0    |
|   trunc  |                    trunc_ln105_fu_706                   |    0    |    0    |    0    |    0    |
|          |                    trunc_ln117_fu_725                   |    0    |    0    |    0    |    0    |
|          |                    trunc_ln160_fu_835                   |    0    |    0    |    0    |    0    |
|          |                   trunc_ln160_1_fu_859                  |    0    |    0    |    0    |    0    |
|----------|---------------------------------------------------------|---------|---------|---------|---------|
|          |                     zext_ln87_fu_450                    |    0    |    0    |    0    |    0    |
|          |                     zext_ln24_fu_458                    |    0    |    0    |    0    |    0    |
|          |                    zext_ln24_1_fu_461                   |    0    |    0    |    0    |    0    |
|          |                    zext_ln105_fu_586                    |    0    |    0    |    0    |    0    |
|          |                    zext_ln104_fu_631                    |    0    |    0    |    0    |    0    |
|   zext   |                   zext_ln104_1_fu_651                   |    0    |    0    |    0    |    0    |
|          |                   zext_ln105_1_fu_688                   |    0    |    0    |    0    |    0    |
|          |                    zext_ln101_fu_728                    |    0    |    0    |    0    |    0    |
|          |                    zext_ln119_fu_762                    |    0    |    0    |    0    |    0    |
|          |                   zext_ln119_3_fu_774                   |    0    |    0    |    0    |    0    |
|          |                    zext_ln133_fu_806                    |    0    |    0    |    0    |    0    |
|----------|---------------------------------------------------------|---------|---------|---------|---------|
|          |                       tmp_s_fu_484                      |    0    |    0    |    0    |    0    |
|          |                       tmp_1_fu_766                      |    0    |    0    |    0    |    0    |
|bitconcatenate|                      shl_ln2_fu_799                     |    0    |    0    |    0    |    0    |
|          |                       tmp_2_fu_850                      |    0    |    0    |    0    |    0    |
|          |                       tmp_3_fu_878                      |    0    |    0    |    0    |    0    |
|----------|---------------------------------------------------------|---------|---------|---------|---------|
|    shl   |                     shl_ln101_fu_507                    |    0    |    0    |    0    |    0    |
|----------|---------------------------------------------------------|---------|---------|---------|---------|
|          |                   trunc_ln105_1_fu_570                  |    0    |    0    |    0    |    0    |
|          |                   trunc_ln104_1_fu_615                  |    0    |    0    |    0    |    0    |
|partselect|                   lshr_ln104_2_fu_641                   |    0    |    0    |    0    |    0    |
|          |                   lshr_ln105_2_fu_678                   |    0    |    0    |    0    |    0    |
|          |                     trunc_ln6_fu_815                    |    0    |    0    |    0    |    0    |
|          |                      lshr_ln_fu_868                     |    0    |    0    |    0    |    0    |
|----------|---------------------------------------------------------|---------|---------|---------|---------|
| bitselect|                        tmp_fu_607                       |    0    |    0    |    0    |    0    |
|          |                       tmp_8_fu_670                      |    0    |    0    |    0    |    0    |
|----------|---------------------------------------------------------|---------|---------|---------|---------|
|   sext   |                    sext_ln133_fu_825                    |    0    |    0    |    0    |    0    |
|----------|---------------------------------------------------------|---------|---------|---------|---------|
|   Total  |                                                         |    40   | 47.7593 |   6141  |   6612  |
|----------|---------------------------------------------------------|---------|---------|---------|---------|

Memories:
+---------------+--------+--------+--------+
|               |  BRAM  |   FF   |   LUT  |
+---------------+--------+--------+--------+
| conv_output_V |    1   |    0   |    0   |
|conv_output_V_1|    1   |    0   |    0   |
|conv_output_V_2|    1   |    0   |    0   |
|conv_output_V_3|    1   |    0   |    0   |
| local_input_V |   32   |    0   |    0   |
|local_weights_V|    2   |    0   |    0   |
| pool_output_V |    2   |    0   |    0   |
+---------------+--------+--------+--------+
|     Total     |   40   |    0   |    0   |
+---------------+--------+--------+--------+

* Register list:
+-------------------------+--------+
|                         |   FF   |
+-------------------------+--------+
| DATA_addr_read_reg_1189 |   32   |
|    DATA_addr_reg_1183   |   32   |
|    add_ln101_reg_1089   |   32   |
|    add_ln102_reg_1073   |   32   |
|    add_ln110_reg_1160   |   32   |
|    add_ln115_reg_1168   |   32   |
|   add_ln160_1_reg_1197  |   32   |
|    add_ln87_reg_1032    |   32   |
|  bias_data_read_reg_983 |   64   |
|    cmp10479_reg_1131    |    1   |
|    cmp14787_reg_1135    |    1   |
|    cmp61103_reg_1015    |    1   |
|  final_height_reg_1116  |   32   |
|   final_width_reg_1121  |   32   |
|        h_reg_315        |   32   |
|       ic_1_reg_304      |   32   |
|        ic_reg_901       |   32   |
|   icmp_ln104_reg_1078   |    1   |
| in_channels_read_reg_960|   32   |
|  in_height_read_reg_946 |   32   |
|   in_ptr_load_reg_1042  |   32   |
|      in_ptr_reg_908     |   32   |
|  in_width_read_reg_938  |   32   |
| input_data_read_reg_994 |   64   |
| kernel_size_read_reg_967|   32   |
|    mul_ln101_reg_1149   |   62   |
|    mul_ln110_reg_1139   |   32   |
|    mul_ln24_reg_1024    |   63   |
|    mul_ln87_reg_1019    |   32   |
|       oc_reg_1047       |   32   |
|out_channels_read_reg_955|   32   |
|   out_height_reg_1104   |   32   |
|  out_ptr_load_reg_1212  |   32   |
|     out_ptr_reg_1061    |   32   |
|    out_width_reg_1110   |   32   |
| output_data_read_reg_978|   64   |
|   padding_read_reg_925  |   32   |
| pool_enable_read_reg_915|   32   |
| relu_enable_read_reg_920|   32   |
|   sdiv_ln102_reg_1094   |   32   |
|   select_ln87_reg_1004  |   31   |
|    shl_ln101_reg_1068   |   32   |
|   stride_read_reg_931   |   32   |
|    sub_ln105_reg_1099   |   32   |
|    sub_ln119_reg_1173   |   36   |
|      tmp_2_reg_1202     |   10   |
|      tmp_3_reg_1217     |    8   |
|      tmp_s_reg_1037     |   37   |
|    tobool133_reg_1085   |    1   |
|   trunc_ln105_reg_1126  |   31   |
|   trunc_ln117_reg_1144  |    2   |
|  trunc_ln160_1_reg_1207 |    1   |
|    trunc_ln24_reg_999   |   31   |
|   trunc_ln89_reg_1010   |    2   |
|   w_ptr_load_reg_1178   |   32   |
|      w_ptr_reg_1054     |   32   |
| weight_data_read_reg_988|   64   |
+-------------------------+--------+
|          Total          |  1727  |
+-------------------------+--------+

* Multiplexer (MUX) list: 
|---------------------------------------------------------|------|------|------|--------||---------||---------|
|                           Comp                          |  Pin | Size |  BW  | S x BW ||  Delay  ||   LUT   |
|---------------------------------------------------------|------|------|------|--------||---------||---------|
| grp_accel_top_Pipeline_LOAD_INPUT_H_LOAD_INPUT_W_fu_326 |  p4  |   2  |  37  |   74   ||    9    |
| grp_accel_top_Pipeline_LOAD_INPUT_H_LOAD_INPUT_W_fu_326 |  p6  |   2  |  32  |   64   ||    9    |
|    grp_accel_top_Pipeline_LOAD_W_KH_LOAD_W_KW_fu_340    |  p1  |   2  |  32  |   64   ||    9    |
|    grp_accel_top_Pipeline_LOAD_W_KH_LOAD_W_KW_fu_340    |  p5  |   2  |  36  |   72   ||    9    |
|          grp_accel_top_Pipeline_STORE_W_fu_391          |  p1  |   2  |  32  |   64   ||    9    |
|          grp_accel_top_Pipeline_STORE_W_fu_391          |  p4  |   2  |  10  |   20   ||    9    |
|          grp_accel_top_Pipeline_STORE_W_fu_391          |  p7  |   2  |   8  |   16   ||    9    |
|          grp_accel_top_Pipeline_STORE_W_fu_391          |  p12 |   2  |   1  |    2   ||    9    |
|                        grp_fu_522                       |  p0  |   2  |  32  |   64   ||    9    |
|                        grp_fu_565                       |  p0  |   2  |  32  |   64   ||    9    |
|---------------------------------------------------------|------|------|------|--------||---------||---------|
|                          Total                          |      |      |      |   504  ||  15.88  ||    90   |
|---------------------------------------------------------|------|------|------|--------||---------||---------|



* Summary:
+-----------+--------+--------+--------+--------+--------+
|           |  BRAM  |   DSP  |  Delay |   FF   |   LUT  |
+-----------+--------+--------+--------+--------+--------+
|  Function |    -   |   40   |   47   |  6141  |  6612  |
|   Memory  |   40   |    -   |    -   |    0   |    0   |
|Multiplexer|    -   |    -   |   15   |    -   |   90   |
|  Register |    -   |    -   |    -   |  1727  |    -   |
+-----------+--------+--------+--------+--------+--------+
|   Total   |   40   |   40   |   63   |  7868  |  6702  |
+-----------+--------+--------+--------+--------+--------+
