INFO-FLOW: Workspace C:/Users/PC-CST-A3/Desktop/edge-ai-soc/hls/cnn_accelerator/cnn_accelerator/solution1 opened at Fri Aug 21 20:15:39 +0530 2026
Execute     ap_set_clock -name default -period 10 -unit ns -default=false 
INFO: [SYN 201-201] Setting up clock 'default' with a period of 10ns.
Execute     ap_set_clock -name default -uncertainty 1.25 -unit ns 
INFO: [SYN 201-201] Setting up clock 'default' with an uncertainty of 1.25ns.
Execute     set_part xc7z020clg484-1 
Execute       create_platform xc7z020clg484-1 -board  
DBG:HLSDevice: Trying to load device library: D:/Vitis_HLS/2022.1\lib\win64.o\librdi_hlsvwrap.dll
DBG:HLSDevice: first parts/arch.xml in RDI_DATADIR: D:/Vivado/2022.1/data/parts/arch.xml
DBG:HLSDevice: init success
INFO: [HLS 200-1611] Setting target device to 'xc7z020-clg484-1'
Command       create_platform done; 4.393 sec.
Execute       source D:/Vitis_HLS/2022.1/common/technology/xilinx/common/xilinx.gen 
Execute         source D:/Vitis_HLS/2022.1/common/technology/xilinx/interface/plb46.gen 
Execute         source D:/Vitis_HLS/2022.1/common/technology/xilinx/interface/axi4.gen 
Execute         source D:/Vitis_HLS/2022.1/common/technology/xilinx/interface/nativeAXI4.gen 
Execute           source D:/Vitis_HLS/2022.1/common/technology/xilinx/interface/saxilite.gen 
Execute         source D:/Vitis_HLS/2022.1/common/technology/xilinx/scripts/xilinxcoregen.gen 
Execute         source D:/Vitis_HLS/2022.1/common/technology/xilinx/interface/XilEDKCoreGen.gen 
Execute         source D:/Vitis_HLS/2022.1/common/technology/xilinx/ip/dds_compiler.gen 
Execute         source D:/Vitis_HLS/2022.1/common/technology/xilinx/ip/util.gen 
Execute         source D:/Vitis_HLS/2022.1/common/technology/xilinx/ip/xfft.gen 
Command         ap_source done; 0.103 sec.
Execute         source D:/Vitis_HLS/2022.1/common/technology/xilinx/ip/xfir.gen 
Execute         source D:/Vitis_HLS/2022.1/common/technology/xilinx/DSP48/dsp48.gen 
Command       ap_source done; 0.412 sec.
Execute       ap_part_info -name xc7z020-clg484-1 -data info 
Execute       config_compile -quiet -complex-mul-dsp=0 
Command     set_part done; 4.907 sec.
Execute     send_msg_by_id INFO @200-1505@%s%s  vivado 
INFO: [HLS 200-1505] Using flow_target 'vivado'
Execute     get_config_interface -m_axi_latency 
Execute     get_config_interface -m_axi_alignment_byte_size 
Execute     get_config_interface -m_axi_max_widen_bitwidth 
Execute     get_config_interface -default_interface 
Execute     get_config_rtl -register_reset_num 
Command   open_solution done; 4.997 sec.
Execute   set_part xc7z020clg484-1 
INFO: [HLS 200-1510] Running: set_part xc7z020clg484-1 
Execute     create_platform xc7z020clg484-1 -board  
Execute     source D:/Vitis_HLS/2022.1/common/technology/xilinx/common/xilinx.gen 
Execute       source D:/Vitis_HLS/2022.1/common/technology/xilinx/interface/plb46.gen 
Execute       source D:/Vitis_HLS/2022.1/common/technology/xilinx/interface/axi4.gen 
Execute       source D:/Vitis_HLS/2022.1/common/technology/xilinx/interface/nativeAXI4.gen 
Execute         source D:/Vitis_HLS/2022.1/common/technology/xilinx/interface/saxilite.gen 
Execute       source D:/Vitis_HLS/2022.1/common/technology/xilinx/scripts/xilinxcoregen.gen 
Execute       source D:/Vitis_HLS/2022.1/common/technology/xilinx/interface/XilEDKCoreGen.gen 
Execute       source D:/Vitis_HLS/2022.1/common/technology/xilinx/ip/dds_compiler.gen 
Execute       source D:/Vitis_HLS/2022.1/common/technology/xilinx/ip/util.gen 
Execute       source D:/Vitis_HLS/2022.1/common/technology/xilinx/ip/xfft.gen 
Execute       source D:/Vitis_HLS/2022.1/common/technology/xilinx/ip/xfir.gen 
Execute       source D:/Vitis_HLS/2022.1/common/technology/xilinx/DSP48/dsp48.gen 
Execute     ap_part_info -name xc7z020-clg484-1 -data info 
Execute     config_compile -quiet -complex-mul-dsp=0 
Command   set_part done; 0.157 sec.
Execute   create_clock -period 10ns -name default 
INFO: [HLS 200-1510] Running: create_clock -period 10ns -name default 
Execute     ap_set_clock -name default -period 10 -unit ns -default=false 
INFO: [SYN 201-201] Setting up clock 'default' with a period of 10ns.
Execute   set_clock_uncertainty 1.25ns 
INFO: [HLS 200-1510] Running: set_clock_uncertainty 1.25ns 
Execute   csynth_design 
INFO: [HLS 200-1510] Running: csynth_design 
Execute     get_config_compile -effort 
Execute     get_config_compile -enable_clang39 
Execute     get_config_compile -g 
Execute     get_config_compile -hw_syn 
Execute     get_config_compile -ng 
Execute     get_config_compile -opt_fp 
Execute     get_config_compile -skip_cdt 
Execute     get_config_compile -skip_syncheck 
Execute     get_config_compile -skip_transform 
Execute     get_config_compile -pre_tcl 
Execute     get_config_compile -keep_printf 
Execute     elaborate -effort=medium -skip_syncheck=0 -keep_printf=0 -skip_cdt=0 -skip_transform=0 -ng=0 -g=0 -opt_fp=0 -from_csynth_design=1 
INFO: [HLS 200-111] Finished File checks and directory preparation: CPU user time: 0 seconds. CPU system time: 0 seconds. Elapsed time: 0.066 seconds; current allocated memory: 917.422 MB.
INFO: [HLS 200-10] Analyzing design file 'src/relu.cpp' ... 
INFO-FLOW: Compiling one TU...
Execute       get_config_compile -pragma_strict_mode 
INFO-FLOW: Handling src/relu.cpp as C++
Execute       ap_part_info -name xc7z020-clg484-1 -data info 
INFO-FLOW: Running: GCC PP 39
INFO-FLOW: Source preprocessing
Execute       ap_eval exec -ignorestderr D:/Vitis_HLS/2022.1/win64/tools/clang-3.9-csynth/bin/clang src/relu.cpp -foptimization-record-file=C:/Users/PC-CST-A3/Desktop/edge-ai-soc/hls/cnn_accelerator/cnn_accelerator/solution1/.autopilot/db/relu.cpp.clang.diag.yml -mllvm -pass-remarks-missed=reflow|pasta|unroll -mllvm -pass-remarks=reflow|pasta|unroll|inline -fno-limit-debug-info --sysroot D:/Vitis_HLS/2022.1/tps/mingw/8.3.0/win64.o/nt -fhls -fno-exceptions -E -fno-math-errno -c -emit-llvm -mllvm -disable-llvm-optzns -Werror=implicit-function-declaration -Werror=implicit-hls-streams -Werror=return-type -Wpragmas -Wunused-parameter -Wdump-hls-pragmas -fno-threadsafe-statics -fno-use-cxa-atexit -std=gnu++14 -target fpga64-xilinx-mingw32 -fno-threadsafe-statics -fno-use-cxa-atexit -D__VITIS_HLS__ -DAESL_SYN -D__SYNTHESIS__ -D__HLS_SYN__ -I D:/Vitis_HLS/2022.1/common/technology/autopilot -I D:/Vitis_HLS/2022.1/common/technology/autopilot/ap_sysc -include etc/autopilot_ssdm_op.h -D__DSP48E1__ -I /usr/include/x86_64-linux-gnu -o C:/Users/PC-CST-A3/Desktop/edge-ai-soc/hls/cnn_accelerator/cnn_accelerator/solution1/.autopilot/db/relu.pp.0.cpp -hls-platform-db-name=D:/Vitis_HLS/2022.1/common/technology/xilinx/common/platform.db -hls-platform-name=zynq_slow -device-resource-info=BRAM_280.000000_DSP_220.000000_FF_106400.000000_LUT_53200.000000_SLICE_13300.000000_URAM_0.000000 > C:/Users/PC-CST-A3/Desktop/edge-ai-soc/hls/cnn_accelerator/cnn_accelerator/solution1/.autopilot/db/relu.cpp.clang.out.log 2> C:/Users/PC-CST-A3/Desktop/edge-ai-soc/hls/cnn_accelerator/cnn_accelerator/solution1/.autopilot/db/relu.cpp.clang.err.log 
Command       ap_eval done; 1.98 sec.
INFO-FLOW: Done: GCC PP 39 time: 2 seconds per iteration
Execute       set_directive_top accel_top -name=accel_top 
Execute       source D:/Vitis_HLS/2022.1/tps/tcl/tcllib1.11.1/yaml/huddle.tcl 
Execute       source D:/Vitis_HLS/2022.1/tps/tcl/tcllib1.11.1/yaml/json2huddle.tcl 
INFO-FLOW: Source syntax check for synthesis
Execute       ap_eval exec -ignorestderr D:/Vitis_HLS/2022.1/win64/tools/clang-3.9-csynth/bin/clang -foptimization-record-file=C:/Users/PC-CST-A3/Desktop/edge-ai-soc/hls/cnn_accelerator/cnn_accelerator/solution1/.autopilot/db/clang.diag.yml -mllvm -pass-remarks-missed=reflow|pasta|unroll -mllvm -pass-remarks=reflow|pasta|unroll|inline -fsyntax-only -fhls -target fpga64-xilinx-linux-gnu C:/Users/PC-CST-A3/Desktop/edge-ai-soc/hls/cnn_accelerator/cnn_accelerator/solution1/.autopilot/db/relu.pp.0.cpp -hls-platform-db-name=D:/Vitis_HLS/2022.1/common/technology/xilinx/common/platform.db -hls-platform-name=zynq_slow -device-resource-info=BRAM_280.000000_DSP_220.000000_FF_106400.000000_LUT_53200.000000_SLICE_13300.000000_URAM_0.000000 > C:/Users/PC-CST-A3/Desktop/edge-ai-soc/hls/cnn_accelerator/cnn_accelerator/solution1/.autopilot/db/clang.out.log 2> C:/Users/PC-CST-A3/Desktop/edge-ai-soc/hls/cnn_accelerator/cnn_accelerator/solution1/.autopilot/db/clang.err.log 
Command       ap_eval done; 0.917 sec.
Execute       clang_tidy xilinx-systemc-detector -desc systemc-detector C:/Users/PC-CST-A3/Desktop/edge-ai-soc/hls/cnn_accelerator/cnn_accelerator/solution1/.autopilot/db/relu.pp.0.cpp std=gnu++14 -target fpga  -directive=C:/Users/PC-CST-A3/Desktop/edge-ai-soc/hls/cnn_accelerator/cnn_accelerator/solution1/.autopilot/db/.systemc_flag 
INFO-FLOW: exec D:/Vitis_HLS/2022.1/win64/tools/clang-3.9-csynth/bin/clang-tidy -header-filter=.* --checks=-*,xilinx-systemc-detector -import-directive=C:/Users/PC-CST-A3/Desktop/edge-ai-soc/hls/cnn_accelerator/cnn_accelerator/solution1/.autopilot/db/.systemc_flag -fix-errors C:/Users/PC-CST-A3/Desktop/edge-ai-soc/hls/cnn_accelerator/cnn_accelerator/solution1/.autopilot/db/relu.pp.0.cpp -- -std=gnu++14 -target fpga -fhls -ferror-limit=0
Command       clang_tidy done; 0.626 sec.
INFO-FLOW: Running: clang-tidy CDT preprocess 39
Execute       clang_tidy xilinx-directive2pragma -desc directive2pragma C:/Users/PC-CST-A3/Desktop/edge-ai-soc/hls/cnn_accelerator/cnn_accelerator/solution1/.autopilot/db/relu.pp.0.cpp std=gnu++14 -target fpga  -directive=C:/Users/PC-CST-A3/Desktop/edge-ai-soc/hls/cnn_accelerator/cnn_accelerator/solution1/.autopilot/db/all.directive.json 
INFO-FLOW: exec D:/Vitis_HLS/2022.1/win64/tools/clang-3.9-csynth/bin/clang-tidy -header-filter=.* --checks=-*,xilinx-directive2pragma -import-directive=C:/Users/PC-CST-A3/Desktop/edge-ai-soc/hls/cnn_accelerator/cnn_accelerator/solution1/.autopilot/db/all.directive.json -fix-errors C:/Users/PC-CST-A3/Desktop/edge-ai-soc/hls/cnn_accelerator/cnn_accelerator/solution1/.autopilot/db/relu.pp.0.cpp -- -std=gnu++14 -target fpga -fhls -ferror-limit=0
Command       clang_tidy done; 0.476 sec.
Execute       clang_tidy xilinx-remove-assert -desc remove-assert C:/Users/PC-CST-A3/Desktop/edge-ai-soc/hls/cnn_accelerator/cnn_accelerator/solution1/.autopilot/db/relu.pp.0.cpp std=gnu++14 -target fpga  
INFO-FLOW: exec D:/Vitis_HLS/2022.1/win64/tools/clang-3.9-csynth/bin/clang-tidy -header-filter=.* --checks=-*,xilinx-remove-assert -fix-errors C:/Users/PC-CST-A3/Desktop/edge-ai-soc/hls/cnn_accelerator/cnn_accelerator/solution1/.autopilot/db/relu.pp.0.cpp -- -std=gnu++14 -target fpga -fhls -ferror-limit=0
Command       clang_tidy done; 0.413 sec.
INFO-FLOW: Done: clang-tidy CDT preprocess 39 time: 0.9 seconds per iteration
INFO-FLOW: Calling xilinx-label-all-loops ... 
INFO-FLOW: Calling xilinx-aggregate-on-hls-vector ... 
Execute       clang_tidy -errorcheck -desc loop-label xilinx-label-all-loops,xilinx-aggregate-on-hls-vector,,xilinx-warn-mayneed-no-ctor-attribute C:/Users/PC-CST-A3/Desktop/edge-ai-soc/hls/cnn_accelerator/cnn_accelerator/solution1/.autopilot/db/relu.pp.0.cpp std=gnu++14 -target fpga  
Execute         ap_eval exec -ignorestderr D:/Vitis_HLS/2022.1/win64/tools/clang-3.9-csynth/bin/clang-tidy -export-fixes=C:/Users/PC-CST-A3/Desktop/edge-ai-soc/hls/cnn_accelerator/cnn_accelerator/solution1/.autopilot/db/relu.pp.0.cpp.clang-tidy.loop-label.diag.yml -header-filter=.* --checks=-*,xilinx-label-all-loops,xilinx-aggregate-on-hls-vector,,xilinx-warn-mayneed-no-ctor-attribute -fix-errors C:/Users/PC-CST-A3/Desktop/edge-ai-soc/hls/cnn_accelerator/cnn_accelerator/solution1/.autopilot/db/relu.pp.0.cpp -- -std=gnu++14 -target fpga -fhls -ferror-limit=0 > C:/Users/PC-CST-A3/Desktop/edge-ai-soc/hls/cnn_accelerator/cnn_accelerator/solution1/.autopilot/db/relu.pp.0.cpp.clang-tidy.loop-label.out.log 2> C:/Users/PC-CST-A3/Desktop/edge-ai-soc/hls/cnn_accelerator/cnn_accelerator/solution1/.autopilot/db/relu.pp.0.cpp.clang-tidy.loop-label.err.log 
Command         ap_eval done; 0.791 sec.
Execute         source D:/Vitis_HLS/2022.1/tps/tcl/tcllib1.11.1/yaml/yaml.tcl 
Command       clang_tidy done; 0.837 sec.
Execute       get_config_dataflow -strict_mode 
Execute       ap_eval exec -ignorestderr D:/Vitis_HLS/2022.1/win64/tools/clang-3.9-csynth/bin/xilinx-dataflow-lawyer -export-fixes=C:/Users/PC-CST-A3/Desktop/edge-ai-soc/hls/cnn_accelerator/cnn_accelerator/solution1/.autopilot/db/relu.pp.0.cpp.xilinx-dataflow-lawyer.diag.yml C:/Users/PC-CST-A3/Desktop/edge-ai-soc/hls/cnn_accelerator/cnn_accelerator/solution1/.autopilot/db/relu.pp.0.cpp -- -std=gnu++14 -target fpga -fhls -ferror-limit=0 -fstrict-dataflow > C:/Users/PC-CST-A3/Desktop/edge-ai-soc/hls/cnn_accelerator/cnn_accelerator/solution1/.autopilot/db/relu.pp.0.cpp.xilinx-dataflow-lawyer.out.log 2> C:/Users/PC-CST-A3/Desktop/edge-ai-soc/hls/cnn_accelerator/cnn_accelerator/solution1/.autopilot/db/relu.pp.0.cpp.xilinx-dataflow-lawyer.err.log 
Command       ap_eval done; 0.5 sec.
Execute       ap_part_info -name xc7z020-clg484-1 -data info 
INFO-FLOW: compiling source code to llvm bc
Execute       ap_eval exec -ignorestderr D:/Vitis_HLS/2022.1/win64/tools/clang-3.9-csynth/bin/clang -foptimization-record-file=C:/Users/PC-CST-A3/Desktop/edge-ai-soc/hls/cnn_accelerator/cnn_accelerator/solution1/.autopilot/db/relu.pp.0.cpp.clang.diag.yml -mllvm -pass-remarks-missed=reflow|pasta|unroll -mllvm -pass-remarks=reflow|pasta|unroll|inline -fno-limit-debug-info -fhls -flto -fno-exceptions -Wno-error=c++11-narrowing C:/Users/PC-CST-A3/Desktop/edge-ai-soc/hls/cnn_accelerator/cnn_accelerator/solution1/.autopilot/db/relu.pp.0.cpp -fno-math-errno -c -emit-llvm -mllvm -disable-llvm-optzns -Werror=implicit-function-declaration -Werror=implicit-hls-streams -Werror=return-type -Wpragmas -Wunused-parameter -Wdump-hls-pragmas -fno-threadsafe-statics -fno-use-cxa-atexit -std=gnu++14 -target fpga64-xilinx-linux-gnu -D__VITIS_HLS__ -DAESL_SYN -D__SYNTHESIS__ -D__HLS_SYN__ -I D:/Vitis_HLS/2022.1/common/technology/autopilot -I D:/Vitis_HLS/2022.1/common/technology/autopilot/ap_sysc -include etc/autopilot_ssdm_op.h -D__DSP48E1__ -g -o C:/Users/PC-CST-A3/Desktop/edge-ai-soc/hls/cnn_accelerator/cnn_accelerator/solution1/.autopilot/db/relu.bc -hls-platform-db-name=D:/Vitis_HLS/2022.1/common/technology/xilinx/common/platform.db -hls-platform-name=zynq_slow -device-resource-info=BRAM_280.000000_DSP_220.000000_FF_106400.000000_LUT_53200.000000_SLICE_13300.000000_URAM_0.000000 > C:/Users/PC-CST-A3/Desktop/edge-ai-soc/hls/cnn_accelerator/cnn_accelerator/solution1/.autopilot/db/relu.pp.0.cpp.clang.out.log 2> C:/Users/PC-CST-A3/Desktop/edge-ai-soc/hls/cnn_accelerator/cnn_accelerator/solution1/.autopilot/db/relu.pp.0.cpp.clang.err.log 
Command       ap_eval done; 0.81 sec.
INFO: [HLS 200-10] Analyzing design file 'src/maxpool.cpp' ... 
INFO-FLOW: Compiling one TU...
Execute       get_config_compile -pragma_strict_mode 
INFO-FLOW: Handling src/maxpool.cpp as C++
Execute       ap_part_info -name xc7z020-clg484-1 -data info 
INFO-FLOW: Running: GCC PP 39
INFO-FLOW: Source preprocessing
Execute       ap_eval exec -ignorestderr D:/Vitis_HLS/2022.1/win64/tools/clang-3.9-csynth/bin/clang src/maxpool.cpp -foptimization-record-file=C:/Users/PC-CST-A3/Desktop/edge-ai-soc/hls/cnn_accelerator/cnn_accelerator/solution1/.autopilot/db/maxpool.cpp.clang.diag.yml -mllvm -pass-remarks-missed=reflow|pasta|unroll -mllvm -pass-remarks=reflow|pasta|unroll|inline -fno-limit-debug-info --sysroot D:/Vitis_HLS/2022.1/tps/mingw/8.3.0/win64.o/nt -fhls -fno-exceptions -E -fno-math-errno -c -emit-llvm -mllvm -disable-llvm-optzns -Werror=implicit-function-declaration -Werror=implicit-hls-streams -Werror=return-type -Wpragmas -Wunused-parameter -Wdump-hls-pragmas -fno-threadsafe-statics -fno-use-cxa-atexit -std=gnu++14 -target fpga64-xilinx-mingw32 -fno-threadsafe-statics -fno-use-cxa-atexit -D__VITIS_HLS__ -DAESL_SYN -D__SYNTHESIS__ -D__HLS_SYN__ -I D:/Vitis_HLS/2022.1/common/technology/autopilot -I D:/Vitis_HLS/2022.1/common/technology/autopilot/ap_sysc -include etc/autopilot_ssdm_op.h -D__DSP48E1__ -I /usr/include/x86_64-linux-gnu -o C:/Users/PC-CST-A3/Desktop/edge-ai-soc/hls/cnn_accelerator/cnn_accelerator/solution1/.autopilot/db/maxpool.pp.0.cpp -hls-platform-db-name=D:/Vitis_HLS/2022.1/common/technology/xilinx/common/platform.db -hls-platform-name=zynq_slow -device-resource-info=BRAM_280.000000_DSP_220.000000_FF_106400.000000_LUT_53200.000000_SLICE_13300.000000_URAM_0.000000 > C:/Users/PC-CST-A3/Desktop/edge-ai-soc/hls/cnn_accelerator/cnn_accelerator/solution1/.autopilot/db/maxpool.cpp.clang.out.log 2> C:/Users/PC-CST-A3/Desktop/edge-ai-soc/hls/cnn_accelerator/cnn_accelerator/solution1/.autopilot/db/maxpool.cpp.clang.err.log 
Command       ap_eval done; 0.252 sec.
INFO-FLOW: Done: GCC PP 39 time: 0.3 seconds per iteration
Execute       set_directive_top accel_top -name=accel_top 
INFO-FLOW: Source syntax check for synthesis
Execute       ap_eval exec -ignorestderr D:/Vitis_HLS/2022.1/win64/tools/clang-3.9-csynth/bin/clang -foptimization-record-file=C:/Users/PC-CST-A3/Desktop/edge-ai-soc/hls/cnn_accelerator/cnn_accelerator/solution1/.autopilot/db/clang.diag.yml -mllvm -pass-remarks-missed=reflow|pasta|unroll -mllvm -pass-remarks=reflow|pasta|unroll|inline -fsyntax-only -fhls -target fpga64-xilinx-linux-gnu C:/Users/PC-CST-A3/Desktop/edge-ai-soc/hls/cnn_accelerator/cnn_accelerator/solution1/.autopilot/db/maxpool.pp.0.cpp -hls-platform-db-name=D:/Vitis_HLS/2022.1/common/technology/xilinx/common/platform.db -hls-platform-name=zynq_slow -device-resource-info=BRAM_280.000000_DSP_220.000000_FF_106400.000000_LUT_53200.000000_SLICE_13300.000000_URAM_0.000000 > C:/Users/PC-CST-A3/Desktop/edge-ai-soc/hls/cnn_accelerator/cnn_accelerator/solution1/.autopilot/db/clang.out.log 2> C:/Users/PC-CST-A3/Desktop/edge-ai-soc/hls/cnn_accelerator/cnn_accelerator/solution1/.autopilot/db/clang.err.log 
Command       ap_eval done; 0.515 sec.
Execute       clang_tidy xilinx-systemc-detector -desc systemc-detector C:/Users/PC-CST-A3/Desktop/edge-ai-soc/hls/cnn_accelerator/cnn_accelerator/solution1/.autopilot/db/maxpool.pp.0.cpp std=gnu++14 -target fpga  -directive=C:/Users/PC-CST-A3/Desktop/edge-ai-soc/hls/cnn_accelerator/cnn_accelerator/solution1/.autopilot/db/.systemc_flag 
INFO-FLOW: exec D:/Vitis_HLS/2022.1/win64/tools/clang-3.9-csynth/bin/clang-tidy -header-filter=.* --checks=-*,xilinx-systemc-detector -import-directive=C:/Users/PC-CST-A3/Desktop/edge-ai-soc/hls/cnn_accelerator/cnn_accelerator/solution1/.autopilot/db/.systemc_flag -fix-errors C:/Users/PC-CST-A3/Desktop/edge-ai-soc/hls/cnn_accelerator/cnn_accelerator/solution1/.autopilot/db/maxpool.pp.0.cpp -- -std=gnu++14 -target fpga -fhls -ferror-limit=0
Command       clang_tidy done; 0.406 sec.
INFO-FLOW: Running: clang-tidy CDT preprocess 39
Execute       clang_tidy xilinx-directive2pragma -desc directive2pragma C:/Users/PC-CST-A3/Desktop/edge-ai-soc/hls/cnn_accelerator/cnn_accelerator/solution1/.autopilot/db/maxpool.pp.0.cpp std=gnu++14 -target fpga  -directive=C:/Users/PC-CST-A3/Desktop/edge-ai-soc/hls/cnn_accelerator/cnn_accelerator/solution1/.autopilot/db/all.directive.json 
INFO-FLOW: exec D:/Vitis_HLS/2022.1/win64/tools/clang-3.9-csynth/bin/clang-tidy -header-filter=.* --checks=-*,xilinx-directive2pragma -import-directive=C:/Users/PC-CST-A3/Desktop/edge-ai-soc/hls/cnn_accelerator/cnn_accelerator/solution1/.autopilot/db/all.directive.json -fix-errors C:/Users/PC-CST-A3/Desktop/edge-ai-soc/hls/cnn_accelerator/cnn_accelerator/solution1/.autopilot/db/maxpool.pp.0.cpp -- -std=gnu++14 -target fpga -fhls -ferror-limit=0
Command       clang_tidy done; 0.409 sec.
Execute       clang_tidy xilinx-remove-assert -desc remove-assert C:/Users/PC-CST-A3/Desktop/edge-ai-soc/hls/cnn_accelerator/cnn_accelerator/solution1/.autopilot/db/maxpool.pp.0.cpp std=gnu++14 -target fpga  
INFO-FLOW: exec D:/Vitis_HLS/2022.1/win64/tools/clang-3.9-csynth/bin/clang-tidy -header-filter=.* --checks=-*,xilinx-remove-assert -fix-errors C:/Users/PC-CST-A3/Desktop/edge-ai-soc/hls/cnn_accelerator/cnn_accelerator/solution1/.autopilot/db/maxpool.pp.0.cpp -- -std=gnu++14 -target fpga -fhls -ferror-limit=0
Command       clang_tidy done; 0.482 sec.
INFO-FLOW: Done: clang-tidy CDT preprocess 39 time: 0.9 seconds per iteration
INFO-FLOW: Calling xilinx-label-all-loops ... 
INFO-FLOW: Calling xilinx-aggregate-on-hls-vector ... 
Execute       clang_tidy -errorcheck -desc loop-label xilinx-label-all-loops,xilinx-aggregate-on-hls-vector,,xilinx-warn-mayneed-no-ctor-attribute C:/Users/PC-CST-A3/Desktop/edge-ai-soc/hls/cnn_accelerator/cnn_accelerator/solution1/.autopilot/db/maxpool.pp.0.cpp std=gnu++14 -target fpga  
Execute         ap_eval exec -ignorestderr D:/Vitis_HLS/2022.1/win64/tools/clang-3.9-csynth/bin/clang-tidy -export-fixes=C:/Users/PC-CST-A3/Desktop/edge-ai-soc/hls/cnn_accelerator/cnn_accelerator/solution1/.autopilot/db/maxpool.pp.0.cpp.clang-tidy.loop-label.diag.yml -header-filter=.* --checks=-*,xilinx-label-all-loops,xilinx-aggregate-on-hls-vector,,xilinx-warn-mayneed-no-ctor-attribute -fix-errors C:/Users/PC-CST-A3/Desktop/edge-ai-soc/hls/cnn_accelerator/cnn_accelerator/solution1/.autopilot/db/maxpool.pp.0.cpp -- -std=gnu++14 -target fpga -fhls -ferror-limit=0 > C:/Users/PC-CST-A3/Desktop/edge-ai-soc/hls/cnn_accelerator/cnn_accelerator/solution1/.autopilot/db/maxpool.pp.0.cpp.clang-tidy.loop-label.out.log 2> C:/Users/PC-CST-A3/Desktop/edge-ai-soc/hls/cnn_accelerator/cnn_accelerator/solution1/.autopilot/db/maxpool.pp.0.cpp.clang-tidy.loop-label.err.log 
Command         ap_eval done; 0.741 sec.
Command       clang_tidy done; 0.77 sec.
Execute       get_config_dataflow -strict_mode 
Execute       ap_eval exec -ignorestderr D:/Vitis_HLS/2022.1/win64/tools/clang-3.9-csynth/bin/xilinx-dataflow-lawyer -export-fixes=C:/Users/PC-CST-A3/Desktop/edge-ai-soc/hls/cnn_accelerator/cnn_accelerator/solution1/.autopilot/db/maxpool.pp.0.cpp.xilinx-dataflow-lawyer.diag.yml C:/Users/PC-CST-A3/Desktop/edge-ai-soc/hls/cnn_accelerator/cnn_accelerator/solution1/.autopilot/db/maxpool.pp.0.cpp -- -std=gnu++14 -target fpga -fhls -ferror-limit=0 -fstrict-dataflow > C:/Users/PC-CST-A3/Desktop/edge-ai-soc/hls/cnn_accelerator/cnn_accelerator/solution1/.autopilot/db/maxpool.pp.0.cpp.xilinx-dataflow-lawyer.out.log 2> C:/Users/PC-CST-A3/Desktop/edge-ai-soc/hls/cnn_accelerator/cnn_accelerator/solution1/.autopilot/db/maxpool.pp.0.cpp.xilinx-dataflow-lawyer.err.log 
Command       ap_eval done; 0.403 sec.
Execute       ap_part_info -name xc7z020-clg484-1 -data info 
INFO-FLOW: compiling source code to llvm bc
Execute       ap_eval exec -ignorestderr D:/Vitis_HLS/2022.1/win64/tools/clang-3.9-csynth/bin/clang -foptimization-record-file=C:/Users/PC-CST-A3/Desktop/edge-ai-soc/hls/cnn_accelerator/cnn_accelerator/solution1/.autopilot/db/maxpool.pp.0.cpp.clang.diag.yml -mllvm -pass-remarks-missed=reflow|pasta|unroll -mllvm -pass-remarks=reflow|pasta|unroll|inline -fno-limit-debug-info -fhls -flto -fno-exceptions -Wno-error=c++11-narrowing C:/Users/PC-CST-A3/Desktop/edge-ai-soc/hls/cnn_accelerator/cnn_accelerator/solution1/.autopilot/db/maxpool.pp.0.cpp -fno-math-errno -c -emit-llvm -mllvm -disable-llvm-optzns -Werror=implicit-function-declaration -Werror=implicit-hls-streams -Werror=return-type -Wpragmas -Wunused-parameter -Wdump-hls-pragmas -fno-threadsafe-statics -fno-use-cxa-atexit -std=gnu++14 -target fpga64-xilinx-linux-gnu -D__VITIS_HLS__ -DAESL_SYN -D__SYNTHESIS__ -D__HLS_SYN__ -I D:/Vitis_HLS/2022.1/common/technology/autopilot -I D:/Vitis_HLS/2022.1/common/technology/autopilot/ap_sysc -include etc/autopilot_ssdm_op.h -D__DSP48E1__ -g -o C:/Users/PC-CST-A3/Desktop/edge-ai-soc/hls/cnn_accelerator/cnn_accelerator/solution1/.autopilot/db/maxpool.bc -hls-platform-db-name=D:/Vitis_HLS/2022.1/common/technology/xilinx/common/platform.db -hls-platform-name=zynq_slow -device-resource-info=BRAM_280.000000_DSP_220.000000_FF_106400.000000_LUT_53200.000000_SLICE_13300.000000_URAM_0.000000 > C:/Users/PC-CST-A3/Desktop/edge-ai-soc/hls/cnn_accelerator/cnn_accelerator/solution1/.autopilot/db/maxpool.pp.0.cpp.clang.out.log 2> C:/Users/PC-CST-A3/Desktop/edge-ai-soc/hls/cnn_accelerator/cnn_accelerator/solution1/.autopilot/db/maxpool.pp.0.cpp.clang.err.log 
Command       ap_eval done; 0.557 sec.
INFO: [HLS 200-10] Analyzing design file 'src/conv_engine.cpp' ... 
INFO-FLOW: Compiling one TU...
Execute       get_config_compile -pragma_strict_mode 
INFO-FLOW: Handling src/conv_engine.cpp as C++
Execute       ap_part_info -name xc7z020-clg484-1 -data info 
INFO-FLOW: Running: GCC PP 39
INFO-FLOW: Source preprocessing
Execute       ap_eval exec -ignorestderr D:/Vitis_HLS/2022.1/win64/tools/clang-3.9-csynth/bin/clang src/conv_engine.cpp -foptimization-record-file=C:/Users/PC-CST-A3/Desktop/edge-ai-soc/hls/cnn_accelerator/cnn_accelerator/solution1/.autopilot/db/conv_engine.cpp.clang.diag.yml -mllvm -pass-remarks-missed=reflow|pasta|unroll -mllvm -pass-remarks=reflow|pasta|unroll|inline -fno-limit-debug-info --sysroot D:/Vitis_HLS/2022.1/tps/mingw/8.3.0/win64.o/nt -fhls -fno-exceptions -E -fno-math-errno -c -emit-llvm -mllvm -disable-llvm-optzns -Werror=implicit-function-declaration -Werror=implicit-hls-streams -Werror=return-type -Wpragmas -Wunused-parameter -Wdump-hls-pragmas -fno-threadsafe-statics -fno-use-cxa-atexit -std=gnu++14 -target fpga64-xilinx-mingw32 -fno-threadsafe-statics -fno-use-cxa-atexit -D__VITIS_HLS__ -DAESL_SYN -D__SYNTHESIS__ -D__HLS_SYN__ -I D:/Vitis_HLS/2022.1/common/technology/autopilot -I D:/Vitis_HLS/2022.1/common/technology/autopilot/ap_sysc -include etc/autopilot_ssdm_op.h -D__DSP48E1__ -I /usr/include/x86_64-linux-gnu -o C:/Users/PC-CST-A3/Desktop/edge-ai-soc/hls/cnn_accelerator/cnn_accelerator/solution1/.autopilot/db/conv_engine.pp.0.cpp -hls-platform-db-name=D:/Vitis_HLS/2022.1/common/technology/xilinx/common/platform.db -hls-platform-name=zynq_slow -device-resource-info=BRAM_280.000000_DSP_220.000000_FF_106400.000000_LUT_53200.000000_SLICE_13300.000000_URAM_0.000000 > C:/Users/PC-CST-A3/Desktop/edge-ai-soc/hls/cnn_accelerator/cnn_accelerator/solution1/.autopilot/db/conv_engine.cpp.clang.out.log 2> C:/Users/PC-CST-A3/Desktop/edge-ai-soc/hls/cnn_accelerator/cnn_accelerator/solution1/.autopilot/db/conv_engine.cpp.clang.err.log 
Command       ap_eval done; 0.259 sec.
INFO-FLOW: Done: GCC PP 39 time: 0.3 seconds per iteration
Execute       set_directive_top accel_top -name=accel_top 
INFO-FLOW: Source syntax check for synthesis
Execute       ap_eval exec -ignorestderr D:/Vitis_HLS/2022.1/win64/tools/clang-3.9-csynth/bin/clang -foptimization-record-file=C:/Users/PC-CST-A3/Desktop/edge-ai-soc/hls/cnn_accelerator/cnn_accelerator/solution1/.autopilot/db/clang.diag.yml -mllvm -pass-remarks-missed=reflow|pasta|unroll -mllvm -pass-remarks=reflow|pasta|unroll|inline -fsyntax-only -fhls -target fpga64-xilinx-linux-gnu C:/Users/PC-CST-A3/Desktop/edge-ai-soc/hls/cnn_accelerator/cnn_accelerator/solution1/.autopilot/db/conv_engine.pp.0.cpp -hls-platform-db-name=D:/Vitis_HLS/2022.1/common/technology/xilinx/common/platform.db -hls-platform-name=zynq_slow -device-resource-info=BRAM_280.000000_DSP_220.000000_FF_106400.000000_LUT_53200.000000_SLICE_13300.000000_URAM_0.000000 > C:/Users/PC-CST-A3/Desktop/edge-ai-soc/hls/cnn_accelerator/cnn_accelerator/solution1/.autopilot/db/clang.out.log 2> C:/Users/PC-CST-A3/Desktop/edge-ai-soc/hls/cnn_accelerator/cnn_accelerator/solution1/.autopilot/db/clang.err.log 
Command       ap_eval done; 0.53 sec.
Execute       clang_tidy xilinx-systemc-detector -desc systemc-detector C:/Users/PC-CST-A3/Desktop/edge-ai-soc/hls/cnn_accelerator/cnn_accelerator/solution1/.autopilot/db/conv_engine.pp.0.cpp std=gnu++14 -target fpga  -directive=C:/Users/PC-CST-A3/Desktop/edge-ai-soc/hls/cnn_accelerator/cnn_accelerator/solution1/.autopilot/db/.systemc_flag 
INFO-FLOW: exec D:/Vitis_HLS/2022.1/win64/tools/clang-3.9-csynth/bin/clang-tidy -header-filter=.* --checks=-*,xilinx-systemc-detector -import-directive=C:/Users/PC-CST-A3/Desktop/edge-ai-soc/hls/cnn_accelerator/cnn_accelerator/solution1/.autopilot/db/.systemc_flag -fix-errors C:/Users/PC-CST-A3/Desktop/edge-ai-soc/hls/cnn_accelerator/cnn_accelerator/solution1/.autopilot/db/conv_engine.pp.0.cpp -- -std=gnu++14 -target fpga -fhls -ferror-limit=0
Command       clang_tidy done; 0.408 sec.
INFO-FLOW: Running: clang-tidy CDT preprocess 39
Execute       clang_tidy xilinx-directive2pragma -desc directive2pragma C:/Users/PC-CST-A3/Desktop/edge-ai-soc/hls/cnn_accelerator/cnn_accelerator/solution1/.autopilot/db/conv_engine.pp.0.cpp std=gnu++14 -target fpga  -directive=C:/Users/PC-CST-A3/Desktop/edge-ai-soc/hls/cnn_accelerator/cnn_accelerator/solution1/.autopilot/db/all.directive.json 
INFO-FLOW: exec D:/Vitis_HLS/2022.1/win64/tools/clang-3.9-csynth/bin/clang-tidy -header-filter=.* --checks=-*,xilinx-directive2pragma -import-directive=C:/Users/PC-CST-A3/Desktop/edge-ai-soc/hls/cnn_accelerator/cnn_accelerator/solution1/.autopilot/db/all.directive.json -fix-errors C:/Users/PC-CST-A3/Desktop/edge-ai-soc/hls/cnn_accelerator/cnn_accelerator/solution1/.autopilot/db/conv_engine.pp.0.cpp -- -std=gnu++14 -target fpga -fhls -ferror-limit=0
Command       clang_tidy done; 0.426 sec.
Execute       clang_tidy xilinx-remove-assert -desc remove-assert C:/Users/PC-CST-A3/Desktop/edge-ai-soc/hls/cnn_accelerator/cnn_accelerator/solution1/.autopilot/db/conv_engine.pp.0.cpp std=gnu++14 -target fpga  
INFO-FLOW: exec D:/Vitis_HLS/2022.1/win64/tools/clang-3.9-csynth/bin/clang-tidy -header-filter=.* --checks=-*,xilinx-remove-assert -fix-errors C:/Users/PC-CST-A3/Desktop/edge-ai-soc/hls/cnn_accelerator/cnn_accelerator/solution1/.autopilot/db/conv_engine.pp.0.cpp -- -std=gnu++14 -target fpga -fhls -ferror-limit=0
Command       clang_tidy done; 0.395 sec.
INFO-FLOW: Done: clang-tidy CDT preprocess 39 time: 0.8 seconds per iteration
INFO-FLOW: Calling xilinx-label-all-loops ... 
INFO-FLOW: Calling xilinx-aggregate-on-hls-vector ... 
Execute       clang_tidy -errorcheck -desc loop-label xilinx-label-all-loops,xilinx-aggregate-on-hls-vector,,xilinx-warn-mayneed-no-ctor-attribute C:/Users/PC-CST-A3/Desktop/edge-ai-soc/hls/cnn_accelerator/cnn_accelerator/solution1/.autopilot/db/conv_engine.pp.0.cpp std=gnu++14 -target fpga  
Execute         ap_eval exec -ignorestderr D:/Vitis_HLS/2022.1/win64/tools/clang-3.9-csynth/bin/clang-tidy -export-fixes=C:/Users/PC-CST-A3/Desktop/edge-ai-soc/hls/cnn_accelerator/cnn_accelerator/solution1/.autopilot/db/conv_engine.pp.0.cpp.clang-tidy.loop-label.diag.yml -header-filter=.* --checks=-*,xilinx-label-all-loops,xilinx-aggregate-on-hls-vector,,xilinx-warn-mayneed-no-ctor-attribute -fix-errors C:/Users/PC-CST-A3/Desktop/edge-ai-soc/hls/cnn_accelerator/cnn_accelerator/solution1/.autopilot/db/conv_engine.pp.0.cpp -- -std=gnu++14 -target fpga -fhls -ferror-limit=0 > C:/Users/PC-CST-A3/Desktop/edge-ai-soc/hls/cnn_accelerator/cnn_accelerator/solution1/.autopilot/db/conv_engine.pp.0.cpp.clang-tidy.loop-label.out.log 2> C:/Users/PC-CST-A3/Desktop/edge-ai-soc/hls/cnn_accelerator/cnn_accelerator/solution1/.autopilot/db/conv_engine.pp.0.cpp.clang-tidy.loop-label.err.log 
Command         ap_eval done; 0.718 sec.
Command       clang_tidy done; 0.743 sec.
Execute       get_config_dataflow -strict_mode 
Execute       ap_eval exec -ignorestderr D:/Vitis_HLS/2022.1/win64/tools/clang-3.9-csynth/bin/xilinx-dataflow-lawyer -export-fixes=C:/Users/PC-CST-A3/Desktop/edge-ai-soc/hls/cnn_accelerator/cnn_accelerator/solution1/.autopilot/db/conv_engine.pp.0.cpp.xilinx-dataflow-lawyer.diag.yml C:/Users/PC-CST-A3/Desktop/edge-ai-soc/hls/cnn_accelerator/cnn_accelerator/solution1/.autopilot/db/conv_engine.pp.0.cpp -- -std=gnu++14 -target fpga -fhls -ferror-limit=0 -fstrict-dataflow > C:/Users/PC-CST-A3/Desktop/edge-ai-soc/hls/cnn_accelerator/cnn_accelerator/solution1/.autopilot/db/conv_engine.pp.0.cpp.xilinx-dataflow-lawyer.out.log 2> C:/Users/PC-CST-A3/Desktop/edge-ai-soc/hls/cnn_accelerator/cnn_accelerator/solution1/.autopilot/db/conv_engine.pp.0.cpp.xilinx-dataflow-lawyer.err.log 
Command       ap_eval done; 0.385 sec.
Execute       ap_part_info -name xc7z020-clg484-1 -data info 
INFO-FLOW: compiling source code to llvm bc
Execute       ap_eval exec -ignorestderr D:/Vitis_HLS/2022.1/win64/tools/clang-3.9-csynth/bin/clang -foptimization-record-file=C:/Users/PC-CST-A3/Desktop/edge-ai-soc/hls/cnn_accelerator/cnn_accelerator/solution1/.autopilot/db/conv_engine.pp.0.cpp.clang.diag.yml -mllvm -pass-remarks-missed=reflow|pasta|unroll -mllvm -pass-remarks=reflow|pasta|unroll|inline -fno-limit-debug-info -fhls -flto -fno-exceptions -Wno-error=c++11-narrowing C:/Users/PC-CST-A3/Desktop/edge-ai-soc/hls/cnn_accelerator/cnn_accelerator/solution1/.autopilot/db/conv_engine.pp.0.cpp -fno-math-errno -c -emit-llvm -mllvm -disable-llvm-optzns -Werror=implicit-function-declaration -Werror=implicit-hls-streams -Werror=return-type -Wpragmas -Wunused-parameter -Wdump-hls-pragmas -fno-threadsafe-statics -fno-use-cxa-atexit -std=gnu++14 -target fpga64-xilinx-linux-gnu -D__VITIS_HLS__ -DAESL_SYN -D__SYNTHESIS__ -D__HLS_SYN__ -I D:/Vitis_HLS/2022.1/common/technology/autopilot -I D:/Vitis_HLS/2022.1/common/technology/autopilot/ap_sysc -include etc/autopilot_ssdm_op.h -D__DSP48E1__ -g -o C:/Users/PC-CST-A3/Desktop/edge-ai-soc/hls/cnn_accelerator/cnn_accelerator/solution1/.autopilot/db/conv_engine.bc -hls-platform-db-name=D:/Vitis_HLS/2022.1/common/technology/xilinx/common/platform.db -hls-platform-name=zynq_slow -device-resource-info=BRAM_280.000000_DSP_220.000000_FF_106400.000000_LUT_53200.000000_SLICE_13300.000000_URAM_0.000000 > C:/Users/PC-CST-A3/Desktop/edge-ai-soc/hls/cnn_accelerator/cnn_accelerator/solution1/.autopilot/db/conv_engine.pp.0.cpp.clang.out.log 2> C:/Users/PC-CST-A3/Desktop/edge-ai-soc/hls/cnn_accelerator/cnn_accelerator/solution1/.autopilot/db/conv_engine.pp.0.cpp.clang.err.log 
Command       ap_eval done; 0.539 sec.
INFO: [HLS 200-10] Analyzing design file 'src/accel_top.cpp' ... 
INFO-FLOW: Compiling one TU...
Execute       get_config_compile -pragma_strict_mode 
INFO-FLOW: Handling src/accel_top.cpp as C++
Execute       ap_part_info -name xc7z020-clg484-1 -data info 
INFO-FLOW: Running: GCC PP 39
INFO-FLOW: Source preprocessing
Execute       ap_eval exec -ignorestderr D:/Vitis_HLS/2022.1/win64/tools/clang-3.9-csynth/bin/clang src/accel_top.cpp -foptimization-record-file=C:/Users/PC-CST-A3/Desktop/edge-ai-soc/hls/cnn_accelerator/cnn_accelerator/solution1/.autopilot/db/accel_top.cpp.clang.diag.yml -mllvm -pass-remarks-missed=reflow|pasta|unroll -mllvm -pass-remarks=reflow|pasta|unroll|inline -fno-limit-debug-info --sysroot D:/Vitis_HLS/2022.1/tps/mingw/8.3.0/win64.o/nt -fhls -fno-exceptions -E -fno-math-errno -c -emit-llvm -mllvm -disable-llvm-optzns -Werror=implicit-function-declaration -Werror=implicit-hls-streams -Werror=return-type -Wpragmas -Wunused-parameter -Wdump-hls-pragmas -fno-threadsafe-statics -fno-use-cxa-atexit -std=gnu++14 -target fpga64-xilinx-mingw32 -fno-threadsafe-statics -fno-use-cxa-atexit -D__VITIS_HLS__ -DAESL_SYN -D__SYNTHESIS__ -D__HLS_SYN__ -I D:/Vitis_HLS/2022.1/common/technology/autopilot -I D:/Vitis_HLS/2022.1/common/technology/autopilot/ap_sysc -include etc/autopilot_ssdm_op.h -D__DSP48E1__ -I /usr/include/x86_64-linux-gnu -o C:/Users/PC-CST-A3/Desktop/edge-ai-soc/hls/cnn_accelerator/cnn_accelerator/solution1/.autopilot/db/accel_top.pp.0.cpp -hls-platform-db-name=D:/Vitis_HLS/2022.1/common/technology/xilinx/common/platform.db -hls-platform-name=zynq_slow -device-resource-info=BRAM_280.000000_DSP_220.000000_FF_106400.000000_LUT_53200.000000_SLICE_13300.000000_URAM_0.000000 > C:/Users/PC-CST-A3/Desktop/edge-ai-soc/hls/cnn_accelerator/cnn_accelerator/solution1/.autopilot/db/accel_top.cpp.clang.out.log 2> C:/Users/PC-CST-A3/Desktop/edge-ai-soc/hls/cnn_accelerator/cnn_accelerator/solution1/.autopilot/db/accel_top.cpp.clang.err.log 
Command       ap_eval done; 0.251 sec.
INFO-FLOW: Done: GCC PP 39 time: 0.3 seconds per iteration
Execute       set_directive_top accel_top -name=accel_top 
INFO-FLOW: Source syntax check for synthesis
Execute       ap_eval exec -ignorestderr D:/Vitis_HLS/2022.1/win64/tools/clang-3.9-csynth/bin/clang -foptimization-record-file=C:/Users/PC-CST-A3/Desktop/edge-ai-soc/hls/cnn_accelerator/cnn_accelerator/solution1/.autopilot/db/clang.diag.yml -mllvm -pass-remarks-missed=reflow|pasta|unroll -mllvm -pass-remarks=reflow|pasta|unroll|inline -fsyntax-only -fhls -target fpga64-xilinx-linux-gnu C:/Users/PC-CST-A3/Desktop/edge-ai-soc/hls/cnn_accelerator/cnn_accelerator/solution1/.autopilot/db/accel_top.pp.0.cpp -hls-platform-db-name=D:/Vitis_HLS/2022.1/common/technology/xilinx/common/platform.db -hls-platform-name=zynq_slow -device-resource-info=BRAM_280.000000_DSP_220.000000_FF_106400.000000_LUT_53200.000000_SLICE_13300.000000_URAM_0.000000 > C:/Users/PC-CST-A3/Desktop/edge-ai-soc/hls/cnn_accelerator/cnn_accelerator/solution1/.autopilot/db/clang.out.log 2> C:/Users/PC-CST-A3/Desktop/edge-ai-soc/hls/cnn_accelerator/cnn_accelerator/solution1/.autopilot/db/clang.err.log 
Command       ap_eval done; 0.54 sec.
Execute       clang_tidy xilinx-systemc-detector -desc systemc-detector C:/Users/PC-CST-A3/Desktop/edge-ai-soc/hls/cnn_accelerator/cnn_accelerator/solution1/.autopilot/db/accel_top.pp.0.cpp std=gnu++14 -target fpga  -directive=C:/Users/PC-CST-A3/Desktop/edge-ai-soc/hls/cnn_accelerator/cnn_accelerator/solution1/.autopilot/db/.systemc_flag 
INFO-FLOW: exec D:/Vitis_HLS/2022.1/win64/tools/clang-3.9-csynth/bin/clang-tidy -header-filter=.* --checks=-*,xilinx-systemc-detector -import-directive=C:/Users/PC-CST-A3/Desktop/edge-ai-soc/hls/cnn_accelerator/cnn_accelerator/solution1/.autopilot/db/.systemc_flag -fix-errors C:/Users/PC-CST-A3/Desktop/edge-ai-soc/hls/cnn_accelerator/cnn_accelerator/solution1/.autopilot/db/accel_top.pp.0.cpp -- -std=gnu++14 -target fpga -fhls -ferror-limit=0
Command       clang_tidy done; 0.438 sec.
INFO-FLOW: Running: clang-tidy CDT preprocess 39
Execute       clang_tidy xilinx-directive2pragma -desc directive2pragma C:/Users/PC-CST-A3/Desktop/edge-ai-soc/hls/cnn_accelerator/cnn_accelerator/solution1/.autopilot/db/accel_top.pp.0.cpp std=gnu++14 -target fpga  -directive=C:/Users/PC-CST-A3/Desktop/edge-ai-soc/hls/cnn_accelerator/cnn_accelerator/solution1/.autopilot/db/all.directive.json 
INFO-FLOW: exec D:/Vitis_HLS/2022.1/win64/tools/clang-3.9-csynth/bin/clang-tidy -header-filter=.* --checks=-*,xilinx-directive2pragma -import-directive=C:/Users/PC-CST-A3/Desktop/edge-ai-soc/hls/cnn_accelerator/cnn_accelerator/solution1/.autopilot/db/all.directive.json -fix-errors C:/Users/PC-CST-A3/Desktop/edge-ai-soc/hls/cnn_accelerator/cnn_accelerator/solution1/.autopilot/db/accel_top.pp.0.cpp -- -std=gnu++14 -target fpga -fhls -ferror-limit=0
Command       clang_tidy done; 0.647 sec.
Execute       clang_tidy xilinx-remove-assert -desc remove-assert C:/Users/PC-CST-A3/Desktop/edge-ai-soc/hls/cnn_accelerator/cnn_accelerator/solution1/.autopilot/db/accel_top.pp.0.cpp std=gnu++14 -target fpga  
INFO-FLOW: exec D:/Vitis_HLS/2022.1/win64/tools/clang-3.9-csynth/bin/clang-tidy -header-filter=.* --checks=-*,xilinx-remove-assert -fix-errors C:/Users/PC-CST-A3/Desktop/edge-ai-soc/hls/cnn_accelerator/cnn_accelerator/solution1/.autopilot/db/accel_top.pp.0.cpp -- -std=gnu++14 -target fpga -fhls -ferror-limit=0
Command       clang_tidy done; 0.416 sec.
INFO-FLOW: Done: clang-tidy CDT preprocess 39 time: 1.1 seconds per iteration
INFO-FLOW: Calling xilinx-label-all-loops ... 
INFO-FLOW: Calling xilinx-aggregate-on-hls-vector ... 
Execute       clang_tidy -errorcheck -desc loop-label xilinx-label-all-loops,xilinx-aggregate-on-hls-vector,,xilinx-warn-mayneed-no-ctor-attribute C:/Users/PC-CST-A3/Desktop/edge-ai-soc/hls/cnn_accelerator/cnn_accelerator/solution1/.autopilot/db/accel_top.pp.0.cpp std=gnu++14 -target fpga  
Execute         ap_eval exec -ignorestderr D:/Vitis_HLS/2022.1/win64/tools/clang-3.9-csynth/bin/clang-tidy -export-fixes=C:/Users/PC-CST-A3/Desktop/edge-ai-soc/hls/cnn_accelerator/cnn_accelerator/solution1/.autopilot/db/accel_top.pp.0.cpp.clang-tidy.loop-label.diag.yml -header-filter=.* --checks=-*,xilinx-label-all-loops,xilinx-aggregate-on-hls-vector,,xilinx-warn-mayneed-no-ctor-attribute -fix-errors C:/Users/PC-CST-A3/Desktop/edge-ai-soc/hls/cnn_accelerator/cnn_accelerator/solution1/.autopilot/db/accel_top.pp.0.cpp -- -std=gnu++14 -target fpga -fhls -ferror-limit=0 > C:/Users/PC-CST-A3/Desktop/edge-ai-soc/hls/cnn_accelerator/cnn_accelerator/solution1/.autopilot/db/accel_top.pp.0.cpp.clang-tidy.loop-label.out.log 2> C:/Users/PC-CST-A3/Desktop/edge-ai-soc/hls/cnn_accelerator/cnn_accelerator/solution1/.autopilot/db/accel_top.pp.0.cpp.clang-tidy.loop-label.err.log 
Command         ap_eval done; 0.724 sec.
Command       clang_tidy done; 0.75 sec.
Execute       get_config_dataflow -strict_mode 
Execute       ap_eval exec -ignorestderr D:/Vitis_HLS/2022.1/win64/tools/clang-3.9-csynth/bin/xilinx-dataflow-lawyer -export-fixes=C:/Users/PC-CST-A3/Desktop/edge-ai-soc/hls/cnn_accelerator/cnn_accelerator/solution1/.autopilot/db/accel_top.pp.0.cpp.xilinx-dataflow-lawyer.diag.yml C:/Users/PC-CST-A3/Desktop/edge-ai-soc/hls/cnn_accelerator/cnn_accelerator/solution1/.autopilot/db/accel_top.pp.0.cpp -- -std=gnu++14 -target fpga -fhls -ferror-limit=0 -fstrict-dataflow > C:/Users/PC-CST-A3/Desktop/edge-ai-soc/hls/cnn_accelerator/cnn_accelerator/solution1/.autopilot/db/accel_top.pp.0.cpp.xilinx-dataflow-lawyer.out.log 2> C:/Users/PC-CST-A3/Desktop/edge-ai-soc/hls/cnn_accelerator/cnn_accelerator/solution1/.autopilot/db/accel_top.pp.0.cpp.xilinx-dataflow-lawyer.err.log 
Command       ap_eval done; 0.46 sec.
Execute       ap_part_info -name xc7z020-clg484-1 -data info 
INFO-FLOW: compiling source code to llvm bc
Execute       ap_eval exec -ignorestderr D:/Vitis_HLS/2022.1/win64/tools/clang-3.9-csynth/bin/clang -foptimization-record-file=C:/Users/PC-CST-A3/Desktop/edge-ai-soc/hls/cnn_accelerator/cnn_accelerator/solution1/.autopilot/db/accel_top.pp.0.cpp.clang.diag.yml -mllvm -pass-remarks-missed=reflow|pasta|unroll -mllvm -pass-remarks=reflow|pasta|unroll|inline -fno-limit-debug-info -fhls -flto -fno-exceptions -Wno-error=c++11-narrowing C:/Users/PC-CST-A3/Desktop/edge-ai-soc/hls/cnn_accelerator/cnn_accelerator/solution1/.autopilot/db/accel_top.pp.0.cpp -fno-math-errno -c -emit-llvm -mllvm -disable-llvm-optzns -Werror=implicit-function-declaration -Werror=implicit-hls-streams -Werror=return-type -Wpragmas -Wunused-parameter -Wdump-hls-pragmas -fno-threadsafe-statics -fno-use-cxa-atexit -std=gnu++14 -target fpga64-xilinx-linux-gnu -D__VITIS_HLS__ -DAESL_SYN -D__SYNTHESIS__ -D__HLS_SYN__ -I D:/Vitis_HLS/2022.1/common/technology/autopilot -I D:/Vitis_HLS/2022.1/common/technology/autopilot/ap_sysc -include etc/autopilot_ssdm_op.h -D__DSP48E1__ -g -o C:/Users/PC-CST-A3/Desktop/edge-ai-soc/hls/cnn_accelerator/cnn_accelerator/solution1/.autopilot/db/accel_top.bc -hls-platform-db-name=D:/Vitis_HLS/2022.1/common/technology/xilinx/common/platform.db -hls-platform-name=zynq_slow -device-resource-info=BRAM_280.000000_DSP_220.000000_FF_106400.000000_LUT_53200.000000_SLICE_13300.000000_URAM_0.000000 > C:/Users/PC-CST-A3/Desktop/edge-ai-soc/hls/cnn_accelerator/cnn_accelerator/solution1/.autopilot/db/accel_top.pp.0.cpp.clang.out.log 2> C:/Users/PC-CST-A3/Desktop/edge-ai-soc/hls/cnn_accelerator/cnn_accelerator/solution1/.autopilot/db/accel_top.pp.0.cpp.clang.err.log 
Command       ap_eval done; 0.542 sec.
INFO: [HLS 200-111] Finished Source Code Analysis and Preprocessing: CPU user time: 2 seconds. CPU system time: 1 seconds. Elapsed time: 18.655 seconds; current allocated memory: 1.465 GB.
INFO-FLOW: Linking Debug ...
INFO-FLOW: Linking dut bc code.
Execute       run_link_or_opt -out C:/Users/PC-CST-A3/Desktop/edge-ai-soc/hls/cnn_accelerator/cnn_accelerator/solution1/.autopilot/db/a.g.ld.0.bc -args  "C:/Users/PC-CST-A3/Desktop/edge-ai-soc/hls/cnn_accelerator/cnn_accelerator/solution1/.autopilot/db/relu.g.bc" "C:/Users/PC-CST-A3/Desktop/edge-ai-soc/hls/cnn_accelerator/cnn_accelerator/solution1/.autopilot/db/maxpool.g.bc" "C:/Users/PC-CST-A3/Desktop/edge-ai-soc/hls/cnn_accelerator/cnn_accelerator/solution1/.autopilot/db/conv_engine.g.bc" "C:/Users/PC-CST-A3/Desktop/edge-ai-soc/hls/cnn_accelerator/cnn_accelerator/solution1/.autopilot/db/accel_top.g.bc"  
Execute         ap_eval exec -ignorestderr D:/Vitis_HLS/2022.1/win64/tools/clang-3.9-csynth/bin/llvm-link C:/Users/PC-CST-A3/Desktop/edge-ai-soc/hls/cnn_accelerator/cnn_accelerator/solution1/.autopilot/db/relu.g.bc C:/Users/PC-CST-A3/Desktop/edge-ai-soc/hls/cnn_accelerator/cnn_accelerator/solution1/.autopilot/db/maxpool.g.bc C:/Users/PC-CST-A3/Desktop/edge-ai-soc/hls/cnn_accelerator/cnn_accelerator/solution1/.autopilot/db/conv_engine.g.bc C:/Users/PC-CST-A3/Desktop/edge-ai-soc/hls/cnn_accelerator/cnn_accelerator/solution1/.autopilot/db/accel_top.g.bc -o C:/Users/PC-CST-A3/Desktop/edge-ai-soc/hls/cnn_accelerator/cnn_accelerator/solution1/.autopilot/db/a.g.ld.0.bc > C:/Users/PC-CST-A3/Desktop/edge-ai-soc/hls/cnn_accelerator/cnn_accelerator/solution1/.autopilot/db/a.g.ld.0.bc.llvm-link.out.log 2> C:/Users/PC-CST-A3/Desktop/edge-ai-soc/hls/cnn_accelerator/cnn_accelerator/solution1/.autopilot/db/a.g.ld.0.bc.llvm-link.err.log 
INFO-FLOW: 
Execute       run_link_or_opt -opt -out C:/Users/PC-CST-A3/Desktop/edge-ai-soc/hls/cnn_accelerator/cnn_accelerator/solution1/.autopilot/db/a.g.ld.1.lower.bc -args C:/Users/PC-CST-A3/Desktop/edge-ai-soc/hls/cnn_accelerator/cnn_accelerator/solution1/.autopilot/db/a.g.ld.0.bc -reflow-lower-math-intrinsics 
Execute         ap_eval exec -ignorestderr D:/Vitis_HLS/2022.1/win64/tools/clang-3.9-csynth/bin/opt -pass-remarks-missed=reflow|pasta|unroll -pass-remarks=reflow|pasta|unroll|inline -pass-remarks-output=C:/Users/PC-CST-A3/Desktop/edge-ai-soc/hls/cnn_accelerator/cnn_accelerator/solution1/.autopilot/db/a.g.ld.1.lower.bc.opt.diag.yml C:/Users/PC-CST-A3/Desktop/edge-ai-soc/hls/cnn_accelerator/cnn_accelerator/solution1/.autopilot/db/a.g.ld.0.bc -reflow-lower-math-intrinsics -o C:/Users/PC-CST-A3/Desktop/edge-ai-soc/hls/cnn_accelerator/cnn_accelerator/solution1/.autopilot/db/a.g.ld.1.lower.bc > C:/Users/PC-CST-A3/Desktop/edge-ai-soc/hls/cnn_accelerator/cnn_accelerator/solution1/.autopilot/db/a.g.ld.1.lower.bc.opt.out.log 2> C:/Users/PC-CST-A3/Desktop/edge-ai-soc/hls/cnn_accelerator/cnn_accelerator/solution1/.autopilot/db/a.g.ld.1.lower.bc.opt.err.log 
Command         ap_eval done; 0.224 sec.
INFO-FLOW: 
Command       run_link_or_opt done; 0.231 sec.
INFO-FLOW: Linking math bc lib
Execute       run_link_or_opt -out C:/Users/PC-CST-A3/Desktop/edge-ai-soc/hls/cnn_accelerator/cnn_accelerator/solution1/.autopilot/db/a.g.ld.2.m1.bc -args C:/Users/PC-CST-A3/Desktop/edge-ai-soc/hls/cnn_accelerator/cnn_accelerator/solution1/.autopilot/db/a.g.ld.1.lower.bc -only-needed D:/Vitis_HLS/2022.1/win64/lib/libhlsm_39.bc D:/Vitis_HLS/2022.1/win64/lib/libhlsmc++_39.bc 
Execute         ap_eval exec -ignorestderr D:/Vitis_HLS/2022.1/win64/tools/clang-3.9-csynth/bin/llvm-link C:/Users/PC-CST-A3/Desktop/edge-ai-soc/hls/cnn_accelerator/cnn_accelerator/solution1/.autopilot/db/a.g.ld.1.lower.bc -only-needed D:/Vitis_HLS/2022.1/win64/lib/libhlsm_39.bc D:/Vitis_HLS/2022.1/win64/lib/libhlsmc++_39.bc -o C:/Users/PC-CST-A3/Desktop/edge-ai-soc/hls/cnn_accelerator/cnn_accelerator/solution1/.autopilot/db/a.g.ld.2.m1.bc > C:/Users/PC-CST-A3/Desktop/edge-ai-soc/hls/cnn_accelerator/cnn_accelerator/solution1/.autopilot/db/a.g.ld.2.m1.bc.llvm-link.out.log 2> C:/Users/PC-CST-A3/Desktop/edge-ai-soc/hls/cnn_accelerator/cnn_accelerator/solution1/.autopilot/db/a.g.ld.2.m1.bc.llvm-link.err.log 
Command         ap_eval done; 2.527 sec.
INFO-FLOW: 
Command       run_link_or_opt done; 2.531 sec.
Execute       run_link_or_opt -opt -out C:/Users/PC-CST-A3/Desktop/edge-ai-soc/hls/cnn_accelerator/cnn_accelerator/solution1/.autopilot/db/a.g.ld.3.fpc.bc -args C:/Users/PC-CST-A3/Desktop/edge-ai-soc/hls/cnn_accelerator/cnn_accelerator/solution1/.autopilot/db/a.g.ld.2.m1.bc -reflow-globaldce -hls-top-function-name=accel_top -reflow-float-conversion 
Execute         ap_eval exec -ignorestderr D:/Vitis_HLS/2022.1/win64/tools/clang-3.9-csynth/bin/opt -pass-remarks-missed=reflow|pasta|unroll -pass-remarks=reflow|pasta|unroll|inline -pass-remarks-output=C:/Users/PC-CST-A3/Desktop/edge-ai-soc/hls/cnn_accelerator/cnn_accelerator/solution1/.autopilot/db/a.g.ld.3.fpc.bc.opt.diag.yml C:/Users/PC-CST-A3/Desktop/edge-ai-soc/hls/cnn_accelerator/cnn_accelerator/solution1/.autopilot/db/a.g.ld.2.m1.bc -reflow-globaldce -hls-top-function-name=accel_top -reflow-float-conversion -o C:/Users/PC-CST-A3/Desktop/edge-ai-soc/hls/cnn_accelerator/cnn_accelerator/solution1/.autopilot/db/a.g.ld.3.fpc.bc > C:/Users/PC-CST-A3/Desktop/edge-ai-soc/hls/cnn_accelerator/cnn_accelerator/solution1/.autopilot/db/a.g.ld.3.fpc.bc.opt.out.log 2> C:/Users/PC-CST-A3/Desktop/edge-ai-soc/hls/cnn_accelerator/cnn_accelerator/solution1/.autopilot/db/a.g.ld.3.fpc.bc.opt.err.log 
Command         ap_eval done; 0.935 sec.
INFO-FLOW: 
Command       run_link_or_opt done; 0.941 sec.
Execute       run_link_or_opt -out C:/Users/PC-CST-A3/Desktop/edge-ai-soc/hls/cnn_accelerator/cnn_accelerator/solution1/.autopilot/db/a.g.ld.4.m2.bc -args C:/Users/PC-CST-A3/Desktop/edge-ai-soc/hls/cnn_accelerator/cnn_accelerator/solution1/.autopilot/db/a.g.ld.3.fpc.bc -only-needed D:/Vitis_HLS/2022.1/win64/lib/libfloatconversion_39.bc 
Execute         ap_eval exec -ignorestderr D:/Vitis_HLS/2022.1/win64/tools/clang-3.9-csynth/bin/llvm-link C:/Users/PC-CST-A3/Desktop/edge-ai-soc/hls/cnn_accelerator/cnn_accelerator/solution1/.autopilot/db/a.g.ld.3.fpc.bc -only-needed D:/Vitis_HLS/2022.1/win64/lib/libfloatconversion_39.bc -o C:/Users/PC-CST-A3/Desktop/edge-ai-soc/hls/cnn_accelerator/cnn_accelerator/solution1/.autopilot/db/a.g.ld.4.m2.bc > C:/Users/PC-CST-A3/Desktop/edge-ai-soc/hls/cnn_accelerator/cnn_accelerator/solution1/.autopilot/db/a.g.ld.4.m2.bc.llvm-link.out.log 2> C:/Users/PC-CST-A3/Desktop/edge-ai-soc/hls/cnn_accelerator/cnn_accelerator/solution1/.autopilot/db/a.g.ld.4.m2.bc.llvm-link.err.log 
Command         ap_eval done; 0.128 sec.
INFO-FLOW: 
Command       run_link_or_opt done; 0.132 sec.
Execute       run_link_or_opt -opt -out C:/Users/PC-CST-A3/Desktop/edge-ai-soc/hls/cnn_accelerator/cnn_accelerator/solution1/.autopilot/db/a.g.ld.5.gdce.bc -args C:/Users/PC-CST-A3/Desktop/edge-ai-soc/hls/cnn_accelerator/cnn_accelerator/solution1/.autopilot/db/a.g.ld.4.m2.bc -reflow-globaldce -hls-top-function-name=accel_top 
Execute         ap_eval exec -ignorestderr D:/Vitis_HLS/2022.1/win64/tools/clang-3.9-csynth/bin/opt -pass-remarks-missed=reflow|pasta|unroll -pass-remarks=reflow|pasta|unroll|inline -pass-remarks-output=C:/Users/PC-CST-A3/Desktop/edge-ai-soc/hls/cnn_accelerator/cnn_accelerator/solution1/.autopilot/db/a.g.ld.5.gdce.bc.opt.diag.yml C:/Users/PC-CST-A3/Desktop/edge-ai-soc/hls/cnn_accelerator/cnn_accelerator/solution1/.autopilot/db/a.g.ld.4.m2.bc -reflow-globaldce -hls-top-function-name=accel_top -o C:/Users/PC-CST-A3/Desktop/edge-ai-soc/hls/cnn_accelerator/cnn_accelerator/solution1/.autopilot/db/a.g.ld.5.gdce.bc > C:/Users/PC-CST-A3/Desktop/edge-ai-soc/hls/cnn_accelerator/cnn_accelerator/solution1/.autopilot/db/a.g.ld.5.gdce.bc.opt.out.log 2> C:/Users/PC-CST-A3/Desktop/edge-ai-soc/hls/cnn_accelerator/cnn_accelerator/solution1/.autopilot/db/a.g.ld.5.gdce.bc.opt.err.log 
INFO-FLOW: 
Execute       get_solution -flow_target 
Execute       get_config_export -xo 
Execute       get_config_export -format 
Execute       get_config_rtl -module_prefix 
Execute       get_config_interface -default_slave_interface 
Execute       get_solution -flow_target 
Execute       get_config_export -xo 
Execute       get_config_export -format 
Execute       get_config_interface -m_axi_offset 
Execute       get_config_interface -m_axi_latency 
Execute       get_config_interface -m_axi_alignment_byte_size 
Execute       get_config_interface -m_axi_min_bitwidth 
Execute       get_config_interface -m_axi_max_bitwidth 
Execute       get_config_interface -m_axi_max_widen_bitwidth 
Execute       get_config_interface -m_axi_num_read_outstanding 
Execute       get_config_interface -m_axi_num_write_outstanding 
Execute       get_config_interface -m_axi_max_read_burst_length 
Execute       get_config_interface -m_axi_max_write_burst_length 
Execute       get_config_interface -m_axi_min_bitwidth 
Execute       get_config_interface -m_axi_max_bitwidth 
Execute       get_config_interface -m_axi_latency 
Execute       get_config_interface -m_axi_min_bitwidth 
Execute       get_config_interface -m_axi_max_bitwidth 
Execute       get_config_interface -m_axi_max_widen_bitwidth 
Execute       get_config_interface -m_axi_auto_max_ports 
Execute       get_config_interface -m_axi_num_read_outstanding 
Execute       get_config_interface -m_axi_num_write_outstanding 
Execute       get_config_interface -m_axi_max_read_burst_length 
Execute       get_config_interface -m_axi_max_write_burst_length 
Execute       get_config_interface -s_axilite_data64 
Execute       get_config_compile -instruction_warning_threshold 
Execute       get_config_compile -pipeline_loops 
Execute       get_config_interface -m_axi_alignment_byte_size 
Execute       get_config_compile -pragma_strict_mode 
Execute       get_config_compile -pipeline_style 
Execute       get_config_dataflow -strict_mode 
Execute       get_config_array_partition -throughput_driven 
Execute       send_msg_by_id INFO @200-777@%s Vivado 
INFO: [HLS 200-777] Using interface defaults for 'Vivado' flow target.
Execute       is_m_axi_addr64 
Execute       get_clock_period -ns -default 
INFO-FLOW: Doing LTO.
Execute       ap_eval exec -ignorestderr D:/Vitis_HLS/2022.1/win64/tools/clang-3.9-csynth/bin/clang -foptimization-record-file=C:/Users/PC-CST-A3/Desktop/edge-ai-soc/hls/cnn_accelerator/cnn_accelerator/solution1/.autopilot/db/a.g.ld.0.bc.clang.diag.yml -mllvm -pass-remarks-missed=reflow|pasta|unroll -mllvm -pass-remarks=reflow|pasta|unroll|inline -fhls -mllvm -hls-top-function-name=accel_top -mllvm -hls-db-dir -mllvm C:/Users/PC-CST-A3/Desktop/edge-ai-soc/hls/cnn_accelerator/cnn_accelerator/solution1/.autopilot/db -emit-llvm -c -target fpga64-xilinx-none -mllvm -xcl-xmlinfo=C:/Users/PC-CST-A3/Desktop/edge-ai-soc/hls/cnn_accelerator/cnn_accelerator/solution1/.autopilot/db/kernel.internal.xml -mllvm -top-io-mapping-info=C:/Users/PC-CST-A3/Desktop/edge-ai-soc/hls/cnn_accelerator/cnn_accelerator/solution1/.autopilot/db/top-io-fe.xml -mllvm -hls-bitcode-version=3.1 -mllvm -reflow-enable-slave-interface-default-setting=true -mllvm -gen-kernel-xml=false -mllvm -default-maxi-offset=slave -mllvm -maxi-latency=0 -mllvm -hls-maxi-data-size-in-bits=8 -mllvm -hls-maxi-max-data-size-in-bits=1024 -mllvm -hls-max-widen-size-in-bits=0 -mllvm -xcl-kernel-max-mem-ports=0 -mllvm -maxi-read-trans=16 -mllvm -maxi-write-trans=16 -mllvm -maxi-read-burst-len=16 -mllvm -maxi-write-burst-len=16 -mllvm -reflow-enable-saxi-64bits=0 -mllvm -reflow-basic-block-instr-threshold=200000 -mllvm -reflow-auto-pipeline-threshold=64 -mllvm -assume-maxi-align=0 -mllvm -no-unaligned-maxi-accesses -mllvm -reflow-pipeline-style-llvm-setting=2 -mllvm -reflow-enable-dataflow-strict-mode-checking=1 -mllvm -reflow-auto-array-partition-mode=default -mllvm -reflow-enable-auto-array-partition=true -mllvm -reflow-enable-auto-parallel-performance-driven=true -mllvm -reflow-enable-partition-for-automation=true -mllvm -reflow-aggregate-bitwidth-threshold=4096 -mllvm -hls -mllvm -disable-inlined-alloca-merging=true -x ir C:/Users/PC-CST-A3/Desktop/edge-ai-soc/hls/cnn_accelerator/cnn_accelerator/solution1/.autopilot/db/a.g.ld.5.gdce.bc -o C:/Users/PC-CST-A3/Desktop/edge-ai-soc/hls/cnn_accelerator/cnn_accelerator/solution1/.autopilot/db/a.g.lto.bc -hls-platform-db-name=D:/Vitis_HLS/2022.1/common/technology/xilinx/common/platform.db -hls-platform-name=zynq_slow -device-resource-info=BRAM_280.000000_DSP_220.000000_FF_106400.000000_LUT_53200.000000_SLICE_13300.000000_URAM_0.000000 > C:/Users/PC-CST-A3/Desktop/edge-ai-soc/hls/cnn_accelerator/cnn_accelerator/solution1/.autopilot/db/a.g.ld.0.bc.clang.out.log 2> C:/Users/PC-CST-A3/Desktop/edge-ai-soc/hls/cnn_accelerator/cnn_accelerator/solution1/.autopilot/db/a.g.ld.0.bc.clang.err.log 
Command       ap_eval done; 0.928 sec.
INFO: [HLS 214-131] Inlining function 'ssdm_int<8, true>::ssdm_int(signed char)' into 'ap_int_base<8, true>::ap_int_base(int)' (D:/Vitis_HLS/2022.1/common/technology/autopilot\ap_int_base.h:260:67)
INFO: [HLS 214-131] Inlining function 'ap_int_base<8, true>::ap_int_base(int)' into 'ap_int<8>::ap_int(int)' (D:/Vitis_HLS/2022.1/common/technology/autopilot\ap_int.h:179:57)
INFO: [HLS 214-131] Inlining function 'ssdm_int<16, true>::ssdm_int(short)' into 'ap_int_base<16, true>::ap_int_base<8, true>(ap_int_base<8, true> const&)' (D:/Vitis_HLS/2022.1/common/technology/autopilot\ap_int_base.h:231:106)
INFO: [HLS 214-131] Inlining function 'ssdm_int<16, true>::ssdm_int(short)' into 'ap_int_base<16, true>::ap_int_base(int)' (D:/Vitis_HLS/2022.1/common/technology/autopilot\ap_int_base.h:260:67)
INFO: [HLS 214-131] Inlining function 'ap_int_base<16, true>::ap_int_base<8, true>(ap_int_base<8, true> const&)' into 'ap_int_base<8, true>::RType<8, true>::mult operator*<8, true, 8, true>(ap_int_base<8, true> const&, ap_int_base<8, true> const&)' (D:/Vitis_HLS/2022.1/common/technology/autopilot\ap_int_base.h:1540:339)
INFO: [HLS 214-131] Inlining function 'ap_int<16>::ap_int<16, true>(ap_int_base<16, true> const&)' into 'ap_int_base<8, true>::RType<8, true>::mult operator*<8, true, 8, true>(ap_int_base<8, true> const&, ap_int_base<8, true> const&)' (D:/Vitis_HLS/2022.1/common/technology/autopilot\ap_int_base.h:1540:554)
INFO: [HLS 214-131] Inlining function 'ap_int_base<16, true>::ap_int_base(int)' into 'ap_int_base<8, true>::RType<8, true>::mult operator*<8, true, 8, true>(ap_int_base<8, true> const&, ap_int_base<8, true> const&)' (D:/Vitis_HLS/2022.1/common/technology/autopilot\ap_int_base.h:1540:516)
INFO: [HLS 214-131] Inlining function 'ap_int_base<16, true>::ap_int_base<8, true>(ap_int_base<8, true> const&)' into 'ap_int_base<8, true>::RType<8, true>::mult operator*<8, true, 8, true>(ap_int_base<8, true> const&, ap_int_base<8, true> const&)' (D:/Vitis_HLS/2022.1/common/technology/autopilot\ap_int_base.h:1540:427)
INFO: [HLS 214-131] Inlining function 'ap_int<8>::ap_int(int)' into 'conv_engine(ap_int<8> (*) [32][32], ap_int<8> (*) [7][7], ap_int<32>, ap_int<32> (*) [32], int, int, int, int, int, int)' (src/conv_engine.cpp:54:72)
INFO: [HLS 214-131] Inlining function 'ap_int_base<32, true>& ap_int_base<32, true>::operator+=<16, true>(ap_int_base<16, true> const&)' into 'conv_engine(ap_int<8> (*) [32][32], ap_int<8> (*) [7][7], ap_int<32>, ap_int<32> (*) [32], int, int, int, int, int, int)' (src/conv_engine.cpp:57:29)
INFO: [HLS 214-131] Inlining function 'ap_int_base<8, true>::RType<8, true>::mult operator*<8, true, 8, true>(ap_int_base<8, true> const&, ap_int_base<8, true> const&)' into 'conv_engine(ap_int<8> (*) [32][32], ap_int<8> (*) [7][7], ap_int<32>, ap_int<32> (*) [32], int, int, int, int, int, int)' (src/conv_engine.cpp:56:46)
INFO: [HLS 214-131] Inlining function 'ssdm_int<32, true>::ssdm_int(int)' into 'ap_int_base<32, true>::ap_int_base(int)' (D:/Vitis_HLS/2022.1/common/technology/autopilot\ap_int_base.h:260:67)
INFO: [HLS 214-131] Inlining function 'ap_int_base<32, true>::ap_int_base(int)' into 'bool operator<<32, true>(ap_int_base<32, true> const&, int)' (D:/Vitis_HLS/2022.1/common/technology/autopilot\ap_int_base.h:1834:713)
INFO: [HLS 214-131] Inlining function 'bool ap_int_base<32, true>::operator<<32, true>(ap_int_base<32, true> const&) const' into 'bool operator<<32, true>(ap_int_base<32, true> const&, int)' (D:/Vitis_HLS/2022.1/common/technology/autopilot\ap_int_base.h:1834:711)
INFO: [HLS 214-131] Inlining function 'ap_int_base<32, true>::ap_int_base(int)' into 'ap_int<32>::ap_int(int)' (D:/Vitis_HLS/2022.1/common/technology/autopilot\ap_int.h:179:57)
INFO: [HLS 214-131] Inlining function 'bool operator<<32, true>(ap_int_base<32, true> const&, int)' into 'relu(ap_int<32> (*) [32], int, int)' (src/relu.cpp:29:21)
INFO: [HLS 214-131] Inlining function 'ap_int<32>::ap_int(int)' into 'relu(ap_int<32> (*) [32], int, int)' (src/relu.cpp:30:37)
INFO: [HLS 214-131] Inlining function 'bool ap_int_base<32, true>::operator><32, true>(ap_int_base<32, true> const&) const' into 'maxpool_2x2(ap_int<32> (*) [32], ap_int<32> (*) [32], int, int)' (src/maxpool.cpp:34:37)
INFO: [HLS 214-131] Inlining function 'bool ap_int_base<32, true>::operator><32, true>(ap_int_base<32, true> const&) const' into 'maxpool_2x2(ap_int<32> (*) [32], ap_int<32> (*) [32], int, int)' (src/maxpool.cpp:36:38)
INFO: [HLS 214-131] Inlining function 'bool ap_int_base<32, true>::operator><32, true>(ap_int_base<32, true> const&) const' into 'maxpool_2x2(ap_int<32> (*) [32], ap_int<32> (*) [32], int, int)' (src/maxpool.cpp:35:37)
INFO: [HLS 214-241] Aggregating maxi variable 'output_data' with compact=none mode in 32-bits
INFO: [HLS 214-241] Aggregating maxi variable 'bias_data' with compact=none mode in 32-bits (src/accel_top.cpp:38:0)
INFO: [HLS 214-241] Aggregating maxi variable 'weight_data' with compact=none mode in 8-bits
INFO: [HLS 214-241] Aggregating maxi variable 'input_data' with compact=none mode in 8-bits
INFO: [HLS 214-270] Inferring pragma 'array_partition type=cyclic factor=2 dim=1' for array 'conv_output' due to pipeline pragma (src/maxpool.cpp:27:9)
INFO: [HLS 214-270] Inferring pragma 'array_partition type=cyclic factor=2 dim=2' for array 'conv_output' due to pipeline pragma (src/maxpool.cpp:27:9)
INFO: [HLS 214-248] Applying array_partition to 'conv_output': Cyclic partitioning with factor 2 on dimension 1. Cyclic partitioning with factor 2 on dimension 2. (src/accel_top.cpp:75:8)
INFO-FLOW: DBG:PUTS: copy_raw_kernel_xml ap_link_39: kernel.xml not generated: C:/Users/PC-CST-A3/Desktop/edge-ai-soc/hls/cnn_accelerator/cnn_accelerator/solution1/.autopilot/db/kernel.internal.xml
INFO: [HLS 200-111] Finished Compiling Optimization and Transform: CPU user time: 1 seconds. CPU system time: 0 seconds. Elapsed time: 5.36 seconds; current allocated memory: 1.465 GB.
INFO: [HLS 200-111] Finished Checking Pragmas: CPU user time: 0 seconds. CPU system time: 0 seconds. Elapsed time: 0.015 seconds; current allocated memory: 1.465 GB.
Execute       opt_and_import_c a -opt_level=2 -skip_syncheck=0 -ng=0 -keep_printf=0 
Execute         cleanup_all_models 
INFO: [HLS 200-10] Starting code transformations ...
INFO-FLOW: Running Standard Transforms...
Execute         transform -hls -share-std-xform -demangle-name -inline-byval-memcpy -always-inline -promote-dbg-pointer -interface-preproc -mem2reg -scalarrepl -mem2reg -keep-read-access -instcombine -dce -promote-dbg-pointer -bitop-raise -loop-simplify -indvarspre -indvars -loop-simplify -xunroll -constprop -instcombine -simplifycfg -indvars -simplifycfg -dce -globaldce -basicaa -simplifycfg -mem2reg -globalopt -global-constprop -deadargelim -instcombine -simplifycfg -scalarrepl -instcombine -reassociate -licm -simplifycfg -loop-simplify -indvars -instcombine -simplifycfg -mem2reg -loop-simplify -indvars -instcombine -gvn -gvn -instcombine -adce -break-crit-edges -simplifycfg -loop-delete -global-array-opt -dce -dse -adce -find-syn-modules -top accel_top -deadargelim -mem2reg -instcombine -dce -presyn-prepare -auto-rom-infer -interface-preproc -syn-check -check-rec-only -find-region -simplifycfg -func-extr -function-inline -globaldce -mem2reg -instcombine -dce -gvn -globaldce -adce -adse -constprop -instcombine -bit-constprop -instcombine -dce -simplifycfg -bitop-raise -simplifycfg -dce -loop-delete -reassociate -globalopt -global-privatize -mem2reg -dce -global-constprop -pointer-simplify -constprop -dce -func-inst -deadargelim -auto-shift-reg-idiom -promote-dbg-pointer -norm-name C:/Users/PC-CST-A3/Desktop/edge-ai-soc/hls/cnn_accelerator/cnn_accelerator/solution1/.autopilot/db/a.g.0.bc -o C:/Users/PC-CST-A3/Desktop/edge-ai-soc/hls/cnn_accelerator/cnn_accelerator/solution1/.autopilot/db/a.g.1.bc -f -phase std-opt 
Command         transform done; 0.356 sec.
INFO: [HLS 200-111] Finished Standard Transforms: CPU user time: 0 seconds. CPU system time: 0 seconds. Elapsed time: 0.377 seconds; current allocated memory: 1.465 GB.
INFO: [HLS 200-10] Checking synthesizability ...
INFO-FLOW: Checking Synthesizability 1/2..
Execute         transform -hls -syn-check -check-rec-only -scalarrepl -norm-name -dce -mem2reg -instcombine -function-uniquify -directive-preproc -mem2reg -dse -dce -auto-rom-infer -dce -pag -array-normalize -instcombine -dce -array-seg-normalize -instcombine -dce -data-pack -instcombine -dce -inst-simplify -array-flatten -instcombine -dce -array-burst -dce -deadargelim -promote-global-argument -simplifycfg -mem2reg -globaldce -dce -deadargelim -dce -instcombine -function-inline -globaldce -dce -doublePtrSimplify -doublePtrElim -dce -doublePtrSimplify -promote-dbg-pointer -dce -scalarrepl -dse -adse -instcombine -ptrLegalization -simplifycfg -dce -instcombine -pointer-simplify -ptrArgReplace -dce -instcombine -resolve-double-ptr -scalarrepl -norm-name -dce -mem2reg -instcombine -ptrLegalization -simplifycfg -deadargelim -instcombine -dce -inst-simplify -function-uniquify -directive-preproc -mem2reg -dse -dce -globaldce C:/Users/PC-CST-A3/Desktop/edge-ai-soc/hls/cnn_accelerator/cnn_accelerator/solution1/.autopilot/db/a.g.1.bc -o C:/Users/PC-CST-A3/Desktop/edge-ai-soc/hls/cnn_accelerator/cnn_accelerator/solution1/.autopilot/db/a.g.2.prechk.bc -f 
INFO-FLOW: Checking Synthesizability 2/2..
Execute         transform -syn-check C:/Users/PC-CST-A3/Desktop/edge-ai-soc/hls/cnn_accelerator/cnn_accelerator/solution1/.autopilot/db/a.g.2.prechk.bc -o C:/Users/PC-CST-A3/Desktop/edge-ai-soc/hls/cnn_accelerator/cnn_accelerator/solution1/.autopilot/db/a.g.2.bc -f -phase syn-check 
INFO: [HLS 200-111] Finished Checking Synthesizability: CPU user time: 0 seconds. CPU system time: 0 seconds. Elapsed time: 0.117 seconds; current allocated memory: 1.465 GB.
INFO-FLOW: Compiler optimizing ...
INFO-FLOW: Share syncheck's 1.bc for syn flow: copy C:/Users/PC-CST-A3/Desktop/edge-ai-soc/hls/cnn_accelerator/cnn_accelerator/solution1/.autopilot/db/a.g.1.bc to C:/Users/PC-CST-A3/Desktop/edge-ai-soc/hls/cnn_accelerator/cnn_accelerator/solution1/.autopilot/db/a.o.1.bc
INFO-FLOW: Presyn 1...
Execute         transform -hls -tmp C:/Users/PC-CST-A3/Desktop/edge-ai-soc/hls/cnn_accelerator/cnn_accelerator/solution1/.autopilot/db -interface-port-rename -function-uniquify -directive-preproc -mem2reg -dse -dce -scalarrepl -norm-name -deadargelim -mem2reg -instcombine -dce -simplifycfg -auto-rom-infer -dce -function-uniquify -resource-proc -clib-intrinsic-prepare -dce -func-buffer -dce -pag -array-normalize -func-legal -instcombine -gvn -constprop -dce -simplifycfg -mem2reg -globaldce -resolve-double-ptr -dce -deadargelim -dce -instcombine -ptrArgReplace -mem2reg -dce -array-seg-normalize -deadargelim -instcombine -dce -function-uniquify -directive-preproc -mem2reg -dse -dce -pointer-simplify -dce -port-alignment -dce -interface-preproc -data-pack -instcombine -dce -basicaa -aggr-aa -aggrmodref-aa -aggr-aa -gvn -gvn -basicaa -aggr-aa -aggrmodref-aa -aggr-aa -dse -adse -adce -loop-simplify -indvars -instcombine -gvn -loop-simplify -mem2reg -dce -find-region -instcombine -auto-loop-pipeline -inst-simplify -interface-preproc -cfgopt -instcombine -indvars -auto-loop-unroll -loop-simplify -loop-bound -xunroll -constprop -instcombine -simplifycfg -indvars -simplifycfg -dce -globaldce -clean-region -attach-range -gvn -inst-simplify -constprop -simplifycfg -dce -pointer-simplify -dce -globalopt -constprop -dce -array-promote -scalar-auto-dep-elim -constprop -dce -ptrArgReplace -mem2reg -simplifycfg -dce -instcombine -dce -array-transform-check -array-reshape -instcombine -simplifycfg -dce -ptrArgReplace -deadargelim -mem2reg -instcombine -simplifycfg -dce -indvars -loop-simplify -loop-bound -xunroll -constprop -instcombine -simplifycfg -indvars -simplifycfg -dce -globaldce -basicaa -aggr-aa -aggrmodref-aa -aggr-aa -dse -duplicate-dataflow-processes -globaldce -instcombine -array-partition -prepare-dynamic-array-partition -instcombine -simplifycfg -dce -ptrArgReplace -global-constprop -deadargelim -mem2reg -func-legal -dce -global-constprop -deadargelim -mem2reg -simplifycfg -dce -merge-param -deadargelim -globalopt -constprop -dce -array-promote -scalar-auto-dep-elim -constprop -dce -ptrArgReplace -mem2reg -simplifycfg -dce -mem-intrinsic-preproc -dce -global-internalize -global-privatize -mem2reg -globaldce -promote-global-argument -ptrArgReplace -mem2reg -dce -globalopt -mergereturn -simplify-global-access -mem2reg -dce -pointer-simplify -dce -functionattrs -basicaa -aggr-aa -aggrmodref-aa -aggr-aa -gvn -gvn -basicaa -aggr-aa -aggrmodref-aa -aggr-aa -dse -adse -adce -dce -norm-name -basicaa -aggr-aa -aggrmodref-aa -aggr-aa -accesses-merge -function-inline -complex-op-raise -inst-simplify -globaldce -func-inst -constprop -instcombine -simplifycfg -dce -func-legal -dce -loop-bound -arraycheck -bitwidthmin2 -bitwidthmin2 -on-by-dataflow -loop-delete -instcombine -simplifycfg -globaldce -dce -gvn -deadargelim -dce -loop-simplify -clean-region -simplifycfg -propagate-stable-arguments -loop-stream -instcombine -simplifycfg -dce -globaldce -duplicate-dataflow-processes -stream-intrinsic-preproc -dce -check-ap-stream -loop-simplify -eliminate-keepreads -extract-dataflow-in-loop -loop-simplify -dce -gvn -deadargelim -dse -duplicate-dataflow-processes -check-dataflow-syntax -legalize-stream-variable -legalize-global -extract-subproc -dce -dead-channel-elimination -canonicalize-gep -globaldce -dce -gvn -hls-dead-arg-elim -deadargelim -directive-preproc -annotate-dataflow-channels -canonicalize-dataflow -dce -globaldce -scalar-preprocessing -scalar-propagation2 -deadargelim -globaldce -mem2reg -check-dataflow-channels -function-stream -dce -globaldce -prop-fifo-spec -internal-stream-gen -canonicalize-gep -globaldce -dce -gvn -deadargelim -mergereturn -indvars -loop-simplify -instcombine -array-stream -array-seg-normalize -array-partition -func-legal -instcombine -simplifycfg -dce -bundle-memfifo-ops -deadargelim -function-uniquify -directive-preproc -mem2reg -dse -dce -group-axi-access -licm -simplifycfg -dce -loop-delete -hls-display -norm-name C:/Users/PC-CST-A3/Desktop/edge-ai-soc/hls/cnn_accelerator/cnn_accelerator/solution1/.autopilot/db/a.o.1.bc -o C:/Users/PC-CST-A3/Desktop/edge-ai-soc/hls/cnn_accelerator/cnn_accelerator/solution1/.autopilot/db/a.o.1.tmp.bc -f 
Command         transform done; 0.183 sec.
INFO-FLOW: Presyn 2...
Execute         transform -hls -keep-callgraph -scalarrepl -mem2reg -port-alignment -attach-range -dce -pipe-mux-gen -indvars -loop-bound -inst-simplify -instcombine -dce -merge-array-access -mem2reg -dce -clean-region -mergereturn -if-conv -instcombine -dce -constprop -basicaa -aggr-aa -aggrmodref-aa -aggr-aa -gvn -gvn -basicaa -aggr-aa -aggrmodref-aa -aggr-aa -dse -adse -adce -scalarrepl -mem2reg -global-constprop -deadargelim -deadargelim -instcombine -dce -simplifycfg -ptrArgReplace -mem2reg -function-inline -globaldce -mem2reg -instcombine -dce -expr-balance -instcombine -dce -bitwidthmin2 -bitwidthmin2 -interface-preproc -directive-preproc -inst-rectify -instcombine -dce -functionattrs -constprop -instcombine -bit-constprop -simplify-global-access -globalopt -globaldce -inst-simplify -instcombine -elimdeaddata -dce -loop-delete -simplifycfg -loop-simplify -auto-burst -barrier -norm-name C:/Users/PC-CST-A3/Desktop/edge-ai-soc/hls/cnn_accelerator/cnn_accelerator/solution1/.autopilot/db/a.o.1.tmp.bc -o C:/Users/PC-CST-A3/Desktop/edge-ai-soc/hls/cnn_accelerator/cnn_accelerator/solution1/.autopilot/db/a.o.2.bc -f -phase presyn 
INFO: [XFORM 203-401] Performing if-conversion on hyperblock from (src/conv_engine.cpp:49:9) to (src/conv_engine.cpp:48:30) in function 'conv_engine'... converting 5 basic blocks.
INFO: [XFORM 203-401] Performing if-conversion on hyperblock from (src/accel_top.cpp:162:9) to (src/accel_top.cpp:161:22) in function 'accel_top'... converting 4 basic blocks.
INFO: [XFORM 203-11] Balancing expressions in function 'conv_engine' (src/conv_engine.cpp:33:30)...3 expression(s) balanced.
Command         transform done; 0.112 sec.
INFO: [HLS 200-111] Finished Loop, function and other optimizations: CPU user time: 0 seconds. CPU system time: 0 seconds. Elapsed time: 0.3 seconds; current allocated memory: 1.465 GB.
Execute         get_config_compile -enable_auto_rewind 
Execute         get_config_compile -enable_loop_extract 
INFO-FLOW: Building ssdm...
Execute         transform -hls -function-uniquify -auto-function-inline -globaldce -ptrArgReplace -mem2reg -dce -reset-lda -loop-simplify -indvars -aggr-aa -licm -loop-dep -loop-bound -licm -loop-simplify -loop-sink-hoist -flattenloopnest -array-flatten -gvn -instcombine -dce -array-map -dce -func-legal -gvn -adce -instcombine -cfgopt -simplifycfg -loop-simplify -array-burst -promote-global-argument -dce -array-seg-normalize -basicaa -aggrmodref-aa -globalsmodref-aa -aggr-aa -gvn -gvn -basicaa -aggrmodref-aa -globalsmodref-aa -aggr-aa -dse -adse -adce -licm -inst-simplify -dce -globaldce -instcombine -array-stream -eliminate-keepreads -instcombine -dce -deadargelim -doublePtrSimplify -doublePtrElim -dce -doublePtrSimplify -promote-dbg-pointer -dce -scalarrepl -mem2reg -norm-name -mem2reg -instcombine -dse -adse -adce -ptrLegalization -dce -auto-rom-infer -array-flatten -dce -instcombine -check-doubleptr -loop-rot -constprop -cfgopt -simplifycfg -loop-simplify -indvars -pointer-simplify -dce -loop-bound -loop-simplify -loop-preproc -constprop -global-constprop -gvn -mem2reg -instcombine -dce -loop-bound -loop-merge -dce -deadargelim -dce -canonicalize-dataflow -dce -deadargelim -globaldce -mem2reg -bram-byte-enable -load-elim -read-loop-dep -loop-simplify -loop-extract-inner -directive-preproc -bitwidthmin2 -bitwidthmin2 -read-loop-dep -interface-preproc -directive-preproc -interface-gen -bram-byte-enable-spec-prop -deadargelim -inst-simplify -dce -gvn -mem2reg -instcombine -dce -adse -loop-bound -instcombine -cfgopt -simplifycfg -loop-simplify -clean-region -io-protocol -find-region -mem2reg -bitop-raise -complex-op-raise -inst-simplify -inst-rectify -instcombine -adce -deadargelim -float-op-raise -loop-simplify -phi-opt -bitop-raise -cfgopt -simplifycfg -strip-dead-prototypes -interface-lower -bitop-lower -intrinsic-lower -auto-function-inline -basicaa -aggrmodref-aa -globalsmodref-aa -aggr-aa -inst-simplify -simplifycfg -loop-simplify -mergereturn -inst-simplify -inst-rectify -dce -load-elim -bitop-lower -float-op-raise -fma-raise -loop-rewind -pointer-simplify -dce -cfgopt -dce -loop-bound -loop-dep -read-loop-dep -dce -dyn-mem-reuse -dce -recurrence-min -dce -share-scalar-alloca -deadargelim -dce -check-stream -norm-name -legalize -validate-dataflow -inst-clarity -bitwidth -dump-loop-dep-to-ir -check-all-ssdm -cdfg-build C:/Users/PC-CST-A3/Desktop/edge-ai-soc/hls/cnn_accelerator/cnn_accelerator/solution1/.autopilot/db/a.o.2.bc -o C:/Users/PC-CST-A3/Desktop/edge-ai-soc/hls/cnn_accelerator/cnn_accelerator/solution1/.autopilot/db/a.o.3.bc -f -phase build-ssdm 
INFO: [XFORM 203-541] Flattening a loop nest 'RELU_ROW' (src/relu.cpp:23:21) in function 'relu'.
INFO: [XFORM 203-541] Flattening a loop nest 'POOL_ROW' (src/maxpool.cpp:25:24) in function 'maxpool_2x2'.
INFO: [XFORM 203-541] Flattening a loop nest 'CONV_KH' (src/conv_engine.cpp:41:19) in function 'conv_engine'.
INFO: [XFORM 203-541] Flattening a loop nest 'CONV_IC' (src/conv_engine.cpp:41:19) in function 'conv_engine'.
WARNING: [HLS 200-960] Cannot flatten loop 'CONV_OW' (src/conv_engine.cpp:39:27) in function 'conv_engine' the outer loop is not a perfect loop because there is nontrivial logic before entering the inner loop.
INFO: [XFORM 203-541] Flattening a loop nest 'CONV_OH' (src/conv_engine.cpp:36:23) in function 'conv_engine'.
INFO: [XFORM 203-541] Flattening a loop nest 'LOAD_INPUT_H' (src/accel_top.cpp:88:32) in function 'accel_top'.
WARNING: [HLS 200-960] Cannot flatten loop 'LOAD_INPUT_CH' (src/accel_top.cpp:86:6) in function 'accel_top' the outer loop is not a perfect loop because there is nontrivial logic before entering the inner loop.
INFO: [XFORM 203-541] Flattening a loop nest 'LOAD_W_KH' (src/accel_top.cpp:107:9) in function 'accel_top'.
WARNING: [HLS 200-960] Cannot flatten loop 'LOAD_W_IC' (src/accel_top.cpp:107:9) in function 'accel_top' the outer loop is not a perfect loop because there is nontrivial logic before entering the inner loop.
WARNING: [HLS 200-960] Cannot flatten loop 'STORE_H' (src/accel_top.cpp:108:9) in function 'accel_top' the outer loop is not a perfect loop because there is nontrivial logic before entering the inner loop.
WARNING: [HLS 200-960] Cannot flatten loop 'OUTPUT_CHANNEL' (src/accel_top.cpp:107:9) in function 'accel_top' more than one sub loop.
INFO: [HLS 200-472] Inferring partial write operation for 'feature_map_0_0' (src/relu.cpp:30:35)
INFO: [HLS 200-472] Inferring partial write operation for 'output' (src/maxpool.cpp:38:28)
INFO: [HLS 200-472] Inferring partial write operation for 'output_0_0' (src/conv_engine.cpp:63:28)
INFO: [HLS 200-472] Inferring partial write operation for 'local_input.V' (src/accel_top.cpp:91:24)
INFO: [HLS 200-472] Inferring partial write operation for 'local_weights.V' (src/accel_top.cpp:119:28)
Command         transform done; 0.358 sec.
INFO: [HLS 200-111] Finished Architecture Synthesis: CPU user time: 0 seconds. CPU system time: 0 seconds. Elapsed time: 0.362 seconds; current allocated memory: 1.465 GB.
INFO-FLOW: Finish building internal data model.
Command       opt_and_import_c done; 1.172 sec.
Command     elaborate done; 25.29 sec.
Execute     ap_eval exec zip -j C:/Users/PC-CST-A3/Desktop/edge-ai-soc/hls/cnn_accelerator/cnn_accelerator/solution1/.autopilot/db/dut.hcp $dbDir/a.o.3.bc $dbDir/${topname}.rtl_wrap.cfg.tcl $dbDir/apatb_${topname}.cpp $dbDir/apatb_${topname}_util.cpp $dbDir/apatb_${topname}_ir.ll $dbDir/mapper_${topname}.cpp $dbDir/top-io-fe.xml $dbDir/kernel.internal.xml $workdir/../hls.app 
Command     ap_eval done; 0.152 sec.
Execute     autosyn -from_csynth_design=1 
INFO: [HLS 200-10] Starting hardware synthesis ...
INFO-FLOW: Synthesizing C/C++ design ...
INFO: [HLS 200-10] Synthesizing 'accel_top' ...
Execute       ap_set_top_model accel_top 
Execute       get_model_list accel_top -filter all-wo-channel -topdown 
Execute       preproc_iomode -model accel_top 
Execute       preproc_iomode -model accel_top_Pipeline_STORE_W 
Execute       preproc_iomode -model maxpool_2x2 
Execute       preproc_iomode -model maxpool_2x2_Pipeline_POOL_ROW_POOL_COL 
Execute       preproc_iomode -model relu 
Execute       preproc_iomode -model relu_Pipeline_RELU_ROW_RELU_COL 
Execute       preproc_iomode -model conv_engine 
Execute       preproc_iomode -model conv_engine_Pipeline_CONV_IC_CONV_KH_CONV_KW 
Execute       preproc_iomode -model accel_top_Pipeline_LOAD_W_KH_LOAD_W_KW 
Execute       preproc_iomode -model accel_top_Pipeline_LOAD_INPUT_H_LOAD_INPUT_W 
Execute       get_model_list accel_top -filter all-wo-channel 
INFO-FLOW: Model list for configure: accel_top_Pipeline_LOAD_INPUT_H_LOAD_INPUT_W accel_top_Pipeline_LOAD_W_KH_LOAD_W_KW conv_engine_Pipeline_CONV_IC_CONV_KH_CONV_KW conv_engine relu_Pipeline_RELU_ROW_RELU_COL relu maxpool_2x2_Pipeline_POOL_ROW_POOL_COL maxpool_2x2 accel_top_Pipeline_STORE_W accel_top
INFO-FLOW: Configuring Module : accel_top_Pipeline_LOAD_INPUT_H_LOAD_INPUT_W ...
Execute       set_default_model accel_top_Pipeline_LOAD_INPUT_H_LOAD_INPUT_W 
Execute       apply_spec_resource_limit accel_top_Pipeline_LOAD_INPUT_H_LOAD_INPUT_W 
INFO-FLOW: Configuring Module : accel_top_Pipeline_LOAD_W_KH_LOAD_W_KW ...
Execute       set_default_model accel_top_Pipeline_LOAD_W_KH_LOAD_W_KW 
Execute       apply_spec_resource_limit accel_top_Pipeline_LOAD_W_KH_LOAD_W_KW 
INFO-FLOW: Configuring Module : conv_engine_Pipeline_CONV_IC_CONV_KH_CONV_KW ...
Execute       set_default_model conv_engine_Pipeline_CONV_IC_CONV_KH_CONV_KW 
Execute       apply_spec_resource_limit conv_engine_Pipeline_CONV_IC_CONV_KH_CONV_KW 
INFO-FLOW: Configuring Module : conv_engine ...
Execute       set_default_model conv_engine 
Execute       apply_spec_resource_limit conv_engine 
INFO-FLOW: Configuring Module : relu_Pipeline_RELU_ROW_RELU_COL ...
Execute       set_default_model relu_Pipeline_RELU_ROW_RELU_COL 
Execute       apply_spec_resource_limit relu_Pipeline_RELU_ROW_RELU_COL 
INFO-FLOW: Configuring Module : relu ...
Execute       set_default_model relu 
Execute       apply_spec_resource_limit relu 
INFO-FLOW: Configuring Module : maxpool_2x2_Pipeline_POOL_ROW_POOL_COL ...
Execute       set_default_model maxpool_2x2_Pipeline_POOL_ROW_POOL_COL 
Execute       apply_spec_resource_limit maxpool_2x2_Pipeline_POOL_ROW_POOL_COL 
INFO-FLOW: Configuring Module : maxpool_2x2 ...
Execute       set_default_model maxpool_2x2 
Execute       apply_spec_resource_limit maxpool_2x2 
INFO-FLOW: Configuring Module : accel_top_Pipeline_STORE_W ...
Execute       set_default_model accel_top_Pipeline_STORE_W 
Execute       apply_spec_resource_limit accel_top_Pipeline_STORE_W 
INFO-FLOW: Configuring Module : accel_top ...
Execute       set_default_model accel_top 
Execute       apply_spec_resource_limit accel_top 
INFO-FLOW: Model list for preprocess: accel_top_Pipeline_LOAD_INPUT_H_LOAD_INPUT_W accel_top_Pipeline_LOAD_W_KH_LOAD_W_KW conv_engine_Pipeline_CONV_IC_CONV_KH_CONV_KW conv_engine relu_Pipeline_RELU_ROW_RELU_COL relu maxpool_2x2_Pipeline_POOL_ROW_POOL_COL maxpool_2x2 accel_top_Pipeline_STORE_W accel_top
INFO-FLOW: Preprocessing Module: accel_top_Pipeline_LOAD_INPUT_H_LOAD_INPUT_W ...
Execute       set_default_model accel_top_Pipeline_LOAD_INPUT_H_LOAD_INPUT_W 
Execute       cdfg_preprocess -model accel_top_Pipeline_LOAD_INPUT_H_LOAD_INPUT_W 
Execute       rtl_gen_preprocess accel_top_Pipeline_LOAD_INPUT_H_LOAD_INPUT_W 
INFO-FLOW: Preprocessing Module: accel_top_Pipeline_LOAD_W_KH_LOAD_W_KW ...
Execute       set_default_model accel_top_Pipeline_LOAD_W_KH_LOAD_W_KW 
Execute       cdfg_preprocess -model accel_top_Pipeline_LOAD_W_KH_LOAD_W_KW 
Execute       rtl_gen_preprocess accel_top_Pipeline_LOAD_W_KH_LOAD_W_KW 
INFO-FLOW: Preprocessing Module: conv_engine_Pipeline_CONV_IC_CONV_KH_CONV_KW ...
Execute       set_default_model conv_engine_Pipeline_CONV_IC_CONV_KH_CONV_KW 
Execute       cdfg_preprocess -model conv_engine_Pipeline_CONV_IC_CONV_KH_CONV_KW 
Execute       rtl_gen_preprocess conv_engine_Pipeline_CONV_IC_CONV_KH_CONV_KW 
INFO-FLOW: Preprocessing Module: conv_engine ...
Execute       set_default_model conv_engine 
Execute       cdfg_preprocess -model conv_engine 
Execute       rtl_gen_preprocess conv_engine 
INFO-FLOW: Preprocessing Module: relu_Pipeline_RELU_ROW_RELU_COL ...
Execute       set_default_model relu_Pipeline_RELU_ROW_RELU_COL 
Execute       cdfg_preprocess -model relu_Pipeline_RELU_ROW_RELU_COL 
Execute       rtl_gen_preprocess relu_Pipeline_RELU_ROW_RELU_COL 
INFO-FLOW: Preprocessing Module: relu ...
Execute       set_default_model relu 
Execute       cdfg_preprocess -model relu 
Execute       rtl_gen_preprocess relu 
INFO-FLOW: Preprocessing Module: maxpool_2x2_Pipeline_POOL_ROW_POOL_COL ...
Execute       set_default_model maxpool_2x2_Pipeline_POOL_ROW_POOL_COL 
Execute       cdfg_preprocess -model maxpool_2x2_Pipeline_POOL_ROW_POOL_COL 
Execute       rtl_gen_preprocess maxpool_2x2_Pipeline_POOL_ROW_POOL_COL 
INFO-FLOW: Preprocessing Module: maxpool_2x2 ...
Execute       set_default_model maxpool_2x2 
Execute       cdfg_preprocess -model maxpool_2x2 
Execute       rtl_gen_preprocess maxpool_2x2 
INFO-FLOW: Preprocessing Module: accel_top_Pipeline_STORE_W ...
Execute       set_default_model accel_top_Pipeline_STORE_W 
Execute       cdfg_preprocess -model accel_top_Pipeline_STORE_W 
Execute       rtl_gen_preprocess accel_top_Pipeline_STORE_W 
INFO-FLOW: Preprocessing Module: accel_top ...
Execute       set_default_model accel_top 
Execute       cdfg_preprocess -model accel_top 
Execute       rtl_gen_preprocess accel_top 
INFO-FLOW: Model list for synthesis: accel_top_Pipeline_LOAD_INPUT_H_LOAD_INPUT_W accel_top_Pipeline_LOAD_W_KH_LOAD_W_KW conv_engine_Pipeline_CONV_IC_CONV_KH_CONV_KW conv_engine relu_Pipeline_RELU_ROW_RELU_COL relu maxpool_2x2_Pipeline_POOL_ROW_POOL_COL maxpool_2x2 accel_top_Pipeline_STORE_W accel_top
INFO: [HLS 200-10] ----------------------------------------------------------------
INFO: [HLS 200-42] -- Implementing module 'accel_top_Pipeline_LOAD_INPUT_H_LOAD_INPUT_W' 
INFO: [HLS 200-10] ----------------------------------------------------------------
Execute       set_default_model accel_top_Pipeline_LOAD_INPUT_H_LOAD_INPUT_W 
Execute       schedule -model accel_top_Pipeline_LOAD_INPUT_H_LOAD_INPUT_W 
INFO: [SCHED 204-11] Starting scheduling ...
INFO: [SCHED 204-61] Pipelining loop 'LOAD_INPUT_H_LOAD_INPUT_W'.
INFO: [HLS 200-1470] Pipelining result : Target II = 1, Final II = 1, Depth = 13, loop 'LOAD_INPUT_H_LOAD_INPUT_W'
INFO: [SCHED 204-11] Finished scheduling.
Command       schedule done; 0.207 sec.
INFO: [HLS 200-111] Finished Scheduling: CPU user time: 0 seconds. CPU system time: 0 seconds. Elapsed time: 0.421 seconds; current allocated memory: 1.465 GB.
Execute       syn_report -verbosereport -o C:/Users/PC-CST-A3/Desktop/edge-ai-soc/hls/cnn_accelerator/cnn_accelerator/solution1/.autopilot/db/accel_top_Pipeline_LOAD_INPUT_H_LOAD_INPUT_W.verbose.sched.rpt 
Execute         AP::get_flow_target_display_name
Execute           get_solution -flow_target 
Execute       db_write -o C:/Users/PC-CST-A3/Desktop/edge-ai-soc/hls/cnn_accelerator/cnn_accelerator/solution1/.autopilot/db/accel_top_Pipeline_LOAD_INPUT_H_LOAD_INPUT_W.sched.adb -f 
INFO-FLOW: Finish scheduling accel_top_Pipeline_LOAD_INPUT_H_LOAD_INPUT_W.
Execute       set_default_model accel_top_Pipeline_LOAD_INPUT_H_LOAD_INPUT_W 
Execute       bind -model accel_top_Pipeline_LOAD_INPUT_H_LOAD_INPUT_W 
INFO: [BIND 205-100] Starting micro-architecture generation ...
INFO: [BIND 205-101] Performing variable lifetime analysis.
INFO: [BIND 205-101] Exploring resource sharing.
INFO: [BIND 205-101] Binding ...
INFO: [BIND 205-100] Finished micro-architecture generation.
INFO: [HLS 200-111] Finished Binding: CPU user time: 0 seconds. CPU system time: 0 seconds. Elapsed time: 0.144 seconds; current allocated memory: 1.465 GB.
Execute       syn_report -verbosereport -o C:/Users/PC-CST-A3/Desktop/edge-ai-soc/hls/cnn_accelerator/cnn_accelerator/solution1/.autopilot/db/accel_top_Pipeline_LOAD_INPUT_H_LOAD_INPUT_W.verbose.bind.rpt 
Execute         AP::get_flow_target_display_name
Execute           get_solution -flow_target 
Execute       db_write -o C:/Users/PC-CST-A3/Desktop/edge-ai-soc/hls/cnn_accelerator/cnn_accelerator/solution1/.autopilot/db/accel_top_Pipeline_LOAD_INPUT_H_LOAD_INPUT_W.bind.adb -f 
INFO-FLOW: Finish binding accel_top_Pipeline_LOAD_INPUT_H_LOAD_INPUT_W.
INFO: [HLS 200-10] ----------------------------------------------------------------
INFO: [HLS 200-42] -- Implementing module 'accel_top_Pipeline_LOAD_W_KH_LOAD_W_KW' 
INFO: [HLS 200-10] ----------------------------------------------------------------
Execute       set_default_model accel_top_Pipeline_LOAD_W_KH_LOAD_W_KW 
Execute       schedule -model accel_top_Pipeline_LOAD_W_KH_LOAD_W_KW 
INFO: [SCHED 204-11] Starting scheduling ...
INFO: [SCHED 204-61] Pipelining loop 'LOAD_W_KH_LOAD_W_KW'.
INFO: [HLS 200-1470] Pipelining result : Target II = 1, Final II = 1, Depth = 11, loop 'LOAD_W_KH_LOAD_W_KW'
INFO: [SCHED 204-11] Finished scheduling.
INFO: [HLS 200-111] Finished Scheduling: CPU user time: 1 seconds. CPU system time: 0 seconds. Elapsed time: 0.144 seconds; current allocated memory: 1.465 GB.
Execute       syn_report -verbosereport -o C:/Users/PC-CST-A3/Desktop/edge-ai-soc/hls/cnn_accelerator/cnn_accelerator/solution1/.autopilot/db/accel_top_Pipeline_LOAD_W_KH_LOAD_W_KW.verbose.sched.rpt 
Execute         AP::get_flow_target_display_name
Execute           get_solution -flow_target 
Execute       db_write -o C:/Users/PC-CST-A3/Desktop/edge-ai-soc/hls/cnn_accelerator/cnn_accelerator/solution1/.autopilot/db/accel_top_Pipeline_LOAD_W_KH_LOAD_W_KW.sched.adb -f 
INFO-FLOW: Finish scheduling accel_top_Pipeline_LOAD_W_KH_LOAD_W_KW.
Execute       set_default_model accel_top_Pipeline_LOAD_W_KH_LOAD_W_KW 
Execute       bind -model accel_top_Pipeline_LOAD_W_KH_LOAD_W_KW 
INFO: [BIND 205-100] Starting micro-architecture generation ...
INFO: [BIND 205-101] Performing variable lifetime analysis.
INFO: [BIND 205-101] Exploring resource sharing.
INFO: [BIND 205-101] Binding ...
INFO: [BIND 205-100] Finished micro-architecture generation.
INFO: [HLS 200-111] Finished Binding: CPU user time: 0 seconds. CPU system time: 0 seconds. Elapsed time: 0.09 seconds; current allocated memory: 1.465 GB.
Execute       syn_report -verbosereport -o C:/Users/PC-CST-A3/Desktop/edge-ai-soc/hls/cnn_accelerator/cnn_accelerator/solution1/.autopilot/db/accel_top_Pipeline_LOAD_W_KH_LOAD_W_KW.verbose.bind.rpt 
Execute         AP::get_flow_target_display_name
Execute           get_solution -flow_target 
Execute       db_write -o C:/Users/PC-CST-A3/Desktop/edge-ai-soc/hls/cnn_accelerator/cnn_accelerator/solution1/.autopilot/db/accel_top_Pipeline_LOAD_W_KH_LOAD_W_KW.bind.adb -f 
INFO-FLOW: Finish binding accel_top_Pipeline_LOAD_W_KH_LOAD_W_KW.
INFO: [HLS 200-10] ----------------------------------------------------------------
INFO: [HLS 200-42] -- Implementing module 'conv_engine_Pipeline_CONV_IC_CONV_KH_CONV_KW' 
INFO: [HLS 200-10] ----------------------------------------------------------------
Execute       set_default_model conv_engine_Pipeline_CONV_IC_CONV_KH_CONV_KW 
Execute       schedule -model conv_engine_Pipeline_CONV_IC_CONV_KH_CONV_KW 
INFO: [SCHED 204-11] Starting scheduling ...
INFO: [HLS 200-486] Changing DSP latency (root=ret_V) to 3 in order to utilize available DSP registers.
INFO: [SCHED 204-61] Pipelining loop 'CONV_IC_CONV_KH_CONV_KW'.
INFO: [HLS 200-1470] Pipelining result : Target II = 1, Final II = 1, Depth = 8, loop 'CONV_IC_CONV_KH_CONV_KW'
INFO: [SCHED 204-11] Finished scheduling.
INFO: [HLS 200-111] Finished Scheduling: CPU user time: 0 seconds. CPU system time: 0 seconds. Elapsed time: 0.167 seconds; current allocated memory: 1.465 GB.
Execute       syn_report -verbosereport -o C:/Users/PC-CST-A3/Desktop/edge-ai-soc/hls/cnn_accelerator/cnn_accelerator/solution1/.autopilot/db/conv_engine_Pipeline_CONV_IC_CONV_KH_CONV_KW.verbose.sched.rpt 
Execute         AP::get_flow_target_display_name
Execute           get_solution -flow_target 
Execute       db_write -o C:/Users/PC-CST-A3/Desktop/edge-ai-soc/hls/cnn_accelerator/cnn_accelerator/solution1/.autopilot/db/conv_engine_Pipeline_CONV_IC_CONV_KH_CONV_KW.sched.adb -f 
INFO-FLOW: Finish scheduling conv_engine_Pipeline_CONV_IC_CONV_KH_CONV_KW.
Execute       set_default_model conv_engine_Pipeline_CONV_IC_CONV_KH_CONV_KW 
Execute       bind -model conv_engine_Pipeline_CONV_IC_CONV_KH_CONV_KW 
INFO: [BIND 205-100] Starting micro-architecture generation ...
INFO: [BIND 205-101] Performing variable lifetime analysis.
INFO: [BIND 205-101] Exploring resource sharing.
INFO: [BIND 205-101] Binding ...
INFO: [BIND 205-100] Finished micro-architecture generation.
INFO: [HLS 200-111] Finished Binding: CPU user time: 0 seconds. CPU system time: 0 seconds. Elapsed time: 0.114 seconds; current allocated memory: 1.465 GB.
Execute       syn_report -verbosereport -o C:/Users/PC-CST-A3/Desktop/edge-ai-soc/hls/cnn_accelerator/cnn_accelerator/solution1/.autopilot/db/conv_engine_Pipeline_CONV_IC_CONV_KH_CONV_KW.verbose.bind.rpt 
Execute         AP::get_flow_target_display_name
Execute           get_solution -flow_target 
Command       syn_report done; 0.104 sec.
Execute       db_write -o C:/Users/PC-CST-A3/Desktop/edge-ai-soc/hls/cnn_accelerator/cnn_accelerator/solution1/.autopilot/db/conv_engine_Pipeline_CONV_IC_CONV_KH_CONV_KW.bind.adb -f 
INFO-FLOW: Finish binding conv_engine_Pipeline_CONV_IC_CONV_KH_CONV_KW.
INFO: [HLS 200-10] ----------------------------------------------------------------
INFO: [HLS 200-42] -- Implementing module 'conv_engine' 
INFO: [HLS 200-10] ----------------------------------------------------------------
Execute       set_default_model conv_engine 
Execute       schedule -model conv_engine 
INFO: [SCHED 204-11] Starting scheduling ...
INFO: [SCHED 204-11] Finished scheduling.
Command       schedule done; 0.102 sec.
INFO: [HLS 200-111] Finished Scheduling: CPU user time: 0 seconds. CPU system time: 0 seconds. Elapsed time: 0.242 seconds; current allocated memory: 1.465 GB.
Execute       syn_report -verbosereport -o C:/Users/PC-CST-A3/Desktop/edge-ai-soc/hls/cnn_accelerator/cnn_accelerator/solution1/.autopilot/db/conv_engine.verbose.sched.rpt 
Execute         AP::get_flow_target_display_name
Execute           get_solution -flow_target 
Command       syn_report done; 0.114 sec.
Execute       db_write -o C:/Users/PC-CST-A3/Desktop/edge-ai-soc/hls/cnn_accelerator/cnn_accelerator/solution1/.autopilot/db/conv_engine.sched.adb -f 
INFO-FLOW: Finish scheduling conv_engine.
Execute       set_default_model conv_engine 
Execute       bind -model conv_engine 
INFO: [BIND 205-100] Starting micro-architecture generation ...
INFO: [BIND 205-101] Performing variable lifetime analysis.
INFO: [BIND 205-101] Exploring resource sharing.
INFO: [BIND 205-101] Binding ...
INFO: [BIND 205-100] Finished micro-architecture generation.
Command       bind done; 0.111 sec.
INFO: [HLS 200-111] Finished Binding: CPU user time: 0 seconds. CPU system time: 0 seconds. Elapsed time: 0.24 seconds; current allocated memory: 1.465 GB.
Execute       syn_report -verbosereport -o C:/Users/PC-CST-A3/Desktop/edge-ai-soc/hls/cnn_accelerator/cnn_accelerator/solution1/.autopilot/db/conv_engine.verbose.bind.rpt 
Execute         AP::get_flow_target_display_name
Execute           get_solution -flow_target 
Command       syn_report done; 0.18 sec.
Execute       db_write -o C:/Users/PC-CST-A3/Desktop/edge-ai-soc/hls/cnn_accelerator/cnn_accelerator/solution1/.autopilot/db/conv_engine.bind.adb -f 
INFO-FLOW: Finish binding conv_engine.
INFO: [HLS 200-10] ----------------------------------------------------------------
INFO: [HLS 200-42] -- Implementing module 'relu_Pipeline_RELU_ROW_RELU_COL' 
INFO: [HLS 200-10] ----------------------------------------------------------------
Execute       set_default_model relu_Pipeline_RELU_ROW_RELU_COL 
Execute       schedule -model relu_Pipeline_RELU_ROW_RELU_COL 
INFO: [SCHED 204-11] Starting scheduling ...
INFO: [SCHED 204-61] Pipelining loop 'RELU_ROW_RELU_COL'.
INFO: [HLS 200-1470] Pipelining result : Target II = 1, Final II = 1, Depth = 4, loop 'RELU_ROW_RELU_COL'
INFO: [SCHED 204-11] Finished scheduling.
INFO: [HLS 200-111] Finished Scheduling: CPU user time: 1 seconds. CPU system time: 0 seconds. Elapsed time: 0.26 seconds; current allocated memory: 1.465 GB.
Execute       syn_report -verbosereport -o C:/Users/PC-CST-A3/Desktop/edge-ai-soc/hls/cnn_accelerator/cnn_accelerator/solution1/.autopilot/db/relu_Pipeline_RELU_ROW_RELU_COL.verbose.sched.rpt 
Execute         AP::get_flow_target_display_name
Execute           get_solution -flow_target 
Execute       db_write -o C:/Users/PC-CST-A3/Desktop/edge-ai-soc/hls/cnn_accelerator/cnn_accelerator/solution1/.autopilot/db/relu_Pipeline_RELU_ROW_RELU_COL.sched.adb -f 
INFO-FLOW: Finish scheduling relu_Pipeline_RELU_ROW_RELU_COL.
Execute       set_default_model relu_Pipeline_RELU_ROW_RELU_COL 
Execute       bind -model relu_Pipeline_RELU_ROW_RELU_COL 
INFO: [BIND 205-100] Starting micro-architecture generation ...
INFO: [BIND 205-101] Performing variable lifetime analysis.
INFO: [BIND 205-101] Exploring resource sharing.
INFO: [BIND 205-101] Binding ...
INFO: [BIND 205-100] Finished micro-architecture generation.
INFO: [HLS 200-111] Finished Binding: CPU user time: 0 seconds. CPU system time: 0 seconds. Elapsed time: 0.062 seconds; current allocated memory: 1.465 GB.
Execute       syn_report -verbosereport -o C:/Users/PC-CST-A3/Desktop/edge-ai-soc/hls/cnn_accelerator/cnn_accelerator/solution1/.autopilot/db/relu_Pipeline_RELU_ROW_RELU_COL.verbose.bind.rpt 
Execute         AP::get_flow_target_display_name
Execute           get_solution -flow_target 
Execute       db_write -o C:/Users/PC-CST-A3/Desktop/edge-ai-soc/hls/cnn_accelerator/cnn_accelerator/solution1/.autopilot/db/relu_Pipeline_RELU_ROW_RELU_COL.bind.adb -f 
INFO-FLOW: Finish binding relu_Pipeline_RELU_ROW_RELU_COL.
INFO: [HLS 200-10] ----------------------------------------------------------------
INFO: [HLS 200-42] -- Implementing module 'relu' 
INFO: [HLS 200-10] ----------------------------------------------------------------
Execute       set_default_model relu 
Execute       schedule -model relu 
INFO: [SCHED 204-11] Starting scheduling ...
INFO: [SCHED 204-11] Finished scheduling.
INFO: [HLS 200-111] Finished Scheduling: CPU user time: 0 seconds. CPU system time: 0 seconds. Elapsed time: 0.075 seconds; current allocated memory: 1.465 GB.
Execute       syn_report -verbosereport -o C:/Users/PC-CST-A3/Desktop/edge-ai-soc/hls/cnn_accelerator/cnn_accelerator/solution1/.autopilot/db/relu.verbose.sched.rpt 
Execute         AP::get_flow_target_display_name
Execute           get_solution -flow_target 
Execute       db_write -o C:/Users/PC-CST-A3/Desktop/edge-ai-soc/hls/cnn_accelerator/cnn_accelerator/solution1/.autopilot/db/relu.sched.adb -f 
INFO-FLOW: Finish scheduling relu.
Execute       set_default_model relu 
Execute       bind -model relu 
INFO: [BIND 205-100] Starting micro-architecture generation ...
INFO: [BIND 205-101] Performing variable lifetime analysis.
INFO: [BIND 205-101] Exploring resource sharing.
INFO: [BIND 205-101] Binding ...
INFO: [BIND 205-100] Finished micro-architecture generation.
INFO: [HLS 200-111] Finished Binding: CPU user time: 0 seconds. CPU system time: 0 seconds. Elapsed time: 0.045 seconds; current allocated memory: 1.465 GB.
Execute       syn_report -verbosereport -o C:/Users/PC-CST-A3/Desktop/edge-ai-soc/hls/cnn_accelerator/cnn_accelerator/solution1/.autopilot/db/relu.verbose.bind.rpt 
Execute         AP::get_flow_target_display_name
Execute           get_solution -flow_target 
Execute       db_write -o C:/Users/PC-CST-A3/Desktop/edge-ai-soc/hls/cnn_accelerator/cnn_accelerator/solution1/.autopilot/db/relu.bind.adb -f 
INFO-FLOW: Finish binding relu.
INFO: [HLS 200-10] ----------------------------------------------------------------
INFO: [HLS 200-42] -- Implementing module 'maxpool_2x2_Pipeline_POOL_ROW_POOL_COL' 
INFO: [HLS 200-10] ----------------------------------------------------------------
Execute       set_default_model maxpool_2x2_Pipeline_POOL_ROW_POOL_COL 
Execute       schedule -model maxpool_2x2_Pipeline_POOL_ROW_POOL_COL 
INFO: [SCHED 204-11] Starting scheduling ...
INFO: [SCHED 204-61] Pipelining loop 'POOL_ROW_POOL_COL'.
INFO: [HLS 200-1470] Pipelining result : Target II = 1, Final II = 1, Depth = 4, loop 'POOL_ROW_POOL_COL'
INFO: [SCHED 204-11] Finished scheduling.
INFO: [HLS 200-111] Finished Scheduling: CPU user time: 0 seconds. CPU system time: 0 seconds. Elapsed time: 0.091 seconds; current allocated memory: 1.465 GB.
Execute       syn_report -verbosereport -o C:/Users/PC-CST-A3/Desktop/edge-ai-soc/hls/cnn_accelerator/cnn_accelerator/solution1/.autopilot/db/maxpool_2x2_Pipeline_POOL_ROW_POOL_COL.verbose.sched.rpt 
Execute         AP::get_flow_target_display_name
Execute           get_solution -flow_target 
Execute       db_write -o C:/Users/PC-CST-A3/Desktop/edge-ai-soc/hls/cnn_accelerator/cnn_accelerator/solution1/.autopilot/db/maxpool_2x2_Pipeline_POOL_ROW_POOL_COL.sched.adb -f 
INFO-FLOW: Finish scheduling maxpool_2x2_Pipeline_POOL_ROW_POOL_COL.
Execute       set_default_model maxpool_2x2_Pipeline_POOL_ROW_POOL_COL 
Execute       bind -model maxpool_2x2_Pipeline_POOL_ROW_POOL_COL 
INFO: [BIND 205-100] Starting micro-architecture generation ...
INFO: [BIND 205-101] Performing variable lifetime analysis.
INFO: [BIND 205-101] Exploring resource sharing.
INFO: [BIND 205-101] Binding ...
INFO: [BIND 205-100] Finished micro-architecture generation.
INFO: [HLS 200-111] Finished Binding: CPU user time: 0 seconds. CPU system time: 0 seconds. Elapsed time: 0.067 seconds; current allocated memory: 1.465 GB.
Execute       syn_report -verbosereport -o C:/Users/PC-CST-A3/Desktop/edge-ai-soc/hls/cnn_accelerator/cnn_accelerator/solution1/.autopilot/db/maxpool_2x2_Pipeline_POOL_ROW_POOL_COL.verbose.bind.rpt 
Execute         AP::get_flow_target_display_name
Execute           get_solution -flow_target 
Execute       db_write -o C:/Users/PC-CST-A3/Desktop/edge-ai-soc/hls/cnn_accelerator/cnn_accelerator/solution1/.autopilot/db/maxpool_2x2_Pipeline_POOL_ROW_POOL_COL.bind.adb -f 
INFO-FLOW: Finish binding maxpool_2x2_Pipeline_POOL_ROW_POOL_COL.
INFO: [HLS 200-10] ----------------------------------------------------------------
INFO: [HLS 200-42] -- Implementing module 'maxpool_2x2' 
INFO: [HLS 200-10] ----------------------------------------------------------------
Execute       set_default_model maxpool_2x2 
Execute       schedule -model maxpool_2x2 
INFO: [SCHED 204-11] Starting scheduling ...
INFO: [SCHED 204-11] Finished scheduling.
INFO: [HLS 200-111] Finished Scheduling: CPU user time: 0 seconds. CPU system time: 0 seconds. Elapsed time: 0.095 seconds; current allocated memory: 1.465 GB.
Execute       syn_report -verbosereport -o C:/Users/PC-CST-A3/Desktop/edge-ai-soc/hls/cnn_accelerator/cnn_accelerator/solution1/.autopilot/db/maxpool_2x2.verbose.sched.rpt 
Execute         AP::get_flow_target_display_name
Execute           get_solution -flow_target 
Execute       db_write -o C:/Users/PC-CST-A3/Desktop/edge-ai-soc/hls/cnn_accelerator/cnn_accelerator/solution1/.autopilot/db/maxpool_2x2.sched.adb -f 
INFO-FLOW: Finish scheduling maxpool_2x2.
Execute       set_default_model maxpool_2x2 
Execute       bind -model maxpool_2x2 
INFO: [BIND 205-100] Starting micro-architecture generation ...
INFO: [BIND 205-101] Performing variable lifetime analysis.
INFO: [BIND 205-101] Exploring resource sharing.
INFO: [BIND 205-101] Binding ...
INFO: [BIND 205-100] Finished micro-architecture generation.
INFO: [HLS 200-111] Finished Binding: CPU user time: 0 seconds. CPU system time: 0 seconds. Elapsed time: 0.062 seconds; current allocated memory: 1.465 GB.
Execute       syn_report -verbosereport -o C:/Users/PC-CST-A3/Desktop/edge-ai-soc/hls/cnn_accelerator/cnn_accelerator/solution1/.autopilot/db/maxpool_2x2.verbose.bind.rpt 
Execute         AP::get_flow_target_display_name
Execute           get_solution -flow_target 
Execute       db_write -o C:/Users/PC-CST-A3/Desktop/edge-ai-soc/hls/cnn_accelerator/cnn_accelerator/solution1/.autopilot/db/maxpool_2x2.bind.adb -f 
INFO-FLOW: Finish binding maxpool_2x2.
INFO: [HLS 200-10] ----------------------------------------------------------------
INFO: [HLS 200-42] -- Implementing module 'accel_top_Pipeline_STORE_W' 
INFO: [HLS 200-10] ----------------------------------------------------------------
Execute       set_default_model accel_top_Pipeline_STORE_W 
Execute       schedule -model accel_top_Pipeline_STORE_W 
INFO: [SCHED 204-11] Starting scheduling ...
INFO: [SCHED 204-61] Pipelining loop 'STORE_W'.
INFO: [HLS 200-1470] Pipelining result : Target II = 1, Final II = 1, Depth = 9, loop 'STORE_W'
INFO: [SCHED 204-11] Finished scheduling.
INFO: [HLS 200-111] Finished Scheduling: CPU user time: 0 seconds. CPU system time: 0 seconds. Elapsed time: 0.127 seconds; current allocated memory: 1.465 GB.
Execute       syn_report -verbosereport -o C:/Users/PC-CST-A3/Desktop/edge-ai-soc/hls/cnn_accelerator/cnn_accelerator/solution1/.autopilot/db/accel_top_Pipeline_STORE_W.verbose.sched.rpt 
Execute         AP::get_flow_target_display_name
Execute           get_solution -flow_target 
Execute       db_write -o C:/Users/PC-CST-A3/Desktop/edge-ai-soc/hls/cnn_accelerator/cnn_accelerator/solution1/.autopilot/db/accel_top_Pipeline_STORE_W.sched.adb -f 
INFO-FLOW: Finish scheduling accel_top_Pipeline_STORE_W.
Execute       set_default_model accel_top_Pipeline_STORE_W 
Execute       bind -model accel_top_Pipeline_STORE_W 
INFO: [BIND 205-100] Starting micro-architecture generation ...
INFO: [BIND 205-101] Performing variable lifetime analysis.
INFO: [BIND 205-101] Exploring resource sharing.
INFO: [BIND 205-101] Binding ...
INFO: [BIND 205-100] Finished micro-architecture generation.
INFO: [HLS 200-111] Finished Binding: CPU user time: 0 seconds. CPU system time: 0 seconds. Elapsed time: 0.083 seconds; current allocated memory: 1.465 GB.
Execute       syn_report -verbosereport -o C:/Users/PC-CST-A3/Desktop/edge-ai-soc/hls/cnn_accelerator/cnn_accelerator/solution1/.autopilot/db/accel_top_Pipeline_STORE_W.verbose.bind.rpt 
Execute         AP::get_flow_target_display_name
Execute           get_solution -flow_target 
Execute       db_write -o C:/Users/PC-CST-A3/Desktop/edge-ai-soc/hls/cnn_accelerator/cnn_accelerator/solution1/.autopilot/db/accel_top_Pipeline_STORE_W.bind.adb -f 
INFO-FLOW: Finish binding accel_top_Pipeline_STORE_W.
INFO: [HLS 200-10] ----------------------------------------------------------------
INFO: [HLS 200-42] -- Implementing module 'accel_top' 
INFO: [HLS 200-10] ----------------------------------------------------------------
Execute       set_default_model accel_top 
Execute       schedule -model accel_top 
INFO: [SCHED 204-11] Starting scheduling ...
INFO: [SCHED 204-11] Finished scheduling.
Command       schedule done; 0.141 sec.
INFO: [HLS 200-111] Finished Scheduling: CPU user time: 0 seconds. CPU system time: 0 seconds. Elapsed time: 0.201 seconds; current allocated memory: 1.465 GB.
Execute       syn_report -verbosereport -o C:/Users/PC-CST-A3/Desktop/edge-ai-soc/hls/cnn_accelerator/cnn_accelerator/solution1/.autopilot/db/accel_top.verbose.sched.rpt 
Execute         AP::get_flow_target_display_name
Execute           get_solution -flow_target 
Command       syn_report done; 0.15 sec.
Execute       db_write -o C:/Users/PC-CST-A3/Desktop/edge-ai-soc/hls/cnn_accelerator/cnn_accelerator/solution1/.autopilot/db/accel_top.sched.adb -f 
INFO-FLOW: Finish scheduling accel_top.
Execute       set_default_model accel_top 
Execute       bind -model accel_top 
INFO: [BIND 205-100] Starting micro-architecture generation ...
INFO: [BIND 205-101] Performing variable lifetime analysis.
INFO: [BIND 205-101] Exploring resource sharing.
INFO: [BIND 205-101] Binding ...
INFO: [BIND 205-100] Finished micro-architecture generation.
Command       bind done; 0.203 sec.
INFO: [HLS 200-111] Finished Binding: CPU user time: 1 seconds. CPU system time: 0 seconds. Elapsed time: 0.378 seconds; current allocated memory: 1.465 GB.
Execute       syn_report -verbosereport -o C:/Users/PC-CST-A3/Desktop/edge-ai-soc/hls/cnn_accelerator/cnn_accelerator/solution1/.autopilot/db/accel_top.verbose.bind.rpt 
Execute         AP::get_flow_target_display_name
Execute           get_solution -flow_target 
Command       syn_report done; 0.396 sec.
Execute       db_write -o C:/Users/PC-CST-A3/Desktop/edge-ai-soc/hls/cnn_accelerator/cnn_accelerator/solution1/.autopilot/db/accel_top.bind.adb -f 
INFO-FLOW: Finish binding accel_top.
Execute       get_model_list accel_top -filter all-wo-channel 
INFO-FLOW: Preprocessing for RTLGen ...
Execute       rtl_gen_preprocess accel_top_Pipeline_LOAD_INPUT_H_LOAD_INPUT_W 
Execute       rtl_gen_preprocess accel_top_Pipeline_LOAD_W_KH_LOAD_W_KW 
Execute       rtl_gen_preprocess conv_engine_Pipeline_CONV_IC_CONV_KH_CONV_KW 
Execute       rtl_gen_preprocess conv_engine 
Execute       rtl_gen_preprocess relu_Pipeline_RELU_ROW_RELU_COL 
Execute       rtl_gen_preprocess relu 
Execute       rtl_gen_preprocess maxpool_2x2_Pipeline_POOL_ROW_POOL_COL 
Execute       rtl_gen_preprocess maxpool_2x2 
Execute       rtl_gen_preprocess accel_top_Pipeline_STORE_W 
Execute       rtl_gen_preprocess accel_top 
INFO-FLOW: Model list for RTL generation: accel_top_Pipeline_LOAD_INPUT_H_LOAD_INPUT_W accel_top_Pipeline_LOAD_W_KH_LOAD_W_KW conv_engine_Pipeline_CONV_IC_CONV_KH_CONV_KW conv_engine relu_Pipeline_RELU_ROW_RELU_COL relu maxpool_2x2_Pipeline_POOL_ROW_POOL_COL maxpool_2x2 accel_top_Pipeline_STORE_W accel_top
INFO: [HLS 200-10] ----------------------------------------------------------------
INFO: [HLS 200-10] -- Generating RTL for module 'accel_top_Pipeline_LOAD_INPUT_H_LOAD_INPUT_W' 
INFO: [HLS 200-10] ----------------------------------------------------------------
Execute       get_config_rtl -module_prefix 
Execute       get_config_rtl -module_auto_prefix 
Execute       get_config_rtl -module_prefix 
Execute       get_config_rtl -module_auto_prefix 
Execute       create_rtl_model accel_top_Pipeline_LOAD_INPUT_H_LOAD_INPUT_W -top_prefix accel_top_ -sub_prefix accel_top_ -mg_file C:/Users/PC-CST-A3/Desktop/edge-ai-soc/hls/cnn_accelerator/cnn_accelerator/solution1/.autopilot/db/accel_top_Pipeline_LOAD_INPUT_H_LOAD_INPUT_W.compgen.tcl 
INFO: [HLS 200-1030] Apply Unified Pipeline Control on module 'accel_top_Pipeline_LOAD_INPUT_H_LOAD_INPUT_W' pipeline 'LOAD_INPUT_H_LOAD_INPUT_W' pipeline type 'loop pipeline'
INFO: [RTGEN 206-100] Generating core module 'mul_31ns_31ns_32_1_1': 1 instance(s).
INFO: [RTGEN 206-100] Finished creating RTL model for 'accel_top_Pipeline_LOAD_INPUT_H_LOAD_INPUT_W'.
INFO: [HLS 200-111] Finished Creating RTL model: CPU user time: 0 seconds. CPU system time: 0 seconds. Elapsed time: 0.593 seconds; current allocated memory: 1.465 GB.
Execute       source C:/Users/PC-CST-A3/Desktop/edge-ai-soc/hls/cnn_accelerator/cnn_accelerator/solution1/.autopilot/db/accel_top.rtl_wrap.cfg.tcl 
Execute       gen_rtl accel_top_Pipeline_LOAD_INPUT_H_LOAD_INPUT_W -style xilinx -f -lang vhdl -o C:/Users/PC-CST-A3/Desktop/edge-ai-soc/hls/cnn_accelerator/cnn_accelerator/solution1/syn/vhdl/accel_top_accel_top_Pipeline_LOAD_INPUT_H_LOAD_INPUT_W 
Execute       gen_rtl accel_top_Pipeline_LOAD_INPUT_H_LOAD_INPUT_W -style xilinx -f -lang vlog -o C:/Users/PC-CST-A3/Desktop/edge-ai-soc/hls/cnn_accelerator/cnn_accelerator/solution1/syn/verilog/accel_top_accel_top_Pipeline_LOAD_INPUT_H_LOAD_INPUT_W 
Execute       syn_report -csynth -model accel_top_Pipeline_LOAD_INPUT_H_LOAD_INPUT_W -o C:/Users/PC-CST-A3/Desktop/edge-ai-soc/hls/cnn_accelerator/cnn_accelerator/solution1/syn/report/accel_top_Pipeline_LOAD_INPUT_H_LOAD_INPUT_W_csynth.rpt 
Execute         AP::get_flow_target_display_name
Execute           get_solution -flow_target 
Execute       syn_report -rtlxml -model accel_top_Pipeline_LOAD_INPUT_H_LOAD_INPUT_W -o C:/Users/PC-CST-A3/Desktop/edge-ai-soc/hls/cnn_accelerator/cnn_accelerator/solution1/syn/report/accel_top_Pipeline_LOAD_INPUT_H_LOAD_INPUT_W_csynth.xml 
Execute         get_solution -flow_target
Execute           get_solution -flow_target 
Execute       syn_report -verbosereport -model accel_top_Pipeline_LOAD_INPUT_H_LOAD_INPUT_W -o C:/Users/PC-CST-A3/Desktop/edge-ai-soc/hls/cnn_accelerator/cnn_accelerator/solution1/.autopilot/db/accel_top_Pipeline_LOAD_INPUT_H_LOAD_INPUT_W.verbose.rpt 
Execute         AP::get_flow_target_display_name
Execute           get_solution -flow_target 
Execute       db_write -model accel_top_Pipeline_LOAD_INPUT_H_LOAD_INPUT_W -f -o C:/Users/PC-CST-A3/Desktop/edge-ai-soc/hls/cnn_accelerator/cnn_accelerator/solution1/.autopilot/db/accel_top_Pipeline_LOAD_INPUT_H_LOAD_INPUT_W.adb 
Execute       db_write -model accel_top_Pipeline_LOAD_INPUT_H_LOAD_INPUT_W -bindview -o C:/Users/PC-CST-A3/Desktop/edge-ai-soc/hls/cnn_accelerator/cnn_accelerator/solution1/.autopilot/db/design.bindinfo.xml 
Execute       gen_tb_info accel_top_Pipeline_LOAD_INPUT_H_LOAD_INPUT_W -p C:/Users/PC-CST-A3/Desktop/edge-ai-soc/hls/cnn_accelerator/cnn_accelerator/solution1/.autopilot/db -o C:/Users/PC-CST-A3/Desktop/edge-ai-soc/hls/cnn_accelerator/cnn_accelerator/solution1/.autopilot/db/accel_top_Pipeline_LOAD_INPUT_H_LOAD_INPUT_W 
INFO: [HLS 200-10] ----------------------------------------------------------------
INFO: [HLS 200-10] -- Generating RTL for module 'accel_top_Pipeline_LOAD_W_KH_LOAD_W_KW' 
INFO: [HLS 200-10] ----------------------------------------------------------------
Execute       get_config_rtl -module_prefix 
Execute       get_config_rtl -module_auto_prefix 
Execute       get_config_rtl -module_prefix 
Execute       get_config_rtl -module_auto_prefix 
Execute       create_rtl_model accel_top_Pipeline_LOAD_W_KH_LOAD_W_KW -top_prefix accel_top_ -sub_prefix accel_top_ -mg_file C:/Users/PC-CST-A3/Desktop/edge-ai-soc/hls/cnn_accelerator/cnn_accelerator/solution1/.autopilot/db/accel_top_Pipeline_LOAD_W_KH_LOAD_W_KW.compgen.tcl 
INFO: [HLS 200-1030] Apply Unified Pipeline Control on module 'accel_top_Pipeline_LOAD_W_KH_LOAD_W_KW' pipeline 'LOAD_W_KH_LOAD_W_KW' pipeline type 'loop pipeline'
INFO: [RTGEN 206-100] Finished creating RTL model for 'accel_top_Pipeline_LOAD_W_KH_LOAD_W_KW'.
INFO: [HLS 200-111] Finished Creating RTL model: CPU user time: 0 seconds. CPU system time: 0 seconds. Elapsed time: 0.347 seconds; current allocated memory: 1.465 GB.
Execute       source C:/Users/PC-CST-A3/Desktop/edge-ai-soc/hls/cnn_accelerator/cnn_accelerator/solution1/.autopilot/db/accel_top.rtl_wrap.cfg.tcl 
Execute       gen_rtl accel_top_Pipeline_LOAD_W_KH_LOAD_W_KW -style xilinx -f -lang vhdl -o C:/Users/PC-CST-A3/Desktop/edge-ai-soc/hls/cnn_accelerator/cnn_accelerator/solution1/syn/vhdl/accel_top_accel_top_Pipeline_LOAD_W_KH_LOAD_W_KW 
Execute       gen_rtl accel_top_Pipeline_LOAD_W_KH_LOAD_W_KW -style xilinx -f -lang vlog -o C:/Users/PC-CST-A3/Desktop/edge-ai-soc/hls/cnn_accelerator/cnn_accelerator/solution1/syn/verilog/accel_top_accel_top_Pipeline_LOAD_W_KH_LOAD_W_KW 
Execute       syn_report -csynth -model accel_top_Pipeline_LOAD_W_KH_LOAD_W_KW -o C:/Users/PC-CST-A3/Desktop/edge-ai-soc/hls/cnn_accelerator/cnn_accelerator/solution1/syn/report/accel_top_Pipeline_LOAD_W_KH_LOAD_W_KW_csynth.rpt 
Execute         AP::get_flow_target_display_name
Execute           get_solution -flow_target 
Execute       syn_report -rtlxml -model accel_top_Pipeline_LOAD_W_KH_LOAD_W_KW -o C:/Users/PC-CST-A3/Desktop/edge-ai-soc/hls/cnn_accelerator/cnn_accelerator/solution1/syn/report/accel_top_Pipeline_LOAD_W_KH_LOAD_W_KW_csynth.xml 
Execute         get_solution -flow_target
Execute           get_solution -flow_target 
Execute       syn_report -verbosereport -model accel_top_Pipeline_LOAD_W_KH_LOAD_W_KW -o C:/Users/PC-CST-A3/Desktop/edge-ai-soc/hls/cnn_accelerator/cnn_accelerator/solution1/.autopilot/db/accel_top_Pipeline_LOAD_W_KH_LOAD_W_KW.verbose.rpt 
Execute         AP::get_flow_target_display_name
Execute           get_solution -flow_target 
Execute       db_write -model accel_top_Pipeline_LOAD_W_KH_LOAD_W_KW -f -o C:/Users/PC-CST-A3/Desktop/edge-ai-soc/hls/cnn_accelerator/cnn_accelerator/solution1/.autopilot/db/accel_top_Pipeline_LOAD_W_KH_LOAD_W_KW.adb 
Execute       db_write -model accel_top_Pipeline_LOAD_W_KH_LOAD_W_KW -bindview -o C:/Users/PC-CST-A3/Desktop/edge-ai-soc/hls/cnn_accelerator/cnn_accelerator/solution1/.autopilot/db/design.bindinfo.xml 
Execute       gen_tb_info accel_top_Pipeline_LOAD_W_KH_LOAD_W_KW -p C:/Users/PC-CST-A3/Desktop/edge-ai-soc/hls/cnn_accelerator/cnn_accelerator/solution1/.autopilot/db -o C:/Users/PC-CST-A3/Desktop/edge-ai-soc/hls/cnn_accelerator/cnn_accelerator/solution1/.autopilot/db/accel_top_Pipeline_LOAD_W_KH_LOAD_W_KW 
INFO: [HLS 200-10] ----------------------------------------------------------------
INFO: [HLS 200-10] -- Generating RTL for module 'conv_engine_Pipeline_CONV_IC_CONV_KH_CONV_KW' 
INFO: [HLS 200-10] ----------------------------------------------------------------
Execute       get_config_rtl -module_prefix 
Execute       get_config_rtl -module_auto_prefix 
Execute       get_config_rtl -module_prefix 
Execute       get_config_rtl -module_auto_prefix 
Execute       create_rtl_model conv_engine_Pipeline_CONV_IC_CONV_KH_CONV_KW -top_prefix accel_top_ -sub_prefix accel_top_ -mg_file C:/Users/PC-CST-A3/Desktop/edge-ai-soc/hls/cnn_accelerator/cnn_accelerator/solution1/.autopilot/db/conv_engine_Pipeline_CONV_IC_CONV_KH_CONV_KW.compgen.tcl 
INFO: [HLS 200-1030] Apply Unified Pipeline Control on module 'conv_engine_Pipeline_CONV_IC_CONV_KH_CONV_KW' pipeline 'CONV_IC_CONV_KH_CONV_KW' pipeline type 'loop pipeline'
INFO: [RTGEN 206-100] Generating core module 'mac_muladd_8s_8s_32s_32_4_1': 1 instance(s).
INFO: [RTGEN 206-100] Finished creating RTL model for 'conv_engine_Pipeline_CONV_IC_CONV_KH_CONV_KW'.
INFO: [HLS 200-111] Finished Creating RTL model: CPU user time: 0 seconds. CPU system time: 1 seconds. Elapsed time: 0.349 seconds; current allocated memory: 1.465 GB.
Execute       source C:/Users/PC-CST-A3/Desktop/edge-ai-soc/hls/cnn_accelerator/cnn_accelerator/solution1/.autopilot/db/accel_top.rtl_wrap.cfg.tcl 
Execute       gen_rtl conv_engine_Pipeline_CONV_IC_CONV_KH_CONV_KW -style xilinx -f -lang vhdl -o C:/Users/PC-CST-A3/Desktop/edge-ai-soc/hls/cnn_accelerator/cnn_accelerator/solution1/syn/vhdl/accel_top_conv_engine_Pipeline_CONV_IC_CONV_KH_CONV_KW 
Execute       gen_rtl conv_engine_Pipeline_CONV_IC_CONV_KH_CONV_KW -style xilinx -f -lang vlog -o C:/Users/PC-CST-A3/Desktop/edge-ai-soc/hls/cnn_accelerator/cnn_accelerator/solution1/syn/verilog/accel_top_conv_engine_Pipeline_CONV_IC_CONV_KH_CONV_KW 
Execute       syn_report -csynth -model conv_engine_Pipeline_CONV_IC_CONV_KH_CONV_KW -o C:/Users/PC-CST-A3/Desktop/edge-ai-soc/hls/cnn_accelerator/cnn_accelerator/solution1/syn/report/conv_engine_Pipeline_CONV_IC_CONV_KH_CONV_KW_csynth.rpt 
Execute         AP::get_flow_target_display_name
Execute           get_solution -flow_target 
Execute       syn_report -rtlxml -model conv_engine_Pipeline_CONV_IC_CONV_KH_CONV_KW -o C:/Users/PC-CST-A3/Desktop/edge-ai-soc/hls/cnn_accelerator/cnn_accelerator/solution1/syn/report/conv_engine_Pipeline_CONV_IC_CONV_KH_CONV_KW_csynth.xml 
Execute         get_solution -flow_target
Execute           get_solution -flow_target 
Execute       syn_report -verbosereport -model conv_engine_Pipeline_CONV_IC_CONV_KH_CONV_KW -o C:/Users/PC-CST-A3/Desktop/edge-ai-soc/hls/cnn_accelerator/cnn_accelerator/solution1/.autopilot/db/conv_engine_Pipeline_CONV_IC_CONV_KH_CONV_KW.verbose.rpt 
Execute         AP::get_flow_target_display_name
Execute           get_solution -flow_target 
Command       syn_report done; 0.14 sec.
Execute       db_write -model conv_engine_Pipeline_CONV_IC_CONV_KH_CONV_KW -f -o C:/Users/PC-CST-A3/Desktop/edge-ai-soc/hls/cnn_accelerator/cnn_accelerator/solution1/.autopilot/db/conv_engine_Pipeline_CONV_IC_CONV_KH_CONV_KW.adb 
Execute       db_write -model conv_engine_Pipeline_CONV_IC_CONV_KH_CONV_KW -bindview -o C:/Users/PC-CST-A3/Desktop/edge-ai-soc/hls/cnn_accelerator/cnn_accelerator/solution1/.autopilot/db/design.bindinfo.xml 
Execute       gen_tb_info conv_engine_Pipeline_CONV_IC_CONV_KH_CONV_KW -p C:/Users/PC-CST-A3/Desktop/edge-ai-soc/hls/cnn_accelerator/cnn_accelerator/solution1/.autopilot/db -o C:/Users/PC-CST-A3/Desktop/edge-ai-soc/hls/cnn_accelerator/cnn_accelerator/solution1/.autopilot/db/conv_engine_Pipeline_CONV_IC_CONV_KH_CONV_KW 
INFO: [HLS 200-10] ----------------------------------------------------------------
INFO: [HLS 200-10] -- Generating RTL for module 'conv_engine' 
INFO: [HLS 200-10] ----------------------------------------------------------------
Execute       get_config_rtl -module_prefix 
Execute       get_config_rtl -module_auto_prefix 
Execute       get_config_rtl -module_prefix 
Execute       get_config_rtl -module_auto_prefix 
Execute       create_rtl_model conv_engine -top_prefix accel_top_ -sub_prefix accel_top_ -mg_file C:/Users/PC-CST-A3/Desktop/edge-ai-soc/hls/cnn_accelerator/cnn_accelerator/solution1/.autopilot/db/conv_engine.compgen.tcl 
INFO: [RTGEN 206-100] Generating core module 'mul_32ns_32ns_64_1_1': 2 instance(s).
INFO: [RTGEN 206-100] Generating core module 'mul_32ns_64ns_96_5_1': 1 instance(s).
INFO: [RTGEN 206-100] Generating core module 'mul_32s_32s_32_1_1': 2 instance(s).
INFO: [RTGEN 206-100] Generating core module 'sdiv_32ns_32s_32_36_seq_1': 2 instance(s).
INFO: [RTGEN 206-100] Finished creating RTL model for 'conv_engine'.
INFO: [HLS 200-111] Finished Creating RTL model: CPU user time: 1 seconds. CPU system time: 0 seconds. Elapsed time: 0.604 seconds; current allocated memory: 1.465 GB.
Execute       source C:/Users/PC-CST-A3/Desktop/edge-ai-soc/hls/cnn_accelerator/cnn_accelerator/solution1/.autopilot/db/accel_top.rtl_wrap.cfg.tcl 
Execute       gen_rtl conv_engine -style xilinx -f -lang vhdl -o C:/Users/PC-CST-A3/Desktop/edge-ai-soc/hls/cnn_accelerator/cnn_accelerator/solution1/syn/vhdl/accel_top_conv_engine 
Execute       gen_rtl conv_engine -style xilinx -f -lang vlog -o C:/Users/PC-CST-A3/Desktop/edge-ai-soc/hls/cnn_accelerator/cnn_accelerator/solution1/syn/verilog/accel_top_conv_engine 
Execute       syn_report -csynth -model conv_engine -o C:/Users/PC-CST-A3/Desktop/edge-ai-soc/hls/cnn_accelerator/cnn_accelerator/solution1/syn/report/conv_engine_csynth.rpt 
Execute         AP::get_flow_target_display_name
Execute           get_solution -flow_target 
Execute       syn_report -rtlxml -model conv_engine -o C:/Users/PC-CST-A3/Desktop/edge-ai-soc/hls/cnn_accelerator/cnn_accelerator/solution1/syn/report/conv_engine_csynth.xml 
Execute         get_solution -flow_target
Execute           get_solution -flow_target 
Execute       syn_report -verbosereport -model conv_engine -o C:/Users/PC-CST-A3/Desktop/edge-ai-soc/hls/cnn_accelerator/cnn_accelerator/solution1/.autopilot/db/conv_engine.verbose.rpt 
Execute         AP::get_flow_target_display_name
Execute           get_solution -flow_target 
Command       syn_report done; 0.202 sec.
Execute       db_write -model conv_engine -f -o C:/Users/PC-CST-A3/Desktop/edge-ai-soc/hls/cnn_accelerator/cnn_accelerator/solution1/.autopilot/db/conv_engine.adb 
Execute       db_write -model conv_engine -bindview -o C:/Users/PC-CST-A3/Desktop/edge-ai-soc/hls/cnn_accelerator/cnn_accelerator/solution1/.autopilot/db/design.bindinfo.xml 
Execute       gen_tb_info conv_engine -p C:/Users/PC-CST-A3/Desktop/edge-ai-soc/hls/cnn_accelerator/cnn_accelerator/solution1/.autopilot/db -o C:/Users/PC-CST-A3/Desktop/edge-ai-soc/hls/cnn_accelerator/cnn_accelerator/solution1/.autopilot/db/conv_engine 
INFO: [HLS 200-10] ----------------------------------------------------------------
INFO: [HLS 200-10] -- Generating RTL for module 'relu_Pipeline_RELU_ROW_RELU_COL' 
INFO: [HLS 200-10] ----------------------------------------------------------------
Execute       get_config_rtl -module_prefix 
Execute       get_config_rtl -module_auto_prefix 
Execute       get_config_rtl -module_prefix 
Execute       get_config_rtl -module_auto_prefix 
Execute       create_rtl_model relu_Pipeline_RELU_ROW_RELU_COL -top_prefix accel_top_ -sub_prefix accel_top_ -mg_file C:/Users/PC-CST-A3/Desktop/edge-ai-soc/hls/cnn_accelerator/cnn_accelerator/solution1/.autopilot/db/relu_Pipeline_RELU_ROW_RELU_COL.compgen.tcl 
INFO: [HLS 200-1030] Apply Unified Pipeline Control on module 'relu_Pipeline_RELU_ROW_RELU_COL' pipeline 'RELU_ROW_RELU_COL' pipeline type 'loop pipeline'
INFO: [RTGEN 206-100] Generating core module 'mux_21_32_1_1': 3 instance(s).
INFO: [RTGEN 206-100] Finished creating RTL model for 'relu_Pipeline_RELU_ROW_RELU_COL'.
INFO: [HLS 200-111] Finished Creating RTL model: CPU user time: 0 seconds. CPU system time: 0 seconds. Elapsed time: 0.521 seconds; current allocated memory: 1.465 GB.
Execute       source C:/Users/PC-CST-A3/Desktop/edge-ai-soc/hls/cnn_accelerator/cnn_accelerator/solution1/.autopilot/db/accel_top.rtl_wrap.cfg.tcl 
Execute       gen_rtl relu_Pipeline_RELU_ROW_RELU_COL -style xilinx -f -lang vhdl -o C:/Users/PC-CST-A3/Desktop/edge-ai-soc/hls/cnn_accelerator/cnn_accelerator/solution1/syn/vhdl/accel_top_relu_Pipeline_RELU_ROW_RELU_COL 
Execute       gen_rtl relu_Pipeline_RELU_ROW_RELU_COL -style xilinx -f -lang vlog -o C:/Users/PC-CST-A3/Desktop/edge-ai-soc/hls/cnn_accelerator/cnn_accelerator/solution1/syn/verilog/accel_top_relu_Pipeline_RELU_ROW_RELU_COL 
Execute       syn_report -csynth -model relu_Pipeline_RELU_ROW_RELU_COL -o C:/Users/PC-CST-A3/Desktop/edge-ai-soc/hls/cnn_accelerator/cnn_accelerator/solution1/syn/report/relu_Pipeline_RELU_ROW_RELU_COL_csynth.rpt 
Execute         AP::get_flow_target_display_name
Execute           get_solution -flow_target 
Execute       syn_report -rtlxml -model relu_Pipeline_RELU_ROW_RELU_COL -o C:/Users/PC-CST-A3/Desktop/edge-ai-soc/hls/cnn_accelerator/cnn_accelerator/solution1/syn/report/relu_Pipeline_RELU_ROW_RELU_COL_csynth.xml 
Execute         get_solution -flow_target
Execute           get_solution -flow_target 
Execute       syn_report -verbosereport -model relu_Pipeline_RELU_ROW_RELU_COL -o C:/Users/PC-CST-A3/Desktop/edge-ai-soc/hls/cnn_accelerator/cnn_accelerator/solution1/.autopilot/db/relu_Pipeline_RELU_ROW_RELU_COL.verbose.rpt 
Execute         AP::get_flow_target_display_name
Execute           get_solution -flow_target 
Execute       db_write -model relu_Pipeline_RELU_ROW_RELU_COL -f -o C:/Users/PC-CST-A3/Desktop/edge-ai-soc/hls/cnn_accelerator/cnn_accelerator/solution1/.autopilot/db/relu_Pipeline_RELU_ROW_RELU_COL.adb 
Execute       db_write -model relu_Pipeline_RELU_ROW_RELU_COL -bindview -o C:/Users/PC-CST-A3/Desktop/edge-ai-soc/hls/cnn_accelerator/cnn_accelerator/solution1/.autopilot/db/design.bindinfo.xml 
Execute       gen_tb_info relu_Pipeline_RELU_ROW_RELU_COL -p C:/Users/PC-CST-A3/Desktop/edge-ai-soc/hls/cnn_accelerator/cnn_accelerator/solution1/.autopilot/db -o C:/Users/PC-CST-A3/Desktop/edge-ai-soc/hls/cnn_accelerator/cnn_accelerator/solution1/.autopilot/db/relu_Pipeline_RELU_ROW_RELU_COL 
INFO: [HLS 200-10] ----------------------------------------------------------------
INFO: [HLS 200-10] -- Generating RTL for module 'relu' 
INFO: [HLS 200-10] ----------------------------------------------------------------
Execute       get_config_rtl -module_prefix 
Execute       get_config_rtl -module_auto_prefix 
Execute       get_config_rtl -module_prefix 
Execute       get_config_rtl -module_auto_prefix 
Execute       create_rtl_model relu -top_prefix accel_top_ -sub_prefix accel_top_ -mg_file C:/Users/PC-CST-A3/Desktop/edge-ai-soc/hls/cnn_accelerator/cnn_accelerator/solution1/.autopilot/db/relu.compgen.tcl 
INFO: [RTGEN 206-100] Generating core module 'mul_32ns_32ns_64_1_1': 1 instance(s).
INFO: [RTGEN 206-100] Finished creating RTL model for 'relu'.
INFO: [HLS 200-111] Finished Creating RTL model: CPU user time: 0 seconds. CPU system time: 0 seconds. Elapsed time: 0.253 seconds; current allocated memory: 1.465 GB.
Execute       source C:/Users/PC-CST-A3/Desktop/edge-ai-soc/hls/cnn_accelerator/cnn_accelerator/solution1/.autopilot/db/accel_top.rtl_wrap.cfg.tcl 
Execute       gen_rtl relu -style xilinx -f -lang vhdl -o C:/Users/PC-CST-A3/Desktop/edge-ai-soc/hls/cnn_accelerator/cnn_accelerator/solution1/syn/vhdl/accel_top_relu 
Execute       gen_rtl relu -style xilinx -f -lang vlog -o C:/Users/PC-CST-A3/Desktop/edge-ai-soc/hls/cnn_accelerator/cnn_accelerator/solution1/syn/verilog/accel_top_relu 
Execute       syn_report -csynth -model relu -o C:/Users/PC-CST-A3/Desktop/edge-ai-soc/hls/cnn_accelerator/cnn_accelerator/solution1/syn/report/relu_csynth.rpt 
Execute         AP::get_flow_target_display_name
Execute           get_solution -flow_target 
Execute       syn_report -rtlxml -model relu -o C:/Users/PC-CST-A3/Desktop/edge-ai-soc/hls/cnn_accelerator/cnn_accelerator/solution1/syn/report/relu_csynth.xml 
Execute         get_solution -flow_target
Execute           get_solution -flow_target 
Execute       syn_report -verbosereport -model relu -o C:/Users/PC-CST-A3/Desktop/edge-ai-soc/hls/cnn_accelerator/cnn_accelerator/solution1/.autopilot/db/relu.verbose.rpt 
Execute         AP::get_flow_target_display_name
Execute           get_solution -flow_target 
Execute       db_write -model relu -f -o C:/Users/PC-CST-A3/Desktop/edge-ai-soc/hls/cnn_accelerator/cnn_accelerator/solution1/.autopilot/db/relu.adb 
Execute       db_write -model relu -bindview -o C:/Users/PC-CST-A3/Desktop/edge-ai-soc/hls/cnn_accelerator/cnn_accelerator/solution1/.autopilot/db/design.bindinfo.xml 
Execute       gen_tb_info relu -p C:/Users/PC-CST-A3/Desktop/edge-ai-soc/hls/cnn_accelerator/cnn_accelerator/solution1/.autopilot/db -o C:/Users/PC-CST-A3/Desktop/edge-ai-soc/hls/cnn_accelerator/cnn_accelerator/solution1/.autopilot/db/relu 
INFO: [HLS 200-10] ----------------------------------------------------------------
INFO: [HLS 200-10] -- Generating RTL for module 'maxpool_2x2_Pipeline_POOL_ROW_POOL_COL' 
INFO: [HLS 200-10] ----------------------------------------------------------------
Execute       get_config_rtl -module_prefix 
Execute       get_config_rtl -module_auto_prefix 
Execute       get_config_rtl -module_prefix 
Execute       get_config_rtl -module_auto_prefix 
Execute       create_rtl_model maxpool_2x2_Pipeline_POOL_ROW_POOL_COL -top_prefix accel_top_ -sub_prefix accel_top_ -mg_file C:/Users/PC-CST-A3/Desktop/edge-ai-soc/hls/cnn_accelerator/cnn_accelerator/solution1/.autopilot/db/maxpool_2x2_Pipeline_POOL_ROW_POOL_COL.compgen.tcl 
INFO: [HLS 200-1030] Apply Unified Pipeline Control on module 'maxpool_2x2_Pipeline_POOL_ROW_POOL_COL' pipeline 'POOL_ROW_POOL_COL' pipeline type 'loop pipeline'
INFO: [RTGEN 206-100] Finished creating RTL model for 'maxpool_2x2_Pipeline_POOL_ROW_POOL_COL'.
INFO: [HLS 200-111] Finished Creating RTL model: CPU user time: 0 seconds. CPU system time: 0 seconds. Elapsed time: 0.125 seconds; current allocated memory: 1.465 GB.
Execute       source C:/Users/PC-CST-A3/Desktop/edge-ai-soc/hls/cnn_accelerator/cnn_accelerator/solution1/.autopilot/db/accel_top.rtl_wrap.cfg.tcl 
Execute       gen_rtl maxpool_2x2_Pipeline_POOL_ROW_POOL_COL -style xilinx -f -lang vhdl -o C:/Users/PC-CST-A3/Desktop/edge-ai-soc/hls/cnn_accelerator/cnn_accelerator/solution1/syn/vhdl/accel_top_maxpool_2x2_Pipeline_POOL_ROW_POOL_COL 
Execute       gen_rtl maxpool_2x2_Pipeline_POOL_ROW_POOL_COL -style xilinx -f -lang vlog -o C:/Users/PC-CST-A3/Desktop/edge-ai-soc/hls/cnn_accelerator/cnn_accelerator/solution1/syn/verilog/accel_top_maxpool_2x2_Pipeline_POOL_ROW_POOL_COL 
Execute       syn_report -csynth -model maxpool_2x2_Pipeline_POOL_ROW_POOL_COL -o C:/Users/PC-CST-A3/Desktop/edge-ai-soc/hls/cnn_accelerator/cnn_accelerator/solution1/syn/report/maxpool_2x2_Pipeline_POOL_ROW_POOL_COL_csynth.rpt 
Execute         AP::get_flow_target_display_name
Execute           get_solution -flow_target 
Execute       syn_report -rtlxml -model maxpool_2x2_Pipeline_POOL_ROW_POOL_COL -o C:/Users/PC-CST-A3/Desktop/edge-ai-soc/hls/cnn_accelerator/cnn_accelerator/solution1/syn/report/maxpool_2x2_Pipeline_POOL_ROW_POOL_COL_csynth.xml 
Execute         get_solution -flow_target
Execute           get_solution -flow_target 
Execute       syn_report -verbosereport -model maxpool_2x2_Pipeline_POOL_ROW_POOL_COL -o C:/Users/PC-CST-A3/Desktop/edge-ai-soc/hls/cnn_accelerator/cnn_accelerator/solution1/.autopilot/db/maxpool_2x2_Pipeline_POOL_ROW_POOL_COL.verbose.rpt 
Execute         AP::get_flow_target_display_name
Execute           get_solution -flow_target 
Execute       db_write -model maxpool_2x2_Pipeline_POOL_ROW_POOL_COL -f -o C:/Users/PC-CST-A3/Desktop/edge-ai-soc/hls/cnn_accelerator/cnn_accelerator/solution1/.autopilot/db/maxpool_2x2_Pipeline_POOL_ROW_POOL_COL.adb 
Execute       db_write -model maxpool_2x2_Pipeline_POOL_ROW_POOL_COL -bindview -o C:/Users/PC-CST-A3/Desktop/edge-ai-soc/hls/cnn_accelerator/cnn_accelerator/solution1/.autopilot/db/design.bindinfo.xml 
Execute       gen_tb_info maxpool_2x2_Pipeline_POOL_ROW_POOL_COL -p C:/Users/PC-CST-A3/Desktop/edge-ai-soc/hls/cnn_accelerator/cnn_accelerator/solution1/.autopilot/db -o C:/Users/PC-CST-A3/Desktop/edge-ai-soc/hls/cnn_accelerator/cnn_accelerator/solution1/.autopilot/db/maxpool_2x2_Pipeline_POOL_ROW_POOL_COL 
INFO: [HLS 200-10] ----------------------------------------------------------------
INFO: [HLS 200-10] -- Generating RTL for module 'maxpool_2x2' 
INFO: [HLS 200-10] ----------------------------------------------------------------
Execute       get_config_rtl -module_prefix 
Execute       get_config_rtl -module_auto_prefix 
Execute       get_config_rtl -module_prefix 
Execute       get_config_rtl -module_auto_prefix 
Execute       create_rtl_model maxpool_2x2 -top_prefix accel_top_ -sub_prefix accel_top_ -mg_file C:/Users/PC-CST-A3/Desktop/edge-ai-soc/hls/cnn_accelerator/cnn_accelerator/solution1/.autopilot/db/maxpool_2x2.compgen.tcl 
INFO: [RTGEN 206-100] Generating core module 'mul_32ns_32ns_64_1_1': 1 instance(s).
INFO: [RTGEN 206-100] Finished creating RTL model for 'maxpool_2x2'.
INFO: [HLS 200-111] Finished Creating RTL model: CPU user time: 0 seconds. CPU system time: 0 seconds. Elapsed time: 0.263 seconds; current allocated memory: 1.465 GB.
Execute       source C:/Users/PC-CST-A3/Desktop/edge-ai-soc/hls/cnn_accelerator/cnn_accelerator/solution1/.autopilot/db/accel_top.rtl_wrap.cfg.tcl 
Execute       gen_rtl maxpool_2x2 -style xilinx -f -lang vhdl -o C:/Users/PC-CST-A3/Desktop/edge-ai-soc/hls/cnn_accelerator/cnn_accelerator/solution1/syn/vhdl/accel_top_maxpool_2x2 
Execute       gen_rtl maxpool_2x2 -style xilinx -f -lang vlog -o C:/Users/PC-CST-A3/Desktop/edge-ai-soc/hls/cnn_accelerator/cnn_accelerator/solution1/syn/verilog/accel_top_maxpool_2x2 
Execute       syn_report -csynth -model maxpool_2x2 -o C:/Users/PC-CST-A3/Desktop/edge-ai-soc/hls/cnn_accelerator/cnn_accelerator/solution1/syn/report/maxpool_2x2_csynth.rpt 
Execute         AP::get_flow_target_display_name
Execute           get_solution -flow_target 
Execute       syn_report -rtlxml -model maxpool_2x2 -o C:/Users/PC-CST-A3/Desktop/edge-ai-soc/hls/cnn_accelerator/cnn_accelerator/solution1/syn/report/maxpool_2x2_csynth.xml 
Execute         get_solution -flow_target
Execute           get_solution -flow_target 
Execute       syn_report -verbosereport -model maxpool_2x2 -o C:/Users/PC-CST-A3/Desktop/edge-ai-soc/hls/cnn_accelerator/cnn_accelerator/solution1/.autopilot/db/maxpool_2x2.verbose.rpt 
Execute         AP::get_flow_target_display_name
Execute           get_solution -flow_target 
Execute       db_write -model maxpool_2x2 -f -o C:/Users/PC-CST-A3/Desktop/edge-ai-soc/hls/cnn_accelerator/cnn_accelerator/solution1/.autopilot/db/maxpool_2x2.adb 
Execute       db_write -model maxpool_2x2 -bindview -o C:/Users/PC-CST-A3/Desktop/edge-ai-soc/hls/cnn_accelerator/cnn_accelerator/solution1/.autopilot/db/design.bindinfo.xml 
Execute       gen_tb_info maxpool_2x2 -p C:/Users/PC-CST-A3/Desktop/edge-ai-soc/hls/cnn_accelerator/cnn_accelerator/solution1/.autopilot/db -o C:/Users/PC-CST-A3/Desktop/edge-ai-soc/hls/cnn_accelerator/cnn_accelerator/solution1/.autopilot/db/maxpool_2x2 
INFO: [HLS 200-10] ----------------------------------------------------------------
INFO: [HLS 200-10] -- Generating RTL for module 'accel_top_Pipeline_STORE_W' 
INFO: [HLS 200-10] ----------------------------------------------------------------
Execute       get_config_rtl -module_prefix 
Execute       get_config_rtl -module_auto_prefix 
Execute       get_config_rtl -module_prefix 
Execute       get_config_rtl -module_auto_prefix 
Execute       create_rtl_model accel_top_Pipeline_STORE_W -top_prefix accel_top_ -sub_prefix accel_top_ -mg_file C:/Users/PC-CST-A3/Desktop/edge-ai-soc/hls/cnn_accelerator/cnn_accelerator/solution1/.autopilot/db/accel_top_Pipeline_STORE_W.compgen.tcl 
INFO: [HLS 200-1030] Apply Unified Pipeline Control on module 'accel_top_Pipeline_STORE_W' pipeline 'STORE_W' pipeline type 'loop pipeline'
INFO: [RTGEN 206-100] Generating core module 'mux_21_32_1_1': 3 instance(s).
INFO: [RTGEN 206-100] Finished creating RTL model for 'accel_top_Pipeline_STORE_W'.
INFO: [HLS 200-111] Finished Creating RTL model: CPU user time: 1 seconds. CPU system time: 0 seconds. Elapsed time: 0.219 seconds; current allocated memory: 1.465 GB.
Execute       source C:/Users/PC-CST-A3/Desktop/edge-ai-soc/hls/cnn_accelerator/cnn_accelerator/solution1/.autopilot/db/accel_top.rtl_wrap.cfg.tcl 
Execute       gen_rtl accel_top_Pipeline_STORE_W -style xilinx -f -lang vhdl -o C:/Users/PC-CST-A3/Desktop/edge-ai-soc/hls/cnn_accelerator/cnn_accelerator/solution1/syn/vhdl/accel_top_accel_top_Pipeline_STORE_W 
Execute       gen_rtl accel_top_Pipeline_STORE_W -style xilinx -f -lang vlog -o C:/Users/PC-CST-A3/Desktop/edge-ai-soc/hls/cnn_accelerator/cnn_accelerator/solution1/syn/verilog/accel_top_accel_top_Pipeline_STORE_W 
Execute       syn_report -csynth -model accel_top_Pipeline_STORE_W -o C:/Users/PC-CST-A3/Desktop/edge-ai-soc/hls/cnn_accelerator/cnn_accelerator/solution1/syn/report/accel_top_Pipeline_STORE_W_csynth.rpt 
Execute         AP::get_flow_target_display_name
Execute           get_solution -flow_target 
Execute       syn_report -rtlxml -model accel_top_Pipeline_STORE_W -o C:/Users/PC-CST-A3/Desktop/edge-ai-soc/hls/cnn_accelerator/cnn_accelerator/solution1/syn/report/accel_top_Pipeline_STORE_W_csynth.xml 
Execute         get_solution -flow_target
Execute           get_solution -flow_target 
Execute       syn_report -verbosereport -model accel_top_Pipeline_STORE_W -o C:/Users/PC-CST-A3/Desktop/edge-ai-soc/hls/cnn_accelerator/cnn_accelerator/solution1/.autopilot/db/accel_top_Pipeline_STORE_W.verbose.rpt 
Execute         AP::get_flow_target_display_name
Execute           get_solution -flow_target 
Execute       db_write -model accel_top_Pipeline_STORE_W -f -o C:/Users/PC-CST-A3/Desktop/edge-ai-soc/hls/cnn_accelerator/cnn_accelerator/solution1/.autopilot/db/accel_top_Pipeline_STORE_W.adb 
Execute       db_write -model accel_top_Pipeline_STORE_W -bindview -o C:/Users/PC-CST-A3/Desktop/edge-ai-soc/hls/cnn_accelerator/cnn_accelerator/solution1/.autopilot/db/design.bindinfo.xml 
Execute       gen_tb_info accel_top_Pipeline_STORE_W -p C:/Users/PC-CST-A3/Desktop/edge-ai-soc/hls/cnn_accelerator/cnn_accelerator/solution1/.autopilot/db -o C:/Users/PC-CST-A3/Desktop/edge-ai-soc/hls/cnn_accelerator/cnn_accelerator/solution1/.autopilot/db/accel_top_Pipeline_STORE_W 
INFO: [HLS 200-10] ----------------------------------------------------------------
INFO: [HLS 200-10] -- Generating RTL for module 'accel_top' 
INFO: [HLS 200-10] ----------------------------------------------------------------
Execute       get_config_rtl -module_prefix 
Execute       get_config_rtl -module_prefix 
Execute       get_config_rtl -module_auto_prefix 
Execute       create_rtl_model accel_top -top_prefix  -sub_prefix accel_top_ -mg_file C:/Users/PC-CST-A3/Desktop/edge-ai-soc/hls/cnn_accelerator/cnn_accelerator/solution1/.autopilot/db/accel_top.compgen.tcl 
WARNING: [RTGEN 206-101] Design contains AXI ports. Reset is fixed to synchronous and active low.
INFO: [RTGEN 206-500] Setting interface mode on port 'accel_top/DATA' to 'm_axi'.
INFO: [RTGEN 206-500] Setting interface mode on port 'accel_top/input_data' to 's_axilite & ap_none'.
INFO: [RTGEN 206-500] Setting interface mode on port 'accel_top/weight_data' to 's_axilite & ap_none'.
INFO: [RTGEN 206-500] Setting interface mode on port 'accel_top/bias_data' to 's_axilite & ap_none'.
INFO: [RTGEN 206-500] Setting interface mode on port 'accel_top/output_data' to 's_axilite & ap_none'.
INFO: [RTGEN 206-500] Setting interface mode on port 'accel_top/kernel_size' to 's_axilite & ap_none'.
INFO: [RTGEN 206-500] Setting interface mode on port 'accel_top/in_channels' to 's_axilite & ap_none'.
INFO: [RTGEN 206-500] Setting interface mode on port 'accel_top/out_channels' to 's_axilite & ap_none'.
INFO: [RTGEN 206-500] Setting interface mode on port 'accel_top/in_height' to 's_axilite & ap_none'.
INFO: [RTGEN 206-500] Setting interface mode on port 'accel_top/in_width' to 's_axilite & ap_none'.
INFO: [RTGEN 206-500] Setting interface mode on port 'accel_top/stride' to 's_axilite & ap_none'.
INFO: [RTGEN 206-500] Setting interface mode on port 'accel_top/padding' to 's_axilite & ap_none'.
INFO: [RTGEN 206-500] Setting interface mode on port 'accel_top/relu_enable' to 's_axilite & ap_none'.
INFO: [RTGEN 206-500] Setting interface mode on port 'accel_top/pool_enable' to 's_axilite & ap_none'.
INFO: [RTGEN 206-500] Setting interface mode on function 'accel_top' to 's_axilite & ap_ctrl_hs'.
INFO: [RTGEN 206-100] Bundling port 'input_data', 'weight_data', 'bias_data', 'output_data', 'kernel_size', 'in_channels', 'out_channels', 'in_height', 'in_width', 'stride', 'padding', 'relu_enable', 'pool_enable' to AXI-Lite port CTRL.
INFO: [RTGEN 206-100] Generating core module 'mul_31ns_32s_32_1_1': 1 instance(s).
INFO: [RTGEN 206-100] Generating core module 'mul_32ns_32ns_62_1_1': 1 instance(s).
INFO: [RTGEN 206-100] Generating core module 'mul_32ns_32ns_63_1_1': 1 instance(s).
INFO: [RTGEN 206-100] Generating core module 'mul_32s_32s_32_1_1': 1 instance(s).
INFO: [RTGEN 206-100] Generating core module 'sdiv_32ns_32ns_32_36_seq_1': 2 instance(s).
INFO: [RTGEN 206-100] Finished creating RTL model for 'accel_top'.
Command       create_rtl_model done; 0.273 sec.
INFO: [HLS 200-111] Finished Creating RTL model: CPU user time: 0 seconds. CPU system time: 0 seconds. Elapsed time: 0.503 seconds; current allocated memory: 1.465 GB.
Execute       source C:/Users/PC-CST-A3/Desktop/edge-ai-soc/hls/cnn_accelerator/cnn_accelerator/solution1/.autopilot/db/accel_top.rtl_wrap.cfg.tcl 
Execute       gen_rtl accel_top -istop -style xilinx -f -lang vhdl -o C:/Users/PC-CST-A3/Desktop/edge-ai-soc/hls/cnn_accelerator/cnn_accelerator/solution1/syn/vhdl/accel_top 
Execute       gen_rtl accel_top -istop -style xilinx -f -lang vlog -o C:/Users/PC-CST-A3/Desktop/edge-ai-soc/hls/cnn_accelerator/cnn_accelerator/solution1/syn/verilog/accel_top 
Execute       syn_report -csynth -model accel_top -o C:/Users/PC-CST-A3/Desktop/edge-ai-soc/hls/cnn_accelerator/cnn_accelerator/solution1/syn/report/accel_top_csynth.rpt 
Execute         AP::get_flow_target_display_name
Execute           get_solution -flow_target 
Execute       syn_report -rtlxml -model accel_top -o C:/Users/PC-CST-A3/Desktop/edge-ai-soc/hls/cnn_accelerator/cnn_accelerator/solution1/syn/report/accel_top_csynth.xml 
Execute         get_solution -flow_target
Execute           get_solution -flow_target 
Execute       syn_report -verbosereport -model accel_top -o C:/Users/PC-CST-A3/Desktop/edge-ai-soc/hls/cnn_accelerator/cnn_accelerator/solution1/.autopilot/db/accel_top.verbose.rpt 
Execute         AP::get_flow_target_display_name
Execute           get_solution -flow_target 
Command       syn_report done; 0.428 sec.
Execute       db_write -model accel_top -f -o C:/Users/PC-CST-A3/Desktop/edge-ai-soc/hls/cnn_accelerator/cnn_accelerator/solution1/.autopilot/db/accel_top.adb 
Execute       db_write -model accel_top -bindview -o C:/Users/PC-CST-A3/Desktop/edge-ai-soc/hls/cnn_accelerator/cnn_accelerator/solution1/.autopilot/db/design.bindinfo.xml 
Execute       gen_tb_info accel_top -p C:/Users/PC-CST-A3/Desktop/edge-ai-soc/hls/cnn_accelerator/cnn_accelerator/solution1/.autopilot/db -o C:/Users/PC-CST-A3/Desktop/edge-ai-soc/hls/cnn_accelerator/cnn_accelerator/solution1/.autopilot/db/accel_top 
Execute       export_constraint_db -f -tool general -o C:/Users/PC-CST-A3/Desktop/edge-ai-soc/hls/cnn_accelerator/cnn_accelerator/solution1/.autopilot/db/accel_top.constraint.tcl 
Execute       syn_report -designview -model accel_top -o C:/Users/PC-CST-A3/Desktop/edge-ai-soc/hls/cnn_accelerator/cnn_accelerator/solution1/.autopilot/db/accel_top.design.xml 
Command       syn_report done; 0.268 sec.
Execute       syn_report -csynthDesign -model accel_top -o C:/Users/PC-CST-A3/Desktop/edge-ai-soc/hls/cnn_accelerator/cnn_accelerator/solution1/syn/report/csynth.rpt 
Execute         AP::get_flow_target_display_name
Execute           get_solution -flow_target 
Execute       get_config_rtl -disable_wave_debug 
Execute       syn_report -wcfg -model accel_top -o C:/Users/PC-CST-A3/Desktop/edge-ai-soc/hls/cnn_accelerator/cnn_accelerator/solution1/.autopilot/db/accel_top_dataflow_ana.wcfg 
Execute       syn_report -protoinst -model accel_top -o C:/Users/PC-CST-A3/Desktop/edge-ai-soc/hls/cnn_accelerator/cnn_accelerator/solution1/.autopilot/db/accel_top.protoinst 
Execute       get_config_debug -directory 
Execute       sc_get_clocks accel_top 
Execute       get_config_export -vivado_clock 
Execute       get_config_rtl -module_prefix 
Execute       get_config_rtl -module_prefix 
Execute       get_config_rtl -module_auto_prefix 
Execute       sc_get_portdomain accel_top 
INFO-FLOW: Model list for RTL component generation: accel_top_Pipeline_LOAD_INPUT_H_LOAD_INPUT_W accel_top_Pipeline_LOAD_W_KH_LOAD_W_KW conv_engine_Pipeline_CONV_IC_CONV_KH_CONV_KW conv_engine relu_Pipeline_RELU_ROW_RELU_COL relu maxpool_2x2_Pipeline_POOL_ROW_POOL_COL maxpool_2x2 accel_top_Pipeline_STORE_W accel_top
INFO-FLOW: Handling components in module [accel_top_Pipeline_LOAD_INPUT_H_LOAD_INPUT_W] ... 
Execute       source C:/Users/PC-CST-A3/Desktop/edge-ai-soc/hls/cnn_accelerator/cnn_accelerator/solution1/.autopilot/db/accel_top_Pipeline_LOAD_INPUT_H_LOAD_INPUT_W.compgen.tcl 
INFO-FLOW: Found component accel_top_mul_31ns_31ns_32_1_1.
INFO-FLOW: Append model accel_top_mul_31ns_31ns_32_1_1
INFO-FLOW: Found component accel_top_flow_control_loop_pipe_sequential_init.
INFO-FLOW: Append model accel_top_flow_control_loop_pipe_sequential_init
INFO-FLOW: Handling components in module [accel_top_Pipeline_LOAD_W_KH_LOAD_W_KW] ... 
Execute       source C:/Users/PC-CST-A3/Desktop/edge-ai-soc/hls/cnn_accelerator/cnn_accelerator/solution1/.autopilot/db/accel_top_Pipeline_LOAD_W_KH_LOAD_W_KW.compgen.tcl 
INFO-FLOW: Found component accel_top_flow_control_loop_pipe_sequential_init.
INFO-FLOW: Append model accel_top_flow_control_loop_pipe_sequential_init
INFO-FLOW: Handling components in module [conv_engine_Pipeline_CONV_IC_CONV_KH_CONV_KW] ... 
Execute       source C:/Users/PC-CST-A3/Desktop/edge-ai-soc/hls/cnn_accelerator/cnn_accelerator/solution1/.autopilot/db/conv_engine_Pipeline_CONV_IC_CONV_KH_CONV_KW.compgen.tcl 
INFO-FLOW: Found component accel_top_mac_muladd_8s_8s_32s_32_4_1.
INFO-FLOW: Append model accel_top_mac_muladd_8s_8s_32s_32_4_1
INFO-FLOW: Found component accel_top_flow_control_loop_pipe_sequential_init.
INFO-FLOW: Append model accel_top_flow_control_loop_pipe_sequential_init
INFO-FLOW: Handling components in module [conv_engine] ... 
Execute       source C:/Users/PC-CST-A3/Desktop/edge-ai-soc/hls/cnn_accelerator/cnn_accelerator/solution1/.autopilot/db/conv_engine.compgen.tcl 
INFO-FLOW: Found component accel_top_sdiv_32ns_32s_32_36_seq_1.
INFO-FLOW: Append model accel_top_sdiv_32ns_32s_32_36_seq_1
INFO-FLOW: Found component accel_top_mul_32ns_32ns_64_1_1.
INFO-FLOW: Append model accel_top_mul_32ns_32ns_64_1_1
INFO-FLOW: Found component accel_top_mul_32ns_64ns_96_5_1.
INFO-FLOW: Append model accel_top_mul_32ns_64ns_96_5_1
INFO-FLOW: Found component accel_top_mul_32s_32s_32_1_1.
INFO-FLOW: Append model accel_top_mul_32s_32s_32_1_1
INFO-FLOW: Handling components in module [relu_Pipeline_RELU_ROW_RELU_COL] ... 
Execute       source C:/Users/PC-CST-A3/Desktop/edge-ai-soc/hls/cnn_accelerator/cnn_accelerator/solution1/.autopilot/db/relu_Pipeline_RELU_ROW_RELU_COL.compgen.tcl 
INFO-FLOW: Found component accel_top_mux_21_32_1_1.
INFO-FLOW: Append model accel_top_mux_21_32_1_1
INFO-FLOW: Found component accel_top_flow_control_loop_pipe_sequential_init.
INFO-FLOW: Append model accel_top_flow_control_loop_pipe_sequential_init
INFO-FLOW: Handling components in module [relu] ... 
Execute       source C:/Users/PC-CST-A3/Desktop/edge-ai-soc/hls/cnn_accelerator/cnn_accelerator/solution1/.autopilot/db/relu.compgen.tcl 
INFO-FLOW: Handling components in module [maxpool_2x2_Pipeline_POOL_ROW_POOL_COL] ... 
Execute       source C:/Users/PC-CST-A3/Desktop/edge-ai-soc/hls/cnn_accelerator/cnn_accelerator/solution1/.autopilot/db/maxpool_2x2_Pipeline_POOL_ROW_POOL_COL.compgen.tcl 
INFO-FLOW: Found component accel_top_flow_control_loop_pipe_sequential_init.
INFO-FLOW: Append model accel_top_flow_control_loop_pipe_sequential_init
INFO-FLOW: Handling components in module [maxpool_2x2] ... 
Execute       source C:/Users/PC-CST-A3/Desktop/edge-ai-soc/hls/cnn_accelerator/cnn_accelerator/solution1/.autopilot/db/maxpool_2x2.compgen.tcl 
INFO-FLOW: Handling components in module [accel_top_Pipeline_STORE_W] ... 
Execute       source C:/Users/PC-CST-A3/Desktop/edge-ai-soc/hls/cnn_accelerator/cnn_accelerator/solution1/.autopilot/db/accel_top_Pipeline_STORE_W.compgen.tcl 
INFO-FLOW: Found component accel_top_flow_control_loop_pipe_sequential_init.
INFO-FLOW: Append model accel_top_flow_control_loop_pipe_sequential_init
INFO-FLOW: Handling components in module [accel_top] ... 
Execute       source C:/Users/PC-CST-A3/Desktop/edge-ai-soc/hls/cnn_accelerator/cnn_accelerator/solution1/.autopilot/db/accel_top.compgen.tcl 
INFO-FLOW: Found component accel_top_mul_31ns_32s_32_1_1.
INFO-FLOW: Append model accel_top_mul_31ns_32s_32_1_1
INFO-FLOW: Found component accel_top_mul_32ns_32ns_63_1_1.
INFO-FLOW: Append model accel_top_mul_32ns_32ns_63_1_1
INFO-FLOW: Found component accel_top_sdiv_32ns_32ns_32_36_seq_1.
INFO-FLOW: Append model accel_top_sdiv_32ns_32ns_32_36_seq_1
INFO-FLOW: Found component accel_top_mul_32ns_32ns_62_1_1.
INFO-FLOW: Append model accel_top_mul_32ns_32ns_62_1_1
INFO-FLOW: Found component accel_top_local_input_V_RAM_2P_BRAM_1R1W.
INFO-FLOW: Append model accel_top_local_input_V_RAM_2P_BRAM_1R1W
INFO-FLOW: Found component accel_top_local_weights_V_RAM_2P_BRAM_1R1W.
INFO-FLOW: Append model accel_top_local_weights_V_RAM_2P_BRAM_1R1W
INFO-FLOW: Found component accel_top_conv_output_V_RAM_2P_BRAM_1R1W.
INFO-FLOW: Append model accel_top_conv_output_V_RAM_2P_BRAM_1R1W
INFO-FLOW: Found component accel_top_pool_output_V_RAM_2P_BRAM_1R1W.
INFO-FLOW: Append model accel_top_pool_output_V_RAM_2P_BRAM_1R1W
INFO-FLOW: Found component accel_top_DATA_m_axi.
INFO-FLOW: Append model accel_top_DATA_m_axi
INFO-FLOW: Found component accel_top_CTRL_s_axi.
INFO-FLOW: Append model accel_top_CTRL_s_axi
INFO-FLOW: Append model accel_top_Pipeline_LOAD_INPUT_H_LOAD_INPUT_W
INFO-FLOW: Append model accel_top_Pipeline_LOAD_W_KH_LOAD_W_KW
INFO-FLOW: Append model conv_engine_Pipeline_CONV_IC_CONV_KH_CONV_KW
INFO-FLOW: Append model conv_engine
INFO-FLOW: Append model relu_Pipeline_RELU_ROW_RELU_COL
INFO-FLOW: Append model relu
INFO-FLOW: Append model maxpool_2x2_Pipeline_POOL_ROW_POOL_COL
INFO-FLOW: Append model maxpool_2x2
INFO-FLOW: Append model accel_top_Pipeline_STORE_W
INFO-FLOW: Append model accel_top
INFO-FLOW: Generating RTL model list ...
INFO-FLOW: All models in this session: accel_top_mul_31ns_31ns_32_1_1 accel_top_flow_control_loop_pipe_sequential_init accel_top_flow_control_loop_pipe_sequential_init accel_top_mac_muladd_8s_8s_32s_32_4_1 accel_top_flow_control_loop_pipe_sequential_init accel_top_sdiv_32ns_32s_32_36_seq_1 accel_top_mul_32ns_32ns_64_1_1 accel_top_mul_32ns_64ns_96_5_1 accel_top_mul_32s_32s_32_1_1 accel_top_mux_21_32_1_1 accel_top_flow_control_loop_pipe_sequential_init accel_top_flow_control_loop_pipe_sequential_init accel_top_flow_control_loop_pipe_sequential_init accel_top_mul_31ns_32s_32_1_1 accel_top_mul_32ns_32ns_63_1_1 accel_top_sdiv_32ns_32ns_32_36_seq_1 accel_top_mul_32ns_32ns_62_1_1 accel_top_local_input_V_RAM_2P_BRAM_1R1W accel_top_local_weights_V_RAM_2P_BRAM_1R1W accel_top_conv_output_V_RAM_2P_BRAM_1R1W accel_top_pool_output_V_RAM_2P_BRAM_1R1W accel_top_DATA_m_axi accel_top_CTRL_s_axi accel_top_Pipeline_LOAD_INPUT_H_LOAD_INPUT_W accel_top_Pipeline_LOAD_W_KH_LOAD_W_KW conv_engine_Pipeline_CONV_IC_CONV_KH_CONV_KW conv_engine relu_Pipeline_RELU_ROW_RELU_COL relu maxpool_2x2_Pipeline_POOL_ROW_POOL_COL maxpool_2x2 accel_top_Pipeline_STORE_W accel_top
INFO-FLOW: Generating C:/Users/PC-CST-A3/Desktop/edge-ai-soc/hls/cnn_accelerator/cnn_accelerator/solution1/.autopilot/db/autopilot.rtl.models.txt file...
INFO-FLOW: To file: write model accel_top_mul_31ns_31ns_32_1_1
INFO-FLOW: To file: write model accel_top_flow_control_loop_pipe_sequential_init
INFO-FLOW: To file: write model accel_top_flow_control_loop_pipe_sequential_init
INFO-FLOW: To file: write model accel_top_mac_muladd_8s_8s_32s_32_4_1
INFO-FLOW: To file: write model accel_top_flow_control_loop_pipe_sequential_init
INFO-FLOW: To file: write model accel_top_sdiv_32ns_32s_32_36_seq_1
INFO-FLOW: To file: write model accel_top_mul_32ns_32ns_64_1_1
INFO-FLOW: To file: write model accel_top_mul_32ns_64ns_96_5_1
INFO-FLOW: To file: write model accel_top_mul_32s_32s_32_1_1
INFO-FLOW: To file: write model accel_top_mux_21_32_1_1
INFO-FLOW: To file: write model accel_top_flow_control_loop_pipe_sequential_init
INFO-FLOW: To file: write model accel_top_flow_control_loop_pipe_sequential_init
INFO-FLOW: To file: write model accel_top_flow_control_loop_pipe_sequential_init
INFO-FLOW: To file: write model accel_top_mul_31ns_32s_32_1_1
INFO-FLOW: To file: write model accel_top_mul_32ns_32ns_63_1_1
INFO-FLOW: To file: write model accel_top_sdiv_32ns_32ns_32_36_seq_1
INFO-FLOW: To file: write model accel_top_mul_32ns_32ns_62_1_1
INFO-FLOW: To file: write model accel_top_local_input_V_RAM_2P_BRAM_1R1W
INFO-FLOW: To file: write model accel_top_local_weights_V_RAM_2P_BRAM_1R1W
INFO-FLOW: To file: write model accel_top_conv_output_V_RAM_2P_BRAM_1R1W
INFO-FLOW: To file: write model accel_top_pool_output_V_RAM_2P_BRAM_1R1W
INFO-FLOW: To file: write model accel_top_DATA_m_axi
INFO-FLOW: To file: write model accel_top_CTRL_s_axi
INFO-FLOW: To file: write model accel_top_Pipeline_LOAD_INPUT_H_LOAD_INPUT_W
INFO-FLOW: To file: write model accel_top_Pipeline_LOAD_W_KH_LOAD_W_KW
INFO-FLOW: To file: write model conv_engine_Pipeline_CONV_IC_CONV_KH_CONV_KW
INFO-FLOW: To file: write model conv_engine
INFO-FLOW: To file: write model relu_Pipeline_RELU_ROW_RELU_COL
INFO-FLOW: To file: write model relu
INFO-FLOW: To file: write model maxpool_2x2_Pipeline_POOL_ROW_POOL_COL
INFO-FLOW: To file: write model maxpool_2x2
INFO-FLOW: To file: write model accel_top_Pipeline_STORE_W
INFO-FLOW: To file: write model accel_top
INFO-FLOW: Generating C:/Users/PC-CST-A3/Desktop/edge-ai-soc/hls/cnn_accelerator/cnn_accelerator/solution1/.autopilot/db/autopilot.rtl.models.tcl file...
INFO-FLOW: Finished generating RTL model list.


INFO-FLOW: RTL Generation done.
INFO-FLOW: CAS Generation done.
INFO-FLOW: CBC Generation done.
INFO-FLOW: DBG:PROC: ::AESL_AUTOMG::auto_generate_csynth_design
Execute       get_top 
Execute       get_config_export -ipname 
Execute       get_config_export -xo 
Execute       get_config_export -format 
Execute       get_config_rtl -module_auto_prefix 
INFO-FLOW: DBG:PUTS: read_platform_lib C:/Users/PC-CST-A3/Desktop/edge-ai-soc/hls/cnn_accelerator/cnn_accelerator/solution1/.autopilot/db/global.setting.tcl
Execute       source D:/Vitis_HLS/2022.1/common/technology/generic/autopilot/common.gen 
Execute         source D:/Vitis_HLS/2022.1/common/technology/generic/autopilot/APCoreGen.gen 
Execute       source D:/Vitis_HLS/2022.1/common/technology/generic/autopilot/op.gen 
Execute       source D:/Vitis_HLS/2022.1/common/technology/generic/autopilot/op_simcore.gen 
Execute       source D:/Vitis_HLS/2022.1/common/technology/generic/autopilot/interface.gen 
Execute       source C:/Users/PC-CST-A3/Desktop/edge-ai-soc/hls/cnn_accelerator/cnn_accelerator/solution1/.autopilot/db/global.setting.tcl 
Execute       source D:/Vitis_HLS/2022.1/common/technology/xilinx/common/xilinx.gen 
Execute         source D:/Vitis_HLS/2022.1/common/technology/xilinx/interface/plb46.gen 
Execute         source D:/Vitis_HLS/2022.1/common/technology/xilinx/interface/axi4.gen 
Execute         source D:/Vitis_HLS/2022.1/common/technology/xilinx/interface/nativeAXI4.gen 
Execute           source D:/Vitis_HLS/2022.1/common/technology/xilinx/interface/saxilite.gen 
Execute         source D:/Vitis_HLS/2022.1/common/technology/xilinx/scripts/xilinxcoregen.gen 
Execute         source D:/Vitis_HLS/2022.1/common/technology/xilinx/interface/XilEDKCoreGen.gen 
Execute         source D:/Vitis_HLS/2022.1/common/technology/xilinx/ip/dds_compiler.gen 
Execute         source D:/Vitis_HLS/2022.1/common/technology/xilinx/ip/util.gen 
Execute         source D:/Vitis_HLS/2022.1/common/technology/xilinx/ip/xfft.gen 
Execute         source D:/Vitis_HLS/2022.1/common/technology/xilinx/ip/xfir.gen 
Execute         source D:/Vitis_HLS/2022.1/common/technology/xilinx/DSP48/dsp48.gen 
INFO-FLOW: DBG:PUTS:   using AESL_AUTOCG::g_clock_period=10.000 (was NA)
INFO-FLOW: DBG:PROC: ::AESL_AUTOMG::generate_ip_cores gen_sim_model='1' gen_fp_models='0' gen_for_export='0' dstSCDir='' dstVhdlDir='C:/Users/PC-CST-A3/Desktop/edge-ai-soc/hls/cnn_accelerator/cnn_accelerator/solution1/.autopilot/db/vhdl' dstVlogDir='C:/Users/PC-CST-A3/Desktop/edge-ai-soc/hls/cnn_accelerator/cnn_accelerator/solution1/.autopilot/db/vlog' tclDir='C:/Users/PC-CST-A3/Desktop/edge-ai-soc/hls/cnn_accelerator/cnn_accelerator/solution1/.autopilot/db' modelList='accel_top_mul_31ns_31ns_32_1_1
accel_top_flow_control_loop_pipe_sequential_init
accel_top_flow_control_loop_pipe_sequential_init
accel_top_mac_muladd_8s_8s_32s_32_4_1
accel_top_flow_control_loop_pipe_sequential_init
accel_top_sdiv_32ns_32s_32_36_seq_1
accel_top_mul_32ns_32ns_64_1_1
accel_top_mul_32ns_64ns_96_5_1
accel_top_mul_32s_32s_32_1_1
accel_top_mux_21_32_1_1
accel_top_flow_control_loop_pipe_sequential_init
accel_top_flow_control_loop_pipe_sequential_init
accel_top_flow_control_loop_pipe_sequential_init
accel_top_mul_31ns_32s_32_1_1
accel_top_mul_32ns_32ns_63_1_1
accel_top_sdiv_32ns_32ns_32_36_seq_1
accel_top_mul_32ns_32ns_62_1_1
accel_top_local_input_V_RAM_2P_BRAM_1R1W
accel_top_local_weights_V_RAM_2P_BRAM_1R1W
accel_top_conv_output_V_RAM_2P_BRAM_1R1W
accel_top_pool_output_V_RAM_2P_BRAM_1R1W
accel_top_DATA_m_axi
accel_top_CTRL_s_axi
accel_top_Pipeline_LOAD_INPUT_H_LOAD_INPUT_W
accel_top_Pipeline_LOAD_W_KH_LOAD_W_KW
conv_engine_Pipeline_CONV_IC_CONV_KH_CONV_KW
conv_engine
relu_Pipeline_RELU_ROW_RELU_COL
relu
maxpool_2x2_Pipeline_POOL_ROW_POOL_COL
maxpool_2x2
accel_top_Pipeline_STORE_W
accel_top
' expOnly='0'
Execute       source C:/Users/PC-CST-A3/Desktop/edge-ai-soc/hls/cnn_accelerator/cnn_accelerator/solution1/.autopilot/db/global.setting.tcl 
Execute       ap_part_info -name xc7z020-clg484-1 -data names -quiet 
Execute       ap_part_info -name xc7z020-clg484-1 -data info -quiet 
Execute       source C:/Users/PC-CST-A3/Desktop/edge-ai-soc/hls/cnn_accelerator/cnn_accelerator/solution1/.autopilot/db/global.setting.tcl 
Execute       source C:/Users/PC-CST-A3/Desktop/edge-ai-soc/hls/cnn_accelerator/cnn_accelerator/solution1/.autopilot/db/global.setting.tcl 
Execute       source C:/Users/PC-CST-A3/Desktop/edge-ai-soc/hls/cnn_accelerator/cnn_accelerator/solution1/.autopilot/db/accel_top_Pipeline_LOAD_INPUT_H_LOAD_INPUT_W.compgen.tcl 
Execute       source C:/Users/PC-CST-A3/Desktop/edge-ai-soc/hls/cnn_accelerator/cnn_accelerator/solution1/.autopilot/db/accel_top_Pipeline_LOAD_W_KH_LOAD_W_KW.compgen.tcl 
Execute       source C:/Users/PC-CST-A3/Desktop/edge-ai-soc/hls/cnn_accelerator/cnn_accelerator/solution1/.autopilot/db/conv_engine_Pipeline_CONV_IC_CONV_KH_CONV_KW.compgen.tcl 
Execute         ap_part_info -name xc7z020-clg484-1 -data names -quiet 
Execute         ap_part_info -name xc7z020-clg484-1 -data info -quiet 
Execute         ap_part_info -name xc7z020-clg484-1 -data info 
Execute       source C:/Users/PC-CST-A3/Desktop/edge-ai-soc/hls/cnn_accelerator/cnn_accelerator/solution1/.autopilot/db/conv_engine.compgen.tcl 
Execute       source C:/Users/PC-CST-A3/Desktop/edge-ai-soc/hls/cnn_accelerator/cnn_accelerator/solution1/.autopilot/db/relu_Pipeline_RELU_ROW_RELU_COL.compgen.tcl 
Execute         ap_part_info -name xc7z020-clg484-1 -data names -quiet 
Execute         ap_part_info -name xc7z020-clg484-1 -data info -quiet 
Execute       source C:/Users/PC-CST-A3/Desktop/edge-ai-soc/hls/cnn_accelerator/cnn_accelerator/solution1/.autopilot/db/relu.compgen.tcl 
Execute       source C:/Users/PC-CST-A3/Desktop/edge-ai-soc/hls/cnn_accelerator/cnn_accelerator/solution1/.autopilot/db/maxpool_2x2_Pipeline_POOL_ROW_POOL_COL.compgen.tcl 
Execute       source C:/Users/PC-CST-A3/Desktop/edge-ai-soc/hls/cnn_accelerator/cnn_accelerator/solution1/.autopilot/db/maxpool_2x2.compgen.tcl 
Execute       source C:/Users/PC-CST-A3/Desktop/edge-ai-soc/hls/cnn_accelerator/cnn_accelerator/solution1/.autopilot/db/accel_top_Pipeline_STORE_W.compgen.tcl 
Execute       source C:/Users/PC-CST-A3/Desktop/edge-ai-soc/hls/cnn_accelerator/cnn_accelerator/solution1/.autopilot/db/accel_top.compgen.tcl 
INFO: [RTMG 210-278] Implementing memory 'accel_top_local_input_V_RAM_2P_BRAM_1R1W_ram (RAM_2P_BRAM)' using block RAMs.
Execute         ap_part_info -name xc7z020-clg484-1 -data names -quiet 
Execute         ap_part_info -name xc7z020-clg484-1 -data info -quiet 
INFO: [RTMG 210-278] Implementing memory 'accel_top_local_weights_V_RAM_2P_BRAM_1R1W_ram (RAM_2P_BRAM)' using block RAMs.
Execute         ap_part_info -name xc7z020-clg484-1 -data names -quiet 
Execute         ap_part_info -name xc7z020-clg484-1 -data info -quiet 
INFO: [RTMG 210-278] Implementing memory 'accel_top_conv_output_V_RAM_2P_BRAM_1R1W_ram (RAM_2P_BRAM)' using block RAMs.
Execute         ap_part_info -name xc7z020-clg484-1 -data names -quiet 
Execute         ap_part_info -name xc7z020-clg484-1 -data info -quiet 
INFO: [RTMG 210-278] Implementing memory 'accel_top_pool_output_V_RAM_2P_BRAM_1R1W_ram (RAM_2P_BRAM)' using block RAMs.
Execute         ap_part_info -name xc7z020-clg484-1 -data names -quiet 
Execute         ap_part_info -name xc7z020-clg484-1 -data info -quiet 
Execute         source ./CTRL.slave.tcl 
Command       ap_source done; 0.284 sec.
INFO: [HLS 200-111] Finished Generating all RTL models: CPU user time: 1 seconds. CPU system time: 1 seconds. Elapsed time: 2.58 seconds; current allocated memory: 1.465 GB.
INFO-FLOW: DBG:PROC: ::HLSREPORTS::create_csynth_xml bind_info_var='bind_info' RtlSubPrefix='accel_top_' outfile=''
INFO-FLOW: Running: create_csynth_xml read xml data
INFO-FLOW: Done: create_csynth_xml read xml data time: 0 seconds per iteration
INFO-FLOW: Running: create_csynth_xml bind info
INFO-FLOW: Done: create_csynth_xml bind info time: 0 seconds per iteration
INFO-FLOW: Running: create_csynth_xml config info
Execute       get_config_op mul -impl 
Execute       get_config_op mul -latency 
Execute       get_config_op mul -precision 
Execute       get_config_op add -impl 
Execute       get_config_op add -latency 
Execute       get_config_op add -precision 
Execute       get_config_op sub -impl 
Execute       get_config_op sub -latency 
Execute       get_config_op sub -precision 
Execute       get_config_op fadd -impl 
Execute       get_config_op fadd -latency 
Execute       get_config_op fadd -precision 
Execute       get_config_op fsub -impl 
Execute       get_config_op fsub -latency 
Execute       get_config_op fsub -precision 
Execute       get_config_op fdiv -impl 
Execute       get_config_op fdiv -latency 
Execute       get_config_op fdiv -precision 
Execute       get_config_op fexp -impl 
Execute       get_config_op fexp -latency 
Execute       get_config_op fexp -precision 
Execute       get_config_op flog -impl 
Execute       get_config_op flog -latency 
Execute       get_config_op flog -precision 
Execute       get_config_op fmul -impl 
Execute       get_config_op fmul -latency 
Execute       get_config_op fmul -precision 
Execute       get_config_op frsqrt -impl 
Execute       get_config_op frsqrt -latency 
Execute       get_config_op frsqrt -precision 
Execute       get_config_op frecip -impl 
Execute       get_config_op frecip -latency 
Execute       get_config_op frecip -precision 
Execute       get_config_op fsqrt -impl 
Execute       get_config_op fsqrt -latency 
Execute       get_config_op fsqrt -precision 
Execute       get_config_op dadd -impl 
Execute       get_config_op dadd -latency 
Execute       get_config_op dadd -precision 
Execute       get_config_op dsub -impl 
Execute       get_config_op dsub -latency 
Execute       get_config_op dsub -precision 
Execute       get_config_op ddiv -impl 
Execute       get_config_op ddiv -latency 
Execute       get_config_op ddiv -precision 
Execute       get_config_op dexp -impl 
Execute       get_config_op dexp -latency 
Execute       get_config_op dexp -precision 
Execute       get_config_op dlog -impl 
Execute       get_config_op dlog -latency 
Execute       get_config_op dlog -precision 
Execute       get_config_op dmul -impl 
Execute       get_config_op dmul -latency 
Execute       get_config_op dmul -precision 
Execute       get_config_op drsqrt -impl 
Execute       get_config_op drsqrt -latency 
Execute       get_config_op drsqrt -precision 
Execute       get_config_op drecip -impl 
Execute       get_config_op drecip -latency 
Execute       get_config_op drecip -precision 
Execute       get_config_op dsqrt -impl 
Execute       get_config_op dsqrt -latency 
Execute       get_config_op dsqrt -precision 
Execute       get_config_op hadd -impl 
Execute       get_config_op hadd -latency 
Execute       get_config_op hadd -precision 
Execute       get_config_op hsub -impl 
Execute       get_config_op hsub -latency 
Execute       get_config_op hsub -precision 
Execute       get_config_op hdiv -impl 
Execute       get_config_op hdiv -latency 
Execute       get_config_op hdiv -precision 
Execute       get_config_op hmul -impl 
Execute       get_config_op hmul -latency 
Execute       get_config_op hmul -precision 
Execute       get_config_op hsqrt -impl 
Execute       get_config_op hsqrt -latency 
Execute       get_config_op hsqrt -precision 
Execute       get_config_op facc -impl 
Execute       get_config_op facc -latency 
Execute       get_config_op facc -precision 
Execute       get_config_op fmacc -impl 
Execute       get_config_op fmacc -latency 
Execute       get_config_op fmacc -precision 
Execute       get_config_op fmadd -impl 
Execute       get_config_op fmadd -latency 
Execute       get_config_op fmadd -precision 
Execute       get_config_storage fifo -auto_srl_max_bits 
Execute       get_config_storage fifo -auto_srl_max_depth 
Execute       get_config_storage fifo -impl 
Execute       get_solution -flow_target 
Execute       get_config_array_partition -complete_threshold 
Execute       get_config_array_partition -throughput_driven 
Execute       get_config_compile -enable_auto_rewind 
Execute       get_config_compile -ignore_long_run_time 
Execute       get_config_compile -name_max_length 
Execute       get_config_compile -no_signed_zeros 
Execute       get_config_compile -pipeline_loops 
Execute       get_config_compile -pipeline_style 
Execute       get_config_compile -pragma_strict_mode 
Execute       get_config_compile -pre_tcl 
Execute       get_config_compile -unsafe_math_optimizations 
Execute       get_config_dataflow -default_channel 
Execute       get_config_dataflow -disable_fifo_sizing_opt 
Execute       get_config_dataflow -fifo_depth 
Execute       get_config_dataflow -override_user_fifo_depth 
Execute       get_config_dataflow -scalar_fifo_depth 
Execute       get_config_dataflow -start_fifo_depth 
Execute       get_config_dataflow -strict_mode 
Execute       get_config_dataflow -strict_stable_sync 
Execute       get_config_dataflow -task_level_fifo_depth 
Execute       get_config_debug -directory 
Execute       get_config_debug -enable 
Execute       get_config_export -description 
Execute       get_config_export -display_name 
Execute       get_config_export -format 
Execute       get_config_export -ip_xdc_file 
Execute       get_config_export -ip_xdc_ooc_file 
Execute       get_config_export -ipname 
Execute       get_config_export -library 
Execute       get_config_export -output 
Execute       get_config_export -rtl 
Execute       get_config_export -taxonomy 
Execute       get_config_export -vendor 
Execute       get_config_export -version 
Execute       get_config_export -vivado_clock 
Execute       get_config_export -vivado_impl_strategy 
Execute       get_config_export -vivado_max_timing_paths 
Execute       get_config_export -vivado_optimization_level 
Execute       get_config_export -vivado_pblock 
Execute       get_config_export -vivado_phys_opt 
Execute       get_config_export -vivado_report_level 
Execute       get_config_export -vivado_synth_design_args 
Execute       get_config_export -vivado_synth_strategy 
Execute       get_config_interface -clock_enable 
Execute       get_config_interface -default_slave_interface 
Execute       get_config_interface -m_axi_addr64 
Execute       get_config_interface -m_axi_alignment_byte_size 
Execute       get_config_interface -m_axi_auto_max_ports 
Execute       get_config_interface -m_axi_buffer_impl 
Execute       get_config_interface -m_axi_conservative_mode 
Execute       get_config_interface -m_axi_flush_mode 
Execute       get_config_interface -m_axi_latency 
Execute       get_config_interface -m_axi_max_bitwidth 
Execute       get_config_interface -m_axi_max_read_burst_length 
Execute       get_config_interface -m_axi_max_widen_bitwidth 
Execute       get_config_interface -m_axi_max_write_burst_length 
Execute       get_config_interface -m_axi_min_bitwidth 
Execute       get_config_interface -m_axi_num_read_outstanding 
Execute       get_config_interface -m_axi_num_write_outstanding 
Execute       get_config_interface -m_axi_offset 
Execute       get_config_interface -register_io 
Execute       get_config_interface -s_axilite_auto_restart_counter 
Execute       get_config_interface -s_axilite_data64 
Execute       get_config_interface -s_axilite_interrupt_mode 
Execute       get_config_interface -s_axilite_mailbox 
Execute       get_config_interface -s_axilite_status_regs 
Execute       get_config_interface -s_axilite_sw_reset 
Execute       get_config_rtl -deadlock_detection 
Execute       get_config_rtl -header 
Execute       get_config_rtl -kernel_profile 
Execute       get_config_rtl -module_auto_prefix 
Execute       get_config_rtl -module_prefix 
Execute       get_config_rtl -mult_keep_attribute 
Execute       get_config_rtl -register_all_io 
Execute       get_config_rtl -register_reset_num 
Execute       get_config_rtl -reset 
Execute       get_config_rtl -reset_async 
Execute       get_config_rtl -reset_level 
Execute       get_config_schedule -enable_dsp_full_reg 
Execute       get_config_unroll -tripcount_threshold 
INFO-FLOW: Done: create_csynth_xml config info time: 0.3 seconds per iteration
INFO-FLOW: Running: create_csynth_xml write xml
INFO-FLOW: Done: create_csynth_xml write xml time: 0 seconds per iteration
INFO-FLOW: DBG:PUTS:      create_csynth_xml wrote csynth_xml=C:/Users/PC-CST-A3/Desktop/edge-ai-soc/hls/cnn_accelerator/cnn_accelerator/solution1/syn/report/csynth.xml
INFO-FLOW: DBG:PROC: ::AP::DESIGN_DATA::generate_json generate_bd_files='0' generate_xo_files='0' modelList='accel_top_mul_31ns_31ns_32_1_1
accel_top_flow_control_loop_pipe_sequential_init
accel_top_flow_control_loop_pipe_sequential_init
accel_top_mac_muladd_8s_8s_32s_32_4_1
accel_top_flow_control_loop_pipe_sequential_init
accel_top_sdiv_32ns_32s_32_36_seq_1
accel_top_mul_32ns_32ns_64_1_1
accel_top_mul_32ns_64ns_96_5_1
accel_top_mul_32s_32s_32_1_1
accel_top_mux_21_32_1_1
accel_top_flow_control_loop_pipe_sequential_init
accel_top_flow_control_loop_pipe_sequential_init
accel_top_flow_control_loop_pipe_sequential_init
accel_top_mul_31ns_32s_32_1_1
accel_top_mul_32ns_32ns_63_1_1
accel_top_sdiv_32ns_32ns_32_36_seq_1
accel_top_mul_32ns_32ns_62_1_1
accel_top_local_input_V_RAM_2P_BRAM_1R1W
accel_top_local_weights_V_RAM_2P_BRAM_1R1W
accel_top_conv_output_V_RAM_2P_BRAM_1R1W
accel_top_pool_output_V_RAM_2P_BRAM_1R1W
accel_top_DATA_m_axi
accel_top_CTRL_s_axi
accel_top_Pipeline_LOAD_INPUT_H_LOAD_INPUT_W
accel_top_Pipeline_LOAD_W_KH_LOAD_W_KW
conv_engine_Pipeline_CONV_IC_CONV_KH_CONV_KW
conv_engine
relu_Pipeline_RELU_ROW_RELU_COL
relu
maxpool_2x2_Pipeline_POOL_ROW_POOL_COL
maxpool_2x2
accel_top_Pipeline_STORE_W
accel_top
' rtl_lang='both' bootstrap_tcl='false' outdir='' outfilename=''
Execute       source C:/Users/PC-CST-A3/Desktop/edge-ai-soc/hls/cnn_accelerator/cnn_accelerator/solution1/.autopilot/db/global.setting.tcl 
Execute       source C:/Users/PC-CST-A3/Desktop/edge-ai-soc/hls/cnn_accelerator/cnn_accelerator/solution1/.autopilot/db/global.setting.tcl 
Execute       get_solution -flow_target 
Execute       get_config_export -xo 
Execute       get_config_export -format 
Execute       source C:/Users/PC-CST-A3/Desktop/edge-ai-soc/hls/cnn_accelerator/cnn_accelerator/solution1/.autopilot/db/top-io-be.tcl 
Execute       source C:/Users/PC-CST-A3/Desktop/edge-ai-soc/hls/cnn_accelerator/cnn_accelerator/solution1/.autopilot/db/accel_top.tbgen.tcl 
Execute       source C:/Users/PC-CST-A3/Desktop/edge-ai-soc/hls/cnn_accelerator/cnn_accelerator/solution1/.autopilot/db/accel_top.compgen.dataonly.tcl 
Execute       get_config_interface -s_axilite_interrupt_mode 
Execute       source C:/Users/PC-CST-A3/Desktop/edge-ai-soc/hls/cnn_accelerator/cnn_accelerator/solution1/.autopilot/db/accel_top.compgen.dataonly.tcl 
Execute       source C:/Users/PC-CST-A3/Desktop/edge-ai-soc/hls/cnn_accelerator/cnn_accelerator/solution1/.autopilot/db/accel_top.rtl_wrap.cfg.tcl 
Execute       source C:/Users/PC-CST-A3/Desktop/edge-ai-soc/hls/cnn_accelerator/cnn_accelerator/solution1/.autopilot/db/accel_top.compgen.dataonly.tcl 
Execute       get_config_export -format 
Execute       get_config_export -vendor 
Execute       get_config_export -library 
Execute       get_config_export -version 
Execute       get_config_export -ipname 
Execute       get_config_export -taxonomy 
Execute       get_config_export -description 
Execute       get_config_export -display_name 
Execute       source C:/Users/PC-CST-A3/Desktop/edge-ai-soc/hls/cnn_accelerator/cnn_accelerator/solution1/.autopilot/db/accel_top_Pipeline_LOAD_INPUT_H_LOAD_INPUT_W.tbgen.tcl 
Execute       source C:/Users/PC-CST-A3/Desktop/edge-ai-soc/hls/cnn_accelerator/cnn_accelerator/solution1/.autopilot/db/accel_top_Pipeline_LOAD_W_KH_LOAD_W_KW.tbgen.tcl 
Execute       source C:/Users/PC-CST-A3/Desktop/edge-ai-soc/hls/cnn_accelerator/cnn_accelerator/solution1/.autopilot/db/conv_engine_Pipeline_CONV_IC_CONV_KH_CONV_KW.tbgen.tcl 
Execute       source C:/Users/PC-CST-A3/Desktop/edge-ai-soc/hls/cnn_accelerator/cnn_accelerator/solution1/.autopilot/db/conv_engine.tbgen.tcl 
Execute       source C:/Users/PC-CST-A3/Desktop/edge-ai-soc/hls/cnn_accelerator/cnn_accelerator/solution1/.autopilot/db/relu_Pipeline_RELU_ROW_RELU_COL.tbgen.tcl 
Execute       source C:/Users/PC-CST-A3/Desktop/edge-ai-soc/hls/cnn_accelerator/cnn_accelerator/solution1/.autopilot/db/relu.tbgen.tcl 
Execute       source C:/Users/PC-CST-A3/Desktop/edge-ai-soc/hls/cnn_accelerator/cnn_accelerator/solution1/.autopilot/db/maxpool_2x2_Pipeline_POOL_ROW_POOL_COL.tbgen.tcl 
Execute       source C:/Users/PC-CST-A3/Desktop/edge-ai-soc/hls/cnn_accelerator/cnn_accelerator/solution1/.autopilot/db/maxpool_2x2.tbgen.tcl 
Execute       source C:/Users/PC-CST-A3/Desktop/edge-ai-soc/hls/cnn_accelerator/cnn_accelerator/solution1/.autopilot/db/accel_top_Pipeline_STORE_W.tbgen.tcl 
Execute       source C:/Users/PC-CST-A3/Desktop/edge-ai-soc/hls/cnn_accelerator/cnn_accelerator/solution1/.autopilot/db/accel_top.tbgen.tcl 
Execute       source C:/Users/PC-CST-A3/Desktop/edge-ai-soc/hls/cnn_accelerator/cnn_accelerator/solution1/.autopilot/db/global.setting.tcl 
Execute       ap_part_info -name xc7z020-clg484-1 -data names -quiet 
Execute       ap_part_info -name xc7z020-clg484-1 -data info -quiet 
Execute       get_solution -flow_target 
Execute       get_config_rtl -kernel_profile 
Execute       get_config_rtl -kernel_profile 
Execute       get_config_rtl -stall_sig_gen 
Execute       get_config_rtl -profile 
Execute       source C:/Users/PC-CST-A3/Desktop/edge-ai-soc/hls/cnn_accelerator/cnn_accelerator/solution1/.autopilot/db/accel_top.constraint.tcl 
Execute       sc_get_clocks accel_top 
Execute       source C:/Users/PC-CST-A3/Desktop/edge-ai-soc/hls/cnn_accelerator/cnn_accelerator/solution1/.autopilot/db/global.setting.tcl 
Execute       get_config_export -ip_xdc_file 
Execute       get_config_export -ip_xdc_ooc_file 
Execute       get_config_debug -directory 
INFO-FLOW: DBG:PROC: ::HLSREPORTS::add_csynth_report_sections bind_info_dict='adapter_nodes {{BINDTYPE adapter DISPLAY {bind_adapter axilite} ID {} IMPL {} LATENCY {} OPTYPE {} PRAGMA yes RTLNAME CTRL_s_axi_U SOURCE {} VARIABLE {} MODULE accel_top LOOP {} BUNDLEDNAME CTRL DSP 0 BRAM 0 URAM 0} {BINDTYPE adapter DISPLAY {bind_adapter axi_master} ID {} IMPL {} LATENCY {} OPTYPE {} PRAGMA yes RTLNAME DATA_m_axi_U SOURCE {} VARIABLE {} MODULE accel_top LOOP {} BUNDLEDNAME DATA DSP 0 BRAM 0 URAM 0}} report_dict {TOPINST accel_top MODULE2INSTS {accel_top accel_top accel_top_Pipeline_LOAD_INPUT_H_LOAD_INPUT_W grp_accel_top_Pipeline_LOAD_INPUT_H_LOAD_INPUT_W_fu_326 accel_top_Pipeline_LOAD_W_KH_LOAD_W_KW grp_accel_top_Pipeline_LOAD_W_KH_LOAD_W_KW_fu_340 conv_engine grp_conv_engine_fu_353 conv_engine_Pipeline_CONV_IC_CONV_KH_CONV_KW grp_conv_engine_Pipeline_CONV_IC_CONV_KH_CONV_KW_fu_196 relu grp_relu_fu_370 relu_Pipeline_RELU_ROW_RELU_COL grp_relu_Pipeline_RELU_ROW_RELU_COL_fu_36 maxpool_2x2 grp_maxpool_2x2_fu_380 maxpool_2x2_Pipeline_POOL_ROW_POOL_COL grp_maxpool_2x2_Pipeline_POOL_ROW_POOL_COL_fu_48 accel_top_Pipeline_STORE_W grp_accel_top_Pipeline_STORE_W_fu_391} INST2MODULE {accel_top accel_top grp_accel_top_Pipeline_LOAD_INPUT_H_LOAD_INPUT_W_fu_326 accel_top_Pipeline_LOAD_INPUT_H_LOAD_INPUT_W grp_accel_top_Pipeline_LOAD_W_KH_LOAD_W_KW_fu_340 accel_top_Pipeline_LOAD_W_KH_LOAD_W_KW grp_conv_engine_fu_353 conv_engine grp_conv_engine_Pipeline_CONV_IC_CONV_KH_CONV_KW_fu_196 conv_engine_Pipeline_CONV_IC_CONV_KH_CONV_KW grp_relu_fu_370 relu grp_relu_Pipeline_RELU_ROW_RELU_COL_fu_36 relu_Pipeline_RELU_ROW_RELU_COL grp_maxpool_2x2_fu_380 maxpool_2x2 grp_maxpool_2x2_Pipeline_POOL_ROW_POOL_COL_fu_48 maxpool_2x2_Pipeline_POOL_ROW_POOL_COL grp_accel_top_Pipeline_STORE_W_fu_391 accel_top_Pipeline_STORE_W} INSTDATA {accel_top {DEPTH 1 CHILDREN {grp_accel_top_Pipeline_LOAD_INPUT_H_LOAD_INPUT_W_fu_326 grp_accel_top_Pipeline_LOAD_W_KH_LOAD_W_KW_fu_340 grp_conv_engine_fu_353 grp_relu_fu_370 grp_maxpool_2x2_fu_380 grp_accel_top_Pipeline_STORE_W_fu_391}} grp_accel_top_Pipeline_LOAD_INPUT_H_LOAD_INPUT_W_fu_326 {DEPTH 2 CHILDREN {}} grp_accel_top_Pipeline_LOAD_W_KH_LOAD_W_KW_fu_340 {DEPTH 2 CHILDREN {}} grp_conv_engine_fu_353 {DEPTH 2 CHILDREN grp_conv_engine_Pipeline_CONV_IC_CONV_KH_CONV_KW_fu_196} grp_conv_engine_Pipeline_CONV_IC_CONV_KH_CONV_KW_fu_196 {DEPTH 3 CHILDREN {}} grp_relu_fu_370 {DEPTH 2 CHILDREN grp_relu_Pipeline_RELU_ROW_RELU_COL_fu_36} grp_relu_Pipeline_RELU_ROW_RELU_COL_fu_36 {DEPTH 3 CHILDREN {}} grp_maxpool_2x2_fu_380 {DEPTH 2 CHILDREN grp_maxpool_2x2_Pipeline_POOL_ROW_POOL_COL_fu_48} grp_maxpool_2x2_Pipeline_POOL_ROW_POOL_COL_fu_48 {DEPTH 3 CHILDREN {}} grp_accel_top_Pipeline_STORE_W_fu_391 {DEPTH 2 CHILDREN {}}} MODULEDATA {accel_top_Pipeline_LOAD_INPUT_H_LOAD_INPUT_W {BINDINFO {{BINDTYPE op ID {} IMPL fabric LATENCY 0 OPTYPE add PRAGMA {} RTLNAME add_ln88_fu_226_p2 SOURCE src/accel_top.cpp:88 VARIABLE add_ln88 LOOP LOAD_INPUT_H_LOAD_INPUT_W BUNDLEDNAME {} DSP 0 BRAM 0 URAM 0 DISPNAME {bind_op add}} {BINDTYPE op ID {} IMPL fabric LATENCY 0 OPTYPE add PRAGMA {} RTLNAME add_ln88_1_fu_235_p2 SOURCE src/accel_top.cpp:88 VARIABLE add_ln88_1 LOOP LOAD_INPUT_H_LOAD_INPUT_W BUNDLEDNAME {} DSP 0 BRAM 0 URAM 0 DISPNAME {bind_op add}} {BINDTYPE op ID {} IMPL fabric LATENCY 0 OPTYPE add PRAGMA {} RTLNAME add_ln91_1_fu_261_p2 SOURCE src/accel_top.cpp:91 VARIABLE add_ln91_1 LOOP LOAD_INPUT_H_LOAD_INPUT_W BUNDLEDNAME {} DSP 0 BRAM 0 URAM 0 DISPNAME {bind_op add}} {BINDTYPE op ID {} IMPL auto LATENCY 0 OPTYPE mul PRAGMA {} RTLNAME mul_31ns_31ns_32_1_1_U1 SOURCE src/accel_top.cpp:88 VARIABLE mul_ln88 LOOP LOAD_INPUT_H_LOAD_INPUT_W BUNDLEDNAME {} DSP 3 BRAM 0 URAM 0 DISPNAME {bind_op mul}} {BINDTYPE op ID {} IMPL fabric LATENCY 0 OPTYPE add PRAGMA {} RTLNAME add_ln88_2_fu_317_p2 SOURCE src/accel_top.cpp:88 VARIABLE add_ln88_2 LOOP LOAD_INPUT_H_LOAD_INPUT_W BUNDLEDNAME {} DSP 0 BRAM 0 URAM 0 DISPNAME {bind_op add}} {BINDTYPE op ID {} IMPL fabric LATENCY 0 OPTYPE add PRAGMA {} RTLNAME add_ln91_4_fu_278_p2 SOURCE src/accel_top.cpp:91 VARIABLE add_ln91_4 LOOP LOAD_INPUT_H_LOAD_INPUT_W BUNDLEDNAME {} DSP 0 BRAM 0 URAM 0 DISPNAME {bind_op add}} {BINDTYPE op ID {} IMPL fabric LATENCY 0 OPTYPE add PRAGMA {} RTLNAME add_ln89_fu_288_p2 SOURCE src/accel_top.cpp:89 VARIABLE add_ln89 LOOP LOAD_INPUT_H_LOAD_INPUT_W BUNDLEDNAME {} DSP 0 BRAM 0 URAM 0 DISPNAME {bind_op add}}} AREA {DSP 3 BRAM 0 URAM 0}} accel_top_Pipeline_LOAD_W_KH_LOAD_W_KW {BINDINFO {{BINDTYPE op ID {} IMPL fabric LATENCY 0 OPTYPE add PRAGMA {} RTLNAME add_ln116_fu_229_p2 SOURCE src/accel_top.cpp:116 VARIABLE add_ln116 LOOP LOAD_W_KH_LOAD_W_KW BUNDLEDNAME {} DSP 0 BRAM 0 URAM 0 DISPNAME {bind_op add}} {BINDTYPE op ID {} IMPL fabric LATENCY 0 OPTYPE add PRAGMA {} RTLNAME add_ln116_1_fu_241_p2 SOURCE src/accel_top.cpp:116 VARIABLE add_ln116_1 LOOP LOAD_W_KH_LOAD_W_KW BUNDLEDNAME {} DSP 0 BRAM 0 URAM 0 DISPNAME {bind_op add}} {BINDTYPE op ID {} IMPL fabric LATENCY 0 OPTYPE add PRAGMA {} RTLNAME add_ln116_2_fu_246_p2 SOURCE src/accel_top.cpp:116 VARIABLE add_ln116_2 LOOP LOAD_W_KH_LOAD_W_KW BUNDLEDNAME {} DSP 0 BRAM 0 URAM 0 DISPNAME {bind_op add}} {BINDTYPE op ID {} IMPL fabric LATENCY 0 OPTYPE add PRAGMA {} RTLNAME add_ln119_1_fu_272_p2 SOURCE src/accel_top.cpp:119 VARIABLE add_ln119_1 LOOP LOAD_W_KH_LOAD_W_KW BUNDLEDNAME {} DSP 0 BRAM 0 URAM 0 DISPNAME {bind_op add}} {BINDTYPE op ID {} IMPL fabric LATENCY 0 OPTYPE add PRAGMA {} RTLNAME add_ln117_fu_351_p2 SOURCE src/accel_top.cpp:117 VARIABLE add_ln117 LOOP LOAD_W_KH_LOAD_W_KW BUNDLEDNAME {} DSP 0 BRAM 0 URAM 0 DISPNAME {bind_op add}}} AREA {DSP 0 BRAM 0 URAM 0}} conv_engine_Pipeline_CONV_IC_CONV_KH_CONV_KW {BINDINFO {{BINDTYPE op ID {} IMPL fabric LATENCY 0 OPTYPE add PRAGMA {} RTLNAME add_ln45_fu_304_p2 SOURCE src/conv_engine.cpp:45 VARIABLE add_ln45 LOOP CONV_IC_CONV_KH_CONV_KW BUNDLEDNAME {} DSP 0 BRAM 0 URAM 0 DISPNAME {bind_op add}} {BINDTYPE op ID {} IMPL fabric LATENCY 0 OPTYPE add PRAGMA {} RTLNAME add_ln43_1_fu_259_p2 SOURCE src/conv_engine.cpp:43 VARIABLE add_ln43_1 LOOP CONV_IC_CONV_KH_CONV_KW BUNDLEDNAME {} DSP 0 BRAM 0 URAM 0 DISPNAME {bind_op add}} {BINDTYPE op ID {} IMPL fabric LATENCY 0 OPTYPE add PRAGMA {} RTLNAME add_ln43_fu_340_p2 SOURCE src/conv_engine.cpp:43 VARIABLE add_ln43 LOOP CONV_IC_CONV_KH_CONV_KW BUNDLEDNAME {} DSP 0 BRAM 0 URAM 0 DISPNAME {bind_op add}} {BINDTYPE op ID {} IMPL fabric LATENCY 0 OPTYPE sub PRAGMA {} RTLNAME sub_ln55_fu_388_p2 SOURCE src/conv_engine.cpp:55 VARIABLE sub_ln55 LOOP CONV_IC_CONV_KH_CONV_KW BUNDLEDNAME {} DSP 0 BRAM 0 URAM 0 DISPNAME {bind_op sub}} {BINDTYPE op ID {} IMPL fabric LATENCY 0 OPTYPE add PRAGMA {} RTLNAME add_ln44_fu_409_p2 SOURCE src/conv_engine.cpp:44 VARIABLE add_ln44 LOOP CONV_IC_CONV_KH_CONV_KW BUNDLEDNAME {} DSP 0 BRAM 0 URAM 0 DISPNAME {bind_op add}} {BINDTYPE op ID {} IMPL fabric LATENCY 0 OPTYPE add PRAGMA {} RTLNAME add_ln55_fu_440_p2 SOURCE src/conv_engine.cpp:55 VARIABLE add_ln55 LOOP CONV_IC_CONV_KH_CONV_KW BUNDLEDNAME {} DSP 0 BRAM 0 URAM 0 DISPNAME {bind_op add}} {BINDTYPE op ID {} IMPL fabric LATENCY 0 OPTYPE add PRAGMA {} RTLNAME add_ln45_1_fu_458_p2 SOURCE src/conv_engine.cpp:45 VARIABLE add_ln45_1 LOOP CONV_IC_CONV_KH_CONV_KW BUNDLEDNAME {} DSP 0 BRAM 0 URAM 0 DISPNAME {bind_op add}} {BINDTYPE op ID {} IMPL fabric LATENCY 0 OPTYPE add PRAGMA {} RTLNAME add_ln54_fu_489_p2 SOURCE src/conv_engine.cpp:54 VARIABLE add_ln54 LOOP CONV_IC_CONV_KH_CONV_KW BUNDLEDNAME {} DSP 0 BRAM 0 URAM 0 DISPNAME {bind_op add}} {BINDTYPE op ID {} IMPL fabric LATENCY 0 OPTYPE add PRAGMA {} RTLNAME add_ln51_1_fu_584_p2 SOURCE src/conv_engine.cpp:51 VARIABLE add_ln51_1 LOOP CONV_IC_CONV_KH_CONV_KW BUNDLEDNAME {} DSP 0 BRAM 0 URAM 0 DISPNAME {bind_op add}} {BINDTYPE op ID {} IMPL fabric LATENCY 0 OPTYPE add PRAGMA {} RTLNAME add_ln51_fu_606_p2 SOURCE src/conv_engine.cpp:51 VARIABLE add_ln51 LOOP CONV_IC_CONV_KH_CONV_KW BUNDLEDNAME {} DSP 0 BRAM 0 URAM 0 DISPNAME {bind_op add}} {BINDTYPE op ID {} IMPL fabric LATENCY 0 OPTYPE add PRAGMA {} RTLNAME add_ln54_1_fu_592_p2 SOURCE src/conv_engine.cpp:54 VARIABLE add_ln54_1 LOOP CONV_IC_CONV_KH_CONV_KW BUNDLEDNAME {} DSP 0 BRAM 0 URAM 0 DISPNAME {bind_op add}} {BINDTYPE op ID {} IMPL dsp48 LATENCY 3 OPTYPE mul PRAGMA {} RTLNAME mac_muladd_8s_8s_32s_32_4_1_U20 SOURCE {D:/Vitis_HLS/2022.1/common/technology/autopilot\ap_int_base.h:1540} VARIABLE ret_V LOOP CONV_IC_CONV_KH_CONV_KW BUNDLEDNAME {} DSP 1 BRAM 0 URAM 0 DISPNAME {bind_op mul}} {BINDTYPE op ID {} IMPL dsp48 LATENCY 3 OPTYPE add PRAGMA {} RTLNAME mac_muladd_8s_8s_32s_32_4_1_U20 SOURCE {D:/Vitis_HLS/2022.1/common/technology/autopilot\ap_int_base.h:886} VARIABLE sum_V LOOP CONV_IC_CONV_KH_CONV_KW BUNDLEDNAME {} DSP 1 BRAM 0 URAM 0 DISPNAME {bind_op add}} {BINDTYPE op ID {} IMPL fabric LATENCY 0 OPTYPE add PRAGMA {} RTLNAME add_ln48_fu_504_p2 SOURCE src/conv_engine.cpp:48 VARIABLE add_ln48 LOOP CONV_IC_CONV_KH_CONV_KW BUNDLEDNAME {} DSP 0 BRAM 0 URAM 0 DISPNAME {bind_op add}} {BINDTYPE op ID {} IMPL fabric LATENCY 0 OPTYPE add PRAGMA {} RTLNAME add_ln44_1_fu_273_p2 SOURCE src/conv_engine.cpp:44 VARIABLE add_ln44_1 LOOP CONV_IC_CONV_KH_CONV_KW BUNDLEDNAME {} DSP 0 BRAM 0 URAM 0 DISPNAME {bind_op add}}} AREA {DSP 1 BRAM 0 URAM 0}} conv_engine {BINDINFO {{BINDTYPE op ID {} IMPL fabric LATENCY 0 OPTYPE add PRAGMA {} RTLNAME out_height_fu_294_p2 SOURCE src/conv_engine.cpp:33 VARIABLE out_height LOOP {} BUNDLEDNAME {} DSP 0 BRAM 0 URAM 0 DISPNAME {bind_op add}} {BINDTYPE op ID {} IMPL fabric LATENCY 0 OPTYPE add PRAGMA {} RTLNAME out_width_fu_300_p2 SOURCE src/conv_engine.cpp:34 VARIABLE out_width LOOP {} BUNDLEDNAME {} DSP 0 BRAM 0 URAM 0 DISPNAME {bind_op add}} {BINDTYPE op ID {} IMPL auto LATENCY 0 OPTYPE mul PRAGMA {} RTLNAME mul_32ns_32ns_64_1_1_U37 SOURCE {} VARIABLE bound LOOP {} BUNDLEDNAME {} DSP 3 BRAM 0 URAM 0 DISPNAME {bind_op mul}} {BINDTYPE op ID {} IMPL auto LATENCY 4 OPTYPE mul PRAGMA {} RTLNAME mul_32ns_64ns_96_5_1_U38 SOURCE {} VARIABLE bound4 LOOP {} BUNDLEDNAME {} DSP 6 BRAM 0 URAM 0 DISPNAME {bind_op mul}} {BINDTYPE op ID {} IMPL auto LATENCY 0 OPTYPE mul PRAGMA {} RTLNAME mul_32ns_32ns_64_1_1_U39 SOURCE src/conv_engine.cpp:33 VARIABLE bound32 LOOP {} BUNDLEDNAME {} DSP 3 BRAM 0 URAM 0 DISPNAME {bind_op mul}} {BINDTYPE op ID {} IMPL fabric LATENCY 0 OPTYPE add PRAGMA {} RTLNAME add_ln36_1_fu_331_p2 SOURCE src/conv_engine.cpp:36 VARIABLE add_ln36_1 LOOP CONV_OH_CONV_OW BUNDLEDNAME {} DSP 0 BRAM 0 URAM 0 DISPNAME {bind_op add}} {BINDTYPE op ID {} IMPL fabric LATENCY 0 OPTYPE add PRAGMA {} RTLNAME add_ln36_fu_343_p2 SOURCE src/conv_engine.cpp:36 VARIABLE add_ln36 LOOP CONV_OH_CONV_OW BUNDLEDNAME {} DSP 0 BRAM 0 URAM 0 DISPNAME {bind_op add}} {BINDTYPE op ID {} IMPL auto LATENCY 0 OPTYPE mul PRAGMA {} RTLNAME mul_32s_32s_32_1_1_U40 SOURCE src/conv_engine.cpp:36 VARIABLE mul_ln36 LOOP CONV_OH_CONV_OW BUNDLEDNAME {} DSP 3 BRAM 0 URAM 0 DISPNAME {bind_op mul}} {BINDTYPE op ID {} IMPL fabric LATENCY 0 OPTYPE sub PRAGMA {} RTLNAME sub_ln36_fu_420_p2 SOURCE src/conv_engine.cpp:36 VARIABLE sub_ln36 LOOP CONV_OH_CONV_OW BUNDLEDNAME {} DSP 0 BRAM 0 URAM 0 DISPNAME {bind_op sub}} {BINDTYPE op ID {} IMPL auto LATENCY 0 OPTYPE mul PRAGMA {} RTLNAME mul_32s_32s_32_1_1_U41 SOURCE src/conv_engine.cpp:40 VARIABLE mul_ln40 LOOP CONV_OH_CONV_OW BUNDLEDNAME {} DSP 3 BRAM 0 URAM 0 DISPNAME {bind_op mul}} {BINDTYPE op ID {} IMPL fabric LATENCY 0 OPTYPE sub PRAGMA {} RTLNAME sub_ln40_fu_425_p2 SOURCE src/conv_engine.cpp:40 VARIABLE sub_ln40 LOOP CONV_OH_CONV_OW BUNDLEDNAME {} DSP 0 BRAM 0 URAM 0 DISPNAME {bind_op sub}} {BINDTYPE op ID {} IMPL fabric LATENCY 0 OPTYPE add PRAGMA {} RTLNAME add_ln63_fu_402_p2 SOURCE src/conv_engine.cpp:63 VARIABLE add_ln63 LOOP CONV_OH_CONV_OW BUNDLEDNAME {} DSP 0 BRAM 0 URAM 0 DISPNAME {bind_op add}} {BINDTYPE op ID {} IMPL fabric LATENCY 0 OPTYPE add PRAGMA {} RTLNAME add_ln39_fu_470_p2 SOURCE src/conv_engine.cpp:39 VARIABLE add_ln39 LOOP CONV_OH_CONV_OW BUNDLEDNAME {} DSP 0 BRAM 0 URAM 0 DISPNAME {bind_op add}}} AREA {DSP 19 BRAM 0 URAM 0}} relu_Pipeline_RELU_ROW_RELU_COL {BINDINFO {{BINDTYPE op ID {} IMPL fabric LATENCY 0 OPTYPE add PRAGMA {} RTLNAME add_ln23_1_fu_179_p2 SOURCE src/relu.cpp:23 VARIABLE add_ln23_1 LOOP RELU_ROW_RELU_COL BUNDLEDNAME {} DSP 0 BRAM 0 URAM 0 DISPNAME {bind_op add}} {BINDTYPE op ID {} IMPL fabric LATENCY 0 OPTYPE add PRAGMA {} RTLNAME add_ln23_fu_191_p2 SOURCE src/relu.cpp:23 VARIABLE add_ln23 LOOP RELU_ROW_RELU_COL BUNDLEDNAME {} DSP 0 BRAM 0 URAM 0 DISPNAME {bind_op add}} {BINDTYPE op ID {} IMPL fabric LATENCY 0 OPTYPE add PRAGMA {} RTLNAME add_ln27_fu_254_p2 SOURCE src/relu.cpp:27 VARIABLE add_ln27 LOOP RELU_ROW_RELU_COL BUNDLEDNAME {} DSP 0 BRAM 0 URAM 0 DISPNAME {bind_op add}} {BINDTYPE op ID {} IMPL fabric LATENCY 0 OPTYPE add PRAGMA {} RTLNAME add_ln24_fu_268_p2 SOURCE src/relu.cpp:24 VARIABLE add_ln24 LOOP RELU_ROW_RELU_COL BUNDLEDNAME {} DSP 0 BRAM 0 URAM 0 DISPNAME {bind_op add}}} AREA {DSP 0 BRAM 0 URAM 0}} relu {BINDINFO {{BINDTYPE op ID {} IMPL auto LATENCY 0 OPTYPE mul PRAGMA {} RTLNAME mul_32ns_32ns_64_1_1_U69 SOURCE src/relu.cpp:17 VARIABLE bound LOOP {} BUNDLEDNAME {} DSP 3 BRAM 0 URAM 0 DISPNAME {bind_op mul}}} AREA {DSP 3 BRAM 0 URAM 0}} maxpool_2x2_Pipeline_POOL_ROW_POOL_COL {BINDINFO {{BINDTYPE op ID {} IMPL fabric LATENCY 0 OPTYPE add PRAGMA {} RTLNAME add_ln25_1_fu_184_p2 SOURCE src/maxpool.cpp:25 VARIABLE add_ln25_1 LOOP POOL_ROW_POOL_COL BUNDLEDNAME {} DSP 0 BRAM 0 URAM 0 DISPNAME {bind_op add}} {BINDTYPE op ID {} IMPL fabric LATENCY 0 OPTYPE add PRAGMA {} RTLNAME add_ln25_fu_193_p2 SOURCE src/maxpool.cpp:25 VARIABLE add_ln25 LOOP POOL_ROW_POOL_COL BUNDLEDNAME {} DSP 0 BRAM 0 URAM 0 DISPNAME {bind_op add}} {BINDTYPE op ID {} IMPL fabric LATENCY 0 OPTYPE add PRAGMA {} RTLNAME add_ln29_fu_247_p2 SOURCE src/maxpool.cpp:29 VARIABLE add_ln29 LOOP POOL_ROW_POOL_COL BUNDLEDNAME {} DSP 0 BRAM 0 URAM 0 DISPNAME {bind_op add}} {BINDTYPE op ID {} IMPL fabric LATENCY 0 OPTYPE add PRAGMA {} RTLNAME add_ln38_fu_261_p2 SOURCE src/maxpool.cpp:38 VARIABLE add_ln38 LOOP POOL_ROW_POOL_COL BUNDLEDNAME {} DSP 0 BRAM 0 URAM 0 DISPNAME {bind_op add}} {BINDTYPE op ID {} IMPL fabric LATENCY 0 OPTYPE add PRAGMA {} RTLNAME add_ln26_fu_267_p2 SOURCE src/maxpool.cpp:26 VARIABLE add_ln26 LOOP POOL_ROW_POOL_COL BUNDLEDNAME {} DSP 0 BRAM 0 URAM 0 DISPNAME {bind_op add}}} AREA {DSP 0 BRAM 0 URAM 0}} maxpool_2x2 {BINDINFO {{BINDTYPE op ID {} IMPL fabric LATENCY 0 OPTYPE sub PRAGMA {} RTLNAME sub_ln22_fu_72_p2 SOURCE src/maxpool.cpp:22 VARIABLE sub_ln22 LOOP {} BUNDLEDNAME {} DSP 0 BRAM 0 URAM 0 DISPNAME {bind_op sub}} {BINDTYPE op ID {} IMPL fabric LATENCY 0 OPTYPE sub PRAGMA {} RTLNAME sub_ln22_1_fu_92_p2 SOURCE src/maxpool.cpp:22 VARIABLE sub_ln22_1 LOOP {} BUNDLEDNAME {} DSP 0 BRAM 0 URAM 0 DISPNAME {bind_op sub}} {BINDTYPE op ID {} IMPL fabric LATENCY 0 OPTYPE sub PRAGMA {} RTLNAME sub_ln23_fu_128_p2 SOURCE src/maxpool.cpp:23 VARIABLE sub_ln23 LOOP {} BUNDLEDNAME {} DSP 0 BRAM 0 URAM 0 DISPNAME {bind_op sub}} {BINDTYPE op ID {} IMPL fabric LATENCY 0 OPTYPE sub PRAGMA {} RTLNAME sub_ln23_1_fu_148_p2 SOURCE src/maxpool.cpp:23 VARIABLE sub_ln23_1 LOOP {} BUNDLEDNAME {} DSP 0 BRAM 0 URAM 0 DISPNAME {bind_op sub}} {BINDTYPE op ID {} IMPL auto LATENCY 0 OPTYPE mul PRAGMA {} RTLNAME mul_32ns_32ns_64_1_1_U83 SOURCE src/maxpool.cpp:22 VARIABLE bound LOOP {} BUNDLEDNAME {} DSP 3 BRAM 0 URAM 0 DISPNAME {bind_op mul}}} AREA {DSP 3 BRAM 0 URAM 0}} accel_top_Pipeline_STORE_W {BINDINFO {{BINDTYPE op ID {} IMPL fabric LATENCY 0 OPTYPE add PRAGMA {} RTLNAME add_ln161_fu_263_p2 SOURCE src/accel_top.cpp:161 VARIABLE add_ln161 LOOP STORE_W BUNDLEDNAME {} DSP 0 BRAM 0 URAM 0 DISPNAME {bind_op add}} {BINDTYPE op ID {} IMPL fabric LATENCY 0 OPTYPE add PRAGMA {} RTLNAME add_ln164_fu_276_p2 SOURCE src/accel_top.cpp:164 VARIABLE add_ln164 LOOP STORE_W BUNDLEDNAME {} DSP 0 BRAM 0 URAM 0 DISPNAME {bind_op add}} {BINDTYPE op ID {} IMPL fabric LATENCY 0 OPTYPE add PRAGMA {} RTLNAME add_ln166_fu_290_p2 SOURCE src/accel_top.cpp:166 VARIABLE add_ln166 LOOP STORE_W BUNDLEDNAME {} DSP 0 BRAM 0 URAM 0 DISPNAME {bind_op add}} {BINDTYPE op ID {} IMPL fabric LATENCY 0 OPTYPE add PRAGMA {} RTLNAME add_ln166_1_fu_308_p2 SOURCE src/accel_top.cpp:166 VARIABLE add_ln166_1 LOOP STORE_W BUNDLEDNAME {} DSP 0 BRAM 0 URAM 0 DISPNAME {bind_op add}} {BINDTYPE op ID {} IMPL fabric LATENCY 0 OPTYPE add PRAGMA {} RTLNAME add_ln166_2_fu_343_p2 SOURCE src/accel_top.cpp:166 VARIABLE add_ln166_2 LOOP STORE_W BUNDLEDNAME {} DSP 0 BRAM 0 URAM 0 DISPNAME {bind_op add}}} AREA {DSP 0 BRAM 0 URAM 0}} accel_top {BINDINFO {{BINDTYPE storage ID {} IMPL bram LATENCY 1 OPTYPE ram_2p PRAGMA yes RTLNAME local_input_V_U SOURCE src/accel_top.cpp:69 VARIABLE local_input_V LOOP {} BUNDLEDNAME {} DSP 0 BRAM 32 URAM 0 DISPNAME {bind_storage ram_2p}} {BINDTYPE storage ID {} IMPL bram LATENCY 1 OPTYPE ram_2p PRAGMA yes RTLNAME local_weights_V_U SOURCE src/accel_top.cpp:72 VARIABLE local_weights_V LOOP {} BUNDLEDNAME {} DSP 0 BRAM 2 URAM 0 DISPNAME {bind_storage ram_2p}} {BINDTYPE storage ID {} IMPL bram LATENCY 1 OPTYPE ram_2p PRAGMA yes RTLNAME conv_output_V_U SOURCE src/accel_top.cpp:75 VARIABLE conv_output_V LOOP {} BUNDLEDNAME {} DSP 0 BRAM 1 URAM 0 DISPNAME {bind_storage ram_2p}} {BINDTYPE storage ID {} IMPL bram LATENCY 1 OPTYPE ram_2p PRAGMA yes RTLNAME conv_output_V_1_U SOURCE src/accel_top.cpp:75 VARIABLE conv_output_V_1 LOOP {} BUNDLEDNAME {} DSP 0 BRAM 1 URAM 0 DISPNAME {bind_storage ram_2p}} {BINDTYPE storage ID {} IMPL bram LATENCY 1 OPTYPE ram_2p PRAGMA yes RTLNAME conv_output_V_2_U SOURCE src/accel_top.cpp:75 VARIABLE conv_output_V_2 LOOP {} BUNDLEDNAME {} DSP 0 BRAM 1 URAM 0 DISPNAME {bind_storage ram_2p}} {BINDTYPE storage ID {} IMPL bram LATENCY 1 OPTYPE ram_2p PRAGMA yes RTLNAME conv_output_V_3_U SOURCE src/accel_top.cpp:75 VARIABLE conv_output_V_3 LOOP {} BUNDLEDNAME {} DSP 0 BRAM 1 URAM 0 DISPNAME {bind_storage ram_2p}} {BINDTYPE storage ID {} IMPL bram LATENCY 1 OPTYPE ram_2p PRAGMA yes RTLNAME pool_output_V_U SOURCE src/accel_top.cpp:78 VARIABLE pool_output_V LOOP {} BUNDLEDNAME {} DSP 0 BRAM 2 URAM 0 DISPNAME {bind_storage ram_2p}} {BINDTYPE op ID {} IMPL auto LATENCY 0 OPTYPE mul PRAGMA {} RTLNAME mul_31ns_32s_32_1_1_U107 SOURCE src/accel_top.cpp:87 VARIABLE mul_ln87 LOOP {} BUNDLEDNAME {} DSP 3 BRAM 0 URAM 0 DISPNAME {bind_op mul}} {BINDTYPE op ID {} IMPL auto LATENCY 0 OPTYPE mul PRAGMA {} RTLNAME mul_32ns_32ns_63_1_1_U108 SOURCE src/accel_top.cpp:24 VARIABLE mul_ln24 LOOP {} BUNDLEDNAME {} DSP 3 BRAM 0 URAM 0 DISPNAME {bind_op mul}} {BINDTYPE op ID {} IMPL fabric LATENCY 0 OPTYPE add PRAGMA {} RTLNAME add_ln87_fu_478_p2 SOURCE src/accel_top.cpp:87 VARIABLE add_ln87 LOOP LOAD_INPUT_CH BUNDLEDNAME {} DSP 0 BRAM 0 URAM 0 DISPNAME {bind_op add}} {BINDTYPE op ID {} IMPL fabric LATENCY 0 OPTYPE add PRAGMA {} RTLNAME add_ln88_fu_497_p2 SOURCE src/accel_top.cpp:88 VARIABLE add_ln88 LOOP LOAD_INPUT_CH BUNDLEDNAME {} DSP 0 BRAM 0 URAM 0 DISPNAME {bind_op add}} {BINDTYPE op ID {} IMPL fabric LATENCY 0 OPTYPE add PRAGMA {} RTLNAME out_height_fu_596_p2 SOURCE src/accel_top.cpp:101 VARIABLE out_height LOOP {} BUNDLEDNAME {} DSP 0 BRAM 0 URAM 0 DISPNAME {bind_op add}} {BINDTYPE op ID {} IMPL fabric LATENCY 0 OPTYPE add PRAGMA {} RTLNAME out_width_fu_602_p2 SOURCE src/accel_top.cpp:102 VARIABLE out_width LOOP {} BUNDLEDNAME {} DSP 0 BRAM 0 URAM 0 DISPNAME {bind_op add}} {BINDTYPE op ID {} IMPL fabric LATENCY 0 OPTYPE sub PRAGMA {} RTLNAME sub_ln104_fu_635_p2 SOURCE src/accel_top.cpp:104 VARIABLE sub_ln104 LOOP {} BUNDLEDNAME {} DSP 0 BRAM 0 URAM 0 DISPNAME {bind_op sub}} {BINDTYPE op ID {} IMPL fabric LATENCY 0 OPTYPE sub PRAGMA {} RTLNAME sub_ln105_fu_590_p2 SOURCE src/accel_top.cpp:105 VARIABLE sub_ln105 LOOP {} BUNDLEDNAME {} DSP 0 BRAM 0 URAM 0 DISPNAME {bind_op sub}} {BINDTYPE op ID {} IMPL auto LATENCY 0 OPTYPE mul PRAGMA {} RTLNAME mul_32s_32s_32_1_1_U111 SOURCE src/accel_top.cpp:110 VARIABLE mul_ln110 LOOP {} BUNDLEDNAME {} DSP 3 BRAM 0 URAM 0 DISPNAME {bind_op mul}} {BINDTYPE op ID {} IMPL auto LATENCY 0 OPTYPE mul PRAGMA {} RTLNAME mul_32ns_32ns_62_1_1_U112 SOURCE src/accel_top.cpp:101 VARIABLE mul_ln101 LOOP {} BUNDLEDNAME {} DSP 3 BRAM 0 URAM 0 DISPNAME {bind_op mul}} {BINDTYPE op ID {} IMPL fabric LATENCY 0 OPTYPE add PRAGMA {} RTLNAME add_ln110_fu_745_p2 SOURCE src/accel_top.cpp:110 VARIABLE add_ln110 LOOP OUTPUT_CHANNEL BUNDLEDNAME {} DSP 0 BRAM 0 URAM 0 DISPNAME {bind_op add}} {BINDTYPE op ID {} IMPL fabric LATENCY 0 OPTYPE add PRAGMA {} RTLNAME add_ln115_fu_756_p2 SOURCE src/accel_top.cpp:115 VARIABLE add_ln115 LOOP LOAD_W_IC BUNDLEDNAME {} DSP 0 BRAM 0 URAM 0 DISPNAME {bind_op add}} {BINDTYPE op ID {} IMPL fabric LATENCY 0 OPTYPE sub PRAGMA {} RTLNAME sub_ln119_fu_778_p2 SOURCE src/accel_top.cpp:119 VARIABLE sub_ln119 LOOP LOAD_W_IC BUNDLEDNAME {} DSP 0 BRAM 0 URAM 0 DISPNAME {bind_op sub}} {BINDTYPE op ID {} IMPL fabric LATENCY 0 OPTYPE add PRAGMA {} RTLNAME add_ln116_fu_789_p2 SOURCE src/accel_top.cpp:116 VARIABLE add_ln116 LOOP LOAD_W_IC BUNDLEDNAME {} DSP 0 BRAM 0 URAM 0 DISPNAME {bind_op add}} {BINDTYPE op ID {} IMPL fabric LATENCY 0 OPTYPE add PRAGMA {} RTLNAME add_ln133_fu_810_p2 SOURCE src/accel_top.cpp:133 VARIABLE add_ln133 LOOP OUTPUT_CHANNEL BUNDLEDNAME {} DSP 0 BRAM 0 URAM 0 DISPNAME {bind_op add}} {BINDTYPE op ID {} IMPL fabric LATENCY 0 OPTYPE add PRAGMA {} RTLNAME add_ln160_1_fu_844_p2 SOURCE src/accel_top.cpp:160 VARIABLE add_ln160_1 LOOP STORE_H BUNDLEDNAME {} DSP 0 BRAM 0 URAM 0 DISPNAME {bind_op add}} {BINDTYPE op ID {} IMPL fabric LATENCY 0 OPTYPE add PRAGMA {} RTLNAME add_ln160_fu_887_p2 SOURCE src/accel_top.cpp:160 VARIABLE add_ln160 LOOP STORE_H BUNDLEDNAME {} DSP 0 BRAM 0 URAM 0 DISPNAME {bind_op add}}} AREA {DSP 40 BRAM 40 URAM 0}}}}'
INFO-FLOW: DBG:PUTS:      update_csynth_reports json2rpt_hw_sw_interfaces
INFO-FLOW: Running: gen_csynth_sec_pragma
INFO-FLOW: Done: gen_csynth_sec_pragma time: 0 seconds per iteration
INFO-FLOW: DBG:PUTS:      update_csynth_reports wrote xml
INFO-FLOW: DBG:PUTS:      update_csynth_reports appended to csynth rpt file
INFO: [HLS 200-111] Finished Updating report files: CPU user time: 1 seconds. CPU system time: 0 seconds. Elapsed time: 1.541 seconds; current allocated memory: 1.465 GB.
INFO: [VHDL 208-304] Generating VHDL RTL for accel_top.
INFO: [VLOG 209-307] Generating Verilog RTL for accel_top.
Execute       syn_report -model accel_top -printsummary 
INFO: [HLS 200-790] **** Loop Constraint Status: All loop constraints were satisfied.
INFO: [HLS 200-789] **** Estimated Fmax: 114.29 MHz
Command     autosyn done; 11.053 sec.
Command   csynth_design done; 36.516 sec.
INFO: [HLS 200-111] Finished Command csynth_design CPU user time: 10 seconds. CPU system time: 3 seconds. Elapsed time: 36.516 seconds; current allocated memory: 594.879 MB.
Command ap_source done; 41.783 sec.
Execute cleanup_all 
INFO-FLOW: Workspace C:/Users/PC-CST-A3/Desktop/edge-ai-soc/hls/cnn_accelerator/cnn_accelerator/solution1 opened at Fri Aug 21 20:27:21 +0530 2026
Execute     ap_set_clock -name default -period 10 -unit ns -default=false 
INFO: [SYN 201-201] Setting up clock 'default' with a period of 10ns.
Execute     ap_set_clock -name default -uncertainty 1.25 -unit ns 
INFO: [SYN 201-201] Setting up clock 'default' with an uncertainty of 1.25ns.
Execute     set_part xc7z020clg484-1 
Execute       create_platform xc7z020clg484-1 -board  
DBG:HLSDevice: Trying to load device library: D:/Vitis_HLS/2022.1\lib\win64.o\librdi_hlsvwrap.dll
DBG:HLSDevice: first parts/arch.xml in RDI_DATADIR: D:/Vivado/2022.1/data/parts/arch.xml
DBG:HLSDevice: init success
INFO: [HLS 200-1611] Setting target device to 'xc7z020-clg484-1'
Command       create_platform done; 5.211 sec.
Execute       source D:/Vitis_HLS/2022.1/common/technology/xilinx/common/xilinx.gen 
Execute         source D:/Vitis_HLS/2022.1/common/technology/xilinx/interface/plb46.gen 
Execute         source D:/Vitis_HLS/2022.1/common/technology/xilinx/interface/axi4.gen 
Execute         source D:/Vitis_HLS/2022.1/common/technology/xilinx/interface/nativeAXI4.gen 
Execute           source D:/Vitis_HLS/2022.1/common/technology/xilinx/interface/saxilite.gen 
Execute         source D:/Vitis_HLS/2022.1/common/technology/xilinx/scripts/xilinxcoregen.gen 
Execute         source D:/Vitis_HLS/2022.1/common/technology/xilinx/interface/XilEDKCoreGen.gen 
Execute         source D:/Vitis_HLS/2022.1/common/technology/xilinx/ip/dds_compiler.gen 
Execute         source D:/Vitis_HLS/2022.1/common/technology/xilinx/ip/util.gen 
Execute         source D:/Vitis_HLS/2022.1/common/technology/xilinx/ip/xfft.gen 
Command         ap_source done; 0.125 sec.
Execute         source D:/Vitis_HLS/2022.1/common/technology/xilinx/ip/xfir.gen 
Execute         source D:/Vitis_HLS/2022.1/common/technology/xilinx/DSP48/dsp48.gen 
Command       ap_source done; 0.478 sec.
Execute       ap_part_info -name xc7z020-clg484-1 -data info 
Execute       config_compile -quiet -complex-mul-dsp=0 
Command     set_part done; 5.786 sec.
Execute     send_msg_by_id INFO @200-1505@%s%s  vivado 
INFO: [HLS 200-1505] Using flow_target 'vivado'
Execute     get_config_interface -m_axi_latency 
Execute     get_config_interface -m_axi_alignment_byte_size 
Execute     get_config_interface -m_axi_max_widen_bitwidth 
Execute     get_config_interface -default_interface 
Execute     get_config_rtl -register_reset_num 
Command   open_solution done; 5.861 sec.
Execute   set_part xc7z020clg484-1 
INFO: [HLS 200-1510] Running: set_part xc7z020clg484-1 
Execute     create_platform xc7z020clg484-1 -board  
Execute     source D:/Vitis_HLS/2022.1/common/technology/xilinx/common/xilinx.gen 
Execute       source D:/Vitis_HLS/2022.1/common/technology/xilinx/interface/plb46.gen 
Execute       source D:/Vitis_HLS/2022.1/common/technology/xilinx/interface/axi4.gen 
Execute       source D:/Vitis_HLS/2022.1/common/technology/xilinx/interface/nativeAXI4.gen 
Execute         source D:/Vitis_HLS/2022.1/common/technology/xilinx/interface/saxilite.gen 
Execute       source D:/Vitis_HLS/2022.1/common/technology/xilinx/scripts/xilinxcoregen.gen 
Execute       source D:/Vitis_HLS/2022.1/common/technology/xilinx/interface/XilEDKCoreGen.gen 
Execute       source D:/Vitis_HLS/2022.1/common/technology/xilinx/ip/dds_compiler.gen 
Execute       source D:/Vitis_HLS/2022.1/common/technology/xilinx/ip/util.gen 
Execute       source D:/Vitis_HLS/2022.1/common/technology/xilinx/ip/xfft.gen 
Execute       source D:/Vitis_HLS/2022.1/common/technology/xilinx/ip/xfir.gen 
Execute       source D:/Vitis_HLS/2022.1/common/technology/xilinx/DSP48/dsp48.gen 
Execute     ap_part_info -name xc7z020-clg484-1 -data info 
Execute     config_compile -quiet -complex-mul-dsp=0 
Command   set_part done; 0.152 sec.
Execute   create_clock -period 10ns -name default 
INFO: [HLS 200-1510] Running: create_clock -period 10ns -name default 
Execute     ap_set_clock -name default -period 10 -unit ns -default=false 
INFO: [SYN 201-201] Setting up clock 'default' with a period of 10ns.
Execute   set_clock_uncertainty 1.25ns 
INFO: [HLS 200-1510] Running: set_clock_uncertainty 1.25ns 
Execute   export_design -rtl verilog -format ip_catalog 
INFO: [HLS 200-1510] Running: export_design -rtl verilog -format ip_catalog 
Execute     get_config_export -description 
Execute     get_config_export -display_name 
Execute     get_config_export -ipname 
Execute     get_config_export -library 
Execute     get_config_export -output 
Execute     get_config_export -taxonomy 
Execute     get_config_export -vendor 
Execute     get_config_export -version 
Execute     get_config_export -xo 
Execute     config_export -format=ip_catalog -rtl=verilog 
INFO-FLOW: DBG:PUTS: export_design_wrap: -format ip_catalog -rtl verilog
Execute     source C:/Users/PC-CST-A3/Desktop/edge-ai-soc/hls/cnn_accelerator/cnn_accelerator/solution1/.autopilot/db/global.setting.tcl 
Execute     get_config_export -vivado_clock 
Execute     get_top 
Execute     get_config_export -ipname 
Execute     get_config_export -xo 
Execute     get_config_export -format 
Execute     get_config_rtl -module_auto_prefix 
Execute     get_config_export -xo 
Execute     get_config_export -format 
Execute     get_solution -flow_target 
Execute     get_config_export -xo 
Execute     get_config_export -format 
INFO-FLOW: DBG:PUTS:   auto_impl: pack: -export -rtl verilog
INFO-FLOW: DBG:PROC: ::AESL_AUTOIMPL::auto_impl args='-export -rtl verilog'
Execute     source C:/Users/PC-CST-A3/Desktop/edge-ai-soc/hls/cnn_accelerator/cnn_accelerator/solution1/.autopilot/db/global.setting.tcl 
INFO: [IMPL 213-8] Exporting RTL as a Vivado IP.
Execute     source C:/Users/PC-CST-A3/Desktop/edge-ai-soc/hls/cnn_accelerator/cnn_accelerator/solution1/.autopilot/db/global.setting.tcl 
INFO-FLOW: DBG:PUTS: automg_wrap -export -pcore_version 1.00.a -rtl vlog -tool Vivado -impltomg_flag
INFO-FLOW: DBG:PROC: ::AESL_AUTOMG::auto_generate args='-export -pcore_version 1.00.a -rtl vlog -tool Vivado -impltomg_flag'
INFO-FLOW: DBG:PUTS:     auto_generate -export -pcore_version 1.00.a -rtl vlog -tool Vivado -impltomg_flag
Execute     get_config_export -xo 
Execute     get_config_export -format 
Execute     get_config_export -ip_xdc_file 
Execute     get_config_export -ip_xdc_ooc_file 
Execute     source C:/Users/PC-CST-A3/Desktop/edge-ai-soc/hls/cnn_accelerator/cnn_accelerator/solution1/.autopilot/db/global.setting.tcl 
INFO-FLOW: DBG:PUTS: read_platform_lib C:/Users/PC-CST-A3/Desktop/edge-ai-soc/hls/cnn_accelerator/cnn_accelerator/solution1/.autopilot/db/global.setting.tcl
Execute     source D:/Vitis_HLS/2022.1/common/technology/generic/autopilot/common.gen 
Execute       source D:/Vitis_HLS/2022.1/common/technology/generic/autopilot/APCoreGen.gen 
Execute     source D:/Vitis_HLS/2022.1/common/technology/generic/autopilot/op.gen 
Execute     source D:/Vitis_HLS/2022.1/common/technology/generic/autopilot/op_simcore.gen 
Execute     source D:/Vitis_HLS/2022.1/common/technology/generic/autopilot/interface.gen 
Execute     source C:/Users/PC-CST-A3/Desktop/edge-ai-soc/hls/cnn_accelerator/cnn_accelerator/solution1/.autopilot/db/global.setting.tcl 
Execute     source D:/Vitis_HLS/2022.1/common/technology/xilinx/common/xilinx.gen 
Execute       source D:/Vitis_HLS/2022.1/common/technology/xilinx/interface/plb46.gen 
Execute       source D:/Vitis_HLS/2022.1/common/technology/xilinx/interface/axi4.gen 
Execute       source D:/Vitis_HLS/2022.1/common/technology/xilinx/interface/nativeAXI4.gen 
Execute         source D:/Vitis_HLS/2022.1/common/technology/xilinx/interface/saxilite.gen 
Execute       source D:/Vitis_HLS/2022.1/common/technology/xilinx/scripts/xilinxcoregen.gen 
Execute       source D:/Vitis_HLS/2022.1/common/technology/xilinx/interface/XilEDKCoreGen.gen 
Execute       source D:/Vitis_HLS/2022.1/common/technology/xilinx/ip/dds_compiler.gen 
Execute       source D:/Vitis_HLS/2022.1/common/technology/xilinx/ip/util.gen 
Execute       source D:/Vitis_HLS/2022.1/common/technology/xilinx/ip/xfft.gen 
Execute       source D:/Vitis_HLS/2022.1/common/technology/xilinx/ip/xfir.gen 
Execute       source D:/Vitis_HLS/2022.1/common/technology/xilinx/DSP48/dsp48.gen 
INFO-FLOW: DBG:PUTS:   using AESL_AUTOCG::g_clock_period=10.000 (was NA)
INFO-FLOW: DBG:PUTS:       initCTypeInfo top_module=accel_top xml_exists=0
Execute     source C:/Users/PC-CST-A3/Desktop/edge-ai-soc/hls/cnn_accelerator/cnn_accelerator/solution1/.autopilot/db/accel_top.rtl_wrap.cfg.tcl 
Execute     source C:/Users/PC-CST-A3/Desktop/edge-ai-soc/hls/cnn_accelerator/cnn_accelerator/solution1/.autopilot/db/accel_top.rtl_wrap.cfg.tcl 
Execute     source C:/Users/PC-CST-A3/Desktop/edge-ai-soc/hls/cnn_accelerator/cnn_accelerator/solution1/.autopilot/db/accel_top.rtl_wrap.cfg.tcl 
Execute     source C:/Users/PC-CST-A3/Desktop/edge-ai-soc/hls/cnn_accelerator/cnn_accelerator/solution1/.autopilot/db/accel_top.tbgen.tcl 
Execute     source C:/Users/PC-CST-A3/Desktop/edge-ai-soc/hls/cnn_accelerator/cnn_accelerator/solution1/.autopilot/db/accel_top.tbgen.tcl 
Execute     get_config_rtl -deadlock_detection 
Execute     source C:/Users/PC-CST-A3/Desktop/edge-ai-soc/hls/cnn_accelerator/cnn_accelerator/solution1/.autopilot/db/global.setting.tcl 
Execute     source C:/Users/PC-CST-A3/Desktop/edge-ai-soc/hls/cnn_accelerator/cnn_accelerator/solution1/.autopilot/db/accel_top.tbgen.tcl 
Execute     get_config_rtl -module_prefix 
INFO-FLOW: DBG:PUTS:       cosim_export_main adding deadlock detection to accel_top
INFO-FLOW: DBG:PUTS: Skipping loadAnalyze_DB, #g_database=14
INFO-FLOW: DBG:PUTS:       generate_json generate_bd_files=0 generate_xo_files=false #modelList=33 #gSsdmPorts=0
INFO-FLOW: DBG:PROC: ::AP::DESIGN_DATA::generate_json generate_bd_files='0' generate_xo_files='false' modelList='accel_top_mul_31ns_31ns_32_1_1
accel_top_flow_control_loop_pipe_sequential_init
accel_top_flow_control_loop_pipe_sequential_init
accel_top_mac_muladd_8s_8s_32s_32_4_1
accel_top_flow_control_loop_pipe_sequential_init
accel_top_sdiv_32ns_32s_32_36_seq_1
accel_top_mul_32ns_32ns_64_1_1
accel_top_mul_32ns_64ns_96_5_1
accel_top_mul_32s_32s_32_1_1
accel_top_mux_21_32_1_1
accel_top_flow_control_loop_pipe_sequential_init
accel_top_flow_control_loop_pipe_sequential_init
accel_top_flow_control_loop_pipe_sequential_init
accel_top_mul_31ns_32s_32_1_1
accel_top_mul_32ns_32ns_63_1_1
accel_top_sdiv_32ns_32ns_32_36_seq_1
accel_top_mul_32ns_32ns_62_1_1
accel_top_local_input_V_RAM_2P_BRAM_1R1W
accel_top_local_weights_V_RAM_2P_BRAM_1R1W
accel_top_conv_output_V_RAM_2P_BRAM_1R1W
accel_top_pool_output_V_RAM_2P_BRAM_1R1W
accel_top_DATA_m_axi
accel_top_CTRL_s_axi
accel_top_Pipeline_LOAD_INPUT_H_LOAD_INPUT_W
accel_top_Pipeline_LOAD_W_KH_LOAD_W_KW
conv_engine_Pipeline_CONV_IC_CONV_KH_CONV_KW
conv_engine
relu_Pipeline_RELU_ROW_RELU_COL
relu
maxpool_2x2_Pipeline_POOL_ROW_POOL_COL
maxpool_2x2
accel_top_Pipeline_STORE_W
accel_top
' rtl_lang='vlog' bootstrap_tcl='false' outdir='' outfilename=''
Execute     source D:/Vitis_HLS/2022.1/tps/tcl/tcllib1.11.1/yaml/huddle.tcl 
Execute     source D:/Vitis_HLS/2022.1/tps/tcl/tcllib1.11.1/yaml/json2huddle.tcl 
Execute     source C:/Users/PC-CST-A3/Desktop/edge-ai-soc/hls/cnn_accelerator/cnn_accelerator/solution1/.autopilot/db/global.setting.tcl 
Execute     source C:/Users/PC-CST-A3/Desktop/edge-ai-soc/hls/cnn_accelerator/cnn_accelerator/solution1/.autopilot/db/global.setting.tcl 
Execute     get_solution -flow_target 
Execute     get_config_export -xo 
Execute     get_config_export -format 
Execute     source C:/Users/PC-CST-A3/Desktop/edge-ai-soc/hls/cnn_accelerator/cnn_accelerator/solution1/.autopilot/db/top-io-be.tcl 
Execute     source C:/Users/PC-CST-A3/Desktop/edge-ai-soc/hls/cnn_accelerator/cnn_accelerator/solution1/.autopilot/db/accel_top.tbgen.tcl 
Execute     source C:/Users/PC-CST-A3/Desktop/edge-ai-soc/hls/cnn_accelerator/cnn_accelerator/solution1/.autopilot/db/accel_top.compgen.dataonly.tcl 
Execute     get_config_interface -s_axilite_interrupt_mode 
Execute     source C:/Users/PC-CST-A3/Desktop/edge-ai-soc/hls/cnn_accelerator/cnn_accelerator/solution1/.autopilot/db/accel_top.compgen.dataonly.tcl 
Execute     source C:/Users/PC-CST-A3/Desktop/edge-ai-soc/hls/cnn_accelerator/cnn_accelerator/solution1/.autopilot/db/accel_top.rtl_wrap.cfg.tcl 
Execute     source C:/Users/PC-CST-A3/Desktop/edge-ai-soc/hls/cnn_accelerator/cnn_accelerator/solution1/.autopilot/db/accel_top.compgen.dataonly.tcl 
Execute     get_config_export -format 
Execute     get_config_export -vendor 
Execute     get_config_export -library 
Execute     get_config_export -version 
Execute     get_config_export -ipname 
Execute     get_config_export -taxonomy 
Execute     get_config_export -description 
Execute     get_config_export -display_name 
Execute     source C:/Users/PC-CST-A3/Desktop/edge-ai-soc/hls/cnn_accelerator/cnn_accelerator/solution1/.autopilot/db/accel_top_Pipeline_LOAD_INPUT_H_LOAD_INPUT_W.tbgen.tcl 
Execute     source C:/Users/PC-CST-A3/Desktop/edge-ai-soc/hls/cnn_accelerator/cnn_accelerator/solution1/.autopilot/db/accel_top_Pipeline_LOAD_W_KH_LOAD_W_KW.tbgen.tcl 
Execute     source C:/Users/PC-CST-A3/Desktop/edge-ai-soc/hls/cnn_accelerator/cnn_accelerator/solution1/.autopilot/db/conv_engine_Pipeline_CONV_IC_CONV_KH_CONV_KW.tbgen.tcl 
Execute     source C:/Users/PC-CST-A3/Desktop/edge-ai-soc/hls/cnn_accelerator/cnn_accelerator/solution1/.autopilot/db/conv_engine.tbgen.tcl 
Execute     source C:/Users/PC-CST-A3/Desktop/edge-ai-soc/hls/cnn_accelerator/cnn_accelerator/solution1/.autopilot/db/relu_Pipeline_RELU_ROW_RELU_COL.tbgen.tcl 
Execute     source C:/Users/PC-CST-A3/Desktop/edge-ai-soc/hls/cnn_accelerator/cnn_accelerator/solution1/.autopilot/db/relu.tbgen.tcl 
Execute     source C:/Users/PC-CST-A3/Desktop/edge-ai-soc/hls/cnn_accelerator/cnn_accelerator/solution1/.autopilot/db/maxpool_2x2_Pipeline_POOL_ROW_POOL_COL.tbgen.tcl 
Execute     source C:/Users/PC-CST-A3/Desktop/edge-ai-soc/hls/cnn_accelerator/cnn_accelerator/solution1/.autopilot/db/maxpool_2x2.tbgen.tcl 
Execute     source C:/Users/PC-CST-A3/Desktop/edge-ai-soc/hls/cnn_accelerator/cnn_accelerator/solution1/.autopilot/db/accel_top_Pipeline_STORE_W.tbgen.tcl 
Execute     source C:/Users/PC-CST-A3/Desktop/edge-ai-soc/hls/cnn_accelerator/cnn_accelerator/solution1/.autopilot/db/accel_top.tbgen.tcl 
Execute     source C:/Users/PC-CST-A3/Desktop/edge-ai-soc/hls/cnn_accelerator/cnn_accelerator/solution1/.autopilot/db/global.setting.tcl 
Execute     ap_part_info -name xc7z020-clg484-1 -data names -quiet 
Execute     ap_part_info -name xc7z020-clg484-1 -data info -quiet 
Execute     get_solution -flow_target 
Execute     get_config_rtl -kernel_profile 
Execute     get_config_rtl -kernel_profile 
Execute     get_config_rtl -stall_sig_gen 
Execute     get_config_rtl -profile 
Execute     source C:/Users/PC-CST-A3/Desktop/edge-ai-soc/hls/cnn_accelerator/cnn_accelerator/solution1/.autopilot/db/accel_top.constraint.tcl 
Execute     sc_get_clocks accel_top 
Execute     source C:/Users/PC-CST-A3/Desktop/edge-ai-soc/hls/cnn_accelerator/cnn_accelerator/solution1/.autopilot/db/global.setting.tcl 
Execute     get_config_export -ip_xdc_file 
Execute     get_config_export -ip_xdc_ooc_file 
Execute     get_config_debug -directory 
Execute     get_config_rtl -deadlock_detection 
Execute     source C:/Users/PC-CST-A3/Desktop/edge-ai-soc/hls/cnn_accelerator/cnn_accelerator/solution1/.autopilot/db/global.setting.tcl 
Execute     source C:/Users/PC-CST-A3/Desktop/edge-ai-soc/hls/cnn_accelerator/cnn_accelerator/solution1/.autopilot/db/accel_top.tbgen.tcl 
Execute     get_config_rtl -module_prefix 
INFO-FLOW: DBG:PUTS:       cosim_export_main adding deadlock detection to accel_top
INFO-FLOW: DBG:PUTS:       copy ip_driver_dir 1_0 C:/Users/PC-CST-A3/Desktop/edge-ai-soc/hls/cnn_accelerator/cnn_accelerator/solution1/.autopilot/db/driver
Execute     get_config_export -format 
INFO-FLOW: DBG:PUTS:       generate_ip_script #gSsdmPorts=0 g_lang=vlog is_sdaccel=false is_sdsoc=true xo_file=
Execute     ap_part_info -name xc7z020-clg484-1 -data names -quiet 
Execute     ap_part_info -name xc7z020-clg484-1 -data info -quiet 
Execute     ap_part_info -name xc7z020-clg484-1 -data names -quiet 
Execute     ap_part_info -name xc7z020-clg484-1 -data info -quiet 
Execute     source C:/Users/PC-CST-A3/Desktop/edge-ai-soc/hls/cnn_accelerator/cnn_accelerator/solution1/.autopilot/db/accel_top.tbgen.tcl 
Execute     source C:/Users/PC-CST-A3/Desktop/edge-ai-soc/hls/cnn_accelerator/cnn_accelerator/solution1/.autopilot/db/accel_top.compgen.dataonly.tcl 
Execute     get_config_interface -s_axilite_interrupt_mode 
Execute     source C:/Users/PC-CST-A3/Desktop/edge-ai-soc/hls/cnn_accelerator/cnn_accelerator/solution1/.autopilot/db/accel_top.compgen.dataonly.tcl 
Execute     source C:/Users/PC-CST-A3/Desktop/edge-ai-soc/hls/cnn_accelerator/cnn_accelerator/solution1/.autopilot/db/global.setting.tcl 
Execute     get_config_debug -directory 
INFO-FLOW: DBG:PUTS:       generate_top_info
INFO-FLOW: DBG:PUTS:       prepArgInfo -> loadAnalyze_DB top_module=accel_top
Execute     source C:/Users/PC-CST-A3/Desktop/edge-ai-soc/hls/cnn_accelerator/cnn_accelerator/solution1/.autopilot/db/accel_top.rtl_wrap.cfg.tcl 
Execute     source C:/Users/PC-CST-A3/Desktop/edge-ai-soc/hls/cnn_accelerator/cnn_accelerator/solution1/.autopilot/db/accel_top.rtl_wrap.cfg.tcl 
Execute     source C:/Users/PC-CST-A3/Desktop/edge-ai-soc/hls/cnn_accelerator/cnn_accelerator/solution1/.autopilot/db/accel_top.rtl_wrap.cfg.tcl 
Execute     source C:/Users/PC-CST-A3/Desktop/edge-ai-soc/hls/cnn_accelerator/cnn_accelerator/solution1/.autopilot/db/accel_top.tbgen.tcl 
Execute     source C:/Users/PC-CST-A3/Desktop/edge-ai-soc/hls/cnn_accelerator/cnn_accelerator/solution1/.autopilot/db/accel_top.tbgen.tcl 
Execute     ap_part_info -name xc7z020-clg484-1 -data names -quiet 
Execute     ap_part_info -name xc7z020-clg484-1 -data info -quiet 
Execute     source C:/Users/PC-CST-A3/Desktop/edge-ai-soc/hls/cnn_accelerator/cnn_accelerator/solution1/.autopilot/db/global.setting.tcl 
Execute     ap_part_info -name xc7z020-clg484-1 -data names -quiet 
Execute     ap_part_info -name xc7z020-clg484-1 -data info -quiet 
Execute     ap_part_info -name xc7z020-clg484-1 -data names -quiet 
Execute     ap_part_info -name xc7z020-clg484-1 -data info -quiet 
Execute     source C:/Users/PC-CST-A3/Desktop/edge-ai-soc/hls/cnn_accelerator/cnn_accelerator/solution1/.autopilot/db/accel_top.tbgen.tcl 
Execute     source C:/Users/PC-CST-A3/Desktop/edge-ai-soc/hls/cnn_accelerator/cnn_accelerator/solution1/.autopilot/db/global.setting.tcl 
Execute     get_config_export -ip_xdc_ooc_file 
Execute     get_config_export -ip_xdc_file 
Execute     source C:/Users/PC-CST-A3/Desktop/edge-ai-soc/hls/cnn_accelerator/cnn_accelerator/solution1/.autopilot/db/accel_top.constraint.tcl 
INFO-FLOW: DBG:PUTS:       generate_ipi_example_script
Execute     ap_part_info -name xc7z020-clg484-1 -data names -quiet 
Execute     ap_part_info -name xc7z020-clg484-1 -data info -quiet 
Execute     ap_part_info -name xc7z020-clg484-1 -data names -quiet 
Execute     ap_part_info -name xc7z020-clg484-1 -data info -quiet 
INFO-FLOW: DBG:PUTS:       generate_syn_sh
Execute     ap_part_info -name xc7z020-clg484-1 -data names -quiet 
Execute     ap_part_info -name xc7z020-clg484-1 -data info -quiet 
Execute     source C:/Users/PC-CST-A3/Desktop/edge-ai-soc/hls/cnn_accelerator/cnn_accelerator/solution1/.autopilot/db/global.setting.tcl 
INFO-FLOW: DBG:PUTS:       generate_imp_constraints
Execute     ap_part_info -name xc7z020-clg484-1 -data names -quiet 
Execute     ap_part_info -name xc7z020-clg484-1 -data info -quiet 
Execute     source C:/Users/PC-CST-A3/Desktop/edge-ai-soc/hls/cnn_accelerator/cnn_accelerator/solution1/.autopilot/db/accel_top.constraint.tcl 
Execute     source C:/Users/PC-CST-A3/Desktop/edge-ai-soc/hls/cnn_accelerator/cnn_accelerator/solution1/.autopilot/db/accel_top.tbgen.tcl 
INFO-FLOW: DBG:PUTS:       delete-temp-dirs (skipped for debug)
Execute     ap_part_info -name xc7z020-clg484-1 -data names -quiet 
Execute     ap_part_info -name xc7z020-clg484-1 -data info -quiet 
INFO-FLOW: DBG:PUTS: read_platform_lib C:/Users/PC-CST-A3/Desktop/edge-ai-soc/hls/cnn_accelerator/cnn_accelerator/solution1/.autopilot/db/global.setting.tcl
Execute     source D:/Vitis_HLS/2022.1/common/technology/generic/autopilot/common.gen 
Execute       source D:/Vitis_HLS/2022.1/common/technology/generic/autopilot/APCoreGen.gen 
Execute     source D:/Vitis_HLS/2022.1/common/technology/generic/autopilot/op.gen 
Execute     source D:/Vitis_HLS/2022.1/common/technology/generic/autopilot/op_simcore.gen 
Execute     source D:/Vitis_HLS/2022.1/common/technology/generic/autopilot/interface.gen 
Execute     source C:/Users/PC-CST-A3/Desktop/edge-ai-soc/hls/cnn_accelerator/cnn_accelerator/solution1/.autopilot/db/global.setting.tcl 
Execute     source D:/Vitis_HLS/2022.1/common/technology/xilinx/common/xilinx.gen 
Execute       source D:/Vitis_HLS/2022.1/common/technology/xilinx/interface/plb46.gen 
Execute       source D:/Vitis_HLS/2022.1/common/technology/xilinx/interface/axi4.gen 
Execute       source D:/Vitis_HLS/2022.1/common/technology/xilinx/interface/nativeAXI4.gen 
Execute         source D:/Vitis_HLS/2022.1/common/technology/xilinx/interface/saxilite.gen 
Execute       source D:/Vitis_HLS/2022.1/common/technology/xilinx/scripts/xilinxcoregen.gen 
Execute       source D:/Vitis_HLS/2022.1/common/technology/xilinx/interface/XilEDKCoreGen.gen 
Execute       source D:/Vitis_HLS/2022.1/common/technology/xilinx/ip/dds_compiler.gen 
Execute       source D:/Vitis_HLS/2022.1/common/technology/xilinx/ip/util.gen 
Execute       source D:/Vitis_HLS/2022.1/common/technology/xilinx/ip/xfft.gen 
Execute       source D:/Vitis_HLS/2022.1/common/technology/xilinx/ip/xfir.gen 
Execute       source D:/Vitis_HLS/2022.1/common/technology/xilinx/DSP48/dsp48.gen 
INFO-FLOW: DBG:PUTS:     IP package: exec C:/Users/PC-CST-A3/Desktop/edge-ai-soc/hls/cnn_accelerator/cnn_accelerator/solution1/impl/ip/pack.bat
INFO-FLOW: DBG:PUTS:     IP package: success C:/Users/PC-CST-A3/Desktop/edge-ai-soc/hls/cnn_accelerator/cnn_accelerator/solution1/impl/ip/pack.bat
Execute     get_config_export -output 
Execute     send_msg_by_id INFO @200-802@%s cnn_accelerator/solution1/impl/export.zip 
INFO: [HLS 200-802] Generated output file cnn_accelerator/solution1/impl/export.zip
Command   export_design done; 28.205 sec.
INFO: [HLS 200-111] Finished Command export_design CPU user time: 3 seconds. CPU system time: 0 seconds. Elapsed time: 28.206 seconds; current allocated memory: 590.977 MB.
Command ap_source done; 34.327 sec.
Execute cleanup_all 
