

================================================================
== Vitis HLS Report for 'conv_engine_Pipeline_CONV_IC_CONV_KH_CONV_KW'
================================================================
* Date:           Fri Aug 21 20:16:10 2026

* Version:        2022.1 (Build 3526262 on Mon Apr 18 15:48:16 MDT 2022)
* Project:        cnn_accelerator
* Solution:       solution1 (Vivado IP Flow Target)
* Product family: zynq
* Target device:  xc7z020-clg484-1


================================================================
== Performance Estimates
================================================================
+ Timing: 
    * Summary: 
    +--------+----------+----------+------------+
    |  Clock |  Target  | Estimated| Uncertainty|
    +--------+----------+----------+------------+
    |ap_clk  |  10.00 ns|  8.639 ns|     1.25 ns|
    +--------+----------+----------+------------+

+ Latency: 
    * Summary: 
    +---------+---------+----------+----------+-----+-----+---------+
    |  Latency (cycles) |  Latency (absolute) |  Interval | Pipeline|
    |   min   |   max   |    min   |    max   | min | max |   Type  |
    +---------+---------+----------+----------+-----+-----+---------+
    |        ?|        ?|         ?|         ?|    ?|    ?|       no|
    +---------+---------+----------+----------+-----+-----+---------+

    + Detail: 
        * Instance: 
        N/A

        * Loop: 
        +---------------------------+---------+---------+----------+-----------+-----------+------+----------+
        |                           |  Latency (cycles) | Iteration|  Initiation Interval  | Trip |          |
        |         Loop Name         |   min   |   max   |  Latency |  achieved |   target  | Count| Pipelined|
        +---------------------------+---------+---------+----------+-----------+-----------+------+----------+
        |- CONV_IC_CONV_KH_CONV_KW  |        ?|        ?|         7|          1|          1|     ?|       yes|
        +---------------------------+---------+---------+----------+-----------+-----------+------+----------+

============================================================
+ Verbose Summary: Synthesis Manager
============================================================
InlineROM: 1
ExposeGlobal: 0
============================================================
+ Verbose Summary: CDFG Model
============================================================
IsTopModel: 0
ResetActiveHigh: 1
IsCombinational: 0
IsDatapathOnly: 0
HasWiredReturn: 1
HasMFsm: 2
HasVarLatency: 1
IsPipeline: 0
IsRtlPipelined: 0
IsInstanceOverlapped: 0
IsDontTouch: 0
HasImplIP: 0
IsGatedGlobalClock: 0

+ Individual pipeline summary: 
  * Pipeline-0: initiation interval (II) = 1, depth = 8


============================================================
+ Verbose Summary: Schedule
============================================================
* Number of FSM states : 8
* Pipeline : 1
  Pipeline-0 : II = 1, D = 8, States = { 1 2 3 4 5 6 7 8 }
* Dataflow Pipeline: 0

* FSM state transitions: 
1 --> 2 
2 --> 3 
3 --> 4 
4 --> 5 
5 --> 6 
6 --> 7 
7 --> 8 
8 --> 

* FSM state operations: 

State 1 <SV = 0> <Delay = 1.58>
ST_1 : Operation 10 [1/1] (0.00ns)   --->   "%sum_V_1 = alloca i32 1"   --->   Operation 10 'alloca' 'sum_V_1' <Predicate = true> <Delay = 0.00>
ST_1 : Operation 11 [1/1] (0.00ns)   --->   "%kw = alloca i32 1"   --->   Operation 11 'alloca' 'kw' <Predicate = true> <Delay = 0.00>
ST_1 : Operation 12 [1/1] (0.00ns)   --->   "%kh = alloca i32 1"   --->   Operation 12 'alloca' 'kh' <Predicate = true> <Delay = 0.00>
ST_1 : Operation 13 [1/1] (0.00ns)   --->   "%indvar_flatten = alloca i32 1"   --->   Operation 13 'alloca' 'indvar_flatten' <Predicate = true> <Delay = 0.00>
ST_1 : Operation 14 [1/1] (0.00ns)   --->   "%ic = alloca i32 1"   --->   Operation 14 'alloca' 'ic' <Predicate = true> <Delay = 0.00>
ST_1 : Operation 15 [1/1] (0.00ns)   --->   "%indvar_flatten27 = alloca i32 1"   --->   Operation 15 'alloca' 'indvar_flatten27' <Predicate = true> <Delay = 0.00>
ST_1 : Operation 16 [1/1] (0.00ns)   --->   "%sext_ln36_read = read i32 @_ssdm_op_Read.ap_auto.i32, i32 %sext_ln36"   --->   Operation 16 'read' 'sext_ln36_read' <Predicate = true> <Delay = 0.00>
ST_1 : Operation 17 [1/1] (0.00ns)   --->   "%sext_ln43_read = read i32 @_ssdm_op_Read.ap_auto.i32, i32 %sext_ln43"   --->   Operation 17 'read' 'sext_ln43_read' <Predicate = true> <Delay = 0.00>
ST_1 : Operation 18 [1/1] (0.00ns)   --->   "%icmp_ln48_1_read = read i1 @_ssdm_op_Read.ap_auto.i1, i1 %icmp_ln48_1"   --->   Operation 18 'read' 'icmp_ln48_1_read' <Predicate = true> <Delay = 0.00>
ST_1 : Operation 19 [1/1] (0.00ns)   --->   "%kernel_size_read = read i32 @_ssdm_op_Read.ap_auto.i32, i32 %kernel_size"   --->   Operation 19 'read' 'kernel_size_read' <Predicate = true> <Delay = 0.00>
ST_1 : Operation 20 [1/1] (0.00ns)   --->   "%and_ln52_3_read = read i1 @_ssdm_op_Read.ap_auto.i1, i1 %and_ln52_3"   --->   Operation 20 'read' 'and_ln52_3_read' <Predicate = true> <Delay = 0.00>
ST_1 : Operation 21 [1/1] (0.00ns)   --->   "%bound_read = read i64 @_ssdm_op_Read.ap_auto.i64, i64 %bound"   --->   Operation 21 'read' 'bound_read' <Predicate = true> <Delay = 0.00>
ST_1 : Operation 22 [1/1] (0.00ns)   --->   "%bound4_read = read i96 @_ssdm_op_Read.ap_auto.i96, i96 %bound4"   --->   Operation 22 'read' 'bound4_read' <Predicate = true> <Delay = 0.00>
ST_1 : Operation 23 [1/1] (0.00ns)   --->   "%sext_ln36_1_read = read i32 @_ssdm_op_Read.ap_auto.i32, i32 %sext_ln36_1"   --->   Operation 23 'read' 'sext_ln36_1_read' <Predicate = true> <Delay = 0.00>
ST_1 : Operation 24 [1/1] (0.00ns)   --->   "%sext_ln36_2_read = read i32 @_ssdm_op_Read.ap_auto.i32, i32 %sext_ln36_2"   --->   Operation 24 'read' 'sext_ln36_2_read' <Predicate = true> <Delay = 0.00>
ST_1 : Operation 25 [1/1] (0.00ns)   --->   "%bias_read = read i32 @_ssdm_op_Read.ap_auto.i32, i32 %bias"   --->   Operation 25 'read' 'bias_read' <Predicate = true> <Delay = 0.00>
ST_1 : Operation 26 [1/1] (0.00ns)   --->   "%sext_ln36_cast = sext i32 %sext_ln36_read"   --->   Operation 26 'sext' 'sext_ln36_cast' <Predicate = true> <Delay = 0.00>
ST_1 : Operation 27 [1/1] (0.00ns)   --->   "%sext_ln43_cast = sext i32 %sext_ln43_read"   --->   Operation 27 'sext' 'sext_ln43_cast' <Predicate = true> <Delay = 0.00>
ST_1 : Operation 28 [1/1] (0.00ns)   --->   "%sext_ln36_1_cast = sext i32 %sext_ln36_1_read"   --->   Operation 28 'sext' 'sext_ln36_1_cast' <Predicate = true> <Delay = 0.00>
ST_1 : Operation 29 [1/1] (0.00ns)   --->   "%sext_ln36_2_cast = sext i32 %sext_ln36_2_read"   --->   Operation 29 'sext' 'sext_ln36_2_cast' <Predicate = true> <Delay = 0.00>
ST_1 : Operation 30 [1/1] (0.00ns)   --->   "%specmemcore_ln0 = specmemcore void @_ssdm_op_SpecMemCore, i8 %input_r, i64 666, i64 22, i64 18446744073709551615"   --->   Operation 30 'specmemcore' 'specmemcore_ln0' <Predicate = true> <Delay = 0.00>
ST_1 : Operation 31 [1/1] (0.00ns)   --->   "%specmemcore_ln0 = specmemcore void @_ssdm_op_SpecMemCore, i8 %weights, i64 666, i64 22, i64 18446744073709551615"   --->   Operation 31 'specmemcore' 'specmemcore_ln0' <Predicate = true> <Delay = 0.00>
ST_1 : Operation 32 [1/1] (1.58ns)   --->   "%store_ln0 = store i96 0, i96 %indvar_flatten27"   --->   Operation 32 'store' 'store_ln0' <Predicate = true> <Delay = 1.58>
ST_1 : Operation 33 [1/1] (1.58ns)   --->   "%store_ln0 = store i32 0, i32 %ic"   --->   Operation 33 'store' 'store_ln0' <Predicate = true> <Delay = 1.58>
ST_1 : Operation 34 [1/1] (1.58ns)   --->   "%store_ln0 = store i64 0, i64 %indvar_flatten"   --->   Operation 34 'store' 'store_ln0' <Predicate = true> <Delay = 1.58>
ST_1 : Operation 35 [1/1] (1.58ns)   --->   "%store_ln0 = store i32 0, i32 %kh"   --->   Operation 35 'store' 'store_ln0' <Predicate = true> <Delay = 1.58>
ST_1 : Operation 36 [1/1] (1.58ns)   --->   "%store_ln0 = store i32 0, i32 %kw"   --->   Operation 36 'store' 'store_ln0' <Predicate = true> <Delay = 1.58>
ST_1 : Operation 37 [1/1] (1.58ns)   --->   "%store_ln0 = store i32 %bias_read, i32 %sum_V_1"   --->   Operation 37 'store' 'store_ln0' <Predicate = true> <Delay = 1.58>
ST_1 : Operation 38 [1/1] (0.00ns)   --->   "%br_ln0 = br void %for.body29"   --->   Operation 38 'br' 'br_ln0' <Predicate = true> <Delay = 0.00>

State 2 <SV = 1> <Delay = 6.58>
ST_2 : Operation 39 [1/1] (0.00ns)   --->   "%indvar_flatten27_load = load i96 %indvar_flatten27" [src/conv_engine.cpp:43]   --->   Operation 39 'load' 'indvar_flatten27_load' <Predicate = true> <Delay = 0.00>
ST_2 : Operation 40 [1/1] (3.12ns)   --->   "%icmp_ln43 = icmp_eq  i96 %indvar_flatten27_load, i96 %bound4_read" [src/conv_engine.cpp:43]   --->   Operation 40 'icmp' 'icmp_ln43' <Predicate = true> <Delay = 3.12> <CoreInst = "Cmp">   --->   Core 9 'Cmp' <Latency = 0> <II = 1> <Delay = 3.12> <FuncUnit> <Opcode : 'icmp'> <InPorts = 2> <OutPorts = 1>
ST_2 : Operation 41 [1/1] (4.43ns)   --->   "%add_ln43_1 = add i96 %indvar_flatten27_load, i96 1" [src/conv_engine.cpp:43]   --->   Operation 41 'add' 'add_ln43_1' <Predicate = true> <Delay = 4.43> <CoreInst = "Adder">   --->   Core 1 'Adder' <Latency = 0> <II = 1> <Delay = 4.43> <FuncUnit> <Opcode : 'add' 'sub'> <InPorts = 2> <OutPorts = 1>
ST_2 : Operation 42 [1/1] (0.00ns)   --->   "%br_ln43 = br i1 %icmp_ln43, void %for.inc50.loopexit, void %for.inc57.loopexit.exitStub" [src/conv_engine.cpp:43]   --->   Operation 42 'br' 'br_ln43' <Predicate = true> <Delay = 0.00>
ST_2 : Operation 43 [1/1] (0.00ns)   --->   "%indvar_flatten_load = load i64 %indvar_flatten" [src/conv_engine.cpp:44]   --->   Operation 43 'load' 'indvar_flatten_load' <Predicate = (!icmp_ln43)> <Delay = 0.00>
ST_2 : Operation 44 [1/1] (2.77ns)   --->   "%icmp_ln44 = icmp_eq  i64 %indvar_flatten_load, i64 %bound_read" [src/conv_engine.cpp:44]   --->   Operation 44 'icmp' 'icmp_ln44' <Predicate = (!icmp_ln43)> <Delay = 2.77> <CoreInst = "Cmp">   --->   Core 9 'Cmp' <Latency = 0> <II = 1> <Delay = 2.77> <FuncUnit> <Opcode : 'icmp'> <InPorts = 2> <OutPorts = 1>
ST_2 : Operation 45 [1/1] (3.52ns)   --->   "%add_ln44_1 = add i64 %indvar_flatten_load, i64 1" [src/conv_engine.cpp:44]   --->   Operation 45 'add' 'add_ln44_1' <Predicate = (!icmp_ln43)> <Delay = 3.52> <CoreInst = "Adder">   --->   Core 1 'Adder' <Latency = 0> <II = 1> <Delay = 3.52> <FuncUnit> <Opcode : 'add' 'sub'> <InPorts = 2> <OutPorts = 1>
ST_2 : Operation 46 [1/1] (1.48ns)   --->   "%select_ln44_4 = select i1 %icmp_ln44, i64 1, i64 %add_ln44_1" [src/conv_engine.cpp:44]   --->   Operation 46 'select' 'select_ln44_4' <Predicate = (!icmp_ln43)> <Delay = 1.48> <CoreInst = "Sel">   --->   Core 73 'Sel' <Latency = 0> <II = 1> <Delay = 1.48> <FuncUnit> <Opcode : 'select'> <InPorts = 3> <OutPorts = 1>
ST_2 : Operation 47 [1/1] (1.58ns)   --->   "%store_ln48 = store i96 %add_ln43_1, i96 %indvar_flatten27" [src/conv_engine.cpp:48]   --->   Operation 47 'store' 'store_ln48' <Predicate = (!icmp_ln43)> <Delay = 1.58>
ST_2 : Operation 48 [1/1] (1.58ns)   --->   "%store_ln48 = store i64 %select_ln44_4, i64 %indvar_flatten" [src/conv_engine.cpp:48]   --->   Operation 48 'store' 'store_ln48' <Predicate = (!icmp_ln43)> <Delay = 1.58>

State 3 <SV = 2> <Delay = 8.63>
ST_3 : Operation 49 [1/1] (0.00ns)   --->   "%kh_1 = load i32 %kh" [src/conv_engine.cpp:44]   --->   Operation 49 'load' 'kh_1' <Predicate = true> <Delay = 0.00>
ST_3 : Operation 50 [1/1] (0.00ns)   --->   "%zext_ln44 = zext i32 %kh_1" [src/conv_engine.cpp:44]   --->   Operation 50 'zext' 'zext_ln44' <Predicate = true> <Delay = 0.00>
ST_3 : Operation 51 [1/1] (2.55ns)   --->   "%add_ln45 = add i34 %zext_ln44, i34 %sext_ln36_2_cast" [src/conv_engine.cpp:45]   --->   Operation 51 'add' 'add_ln45' <Predicate = true> <Delay = 2.55> <CoreInst = "Adder">   --->   Core 1 'Adder' <Latency = 0> <II = 1> <Delay = 2.55> <FuncUnit> <Opcode : 'add' 'sub'> <InPorts = 2> <OutPorts = 1>
ST_3 : Operation 52 [1/1] (0.00ns) (grouped into LUT with out node and_ln52)   --->   "%tmp = bitselect i1 @_ssdm_op_BitSelect.i1.i34.i32, i34 %add_ln45, i32 33" [src/conv_engine.cpp:46]   --->   Operation 52 'bitselect' 'tmp' <Predicate = (!icmp_ln44)> <Delay = 0.00>
ST_3 : Operation 53 [1/1] (0.00ns) (grouped into LUT with out node and_ln52)   --->   "%xor_ln46 = xor i1 %tmp, i1 1" [src/conv_engine.cpp:46]   --->   Operation 53 'xor' 'xor_ln46' <Predicate = (!icmp_ln44)> <Delay = 0.00> <CoreInst = "LogicGate">   --->   Core 74 'LogicGate' <Latency = 0> <II = 1> <Delay = 0.97> <FuncUnit> <Opcode : 'and' 'or' 'xor'> <InPorts = 2> <OutPorts = 1>
ST_3 : Operation 54 [1/1] (2.48ns)   --->   "%icmp_ln46 = icmp_slt  i34 %add_ln45, i34 %sext_ln36_1_cast" [src/conv_engine.cpp:46]   --->   Operation 54 'icmp' 'icmp_ln46' <Predicate = (!icmp_ln44)> <Delay = 2.48> <CoreInst = "Cmp">   --->   Core 9 'Cmp' <Latency = 0> <II = 1> <Delay = 2.48> <FuncUnit> <Opcode : 'icmp'> <InPorts = 2> <OutPorts = 1>
ST_3 : Operation 55 [1/1] (0.97ns) (out node of the LUT)   --->   "%and_ln52 = and i1 %icmp_ln46, i1 %xor_ln46" [src/conv_engine.cpp:52]   --->   Operation 55 'and' 'and_ln52' <Predicate = (!icmp_ln44)> <Delay = 0.97> <CoreInst = "LogicGate">   --->   Core 74 'LogicGate' <Latency = 0> <II = 1> <Delay = 0.97> <FuncUnit> <Opcode : 'and' 'or' 'xor'> <InPorts = 2> <OutPorts = 1>
ST_3 : Operation 56 [1/1] (0.00ns)   --->   "%kw_load = load i32 %kw" [src/conv_engine.cpp:48]   --->   Operation 56 'load' 'kw_load' <Predicate = (!icmp_ln43)> <Delay = 0.00>
ST_3 : Operation 57 [1/1] (0.00ns)   --->   "%ic_load = load i32 %ic" [src/conv_engine.cpp:43]   --->   Operation 57 'load' 'ic_load' <Predicate = (!icmp_ln43)> <Delay = 0.00>
ST_3 : Operation 58 [1/1] (2.55ns)   --->   "%add_ln43 = add i32 %ic_load, i32 1" [src/conv_engine.cpp:43]   --->   Operation 58 'add' 'add_ln43' <Predicate = (!icmp_ln43 & icmp_ln44)> <Delay = 2.55> <CoreInst = "Adder">   --->   Core 1 'Adder' <Latency = 0> <II = 1> <Delay = 2.55> <FuncUnit> <Opcode : 'add' 'sub'> <InPorts = 2> <OutPorts = 1>
ST_3 : Operation 59 [1/1] (0.69ns)   --->   "%select_ln43 = select i1 %icmp_ln44, i32 0, i32 %kh_1" [src/conv_engine.cpp:43]   --->   Operation 59 'select' 'select_ln43' <Predicate = (!icmp_ln43)> <Delay = 0.69> <CoreInst = "Sel">   --->   Core 73 'Sel' <Latency = 0> <II = 1> <Delay = 0.69> <FuncUnit> <Opcode : 'select'> <InPorts = 3> <OutPorts = 1>
ST_3 : Operation 60 [1/1] (0.69ns)   --->   "%select_ln43_1 = select i1 %icmp_ln44, i32 %add_ln43, i32 %ic_load" [src/conv_engine.cpp:43]   --->   Operation 60 'select' 'select_ln43_1' <Predicate = (!icmp_ln43)> <Delay = 0.69> <CoreInst = "Sel">   --->   Core 73 'Sel' <Latency = 0> <II = 1> <Delay = 0.69> <FuncUnit> <Opcode : 'select'> <InPorts = 3> <OutPorts = 1>
ST_3 : Operation 61 [1/1] (0.00ns)   --->   "%zext_ln54 = zext i32 %select_ln43_1" [src/conv_engine.cpp:54]   --->   Operation 61 'zext' 'zext_ln54' <Predicate = (!icmp_ln43)> <Delay = 0.00>
ST_3 : Operation 62 [1/1] (0.00ns) (grouped into LUT with out node add_ln54)   --->   "%trunc_ln54 = trunc i32 %select_ln43_1" [src/conv_engine.cpp:54]   --->   Operation 62 'trunc' 'trunc_ln54' <Predicate = (!icmp_ln43)> <Delay = 0.00>
ST_3 : Operation 63 [1/1] (0.00ns) (grouped into LUT with out node add_ln54)   --->   "%tmp_5_cast = bitconcatenate i11 @_ssdm_op_BitConcatenate.i11.i6.i5, i6 %trunc_ln54, i5 0" [src/conv_engine.cpp:54]   --->   Operation 63 'bitconcatenate' 'tmp_5_cast' <Predicate = (!icmp_ln43)> <Delay = 0.00>
ST_3 : Operation 64 [1/1] (0.00ns)   --->   "%tmp_6 = bitconcatenate i35 @_ssdm_op_BitConcatenate.i35.i32.i3, i32 %select_ln43_1, i3 0" [src/conv_engine.cpp:55]   --->   Operation 64 'bitconcatenate' 'tmp_6' <Predicate = (!icmp_ln43)> <Delay = 0.00>
ST_3 : Operation 65 [1/1] (0.00ns)   --->   "%zext_ln55 = zext i35 %tmp_6" [src/conv_engine.cpp:55]   --->   Operation 65 'zext' 'zext_ln55' <Predicate = (!icmp_ln43)> <Delay = 0.00>
ST_3 : Operation 66 [1/1] (2.67ns)   --->   "%sub_ln55 = sub i36 %zext_ln55, i36 %zext_ln54" [src/conv_engine.cpp:55]   --->   Operation 66 'sub' 'sub_ln55' <Predicate = (!icmp_ln43)> <Delay = 2.67> <CoreInst = "Adder">   --->   Core 1 'Adder' <Latency = 0> <II = 1> <Delay = 2.67> <FuncUnit> <Opcode : 'add' 'sub'> <InPorts = 2> <OutPorts = 1>
ST_3 : Operation 67 [1/1] (0.00ns)   --->   "%sext_ln43_1 = sext i36 %sub_ln55" [src/conv_engine.cpp:43]   --->   Operation 67 'sext' 'sext_ln43_1' <Predicate = (!icmp_ln43)> <Delay = 0.00>
ST_3 : Operation 68 [1/1] (2.47ns)   --->   "%icmp_ln48 = icmp_eq  i32 %kw_load, i32 %kernel_size_read" [src/conv_engine.cpp:48]   --->   Operation 68 'icmp' 'icmp_ln48' <Predicate = (!icmp_ln43 & !icmp_ln44)> <Delay = 2.47> <CoreInst = "Cmp">   --->   Core 9 'Cmp' <Latency = 0> <II = 1> <Delay = 2.47> <FuncUnit> <Opcode : 'icmp'> <InPorts = 2> <OutPorts = 1>
ST_3 : Operation 69 [1/1] (0.99ns)   --->   "%select_ln43_3 = select i1 %icmp_ln44, i1 %icmp_ln48_1_read, i1 %icmp_ln48" [src/conv_engine.cpp:43]   --->   Operation 69 'select' 'select_ln43_3' <Predicate = (!icmp_ln43)> <Delay = 0.99> <CoreInst = "Sel">   --->   Core 73 'Sel' <Latency = 0> <II = 1> <Delay = 0.99> <FuncUnit> <Opcode : 'select'> <InPorts = 3> <OutPorts = 1>
ST_3 : Operation 70 [1/1] (2.55ns)   --->   "%add_ln44 = add i32 %select_ln43, i32 1" [src/conv_engine.cpp:44]   --->   Operation 70 'add' 'add_ln44' <Predicate = (!icmp_ln43)> <Delay = 2.55> <CoreInst = "Adder">   --->   Core 1 'Adder' <Latency = 0> <II = 1> <Delay = 2.55> <FuncUnit> <Opcode : 'add' 'sub'> <InPorts = 2> <OutPorts = 1>
ST_3 : Operation 71 [1/1] (0.00ns) (grouped into LUT with out node select_ln44)   --->   "%or_ln44 = or i1 %select_ln43_3, i1 %icmp_ln44" [src/conv_engine.cpp:44]   --->   Operation 71 'or' 'or_ln44' <Predicate = (!icmp_ln43)> <Delay = 0.00> <CoreInst = "LogicGate">   --->   Core 74 'LogicGate' <Latency = 0> <II = 1> <Delay = 0.97> <FuncUnit> <Opcode : 'and' 'or' 'xor'> <InPorts = 2> <OutPorts = 1>
ST_3 : Operation 72 [1/1] (0.97ns) (out node of the LUT)   --->   "%select_ln44 = select i1 %or_ln44, i32 0, i32 %kw_load" [src/conv_engine.cpp:44]   --->   Operation 72 'select' 'select_ln44' <Predicate = (!icmp_ln43)> <Delay = 0.97> <CoreInst = "Sel">   --->   Core 73 'Sel' <Latency = 0> <II = 1> <Delay = 0.69> <FuncUnit> <Opcode : 'select'> <InPorts = 3> <OutPorts = 1>
ST_3 : Operation 73 [1/1] (0.69ns)   --->   "%select_ln44_1 = select i1 %select_ln43_3, i32 %add_ln44, i32 %select_ln43" [src/conv_engine.cpp:44]   --->   Operation 73 'select' 'select_ln44_1' <Predicate = (!icmp_ln43)> <Delay = 0.69> <CoreInst = "Sel">   --->   Core 73 'Sel' <Latency = 0> <II = 1> <Delay = 0.69> <FuncUnit> <Opcode : 'select'> <InPorts = 3> <OutPorts = 1>
ST_3 : Operation 74 [1/1] (0.00ns)   --->   "%zext_ln55_1 = zext i32 %select_ln44_1" [src/conv_engine.cpp:55]   --->   Operation 74 'zext' 'zext_ln55_1' <Predicate = (!icmp_ln43)> <Delay = 0.00>
ST_3 : Operation 75 [1/1] (2.71ns)   --->   "%add_ln55 = add i37 %sext_ln43_1, i37 %zext_ln55_1" [src/conv_engine.cpp:55]   --->   Operation 75 'add' 'add_ln55' <Predicate = (!icmp_ln43)> <Delay = 2.71> <CoreInst = "Adder">   --->   Core 1 'Adder' <Latency = 0> <II = 1> <Delay = 2.71> <FuncUnit> <Opcode : 'add' 'sub'> <InPorts = 2> <OutPorts = 1>
ST_3 : Operation 76 [1/1] (0.00ns)   --->   "%trunc_ln55 = trunc i37 %add_ln55" [src/conv_engine.cpp:55]   --->   Operation 76 'trunc' 'trunc_ln55' <Predicate = (!icmp_ln43)> <Delay = 0.00>
ST_3 : Operation 77 [1/1] (0.00ns)   --->   "%trunc_ln55_1 = trunc i37 %add_ln55" [src/conv_engine.cpp:55]   --->   Operation 77 'trunc' 'trunc_ln55_1' <Predicate = (!icmp_ln43)> <Delay = 0.00>
ST_3 : Operation 78 [1/1] (0.00ns)   --->   "%zext_ln44_1 = zext i32 %add_ln44" [src/conv_engine.cpp:44]   --->   Operation 78 'zext' 'zext_ln44_1' <Predicate = (!icmp_ln43)> <Delay = 0.00>
ST_3 : Operation 79 [1/1] (2.55ns)   --->   "%add_ln45_1 = add i34 %zext_ln44_1, i34 %sext_ln36_2_cast" [src/conv_engine.cpp:45]   --->   Operation 79 'add' 'add_ln45_1' <Predicate = (!icmp_ln43)> <Delay = 2.55> <CoreInst = "Adder">   --->   Core 1 'Adder' <Latency = 0> <II = 1> <Delay = 2.55> <FuncUnit> <Opcode : 'add' 'sub'> <InPorts = 2> <OutPorts = 1>
ST_3 : Operation 80 [1/1] (0.00ns) (grouped into LUT with out node add_ln54)   --->   "%trunc_ln54_1 = trunc i34 %add_ln45_1" [src/conv_engine.cpp:54]   --->   Operation 80 'trunc' 'trunc_ln54_1' <Predicate = (!icmp_ln43)> <Delay = 0.00>
ST_3 : Operation 81 [1/1] (0.00ns) (grouped into LUT with out node add_ln54)   --->   "%trunc_ln54_2 = trunc i32 %sext_ln36_2_read" [src/conv_engine.cpp:54]   --->   Operation 81 'trunc' 'trunc_ln54_2' <Predicate = (!icmp_ln43 & icmp_ln44)> <Delay = 0.00>
ST_3 : Operation 82 [1/1] (0.00ns) (grouped into LUT with out node add_ln54)   --->   "%trunc_ln54_3 = trunc i34 %add_ln45" [src/conv_engine.cpp:54]   --->   Operation 82 'trunc' 'trunc_ln54_3' <Predicate = (!icmp_ln43 & !icmp_ln44)> <Delay = 0.00>
ST_3 : Operation 83 [1/1] (0.00ns) (grouped into LUT with out node add_ln54)   --->   "%select_ln43_4 = select i1 %icmp_ln44, i11 %trunc_ln54_2, i11 %trunc_ln54_3" [src/conv_engine.cpp:43]   --->   Operation 83 'select' 'select_ln43_4' <Predicate = (!icmp_ln43)> <Delay = 0.00> <CoreInst = "Sel">   --->   Core 73 'Sel' <Latency = 0> <II = 1> <Delay = 0.69> <FuncUnit> <Opcode : 'select'> <InPorts = 3> <OutPorts = 1>
ST_3 : Operation 84 [1/1] (0.00ns) (grouped into LUT with out node add_ln54)   --->   "%select_ln44_2 = select i1 %select_ln43_3, i11 %trunc_ln54_1, i11 %select_ln43_4" [src/conv_engine.cpp:44]   --->   Operation 84 'select' 'select_ln44_2' <Predicate = (!icmp_ln43)> <Delay = 0.00> <CoreInst = "Sel">   --->   Core 73 'Sel' <Latency = 0> <II = 1> <Delay = 0.69> <FuncUnit> <Opcode : 'select'> <InPorts = 3> <OutPorts = 1>
ST_3 : Operation 85 [1/1] (1.63ns) (out node of the LUT)   --->   "%add_ln54 = add i11 %tmp_5_cast, i11 %select_ln44_2" [src/conv_engine.cpp:54]   --->   Operation 85 'add' 'add_ln54' <Predicate = (!icmp_ln43)> <Delay = 1.63> <CoreInst = "Adder">   --->   Core 1 'Adder' <Latency = 0> <II = 1> <Delay = 1.63> <FuncUnit> <Opcode : 'add' 'sub'> <InPorts = 2> <OutPorts = 1>
ST_3 : Operation 86 [1/1] (2.48ns)   --->   "%icmp_ln46_1 = icmp_slt  i34 %add_ln45_1, i34 %sext_ln36_1_cast" [src/conv_engine.cpp:46]   --->   Operation 86 'icmp' 'icmp_ln46_1' <Predicate = (!icmp_ln43)> <Delay = 2.48> <CoreInst = "Cmp">   --->   Core 9 'Cmp' <Latency = 0> <II = 1> <Delay = 2.48> <FuncUnit> <Opcode : 'icmp'> <InPorts = 2> <OutPorts = 1>
ST_3 : Operation 87 [1/1] (0.00ns)   --->   "%trunc_ln55_2 = trunc i32 %select_ln44" [src/conv_engine.cpp:55]   --->   Operation 87 'trunc' 'trunc_ln55_2' <Predicate = (!icmp_ln43)> <Delay = 0.00>
ST_3 : Operation 88 [1/1] (2.55ns)   --->   "%add_ln48 = add i32 %select_ln44, i32 1" [src/conv_engine.cpp:48]   --->   Operation 88 'add' 'add_ln48' <Predicate = (!icmp_ln43)> <Delay = 2.55> <CoreInst = "Adder">   --->   Core 1 'Adder' <Latency = 0> <II = 1> <Delay = 2.55> <FuncUnit> <Opcode : 'add' 'sub'> <InPorts = 2> <OutPorts = 1>
ST_3 : Operation 89 [1/1] (1.58ns)   --->   "%store_ln48 = store i32 %select_ln43_1, i32 %ic" [src/conv_engine.cpp:48]   --->   Operation 89 'store' 'store_ln48' <Predicate = (!icmp_ln43)> <Delay = 1.58>
ST_3 : Operation 90 [1/1] (1.58ns)   --->   "%store_ln48 = store i32 %select_ln44_1, i32 %kh" [src/conv_engine.cpp:48]   --->   Operation 90 'store' 'store_ln48' <Predicate = (!icmp_ln43)> <Delay = 1.58>
ST_3 : Operation 91 [1/1] (1.58ns)   --->   "%store_ln48 = store i32 %add_ln48, i32 %kw" [src/conv_engine.cpp:48]   --->   Operation 91 'store' 'store_ln48' <Predicate = (!icmp_ln43)> <Delay = 1.58>

State 4 <SV = 3> <Delay = 7.88>
ST_4 : Operation 92 [1/1] (0.00ns) (grouped into LUT with out node select_ln44_3)   --->   "%select_ln43_2 = select i1 %icmp_ln44, i1 %and_ln52_3_read, i1 %and_ln52" [src/conv_engine.cpp:43]   --->   Operation 92 'select' 'select_ln43_2' <Predicate = (!select_ln43_3)> <Delay = 0.00> <CoreInst = "Sel">   --->   Core 73 'Sel' <Latency = 0> <II = 1> <Delay = 0.99> <FuncUnit> <Opcode : 'select'> <InPorts = 3> <OutPorts = 1>
ST_4 : Operation 93 [1/1] (0.00ns)   --->   "%p_shl = bitconcatenate i12 @_ssdm_op_BitConcatenate.i12.i9.i3, i9 %trunc_ln55_1, i3 0" [src/conv_engine.cpp:55]   --->   Operation 93 'bitconcatenate' 'p_shl' <Predicate = true> <Delay = 0.00>
ST_4 : Operation 94 [1/1] (0.00ns) (grouped into TernaryAdder)   --->   "%sub_ln55_1 = sub i12 %p_shl, i12 %trunc_ln55" [src/conv_engine.cpp:55]   --->   Operation 94 'sub' 'sub_ln55_1' <Predicate = true> <Delay = 0.00> <CoreInst = "TAddSub">   --->   Core 10 'TAddSub' <Latency = 0> <II = 1> <Delay = 1.89> <IPBlock> <Opcode : 'add' 'sub'> <InPorts = 3> <OutPorts = 1> <Sync> <CReg>
ST_4 : Operation 95 [1/1] (0.00ns)   --->   "%tmp_9 = bitconcatenate i16 @_ssdm_op_BitConcatenate.i16.i11.i5, i11 %add_ln54, i5 0" [src/conv_engine.cpp:54]   --->   Operation 95 'bitconcatenate' 'tmp_9' <Predicate = true> <Delay = 0.00>
ST_4 : Operation 96 [1/1] (0.00ns) (grouped into LUT with out node select_ln44_3)   --->   "%tmp_5 = bitselect i1 @_ssdm_op_BitSelect.i1.i34.i32, i34 %add_ln45_1, i32 33" [src/conv_engine.cpp:46]   --->   Operation 96 'bitselect' 'tmp_5' <Predicate = (select_ln43_3)> <Delay = 0.00>
ST_4 : Operation 97 [1/1] (0.00ns) (grouped into LUT with out node select_ln44_3)   --->   "%xor_ln46_1 = xor i1 %tmp_5, i1 1" [src/conv_engine.cpp:46]   --->   Operation 97 'xor' 'xor_ln46_1' <Predicate = (select_ln43_3)> <Delay = 0.00> <CoreInst = "LogicGate">   --->   Core 74 'LogicGate' <Latency = 0> <II = 1> <Delay = 0.97> <FuncUnit> <Opcode : 'and' 'or' 'xor'> <InPorts = 2> <OutPorts = 1>
ST_4 : Operation 98 [1/1] (0.00ns) (grouped into LUT with out node select_ln44_3)   --->   "%and_ln52_4 = and i1 %icmp_ln46_1, i1 %xor_ln46_1" [src/conv_engine.cpp:52]   --->   Operation 98 'and' 'and_ln52_4' <Predicate = (select_ln43_3)> <Delay = 0.00> <CoreInst = "LogicGate">   --->   Core 74 'LogicGate' <Latency = 0> <II = 1> <Delay = 0.97> <FuncUnit> <Opcode : 'and' 'or' 'xor'> <InPorts = 2> <OutPorts = 1>
ST_4 : Operation 99 [1/1] (0.99ns) (out node of the LUT)   --->   "%select_ln44_3 = select i1 %select_ln43_3, i1 %and_ln52_4, i1 %select_ln43_2" [src/conv_engine.cpp:44]   --->   Operation 99 'select' 'select_ln44_3' <Predicate = true> <Delay = 0.99> <CoreInst = "Sel">   --->   Core 73 'Sel' <Latency = 0> <II = 1> <Delay = 0.99> <FuncUnit> <Opcode : 'select'> <InPorts = 3> <OutPorts = 1>
ST_4 : Operation 100 [1/1] (3.78ns) (root node of TernaryAdder)   --->   "%add_ln55_1 = add i12 %sub_ln55_1, i12 %trunc_ln55_2" [src/conv_engine.cpp:55]   --->   Operation 100 'add' 'add_ln55_1' <Predicate = true> <Delay = 3.78> <CoreInst = "TAddSub">   --->   Core 10 'TAddSub' <Latency = 0> <II = 1> <Delay = 1.89> <IPBlock> <Opcode : 'add' 'sub'> <InPorts = 3> <OutPorts = 1> <Sync> <CReg>
ST_4 : Operation 101 [1/1] (0.00ns)   --->   "%zext_ln55_2 = zext i12 %add_ln55_1" [src/conv_engine.cpp:55]   --->   Operation 101 'zext' 'zext_ln55_2' <Predicate = true> <Delay = 0.00>
ST_4 : Operation 102 [1/1] (0.00ns)   --->   "%weights_addr = getelementptr i8 %weights, i64 0, i64 %zext_ln55_2" [src/conv_engine.cpp:55]   --->   Operation 102 'getelementptr' 'weights_addr' <Predicate = true> <Delay = 0.00>
ST_4 : Operation 103 [1/1] (2.55ns)   --->   "%add_ln51_1 = add i32 %select_ln44, i32 %sext_ln43_read" [src/conv_engine.cpp:51]   --->   Operation 103 'add' 'add_ln51_1' <Predicate = true> <Delay = 2.55> <CoreInst = "Adder">   --->   Core 1 'Adder' <Latency = 0> <II = 1> <Delay = 2.55> <FuncUnit> <Opcode : 'add' 'sub'> <InPorts = 2> <OutPorts = 1>
ST_4 : Operation 104 [1/1] (0.00ns)   --->   "%trunc_ln54_4 = trunc i32 %add_ln51_1" [src/conv_engine.cpp:54]   --->   Operation 104 'trunc' 'trunc_ln54_4' <Predicate = true> <Delay = 0.00>
ST_4 : Operation 105 [1/1] (2.07ns)   --->   "%add_ln54_1 = add i16 %tmp_9, i16 %trunc_ln54_4" [src/conv_engine.cpp:54]   --->   Operation 105 'add' 'add_ln54_1' <Predicate = true> <Delay = 2.07> <CoreInst = "Adder">   --->   Core 1 'Adder' <Latency = 0> <II = 1> <Delay = 2.07> <FuncUnit> <Opcode : 'add' 'sub'> <InPorts = 2> <OutPorts = 1>
ST_4 : Operation 106 [1/1] (0.00ns)   --->   "%zext_ln54_1 = zext i16 %add_ln54_1" [src/conv_engine.cpp:54]   --->   Operation 106 'zext' 'zext_ln54_1' <Predicate = true> <Delay = 0.00>
ST_4 : Operation 107 [1/1] (0.00ns)   --->   "%input_addr = getelementptr i8 %input_r, i64 0, i64 %zext_ln54_1" [src/conv_engine.cpp:54]   --->   Operation 107 'getelementptr' 'input_addr' <Predicate = true> <Delay = 0.00>
ST_4 : Operation 108 [2/2] (3.25ns)   --->   "%in_val_V = load i16 %input_addr" [src/conv_engine.cpp:54]   --->   Operation 108 'load' 'in_val_V' <Predicate = true> <Delay = 3.25> <CoreInst = "RAM_2P_BRAM">   --->   Core 91 'RAM_2P_BRAM' <Latency = 1> <II = 1> <Delay = 3.25> <Storage> <Opcode : 'load' 'store'> <Ports = 2> <Width = 8> <Depth = 65536> <RAM>
ST_4 : Operation 109 [2/2] (3.25ns)   --->   "%w_val_V = load i12 %weights_addr" [src/conv_engine.cpp:55]   --->   Operation 109 'load' 'w_val_V' <Predicate = true> <Delay = 3.25> <CoreInst = "RAM_2P_BRAM">   --->   Core 91 'RAM_2P_BRAM' <Latency = 1> <II = 1> <Delay = 3.25> <Storage> <Opcode : 'load' 'store'> <Ports = 2> <Width = 8> <Depth = 3136> <RAM>

State 5 <SV = 4> <Delay = 7.33>
ST_5 : Operation 110 [1/1] (0.00ns)   --->   "%zext_ln48 = zext i32 %select_ln44" [src/conv_engine.cpp:48]   --->   Operation 110 'zext' 'zext_ln48' <Predicate = true> <Delay = 0.00>
ST_5 : Operation 111 [1/1] (2.55ns)   --->   "%add_ln51 = add i34 %zext_ln48, i34 %sext_ln43_cast" [src/conv_engine.cpp:51]   --->   Operation 111 'add' 'add_ln51' <Predicate = true> <Delay = 2.55> <CoreInst = "Adder">   --->   Core 1 'Adder' <Latency = 0> <II = 1> <Delay = 2.55> <FuncUnit> <Opcode : 'add' 'sub'> <InPorts = 2> <OutPorts = 1>
ST_5 : Operation 112 [1/1] (0.00ns) (grouped into LUT with out node in_val_V_2)   --->   "%tmp_7 = bitselect i1 @_ssdm_op_BitSelect.i1.i34.i32, i34 %add_ln51, i32 33" [src/conv_engine.cpp:52]   --->   Operation 112 'bitselect' 'tmp_7' <Predicate = true> <Delay = 0.00>
ST_5 : Operation 113 [1/1] (0.00ns) (grouped into LUT with out node in_val_V_2)   --->   "%xor_ln52 = xor i1 %tmp_7, i1 1" [src/conv_engine.cpp:52]   --->   Operation 113 'xor' 'xor_ln52' <Predicate = true> <Delay = 0.00> <CoreInst = "LogicGate">   --->   Core 74 'LogicGate' <Latency = 0> <II = 1> <Delay = 0.97> <FuncUnit> <Opcode : 'and' 'or' 'xor'> <InPorts = 2> <OutPorts = 1>
ST_5 : Operation 114 [1/1] (2.48ns)   --->   "%icmp_ln52 = icmp_slt  i34 %add_ln51, i34 %sext_ln36_cast" [src/conv_engine.cpp:52]   --->   Operation 114 'icmp' 'icmp_ln52' <Predicate = true> <Delay = 2.48> <CoreInst = "Cmp">   --->   Core 9 'Cmp' <Latency = 0> <II = 1> <Delay = 2.48> <FuncUnit> <Opcode : 'icmp'> <InPorts = 2> <OutPorts = 1>
ST_5 : Operation 115 [1/2] (3.25ns)   --->   "%in_val_V = load i16 %input_addr" [src/conv_engine.cpp:54]   --->   Operation 115 'load' 'in_val_V' <Predicate = true> <Delay = 3.25> <CoreInst = "RAM_2P_BRAM">   --->   Core 91 'RAM_2P_BRAM' <Latency = 1> <II = 1> <Delay = 3.25> <Storage> <Opcode : 'load' 'store'> <Ports = 2> <Width = 8> <Depth = 65536> <RAM>
ST_5 : Operation 116 [1/1] (0.00ns) (grouped into LUT with out node in_val_V_2)   --->   "%and_ln52_1 = and i1 %icmp_ln52, i1 %xor_ln52" [src/conv_engine.cpp:52]   --->   Operation 116 'and' 'and_ln52_1' <Predicate = true> <Delay = 0.00> <CoreInst = "LogicGate">   --->   Core 74 'LogicGate' <Latency = 0> <II = 1> <Delay = 0.97> <FuncUnit> <Opcode : 'and' 'or' 'xor'> <InPorts = 2> <OutPorts = 1>
ST_5 : Operation 117 [1/1] (0.00ns) (grouped into LUT with out node in_val_V_2)   --->   "%and_ln52_2 = and i1 %and_ln52_1, i1 %select_ln44_3" [src/conv_engine.cpp:52]   --->   Operation 117 'and' 'and_ln52_2' <Predicate = true> <Delay = 0.00> <CoreInst = "LogicGate">   --->   Core 74 'LogicGate' <Latency = 0> <II = 1> <Delay = 0.97> <FuncUnit> <Opcode : 'and' 'or' 'xor'> <InPorts = 2> <OutPorts = 1>
ST_5 : Operation 118 [1/1] (1.24ns) (out node of the LUT)   --->   "%in_val_V_2 = select i1 %and_ln52_2, i8 %in_val_V, i8 0" [src/conv_engine.cpp:52]   --->   Operation 118 'select' 'in_val_V_2' <Predicate = true> <Delay = 1.24> <CoreInst = "Sel">   --->   Core 73 'Sel' <Latency = 0> <II = 1> <Delay = 1.24> <FuncUnit> <Opcode : 'select'> <InPorts = 3> <OutPorts = 1>
ST_5 : Operation 119 [1/2] (3.25ns)   --->   "%w_val_V = load i12 %weights_addr" [src/conv_engine.cpp:55]   --->   Operation 119 'load' 'w_val_V' <Predicate = true> <Delay = 3.25> <CoreInst = "RAM_2P_BRAM">   --->   Core 91 'RAM_2P_BRAM' <Latency = 1> <II = 1> <Delay = 3.25> <Storage> <Opcode : 'load' 'store'> <Ports = 2> <Width = 8> <Depth = 3136> <RAM>
ST_5 : Operation 120 [1/1] (0.00ns)   --->   "%sext_ln232 = sext i8 %in_val_V_2"   --->   Operation 120 'sext' 'sext_ln232' <Predicate = true> <Delay = 0.00>
ST_5 : Operation 121 [1/1] (0.00ns)   --->   "%sext_ln232_1 = sext i8 %w_val_V"   --->   Operation 121 'sext' 'sext_ln232_1' <Predicate = true> <Delay = 0.00>
ST_5 : Operation 122 [3/3] (1.05ns) (grouped into DSP with root node sum_V)   --->   "%ret_V = mul i16 %sext_ln232_1, i16 %sext_ln232"   --->   Operation 122 'mul' 'ret_V' <Predicate = true> <Delay = 1.05> <CoreInst = "DSP48">   --->   Core 119 'DSP48' <Latency = 3> <II = 1> <Delay = 2.15> <IPBlock> <Opcode : 'mul' 'add' 'sub' 'select'> <InPorts = 0> <OutPorts = 1> <Sync> <CReg>

State 6 <SV = 5> <Delay = 1.05>
ST_6 : Operation 123 [2/3] (1.05ns) (grouped into DSP with root node sum_V)   --->   "%ret_V = mul i16 %sext_ln232_1, i16 %sext_ln232"   --->   Operation 123 'mul' 'ret_V' <Predicate = true> <Delay = 1.05> <CoreInst = "DSP48">   --->   Core 119 'DSP48' <Latency = 3> <II = 1> <Delay = 2.15> <IPBlock> <Opcode : 'mul' 'add' 'sub' 'select'> <InPorts = 0> <OutPorts = 1> <Sync> <CReg>

State 7 <SV = 6> <Delay = 2.10>
ST_7 : Operation 124 [1/1] (0.00ns)   --->   "%sum_V_1_load = load i32 %sum_V_1"   --->   Operation 124 'load' 'sum_V_1_load' <Predicate = true> <Delay = 0.00>
ST_7 : Operation 125 [1/3] (0.00ns) (grouped into DSP with root node sum_V)   --->   "%ret_V = mul i16 %sext_ln232_1, i16 %sext_ln232"   --->   Operation 125 'mul' 'ret_V' <Predicate = true> <Delay = 0.00> <CoreInst = "DSP48">   --->   Core 119 'DSP48' <Latency = 3> <II = 1> <Delay = 2.15> <IPBlock> <Opcode : 'mul' 'add' 'sub' 'select'> <InPorts = 0> <OutPorts = 1> <Sync> <CReg>
ST_7 : Operation 126 [1/1] (0.00ns) (grouped into DSP with root node sum_V)   --->   "%sext_ln886 = sext i16 %ret_V"   --->   Operation 126 'sext' 'sext_ln886' <Predicate = true> <Delay = 0.00>
ST_7 : Operation 127 [2/2] (2.10ns) (root node of the DSP)   --->   "%sum_V = add i32 %sext_ln886, i32 %sum_V_1_load"   --->   Operation 127 'add' 'sum_V' <Predicate = true> <Delay = 2.10> <CoreInst = "DSP48">   --->   Core 119 'DSP48' <Latency = 3> <II = 1> <Delay = 2.15> <IPBlock> <Opcode : 'mul' 'add' 'sub' 'select'> <InPorts = 0> <OutPorts = 1> <Sync> <CReg>
ST_7 : Operation 135 [1/1] (0.00ns)   --->   "%sum_V_1_load_1 = load i32 %sum_V_1"   --->   Operation 135 'load' 'sum_V_1_load_1' <Predicate = (icmp_ln43)> <Delay = 0.00>
ST_7 : Operation 136 [1/1] (0.00ns)   --->   "%write_ln0 = write void @_ssdm_op_Write.ap_auto.i32P0A, i32 %sum_V_1_out, i32 %sum_V_1_load_1"   --->   Operation 136 'write' 'write_ln0' <Predicate = (icmp_ln43)> <Delay = 0.00>
ST_7 : Operation 137 [1/1] (0.00ns)   --->   "%ret_ln0 = ret"   --->   Operation 137 'ret' 'ret_ln0' <Predicate = (icmp_ln43)> <Delay = 0.00>

State 8 <SV = 7> <Delay = 3.68>
ST_8 : Operation 128 [1/1] (0.00ns)   --->   "%specloopname_ln0 = specloopname void @_ssdm_op_SpecLoopName, void @CONV_IC_CONV_KH_CONV_KW_str"   --->   Operation 128 'specloopname' 'specloopname_ln0' <Predicate = true> <Delay = 0.00>
ST_8 : Operation 129 [1/1] (0.00ns)   --->   "%specloopname_ln0 = specloopname void @_ssdm_op_SpecLoopName, void @CONV_KH_CONV_KW_str"   --->   Operation 129 'specloopname' 'specloopname_ln0' <Predicate = true> <Delay = 0.00>
ST_8 : Operation 130 [1/1] (0.00ns)   --->   "%specpipeline_ln49 = specpipeline void @_ssdm_op_SpecPipeline, i32 1, i32 0, i32 0, i32 0, void @empty_23" [src/conv_engine.cpp:49]   --->   Operation 130 'specpipeline' 'specpipeline_ln49' <Predicate = true> <Delay = 0.00>
ST_8 : Operation 131 [1/1] (0.00ns)   --->   "%specloopname_ln41 = specloopname void @_ssdm_op_SpecLoopName, void @empty_21" [src/conv_engine.cpp:41]   --->   Operation 131 'specloopname' 'specloopname_ln41' <Predicate = true> <Delay = 0.00>
ST_8 : Operation 132 [1/2] (2.10ns) (root node of the DSP)   --->   "%sum_V = add i32 %sext_ln886, i32 %sum_V_1_load"   --->   Operation 132 'add' 'sum_V' <Predicate = true> <Delay = 2.10> <CoreInst = "DSP48">   --->   Core 119 'DSP48' <Latency = 3> <II = 1> <Delay = 2.15> <IPBlock> <Opcode : 'mul' 'add' 'sub' 'select'> <InPorts = 0> <OutPorts = 1> <Sync> <CReg>
ST_8 : Operation 133 [1/1] (1.58ns)   --->   "%store_ln48 = store i32 %sum_V, i32 %sum_V_1" [src/conv_engine.cpp:48]   --->   Operation 133 'store' 'store_ln48' <Predicate = true> <Delay = 1.58>
ST_8 : Operation 134 [1/1] (0.00ns)   --->   "%br_ln48 = br void %for.body29" [src/conv_engine.cpp:48]   --->   Operation 134 'br' 'br_ln48' <Predicate = true> <Delay = 0.00>


============================================================
+ Verbose Summary: Binding
============================================================
STG Binding: 
---------------- STG Properties BEGIN ----------------
- Is combinational: 0
- Is one-state seq: 0
- Is datapath-only: 0
- Is pipelined: 0
- Is top level: 0
Port [ Return ] is wired: 1; IO mode=ap_ctrl_hs:ce=0
Port [ bias]:  wired=1; compound=0; hidden=0; nouse=0; global=0; static=0; extern=0; dir=0; type=0; pingpong=0; private_global=0; IO mode=ap_none:ce=0
Port [ sext_ln36_2]:  wired=1; compound=0; hidden=0; nouse=0; global=0; static=0; extern=0; dir=0; type=0; pingpong=0; private_global=0; IO mode=ap_none:ce=0
Port [ sext_ln36_1]:  wired=1; compound=0; hidden=0; nouse=0; global=0; static=0; extern=0; dir=0; type=0; pingpong=0; private_global=0; IO mode=ap_none:ce=0
Port [ bound4]:  wired=1; compound=0; hidden=0; nouse=0; global=0; static=0; extern=0; dir=0; type=0; pingpong=0; private_global=0; IO mode=ap_none:ce=0
Port [ bound]:  wired=1; compound=0; hidden=0; nouse=0; global=0; static=0; extern=0; dir=0; type=0; pingpong=0; private_global=0; IO mode=ap_none:ce=0
Port [ and_ln52_3]:  wired=1; compound=0; hidden=0; nouse=0; global=0; static=0; extern=0; dir=0; type=0; pingpong=0; private_global=0; IO mode=ap_none:ce=0
Port [ kernel_size]:  wired=1; compound=0; hidden=0; nouse=0; global=0; static=0; extern=0; dir=0; type=0; pingpong=0; private_global=0; IO mode=ap_none:ce=0
Port [ icmp_ln48_1]:  wired=1; compound=0; hidden=0; nouse=0; global=0; static=0; extern=0; dir=0; type=0; pingpong=0; private_global=0; IO mode=ap_none:ce=0
Port [ weights]:  wired=1; compound=1; hidden=0; nouse=0; global=0; static=0; extern=0; dir=0; type=1; pingpong=0; private_global=0; MemPort=[13]; IO mode=ap_memory:ce=0
Port [ sext_ln43]:  wired=1; compound=0; hidden=0; nouse=0; global=0; static=0; extern=0; dir=0; type=0; pingpong=0; private_global=0; IO mode=ap_none:ce=0
Port [ input_r]:  wired=1; compound=1; hidden=0; nouse=0; global=0; static=0; extern=0; dir=0; type=1; pingpong=0; private_global=0; MemPort=[13]; IO mode=ap_memory:ce=0
Port [ sext_ln36]:  wired=1; compound=0; hidden=0; nouse=0; global=0; static=0; extern=0; dir=0; type=0; pingpong=0; private_global=0; IO mode=ap_none:ce=0
Port [ sum_V_1_out]:  wired=1; compound=0; hidden=0; nouse=0; global=0; static=0; extern=0; dir=1; type=0; pingpong=0; private_global=0; IO mode=ap_vld:ce=0
---------------- STG Properties END ------------------

---------------- Datapath Model BEGIN ----------------

<LifeTime>
<method=bitvector/>
sum_V_1               (alloca        ) [ 011111111]
kw                    (alloca        ) [ 011100000]
kh                    (alloca        ) [ 011100000]
indvar_flatten        (alloca        ) [ 011000000]
ic                    (alloca        ) [ 011100000]
indvar_flatten27      (alloca        ) [ 011000000]
sext_ln36_read        (read          ) [ 000000000]
sext_ln43_read        (read          ) [ 011110000]
icmp_ln48_1_read      (read          ) [ 011100000]
kernel_size_read      (read          ) [ 011100000]
and_ln52_3_read       (read          ) [ 011110000]
bound_read            (read          ) [ 011000000]
bound4_read           (read          ) [ 011000000]
sext_ln36_1_read      (read          ) [ 000000000]
sext_ln36_2_read      (read          ) [ 011100000]
bias_read             (read          ) [ 000000000]
sext_ln36_cast        (sext          ) [ 011111000]
sext_ln43_cast        (sext          ) [ 011111000]
sext_ln36_1_cast      (sext          ) [ 011100000]
sext_ln36_2_cast      (sext          ) [ 011100000]
specmemcore_ln0       (specmemcore   ) [ 000000000]
specmemcore_ln0       (specmemcore   ) [ 000000000]
store_ln0             (store         ) [ 000000000]
store_ln0             (store         ) [ 000000000]
store_ln0             (store         ) [ 000000000]
store_ln0             (store         ) [ 000000000]
store_ln0             (store         ) [ 000000000]
store_ln0             (store         ) [ 000000000]
br_ln0                (br            ) [ 000000000]
indvar_flatten27_load (load          ) [ 000000000]
icmp_ln43             (icmp          ) [ 011111110]
add_ln43_1            (add           ) [ 000000000]
br_ln43               (br            ) [ 000000000]
indvar_flatten_load   (load          ) [ 000000000]
icmp_ln44             (icmp          ) [ 010110000]
add_ln44_1            (add           ) [ 000000000]
select_ln44_4         (select        ) [ 000000000]
store_ln48            (store         ) [ 000000000]
store_ln48            (store         ) [ 000000000]
kh_1                  (load          ) [ 000000000]
zext_ln44             (zext          ) [ 000000000]
add_ln45              (add           ) [ 000000000]
tmp                   (bitselect     ) [ 000000000]
xor_ln46              (xor           ) [ 000000000]
icmp_ln46             (icmp          ) [ 000000000]
and_ln52              (and           ) [ 010010000]
kw_load               (load          ) [ 000000000]
ic_load               (load          ) [ 000000000]
add_ln43              (add           ) [ 000000000]
select_ln43           (select        ) [ 000000000]
select_ln43_1         (select        ) [ 000000000]
zext_ln54             (zext          ) [ 000000000]
trunc_ln54            (trunc         ) [ 000000000]
tmp_5_cast            (bitconcatenate) [ 000000000]
tmp_6                 (bitconcatenate) [ 000000000]
zext_ln55             (zext          ) [ 000000000]
sub_ln55              (sub           ) [ 000000000]
sext_ln43_1           (sext          ) [ 000000000]
icmp_ln48             (icmp          ) [ 000000000]
select_ln43_3         (select        ) [ 010010000]
add_ln44              (add           ) [ 000000000]
or_ln44               (or            ) [ 000000000]
select_ln44           (select        ) [ 010011000]
select_ln44_1         (select        ) [ 000000000]
zext_ln55_1           (zext          ) [ 000000000]
add_ln55              (add           ) [ 000000000]
trunc_ln55            (trunc         ) [ 010010000]
trunc_ln55_1          (trunc         ) [ 010010000]
zext_ln44_1           (zext          ) [ 000000000]
add_ln45_1            (add           ) [ 010010000]
trunc_ln54_1          (trunc         ) [ 000000000]
trunc_ln54_2          (trunc         ) [ 000000000]
trunc_ln54_3          (trunc         ) [ 000000000]
select_ln43_4         (select        ) [ 000000000]
select_ln44_2         (select        ) [ 000000000]
add_ln54              (add           ) [ 010010000]
icmp_ln46_1           (icmp          ) [ 010010000]
trunc_ln55_2          (trunc         ) [ 010010000]
add_ln48              (add           ) [ 000000000]
store_ln48            (store         ) [ 000000000]
store_ln48            (store         ) [ 000000000]
store_ln48            (store         ) [ 000000000]
select_ln43_2         (select        ) [ 000000000]
p_shl                 (bitconcatenate) [ 000000000]
sub_ln55_1            (sub           ) [ 000000000]
tmp_9                 (bitconcatenate) [ 000000000]
tmp_5                 (bitselect     ) [ 000000000]
xor_ln46_1            (xor           ) [ 000000000]
and_ln52_4            (and           ) [ 000000000]
select_ln44_3         (select        ) [ 010001000]
add_ln55_1            (add           ) [ 000000000]
zext_ln55_2           (zext          ) [ 000000000]
weights_addr          (getelementptr ) [ 010001000]
add_ln51_1            (add           ) [ 000000000]
trunc_ln54_4          (trunc         ) [ 000000000]
add_ln54_1            (add           ) [ 000000000]
zext_ln54_1           (zext          ) [ 000000000]
input_addr            (getelementptr ) [ 010001000]
zext_ln48             (zext          ) [ 000000000]
add_ln51              (add           ) [ 000000000]
tmp_7                 (bitselect     ) [ 000000000]
xor_ln52              (xor           ) [ 000000000]
icmp_ln52             (icmp          ) [ 000000000]
in_val_V              (load          ) [ 000000000]
and_ln52_1            (and           ) [ 000000000]
and_ln52_2            (and           ) [ 000000000]
in_val_V_2            (select        ) [ 000000000]
w_val_V               (load          ) [ 000000000]
sext_ln232            (sext          ) [ 010000110]
sext_ln232_1          (sext          ) [ 010000110]
sum_V_1_load          (load          ) [ 010000001]
ret_V                 (mul           ) [ 000000000]
sext_ln886            (sext          ) [ 010000001]
specloopname_ln0      (specloopname  ) [ 000000000]
specloopname_ln0      (specloopname  ) [ 000000000]
specpipeline_ln49     (specpipeline  ) [ 000000000]
specloopname_ln41     (specloopname  ) [ 000000000]
sum_V                 (add           ) [ 000000000]
store_ln48            (store         ) [ 000000000]
br_ln48               (br            ) [ 000000000]
sum_V_1_load_1        (load          ) [ 000000000]
write_ln0             (write         ) [ 000000000]
ret_ln0               (ret           ) [ 000000000]
</LifeTime>

<model>

<comp_list>
<comp id="0" class="1000" name="bias">
<pin_list>
<pin id="1" dir="1" index="0" bw="1" slack="0"/>
</pin_list>
<bind>
<StgValue><ssdm name="bias"/></StgValue>
</bind>
</comp>

<comp id="2" class="1000" name="sext_ln36_2">
<pin_list>
<pin id="3" dir="1" index="0" bw="1" slack="0"/>
</pin_list>
<bind>
<StgValue><ssdm name="sext_ln36_2"/></StgValue>
</bind>
</comp>

<comp id="4" class="1000" name="sext_ln36_1">
<pin_list>
<pin id="5" dir="1" index="0" bw="1" slack="0"/>
</pin_list>
<bind>
<StgValue><ssdm name="sext_ln36_1"/></StgValue>
</bind>
</comp>

<comp id="6" class="1000" name="bound4">
<pin_list>
<pin id="7" dir="1" index="0" bw="1" slack="0"/>
</pin_list>
<bind>
<StgValue><ssdm name="bound4"/></StgValue>
</bind>
</comp>

<comp id="8" class="1000" name="bound">
<pin_list>
<pin id="9" dir="1" index="0" bw="1" slack="0"/>
</pin_list>
<bind>
<StgValue><ssdm name="bound"/></StgValue>
</bind>
</comp>

<comp id="10" class="1000" name="and_ln52_3">
<pin_list>
<pin id="11" dir="1" index="0" bw="1" slack="0"/>
</pin_list>
<bind>
<StgValue><ssdm name="and_ln52_3"/></StgValue>
</bind>
</comp>

<comp id="12" class="1000" name="kernel_size">
<pin_list>
<pin id="13" dir="1" index="0" bw="1" slack="0"/>
</pin_list>
<bind>
<StgValue><ssdm name="kernel_size"/></StgValue>
</bind>
</comp>

<comp id="14" class="1000" name="icmp_ln48_1">
<pin_list>
<pin id="15" dir="1" index="0" bw="1" slack="0"/>
</pin_list>
<bind>
<StgValue><ssdm name="icmp_ln48_1"/></StgValue>
</bind>
</comp>

<comp id="16" class="1000" name="weights">
<pin_list>
<pin id="17" dir="1" index="0" bw="1" slack="0"/>
</pin_list>
<bind>
<StgValue><ssdm name="weights"/><MemPortTyVec>1 3 </MemPortTyVec>
</StgValue>
</bind>
</comp>

<comp id="18" class="1000" name="sext_ln43">
<pin_list>
<pin id="19" dir="1" index="0" bw="1" slack="0"/>
</pin_list>
<bind>
<StgValue><ssdm name="sext_ln43"/></StgValue>
</bind>
</comp>

<comp id="20" class="1000" name="input_r">
<pin_list>
<pin id="21" dir="1" index="0" bw="1" slack="0"/>
</pin_list>
<bind>
<StgValue><ssdm name="input_r"/><MemPortTyVec>1 3 </MemPortTyVec>
</StgValue>
</bind>
</comp>

<comp id="22" class="1000" name="sext_ln36">
<pin_list>
<pin id="23" dir="1" index="0" bw="1" slack="0"/>
</pin_list>
<bind>
<StgValue><ssdm name="sext_ln36"/></StgValue>
</bind>
</comp>

<comp id="24" class="1000" name="sum_V_1_out">
<pin_list>
<pin id="25" dir="1" index="0" bw="1" slack="0"/>
</pin_list>
<bind>
<StgValue><ssdm name="sum_V_1_out"/></StgValue>
</bind>
</comp>

<comp id="26" class="1001" name="const_26">
<pin_list>
<pin id="27" dir="1" index="0" bw="1" slack="0"/>
</pin_list>
<bind>
<StgValue><ssdm name=""/></StgValue>
</bind>
</comp>

<comp id="28" class="1001" name="const_28">
<pin_list>
<pin id="29" dir="1" index="0" bw="1" slack="0"/>
</pin_list>
<bind>
<StgValue><ssdm name="_ssdm_op_Read.ap_auto.i32"/></StgValue>
</bind>
</comp>

<comp id="30" class="1001" name="const_30">
<pin_list>
<pin id="31" dir="1" index="0" bw="1" slack="0"/>
</pin_list>
<bind>
<StgValue><ssdm name="_ssdm_op_Read.ap_auto.i1"/></StgValue>
</bind>
</comp>

<comp id="32" class="1001" name="const_32">
<pin_list>
<pin id="33" dir="1" index="0" bw="1" slack="0"/>
</pin_list>
<bind>
<StgValue><ssdm name="_ssdm_op_Read.ap_auto.i64"/></StgValue>
</bind>
</comp>

<comp id="34" class="1001" name="const_34">
<pin_list>
<pin id="35" dir="1" index="0" bw="1" slack="0"/>
</pin_list>
<bind>
<StgValue><ssdm name="_ssdm_op_Read.ap_auto.i96"/></StgValue>
</bind>
</comp>

<comp id="36" class="1001" name="const_36">
<pin_list>
<pin id="37" dir="1" index="0" bw="1" slack="2147483647"/>
</pin_list>
<bind>
<StgValue><ssdm name="_ssdm_op_SpecMemCore"/></StgValue>
</bind>
</comp>

<comp id="38" class="1001" name="const_38">
<pin_list>
<pin id="39" dir="1" index="0" bw="1" slack="2147483647"/>
</pin_list>
<bind>
<StgValue><ssdm name=""/></StgValue>
</bind>
</comp>

<comp id="40" class="1001" name="const_40">
<pin_list>
<pin id="41" dir="1" index="0" bw="1" slack="2147483647"/>
</pin_list>
<bind>
<StgValue><ssdm name=""/></StgValue>
</bind>
</comp>

<comp id="42" class="1001" name="const_42">
<pin_list>
<pin id="43" dir="1" index="0" bw="1" slack="2147483647"/>
</pin_list>
<bind>
<StgValue><ssdm name=""/></StgValue>
</bind>
</comp>

<comp id="44" class="1001" name="const_44">
<pin_list>
<pin id="45" dir="1" index="0" bw="1" slack="0"/>
</pin_list>
<bind>
<StgValue><ssdm name=""/></StgValue>
</bind>
</comp>

<comp id="46" class="1001" name="const_46">
<pin_list>
<pin id="47" dir="1" index="0" bw="1" slack="0"/>
</pin_list>
<bind>
<StgValue><ssdm name=""/></StgValue>
</bind>
</comp>

<comp id="48" class="1001" name="const_48">
<pin_list>
<pin id="49" dir="1" index="0" bw="1" slack="0"/>
</pin_list>
<bind>
<StgValue><ssdm name=""/></StgValue>
</bind>
</comp>

<comp id="50" class="1001" name="const_50">
<pin_list>
<pin id="51" dir="1" index="0" bw="1" slack="0"/>
</pin_list>
<bind>
<StgValue><ssdm name=""/></StgValue>
</bind>
</comp>

<comp id="52" class="1001" name="const_52">
<pin_list>
<pin id="53" dir="1" index="0" bw="1" slack="0"/>
</pin_list>
<bind>
<StgValue><ssdm name=""/></StgValue>
</bind>
</comp>

<comp id="54" class="1001" name="const_54">
<pin_list>
<pin id="55" dir="1" index="0" bw="1" slack="0"/>
</pin_list>
<bind>
<StgValue><ssdm name="_ssdm_op_BitSelect.i1.i34.i32"/></StgValue>
</bind>
</comp>

<comp id="56" class="1001" name="const_56">
<pin_list>
<pin id="57" dir="1" index="0" bw="1" slack="0"/>
</pin_list>
<bind>
<StgValue><ssdm name=""/></StgValue>
</bind>
</comp>

<comp id="58" class="1001" name="const_58">
<pin_list>
<pin id="59" dir="1" index="0" bw="1" slack="0"/>
</pin_list>
<bind>
<StgValue><ssdm name=""/></StgValue>
</bind>
</comp>

<comp id="60" class="1001" name="const_60">
<pin_list>
<pin id="61" dir="1" index="0" bw="1" slack="0"/>
</pin_list>
<bind>
<StgValue><ssdm name="_ssdm_op_BitConcatenate.i11.i6.i5"/></StgValue>
</bind>
</comp>

<comp id="62" class="1001" name="const_62">
<pin_list>
<pin id="63" dir="1" index="0" bw="1" slack="0"/>
</pin_list>
<bind>
<StgValue><ssdm name=""/></StgValue>
</bind>
</comp>

<comp id="64" class="1001" name="const_64">
<pin_list>
<pin id="65" dir="1" index="0" bw="1" slack="0"/>
</pin_list>
<bind>
<StgValue><ssdm name="_ssdm_op_BitConcatenate.i35.i32.i3"/></StgValue>
</bind>
</comp>

<comp id="66" class="1001" name="const_66">
<pin_list>
<pin id="67" dir="1" index="0" bw="1" slack="0"/>
</pin_list>
<bind>
<StgValue><ssdm name=""/></StgValue>
</bind>
</comp>

<comp id="68" class="1001" name="const_68">
<pin_list>
<pin id="69" dir="1" index="0" bw="1" slack="0"/>
</pin_list>
<bind>
<StgValue><ssdm name="_ssdm_op_BitConcatenate.i12.i9.i3"/></StgValue>
</bind>
</comp>

<comp id="70" class="1001" name="const_70">
<pin_list>
<pin id="71" dir="1" index="0" bw="1" slack="0"/>
</pin_list>
<bind>
<StgValue><ssdm name="_ssdm_op_BitConcatenate.i16.i11.i5"/></StgValue>
</bind>
</comp>

<comp id="72" class="1001" name="const_72">
<pin_list>
<pin id="73" dir="1" index="0" bw="1" slack="0"/>
</pin_list>
<bind>
<StgValue><ssdm name=""/></StgValue>
</bind>
</comp>

<comp id="74" class="1001" name="const_74">
<pin_list>
<pin id="75" dir="1" index="0" bw="1" slack="2147483647"/>
</pin_list>
<bind>
<StgValue><ssdm name="_ssdm_op_SpecLoopName"/></StgValue>
</bind>
</comp>

<comp id="76" class="1001" name="const_76">
<pin_list>
<pin id="77" dir="1" index="0" bw="1" slack="2147483647"/>
</pin_list>
<bind>
<StgValue><ssdm name="CONV_IC_CONV_KH_CONV_KW_str"/></StgValue>
</bind>
</comp>

<comp id="78" class="1001" name="const_78">
<pin_list>
<pin id="79" dir="1" index="0" bw="1" slack="2147483647"/>
</pin_list>
<bind>
<StgValue><ssdm name="CONV_KH_CONV_KW_str"/></StgValue>
</bind>
</comp>

<comp id="80" class="1001" name="const_80">
<pin_list>
<pin id="81" dir="1" index="0" bw="1" slack="2147483647"/>
</pin_list>
<bind>
<StgValue><ssdm name="_ssdm_op_SpecPipeline"/></StgValue>
</bind>
</comp>

<comp id="82" class="1001" name="const_82">
<pin_list>
<pin id="83" dir="1" index="0" bw="1" slack="2147483647"/>
</pin_list>
<bind>
<StgValue><ssdm name="empty_23"/></StgValue>
</bind>
</comp>

<comp id="84" class="1001" name="const_84">
<pin_list>
<pin id="85" dir="1" index="0" bw="1" slack="2147483647"/>
</pin_list>
<bind>
<StgValue><ssdm name="empty_21"/></StgValue>
</bind>
</comp>

<comp id="86" class="1001" name="const_86">
<pin_list>
<pin id="87" dir="1" index="0" bw="1" slack="0"/>
</pin_list>
<bind>
<StgValue><ssdm name="_ssdm_op_Write.ap_auto.i32P0A"/></StgValue>
</bind>
</comp>

<comp id="88" class="1004" name="sum_V_1_fu_88">
<pin_list>
<pin id="89" dir="0" index="0" bw="1" slack="0"/>
<pin id="90" dir="1" index="1" bw="32" slack="0"/>
</pin_list>
<bind>
<opcode="alloca(26) " fcode="alloca"/>
<opset="sum_V_1/1 "/>
</bind>
</comp>

<comp id="92" class="1004" name="kw_fu_92">
<pin_list>
<pin id="93" dir="0" index="0" bw="1" slack="0"/>
<pin id="94" dir="1" index="1" bw="32" slack="0"/>
</pin_list>
<bind>
<opcode="alloca(26) " fcode="alloca"/>
<opset="kw/1 "/>
</bind>
</comp>

<comp id="96" class="1004" name="kh_fu_96">
<pin_list>
<pin id="97" dir="0" index="0" bw="1" slack="0"/>
<pin id="98" dir="1" index="1" bw="32" slack="0"/>
</pin_list>
<bind>
<opcode="alloca(26) " fcode="alloca"/>
<opset="kh/1 "/>
</bind>
</comp>

<comp id="100" class="1004" name="indvar_flatten_fu_100">
<pin_list>
<pin id="101" dir="0" index="0" bw="1" slack="0"/>
<pin id="102" dir="1" index="1" bw="64" slack="0"/>
</pin_list>
<bind>
<opcode="alloca(26) " fcode="alloca"/>
<opset="indvar_flatten/1 "/>
</bind>
</comp>

<comp id="104" class="1004" name="ic_fu_104">
<pin_list>
<pin id="105" dir="0" index="0" bw="1" slack="0"/>
<pin id="106" dir="1" index="1" bw="32" slack="0"/>
</pin_list>
<bind>
<opcode="alloca(26) " fcode="alloca"/>
<opset="ic/1 "/>
</bind>
</comp>

<comp id="108" class="1004" name="indvar_flatten27_fu_108">
<pin_list>
<pin id="109" dir="0" index="0" bw="1" slack="0"/>
<pin id="110" dir="1" index="1" bw="96" slack="0"/>
</pin_list>
<bind>
<opcode="alloca(26) " fcode="alloca"/>
<opset="indvar_flatten27/1 "/>
</bind>
</comp>

<comp id="112" class="1004" name="sext_ln36_read_read_fu_112">
<pin_list>
<pin id="113" dir="0" index="0" bw="32" slack="0"/>
<pin id="114" dir="0" index="1" bw="32" slack="0"/>
<pin id="115" dir="1" index="2" bw="32" slack="0"/>
</pin_list>
<bind>
<opcode="read(1150) " fcode="read"/>
<opset="sext_ln36_read/1 "/>
</bind>
</comp>

<comp id="118" class="1004" name="sext_ln43_read_read_fu_118">
<pin_list>
<pin id="119" dir="0" index="0" bw="32" slack="0"/>
<pin id="120" dir="0" index="1" bw="32" slack="0"/>
<pin id="121" dir="1" index="2" bw="32" slack="0"/>
</pin_list>
<bind>
<opcode="read(1150) " fcode="read"/>
<opset="sext_ln43_read/1 "/>
</bind>
</comp>

<comp id="124" class="1004" name="icmp_ln48_1_read_read_fu_124">
<pin_list>
<pin id="125" dir="0" index="0" bw="1" slack="0"/>
<pin id="126" dir="0" index="1" bw="1" slack="0"/>
<pin id="127" dir="1" index="2" bw="1" slack="2"/>
</pin_list>
<bind>
<opcode="read(1150) " fcode="read"/>
<opset="icmp_ln48_1_read/1 "/>
</bind>
</comp>

<comp id="130" class="1004" name="kernel_size_read_read_fu_130">
<pin_list>
<pin id="131" dir="0" index="0" bw="32" slack="0"/>
<pin id="132" dir="0" index="1" bw="32" slack="0"/>
<pin id="133" dir="1" index="2" bw="32" slack="2"/>
</pin_list>
<bind>
<opcode="read(1150) " fcode="read"/>
<opset="kernel_size_read/1 "/>
</bind>
</comp>

<comp id="136" class="1004" name="and_ln52_3_read_read_fu_136">
<pin_list>
<pin id="137" dir="0" index="0" bw="1" slack="0"/>
<pin id="138" dir="0" index="1" bw="1" slack="0"/>
<pin id="139" dir="1" index="2" bw="1" slack="3"/>
</pin_list>
<bind>
<opcode="read(1150) " fcode="read"/>
<opset="and_ln52_3_read/1 "/>
</bind>
</comp>

<comp id="142" class="1004" name="bound_read_read_fu_142">
<pin_list>
<pin id="143" dir="0" index="0" bw="64" slack="0"/>
<pin id="144" dir="0" index="1" bw="64" slack="0"/>
<pin id="145" dir="1" index="2" bw="64" slack="1"/>
</pin_list>
<bind>
<opcode="read(1150) " fcode="read"/>
<opset="bound_read/1 "/>
</bind>
</comp>

<comp id="148" class="1004" name="bound4_read_read_fu_148">
<pin_list>
<pin id="149" dir="0" index="0" bw="96" slack="0"/>
<pin id="150" dir="0" index="1" bw="96" slack="0"/>
<pin id="151" dir="1" index="2" bw="96" slack="1"/>
</pin_list>
<bind>
<opcode="read(1150) " fcode="read"/>
<opset="bound4_read/1 "/>
</bind>
</comp>

<comp id="154" class="1004" name="sext_ln36_1_read_read_fu_154">
<pin_list>
<pin id="155" dir="0" index="0" bw="32" slack="0"/>
<pin id="156" dir="0" index="1" bw="32" slack="0"/>
<pin id="157" dir="1" index="2" bw="32" slack="0"/>
</pin_list>
<bind>
<opcode="read(1150) " fcode="read"/>
<opset="sext_ln36_1_read/1 "/>
</bind>
</comp>

<comp id="160" class="1004" name="sext_ln36_2_read_read_fu_160">
<pin_list>
<pin id="161" dir="0" index="0" bw="32" slack="0"/>
<pin id="162" dir="0" index="1" bw="32" slack="0"/>
<pin id="163" dir="1" index="2" bw="32" slack="0"/>
</pin_list>
<bind>
<opcode="read(1150) " fcode="read"/>
<opset="sext_ln36_2_read/1 "/>
</bind>
</comp>

<comp id="166" class="1004" name="bias_read_read_fu_166">
<pin_list>
<pin id="167" dir="0" index="0" bw="32" slack="0"/>
<pin id="168" dir="0" index="1" bw="32" slack="0"/>
<pin id="169" dir="1" index="2" bw="32" slack="0"/>
</pin_list>
<bind>
<opcode="read(1150) " fcode="read"/>
<opset="bias_read/1 "/>
</bind>
</comp>

<comp id="172" class="1004" name="write_ln0_write_fu_172">
<pin_list>
<pin id="173" dir="0" index="0" bw="0" slack="0"/>
<pin id="174" dir="0" index="1" bw="32" slack="0"/>
<pin id="175" dir="0" index="2" bw="32" slack="0"/>
<pin id="176" dir="1" index="3" bw="0" slack="2147483647"/>
</pin_list>
<bind>
<opcode="write(1151) " fcode="write"/>
<opset="write_ln0/7 "/>
</bind>
</comp>

<comp id="179" class="1004" name="weights_addr_gep_fu_179">
<pin_list>
<pin id="180" dir="0" index="0" bw="8" slack="0"/>
<pin id="181" dir="0" index="1" bw="1" slack="0"/>
<pin id="182" dir="0" index="2" bw="12" slack="0"/>
<pin id="183" dir="1" index="3" bw="12" slack="0"/>
</pin_list>
<bind>
<opcode="getelementptr(29) " fcode="getelementptr"/>
<opset="weights_addr/4 "/>
</bind>
</comp>

<comp id="186" class="1004" name="input_addr_gep_fu_186">
<pin_list>
<pin id="187" dir="0" index="0" bw="8" slack="0"/>
<pin id="188" dir="0" index="1" bw="1" slack="0"/>
<pin id="189" dir="0" index="2" bw="16" slack="0"/>
<pin id="190" dir="1" index="3" bw="16" slack="0"/>
</pin_list>
<bind>
<opcode="getelementptr(29) " fcode="getelementptr"/>
<opset="input_addr/4 "/>
</bind>
</comp>

<comp id="193" class="1004" name="grp_access_fu_193">
<pin_list>
<pin id="194" dir="0" index="0" bw="16" slack="0"/>
<pin id="195" dir="0" index="1" bw="8" slack="2147483647"/>
<pin id="196" dir="0" index="2" bw="0" slack="2147483647"/>
<pin id="197" dir="1" index="3" bw="8" slack="0"/>
</pin_list>
<bind>
<opcode="load(27) " fcode="load"/>
<opset="in_val_V/4 "/>
</bind>
</comp>

<comp id="199" class="1004" name="grp_access_fu_199">
<pin_list>
<pin id="200" dir="0" index="0" bw="12" slack="0"/>
<pin id="201" dir="0" index="1" bw="8" slack="2147483647"/>
<pin id="202" dir="0" index="2" bw="0" slack="2147483647"/>
<pin id="203" dir="1" index="3" bw="8" slack="0"/>
</pin_list>
<bind>
<opcode="load(27) " fcode="load"/>
<opset="w_val_V/4 "/>
</bind>
</comp>

<comp id="205" class="1004" name="sext_ln36_cast_fu_205">
<pin_list>
<pin id="206" dir="0" index="0" bw="32" slack="0"/>
<pin id="207" dir="1" index="1" bw="34" slack="4"/>
</pin_list>
<bind>
<opcode="sext(35) " fcode="sext"/>
<opset="sext_ln36_cast/1 "/>
</bind>
</comp>

<comp id="209" class="1004" name="sext_ln43_cast_fu_209">
<pin_list>
<pin id="210" dir="0" index="0" bw="32" slack="0"/>
<pin id="211" dir="1" index="1" bw="34" slack="4"/>
</pin_list>
<bind>
<opcode="sext(35) " fcode="sext"/>
<opset="sext_ln43_cast/1 "/>
</bind>
</comp>

<comp id="213" class="1004" name="sext_ln36_1_cast_fu_213">
<pin_list>
<pin id="214" dir="0" index="0" bw="32" slack="0"/>
<pin id="215" dir="1" index="1" bw="34" slack="2"/>
</pin_list>
<bind>
<opcode="sext(35) " fcode="sext"/>
<opset="sext_ln36_1_cast/1 "/>
</bind>
</comp>

<comp id="217" class="1004" name="sext_ln36_2_cast_fu_217">
<pin_list>
<pin id="218" dir="0" index="0" bw="32" slack="0"/>
<pin id="219" dir="1" index="1" bw="34" slack="2"/>
</pin_list>
<bind>
<opcode="sext(35) " fcode="sext"/>
<opset="sext_ln36_2_cast/1 "/>
</bind>
</comp>

<comp id="221" class="1004" name="store_ln0_store_fu_221">
<pin_list>
<pin id="222" dir="0" index="0" bw="1" slack="0"/>
<pin id="223" dir="0" index="1" bw="96" slack="0"/>
<pin id="224" dir="1" index="2" bw="0" slack="2147483647"/>
</pin_list>
<bind>
<opcode="store(28) " fcode="store"/>
<opset="store_ln0/1 "/>
</bind>
</comp>

<comp id="226" class="1004" name="store_ln0_store_fu_226">
<pin_list>
<pin id="227" dir="0" index="0" bw="1" slack="0"/>
<pin id="228" dir="0" index="1" bw="32" slack="0"/>
<pin id="229" dir="1" index="2" bw="0" slack="2147483647"/>
</pin_list>
<bind>
<opcode="store(28) " fcode="store"/>
<opset="store_ln0/1 "/>
</bind>
</comp>

<comp id="231" class="1004" name="store_ln0_store_fu_231">
<pin_list>
<pin id="232" dir="0" index="0" bw="1" slack="0"/>
<pin id="233" dir="0" index="1" bw="64" slack="0"/>
<pin id="234" dir="1" index="2" bw="0" slack="2147483647"/>
</pin_list>
<bind>
<opcode="store(28) " fcode="store"/>
<opset="store_ln0/1 "/>
</bind>
</comp>

<comp id="236" class="1004" name="store_ln0_store_fu_236">
<pin_list>
<pin id="237" dir="0" index="0" bw="1" slack="0"/>
<pin id="238" dir="0" index="1" bw="32" slack="0"/>
<pin id="239" dir="1" index="2" bw="0" slack="2147483647"/>
</pin_list>
<bind>
<opcode="store(28) " fcode="store"/>
<opset="store_ln0/1 "/>
</bind>
</comp>

<comp id="241" class="1004" name="store_ln0_store_fu_241">
<pin_list>
<pin id="242" dir="0" index="0" bw="1" slack="0"/>
<pin id="243" dir="0" index="1" bw="32" slack="0"/>
<pin id="244" dir="1" index="2" bw="0" slack="2147483647"/>
</pin_list>
<bind>
<opcode="store(28) " fcode="store"/>
<opset="store_ln0/1 "/>
</bind>
</comp>

<comp id="246" class="1004" name="store_ln0_store_fu_246">
<pin_list>
<pin id="247" dir="0" index="0" bw="32" slack="0"/>
<pin id="248" dir="0" index="1" bw="32" slack="0"/>
<pin id="249" dir="1" index="2" bw="0" slack="2147483647"/>
</pin_list>
<bind>
<opcode="store(28) " fcode="store"/>
<opset="store_ln0/1 "/>
</bind>
</comp>

<comp id="251" class="1004" name="indvar_flatten27_load_load_fu_251">
<pin_list>
<pin id="252" dir="0" index="0" bw="96" slack="1"/>
<pin id="253" dir="1" index="1" bw="96" slack="0"/>
</pin_list>
<bind>
<opcode="load(27) " fcode="load"/>
<opset="indvar_flatten27_load/2 "/>
</bind>
</comp>

<comp id="254" class="1004" name="icmp_ln43_fu_254">
<pin_list>
<pin id="255" dir="0" index="0" bw="96" slack="0"/>
<pin id="256" dir="0" index="1" bw="96" slack="1"/>
<pin id="257" dir="1" index="2" bw="1" slack="1"/>
</pin_list>
<bind>
<opcode="icmp(45) " fcode="icmp"/>
<opset="icmp_ln43/2 "/>
</bind>
</comp>

<comp id="259" class="1004" name="add_ln43_1_fu_259">
<pin_list>
<pin id="260" dir="0" index="0" bw="96" slack="0"/>
<pin id="261" dir="0" index="1" bw="1" slack="0"/>
<pin id="262" dir="1" index="2" bw="96" slack="0"/>
</pin_list>
<bind>
<opcode="add(8) " fcode="add"/>
<opset="add_ln43_1/2 "/>
</bind>
</comp>

<comp id="265" class="1004" name="indvar_flatten_load_load_fu_265">
<pin_list>
<pin id="266" dir="0" index="0" bw="64" slack="1"/>
<pin id="267" dir="1" index="1" bw="64" slack="0"/>
</pin_list>
<bind>
<opcode="load(27) " fcode="load"/>
<opset="indvar_flatten_load/2 "/>
</bind>
</comp>

<comp id="268" class="1004" name="icmp_ln44_fu_268">
<pin_list>
<pin id="269" dir="0" index="0" bw="64" slack="0"/>
<pin id="270" dir="0" index="1" bw="64" slack="1"/>
<pin id="271" dir="1" index="2" bw="1" slack="0"/>
</pin_list>
<bind>
<opcode="icmp(45) " fcode="icmp"/>
<opset="icmp_ln44/2 "/>
</bind>
</comp>

<comp id="273" class="1004" name="add_ln44_1_fu_273">
<pin_list>
<pin id="274" dir="0" index="0" bw="64" slack="0"/>
<pin id="275" dir="0" index="1" bw="1" slack="0"/>
<pin id="276" dir="1" index="2" bw="64" slack="0"/>
</pin_list>
<bind>
<opcode="add(8) " fcode="add"/>
<opset="add_ln44_1/2 "/>
</bind>
</comp>

<comp id="279" class="1004" name="select_ln44_4_fu_279">
<pin_list>
<pin id="280" dir="0" index="0" bw="1" slack="0"/>
<pin id="281" dir="0" index="1" bw="1" slack="0"/>
<pin id="282" dir="0" index="2" bw="64" slack="0"/>
<pin id="283" dir="1" index="3" bw="64" slack="0"/>
</pin_list>
<bind>
<opcode="select(49) " fcode="select"/>
<opset="select_ln44_4/2 "/>
</bind>
</comp>

<comp id="287" class="1004" name="store_ln48_store_fu_287">
<pin_list>
<pin id="288" dir="0" index="0" bw="96" slack="0"/>
<pin id="289" dir="0" index="1" bw="96" slack="1"/>
<pin id="290" dir="1" index="2" bw="0" slack="2147483647"/>
</pin_list>
<bind>
<opcode="store(28) " fcode="store"/>
<opset="store_ln48/2 "/>
</bind>
</comp>

<comp id="292" class="1004" name="store_ln48_store_fu_292">
<pin_list>
<pin id="293" dir="0" index="0" bw="64" slack="0"/>
<pin id="294" dir="0" index="1" bw="64" slack="1"/>
<pin id="295" dir="1" index="2" bw="0" slack="2147483647"/>
</pin_list>
<bind>
<opcode="store(28) " fcode="store"/>
<opset="store_ln48/2 "/>
</bind>
</comp>

<comp id="297" class="1004" name="kh_1_load_fu_297">
<pin_list>
<pin id="298" dir="0" index="0" bw="32" slack="2"/>
<pin id="299" dir="1" index="1" bw="32" slack="0"/>
</pin_list>
<bind>
<opcode="load(27) " fcode="load"/>
<opset="kh_1/3 "/>
</bind>
</comp>

<comp id="300" class="1004" name="zext_ln44_fu_300">
<pin_list>
<pin id="301" dir="0" index="0" bw="32" slack="0"/>
<pin id="302" dir="1" index="1" bw="34" slack="0"/>
</pin_list>
<bind>
<opcode="zext(34) " fcode="zext"/>
<opset="zext_ln44/3 "/>
</bind>
</comp>

<comp id="304" class="1004" name="add_ln45_fu_304">
<pin_list>
<pin id="305" dir="0" index="0" bw="32" slack="0"/>
<pin id="306" dir="0" index="1" bw="32" slack="2"/>
<pin id="307" dir="1" index="2" bw="34" slack="0"/>
</pin_list>
<bind>
<opcode="add(8) " fcode="add"/>
<opset="add_ln45/3 "/>
</bind>
</comp>

<comp id="309" class="1004" name="tmp_fu_309">
<pin_list>
<pin id="310" dir="0" index="0" bw="1" slack="0"/>
<pin id="311" dir="0" index="1" bw="34" slack="0"/>
<pin id="312" dir="0" index="2" bw="7" slack="0"/>
<pin id="313" dir="1" index="3" bw="1" slack="0"/>
</pin_list>
<bind>
<opcode="bitselect(1000) " fcode="bitselect"/>
<opset="tmp/3 "/>
</bind>
</comp>

<comp id="317" class="1004" name="xor_ln46_fu_317">
<pin_list>
<pin id="318" dir="0" index="0" bw="1" slack="0"/>
<pin id="319" dir="0" index="1" bw="1" slack="0"/>
<pin id="320" dir="1" index="2" bw="1" slack="0"/>
</pin_list>
<bind>
<opcode="xor(25) " fcode="xor"/>
<opset="xor_ln46/3 "/>
</bind>
</comp>

<comp id="323" class="1004" name="icmp_ln46_fu_323">
<pin_list>
<pin id="324" dir="0" index="0" bw="34" slack="0"/>
<pin id="325" dir="0" index="1" bw="32" slack="2"/>
<pin id="326" dir="1" index="2" bw="1" slack="0"/>
</pin_list>
<bind>
<opcode="icmp(45) " fcode="icmp"/>
<opset="icmp_ln46/3 "/>
</bind>
</comp>

<comp id="328" class="1004" name="and_ln52_fu_328">
<pin_list>
<pin id="329" dir="0" index="0" bw="1" slack="0"/>
<pin id="330" dir="0" index="1" bw="1" slack="0"/>
<pin id="331" dir="1" index="2" bw="1" slack="1"/>
</pin_list>
<bind>
<opcode="and(23) " fcode="and"/>
<opset="and_ln52/3 "/>
</bind>
</comp>

<comp id="334" class="1004" name="kw_load_load_fu_334">
<pin_list>
<pin id="335" dir="0" index="0" bw="32" slack="2"/>
<pin id="336" dir="1" index="1" bw="32" slack="0"/>
</pin_list>
<bind>
<opcode="load(27) " fcode="load"/>
<opset="kw_load/3 "/>
</bind>
</comp>

<comp id="337" class="1004" name="ic_load_load_fu_337">
<pin_list>
<pin id="338" dir="0" index="0" bw="32" slack="2"/>
<pin id="339" dir="1" index="1" bw="32" slack="0"/>
</pin_list>
<bind>
<opcode="load(27) " fcode="load"/>
<opset="ic_load/3 "/>
</bind>
</comp>

<comp id="340" class="1004" name="add_ln43_fu_340">
<pin_list>
<pin id="341" dir="0" index="0" bw="32" slack="0"/>
<pin id="342" dir="0" index="1" bw="1" slack="0"/>
<pin id="343" dir="1" index="2" bw="32" slack="0"/>
</pin_list>
<bind>
<opcode="add(8) " fcode="add"/>
<opset="add_ln43/3 "/>
</bind>
</comp>

<comp id="346" class="1004" name="select_ln43_fu_346">
<pin_list>
<pin id="347" dir="0" index="0" bw="1" slack="1"/>
<pin id="348" dir="0" index="1" bw="1" slack="0"/>
<pin id="349" dir="0" index="2" bw="32" slack="0"/>
<pin id="350" dir="1" index="3" bw="32" slack="0"/>
</pin_list>
<bind>
<opcode="select(49) " fcode="select"/>
<opset="select_ln43/3 "/>
</bind>
</comp>

<comp id="353" class="1004" name="select_ln43_1_fu_353">
<pin_list>
<pin id="354" dir="0" index="0" bw="1" slack="1"/>
<pin id="355" dir="0" index="1" bw="32" slack="0"/>
<pin id="356" dir="0" index="2" bw="32" slack="0"/>
<pin id="357" dir="1" index="3" bw="32" slack="0"/>
</pin_list>
<bind>
<opcode="select(49) " fcode="select"/>
<opset="select_ln43_1/3 "/>
</bind>
</comp>

<comp id="360" class="1004" name="zext_ln54_fu_360">
<pin_list>
<pin id="361" dir="0" index="0" bw="32" slack="0"/>
<pin id="362" dir="1" index="1" bw="36" slack="0"/>
</pin_list>
<bind>
<opcode="zext(34) " fcode="zext"/>
<opset="zext_ln54/3 "/>
</bind>
</comp>

<comp id="364" class="1004" name="trunc_ln54_fu_364">
<pin_list>
<pin id="365" dir="0" index="0" bw="32" slack="0"/>
<pin id="366" dir="1" index="1" bw="6" slack="0"/>
</pin_list>
<bind>
<opcode="trunc(33) " fcode="trunc"/>
<opset="trunc_ln54/3 "/>
</bind>
</comp>

<comp id="368" class="1004" name="tmp_5_cast_fu_368">
<pin_list>
<pin id="369" dir="0" index="0" bw="11" slack="0"/>
<pin id="370" dir="0" index="1" bw="6" slack="0"/>
<pin id="371" dir="0" index="2" bw="1" slack="0"/>
<pin id="372" dir="1" index="3" bw="11" slack="0"/>
</pin_list>
<bind>
<opcode="bitconcatenate(1004) " fcode="bitconcatenate"/>
<opset="tmp_5_cast/3 "/>
</bind>
</comp>

<comp id="376" class="1004" name="tmp_6_fu_376">
<pin_list>
<pin id="377" dir="0" index="0" bw="35" slack="0"/>
<pin id="378" dir="0" index="1" bw="32" slack="0"/>
<pin id="379" dir="0" index="2" bw="1" slack="0"/>
<pin id="380" dir="1" index="3" bw="35" slack="0"/>
</pin_list>
<bind>
<opcode="bitconcatenate(1004) " fcode="bitconcatenate"/>
<opset="tmp_6/3 "/>
</bind>
</comp>

<comp id="384" class="1004" name="zext_ln55_fu_384">
<pin_list>
<pin id="385" dir="0" index="0" bw="35" slack="0"/>
<pin id="386" dir="1" index="1" bw="36" slack="0"/>
</pin_list>
<bind>
<opcode="zext(34) " fcode="zext"/>
<opset="zext_ln55/3 "/>
</bind>
</comp>

<comp id="388" class="1004" name="sub_ln55_fu_388">
<pin_list>
<pin id="389" dir="0" index="0" bw="35" slack="0"/>
<pin id="390" dir="0" index="1" bw="32" slack="0"/>
<pin id="391" dir="1" index="2" bw="36" slack="0"/>
</pin_list>
<bind>
<opcode="sub(10) " fcode="sub"/>
<opset="sub_ln55/3 "/>
</bind>
</comp>

<comp id="394" class="1004" name="sext_ln43_1_fu_394">
<pin_list>
<pin id="395" dir="0" index="0" bw="36" slack="0"/>
<pin id="396" dir="1" index="1" bw="37" slack="0"/>
</pin_list>
<bind>
<opcode="sext(35) " fcode="sext"/>
<opset="sext_ln43_1/3 "/>
</bind>
</comp>

<comp id="398" class="1004" name="icmp_ln48_fu_398">
<pin_list>
<pin id="399" dir="0" index="0" bw="32" slack="0"/>
<pin id="400" dir="0" index="1" bw="32" slack="2"/>
<pin id="401" dir="1" index="2" bw="1" slack="0"/>
</pin_list>
<bind>
<opcode="icmp(45) " fcode="icmp"/>
<opset="icmp_ln48/3 "/>
</bind>
</comp>

<comp id="403" class="1004" name="select_ln43_3_fu_403">
<pin_list>
<pin id="404" dir="0" index="0" bw="1" slack="1"/>
<pin id="405" dir="0" index="1" bw="1" slack="2"/>
<pin id="406" dir="0" index="2" bw="1" slack="0"/>
<pin id="407" dir="1" index="3" bw="1" slack="0"/>
</pin_list>
<bind>
<opcode="select(49) " fcode="select"/>
<opset="select_ln43_3/3 "/>
</bind>
</comp>

<comp id="409" class="1004" name="add_ln44_fu_409">
<pin_list>
<pin id="410" dir="0" index="0" bw="32" slack="0"/>
<pin id="411" dir="0" index="1" bw="1" slack="0"/>
<pin id="412" dir="1" index="2" bw="32" slack="0"/>
</pin_list>
<bind>
<opcode="add(8) " fcode="add"/>
<opset="add_ln44/3 "/>
</bind>
</comp>

<comp id="415" class="1004" name="or_ln44_fu_415">
<pin_list>
<pin id="416" dir="0" index="0" bw="1" slack="0"/>
<pin id="417" dir="0" index="1" bw="1" slack="1"/>
<pin id="418" dir="1" index="2" bw="1" slack="0"/>
</pin_list>
<bind>
<opcode="or(24) " fcode="or"/>
<opset="or_ln44/3 "/>
</bind>
</comp>

<comp id="420" class="1004" name="select_ln44_fu_420">
<pin_list>
<pin id="421" dir="0" index="0" bw="1" slack="0"/>
<pin id="422" dir="0" index="1" bw="1" slack="0"/>
<pin id="423" dir="0" index="2" bw="32" slack="0"/>
<pin id="424" dir="1" index="3" bw="32" slack="0"/>
</pin_list>
<bind>
<opcode="select(49) " fcode="select"/>
<opset="select_ln44/3 "/>
</bind>
</comp>

<comp id="428" class="1004" name="select_ln44_1_fu_428">
<pin_list>
<pin id="429" dir="0" index="0" bw="1" slack="0"/>
<pin id="430" dir="0" index="1" bw="32" slack="0"/>
<pin id="431" dir="0" index="2" bw="32" slack="0"/>
<pin id="432" dir="1" index="3" bw="32" slack="0"/>
</pin_list>
<bind>
<opcode="select(49) " fcode="select"/>
<opset="select_ln44_1/3 "/>
</bind>
</comp>

<comp id="436" class="1004" name="zext_ln55_1_fu_436">
<pin_list>
<pin id="437" dir="0" index="0" bw="32" slack="0"/>
<pin id="438" dir="1" index="1" bw="37" slack="0"/>
</pin_list>
<bind>
<opcode="zext(34) " fcode="zext"/>
<opset="zext_ln55_1/3 "/>
</bind>
</comp>

<comp id="440" class="1004" name="add_ln55_fu_440">
<pin_list>
<pin id="441" dir="0" index="0" bw="36" slack="0"/>
<pin id="442" dir="0" index="1" bw="32" slack="0"/>
<pin id="443" dir="1" index="2" bw="37" slack="0"/>
</pin_list>
<bind>
<opcode="add(8) " fcode="add"/>
<opset="add_ln55/3 "/>
</bind>
</comp>

<comp id="446" class="1004" name="trunc_ln55_fu_446">
<pin_list>
<pin id="447" dir="0" index="0" bw="37" slack="0"/>
<pin id="448" dir="1" index="1" bw="12" slack="1"/>
</pin_list>
<bind>
<opcode="trunc(33) " fcode="trunc"/>
<opset="trunc_ln55/3 "/>
</bind>
</comp>

<comp id="450" class="1004" name="trunc_ln55_1_fu_450">
<pin_list>
<pin id="451" dir="0" index="0" bw="37" slack="0"/>
<pin id="452" dir="1" index="1" bw="9" slack="1"/>
</pin_list>
<bind>
<opcode="trunc(33) " fcode="trunc"/>
<opset="trunc_ln55_1/3 "/>
</bind>
</comp>

<comp id="454" class="1004" name="zext_ln44_1_fu_454">
<pin_list>
<pin id="455" dir="0" index="0" bw="32" slack="0"/>
<pin id="456" dir="1" index="1" bw="34" slack="0"/>
</pin_list>
<bind>
<opcode="zext(34) " fcode="zext"/>
<opset="zext_ln44_1/3 "/>
</bind>
</comp>

<comp id="458" class="1004" name="add_ln45_1_fu_458">
<pin_list>
<pin id="459" dir="0" index="0" bw="32" slack="0"/>
<pin id="460" dir="0" index="1" bw="32" slack="2"/>
<pin id="461" dir="1" index="2" bw="34" slack="0"/>
</pin_list>
<bind>
<opcode="add(8) " fcode="add"/>
<opset="add_ln45_1/3 "/>
</bind>
</comp>

<comp id="463" class="1004" name="trunc_ln54_1_fu_463">
<pin_list>
<pin id="464" dir="0" index="0" bw="34" slack="0"/>
<pin id="465" dir="1" index="1" bw="11" slack="0"/>
</pin_list>
<bind>
<opcode="trunc(33) " fcode="trunc"/>
<opset="trunc_ln54_1/3 "/>
</bind>
</comp>

<comp id="467" class="1004" name="trunc_ln54_2_fu_467">
<pin_list>
<pin id="468" dir="0" index="0" bw="32" slack="2"/>
<pin id="469" dir="1" index="1" bw="11" slack="0"/>
</pin_list>
<bind>
<opcode="trunc(33) " fcode="trunc"/>
<opset="trunc_ln54_2/3 "/>
</bind>
</comp>

<comp id="470" class="1004" name="trunc_ln54_3_fu_470">
<pin_list>
<pin id="471" dir="0" index="0" bw="34" slack="0"/>
<pin id="472" dir="1" index="1" bw="11" slack="0"/>
</pin_list>
<bind>
<opcode="trunc(33) " fcode="trunc"/>
<opset="trunc_ln54_3/3 "/>
</bind>
</comp>

<comp id="474" class="1004" name="select_ln43_4_fu_474">
<pin_list>
<pin id="475" dir="0" index="0" bw="1" slack="1"/>
<pin id="476" dir="0" index="1" bw="11" slack="0"/>
<pin id="477" dir="0" index="2" bw="11" slack="0"/>
<pin id="478" dir="1" index="3" bw="11" slack="0"/>
</pin_list>
<bind>
<opcode="select(49) " fcode="select"/>
<opset="select_ln43_4/3 "/>
</bind>
</comp>

<comp id="481" class="1004" name="select_ln44_2_fu_481">
<pin_list>
<pin id="482" dir="0" index="0" bw="1" slack="0"/>
<pin id="483" dir="0" index="1" bw="11" slack="0"/>
<pin id="484" dir="0" index="2" bw="11" slack="0"/>
<pin id="485" dir="1" index="3" bw="11" slack="0"/>
</pin_list>
<bind>
<opcode="select(49) " fcode="select"/>
<opset="select_ln44_2/3 "/>
</bind>
</comp>

<comp id="489" class="1004" name="add_ln54_fu_489">
<pin_list>
<pin id="490" dir="0" index="0" bw="11" slack="0"/>
<pin id="491" dir="0" index="1" bw="11" slack="0"/>
<pin id="492" dir="1" index="2" bw="11" slack="1"/>
</pin_list>
<bind>
<opcode="add(8) " fcode="add"/>
<opset="add_ln54/3 "/>
</bind>
</comp>

<comp id="495" class="1004" name="icmp_ln46_1_fu_495">
<pin_list>
<pin id="496" dir="0" index="0" bw="34" slack="0"/>
<pin id="497" dir="0" index="1" bw="32" slack="2"/>
<pin id="498" dir="1" index="2" bw="1" slack="1"/>
</pin_list>
<bind>
<opcode="icmp(45) " fcode="icmp"/>
<opset="icmp_ln46_1/3 "/>
</bind>
</comp>

<comp id="500" class="1004" name="trunc_ln55_2_fu_500">
<pin_list>
<pin id="501" dir="0" index="0" bw="32" slack="0"/>
<pin id="502" dir="1" index="1" bw="12" slack="1"/>
</pin_list>
<bind>
<opcode="trunc(33) " fcode="trunc"/>
<opset="trunc_ln55_2/3 "/>
</bind>
</comp>

<comp id="504" class="1004" name="add_ln48_fu_504">
<pin_list>
<pin id="505" dir="0" index="0" bw="32" slack="0"/>
<pin id="506" dir="0" index="1" bw="1" slack="0"/>
<pin id="507" dir="1" index="2" bw="32" slack="0"/>
</pin_list>
<bind>
<opcode="add(8) " fcode="add"/>
<opset="add_ln48/3 "/>
</bind>
</comp>

<comp id="510" class="1004" name="store_ln48_store_fu_510">
<pin_list>
<pin id="511" dir="0" index="0" bw="32" slack="0"/>
<pin id="512" dir="0" index="1" bw="32" slack="2"/>
<pin id="513" dir="1" index="2" bw="0" slack="2147483647"/>
</pin_list>
<bind>
<opcode="store(28) " fcode="store"/>
<opset="store_ln48/3 "/>
</bind>
</comp>

<comp id="515" class="1004" name="store_ln48_store_fu_515">
<pin_list>
<pin id="516" dir="0" index="0" bw="32" slack="0"/>
<pin id="517" dir="0" index="1" bw="32" slack="2"/>
<pin id="518" dir="1" index="2" bw="0" slack="2147483647"/>
</pin_list>
<bind>
<opcode="store(28) " fcode="store"/>
<opset="store_ln48/3 "/>
</bind>
</comp>

<comp id="520" class="1004" name="store_ln48_store_fu_520">
<pin_list>
<pin id="521" dir="0" index="0" bw="32" slack="0"/>
<pin id="522" dir="0" index="1" bw="32" slack="2"/>
<pin id="523" dir="1" index="2" bw="0" slack="2147483647"/>
</pin_list>
<bind>
<opcode="store(28) " fcode="store"/>
<opset="store_ln48/3 "/>
</bind>
</comp>

<comp id="525" class="1004" name="select_ln43_2_fu_525">
<pin_list>
<pin id="526" dir="0" index="0" bw="1" slack="2"/>
<pin id="527" dir="0" index="1" bw="1" slack="3"/>
<pin id="528" dir="0" index="2" bw="1" slack="1"/>
<pin id="529" dir="1" index="3" bw="1" slack="0"/>
</pin_list>
<bind>
<opcode="select(49) " fcode="select"/>
<opset="select_ln43_2/4 "/>
</bind>
</comp>

<comp id="530" class="1004" name="p_shl_fu_530">
<pin_list>
<pin id="531" dir="0" index="0" bw="12" slack="0"/>
<pin id="532" dir="0" index="1" bw="9" slack="1"/>
<pin id="533" dir="0" index="2" bw="1" slack="0"/>
<pin id="534" dir="1" index="3" bw="12" slack="0"/>
</pin_list>
<bind>
<opcode="bitconcatenate(1004) " fcode="bitconcatenate"/>
<opset="p_shl/4 "/>
</bind>
</comp>

<comp id="537" class="1004" name="sub_ln55_1_fu_537">
<pin_list>
<pin id="538" dir="0" index="0" bw="12" slack="0"/>
<pin id="539" dir="0" index="1" bw="12" slack="1"/>
<pin id="540" dir="1" index="2" bw="12" slack="0"/>
</pin_list>
<bind>
<opcode="sub(10) " fcode="sub"/>
<opset="sub_ln55_1/4 "/>
</bind>
</comp>

<comp id="542" class="1004" name="tmp_9_fu_542">
<pin_list>
<pin id="543" dir="0" index="0" bw="16" slack="0"/>
<pin id="544" dir="0" index="1" bw="11" slack="1"/>
<pin id="545" dir="0" index="2" bw="1" slack="0"/>
<pin id="546" dir="1" index="3" bw="16" slack="0"/>
</pin_list>
<bind>
<opcode="bitconcatenate(1004) " fcode="bitconcatenate"/>
<opset="tmp_9/4 "/>
</bind>
</comp>

<comp id="549" class="1004" name="tmp_5_fu_549">
<pin_list>
<pin id="550" dir="0" index="0" bw="1" slack="0"/>
<pin id="551" dir="0" index="1" bw="34" slack="1"/>
<pin id="552" dir="0" index="2" bw="7" slack="0"/>
<pin id="553" dir="1" index="3" bw="1" slack="0"/>
</pin_list>
<bind>
<opcode="bitselect(1000) " fcode="bitselect"/>
<opset="tmp_5/4 "/>
</bind>
</comp>

<comp id="556" class="1004" name="xor_ln46_1_fu_556">
<pin_list>
<pin id="557" dir="0" index="0" bw="1" slack="0"/>
<pin id="558" dir="0" index="1" bw="1" slack="0"/>
<pin id="559" dir="1" index="2" bw="1" slack="0"/>
</pin_list>
<bind>
<opcode="xor(25) " fcode="xor"/>
<opset="xor_ln46_1/4 "/>
</bind>
</comp>

<comp id="562" class="1004" name="and_ln52_4_fu_562">
<pin_list>
<pin id="563" dir="0" index="0" bw="1" slack="1"/>
<pin id="564" dir="0" index="1" bw="1" slack="0"/>
<pin id="565" dir="1" index="2" bw="1" slack="0"/>
</pin_list>
<bind>
<opcode="and(23) " fcode="and"/>
<opset="and_ln52_4/4 "/>
</bind>
</comp>

<comp id="567" class="1004" name="select_ln44_3_fu_567">
<pin_list>
<pin id="568" dir="0" index="0" bw="1" slack="1"/>
<pin id="569" dir="0" index="1" bw="1" slack="0"/>
<pin id="570" dir="0" index="2" bw="1" slack="0"/>
<pin id="571" dir="1" index="3" bw="1" slack="1"/>
</pin_list>
<bind>
<opcode="select(49) " fcode="select"/>
<opset="select_ln44_3/4 "/>
</bind>
</comp>

<comp id="574" class="1004" name="add_ln55_1_fu_574">
<pin_list>
<pin id="575" dir="0" index="0" bw="12" slack="0"/>
<pin id="576" dir="0" index="1" bw="12" slack="1"/>
<pin id="577" dir="1" index="2" bw="12" slack="0"/>
</pin_list>
<bind>
<opcode="add(8) " fcode="add"/>
<opset="add_ln55_1/4 "/>
</bind>
</comp>

<comp id="579" class="1004" name="zext_ln55_2_fu_579">
<pin_list>
<pin id="580" dir="0" index="0" bw="12" slack="0"/>
<pin id="581" dir="1" index="1" bw="64" slack="0"/>
</pin_list>
<bind>
<opcode="zext(34) " fcode="zext"/>
<opset="zext_ln55_2/4 "/>
</bind>
</comp>

<comp id="584" class="1004" name="add_ln51_1_fu_584">
<pin_list>
<pin id="585" dir="0" index="0" bw="32" slack="1"/>
<pin id="586" dir="0" index="1" bw="32" slack="3"/>
<pin id="587" dir="1" index="2" bw="32" slack="0"/>
</pin_list>
<bind>
<opcode="add(8) " fcode="add"/>
<opset="add_ln51_1/4 "/>
</bind>
</comp>

<comp id="588" class="1004" name="trunc_ln54_4_fu_588">
<pin_list>
<pin id="589" dir="0" index="0" bw="32" slack="0"/>
<pin id="590" dir="1" index="1" bw="16" slack="0"/>
</pin_list>
<bind>
<opcode="trunc(33) " fcode="trunc"/>
<opset="trunc_ln54_4/4 "/>
</bind>
</comp>

<comp id="592" class="1004" name="add_ln54_1_fu_592">
<pin_list>
<pin id="593" dir="0" index="0" bw="16" slack="0"/>
<pin id="594" dir="0" index="1" bw="16" slack="0"/>
<pin id="595" dir="1" index="2" bw="16" slack="0"/>
</pin_list>
<bind>
<opcode="add(8) " fcode="add"/>
<opset="add_ln54_1/4 "/>
</bind>
</comp>

<comp id="598" class="1004" name="zext_ln54_1_fu_598">
<pin_list>
<pin id="599" dir="0" index="0" bw="16" slack="0"/>
<pin id="600" dir="1" index="1" bw="64" slack="0"/>
</pin_list>
<bind>
<opcode="zext(34) " fcode="zext"/>
<opset="zext_ln54_1/4 "/>
</bind>
</comp>

<comp id="603" class="1004" name="zext_ln48_fu_603">
<pin_list>
<pin id="604" dir="0" index="0" bw="32" slack="2"/>
<pin id="605" dir="1" index="1" bw="34" slack="0"/>
</pin_list>
<bind>
<opcode="zext(34) " fcode="zext"/>
<opset="zext_ln48/5 "/>
</bind>
</comp>

<comp id="606" class="1004" name="add_ln51_fu_606">
<pin_list>
<pin id="607" dir="0" index="0" bw="32" slack="0"/>
<pin id="608" dir="0" index="1" bw="32" slack="4"/>
<pin id="609" dir="1" index="2" bw="34" slack="0"/>
</pin_list>
<bind>
<opcode="add(8) " fcode="add"/>
<opset="add_ln51/5 "/>
</bind>
</comp>

<comp id="611" class="1004" name="tmp_7_fu_611">
<pin_list>
<pin id="612" dir="0" index="0" bw="1" slack="0"/>
<pin id="613" dir="0" index="1" bw="34" slack="0"/>
<pin id="614" dir="0" index="2" bw="7" slack="0"/>
<pin id="615" dir="1" index="3" bw="1" slack="0"/>
</pin_list>
<bind>
<opcode="bitselect(1000) " fcode="bitselect"/>
<opset="tmp_7/5 "/>
</bind>
</comp>

<comp id="619" class="1004" name="xor_ln52_fu_619">
<pin_list>
<pin id="620" dir="0" index="0" bw="1" slack="0"/>
<pin id="621" dir="0" index="1" bw="1" slack="0"/>
<pin id="622" dir="1" index="2" bw="1" slack="0"/>
</pin_list>
<bind>
<opcode="xor(25) " fcode="xor"/>
<opset="xor_ln52/5 "/>
</bind>
</comp>

<comp id="625" class="1004" name="icmp_ln52_fu_625">
<pin_list>
<pin id="626" dir="0" index="0" bw="34" slack="0"/>
<pin id="627" dir="0" index="1" bw="32" slack="4"/>
<pin id="628" dir="1" index="2" bw="1" slack="0"/>
</pin_list>
<bind>
<opcode="icmp(45) " fcode="icmp"/>
<opset="icmp_ln52/5 "/>
</bind>
</comp>

<comp id="630" class="1004" name="and_ln52_1_fu_630">
<pin_list>
<pin id="631" dir="0" index="0" bw="1" slack="0"/>
<pin id="632" dir="0" index="1" bw="1" slack="0"/>
<pin id="633" dir="1" index="2" bw="1" slack="0"/>
</pin_list>
<bind>
<opcode="and(23) " fcode="and"/>
<opset="and_ln52_1/5 "/>
</bind>
</comp>

<comp id="636" class="1004" name="and_ln52_2_fu_636">
<pin_list>
<pin id="637" dir="0" index="0" bw="1" slack="0"/>
<pin id="638" dir="0" index="1" bw="1" slack="1"/>
<pin id="639" dir="1" index="2" bw="1" slack="0"/>
</pin_list>
<bind>
<opcode="and(23) " fcode="and"/>
<opset="and_ln52_2/5 "/>
</bind>
</comp>

<comp id="641" class="1004" name="in_val_V_2_fu_641">
<pin_list>
<pin id="642" dir="0" index="0" bw="1" slack="0"/>
<pin id="643" dir="0" index="1" bw="8" slack="0"/>
<pin id="644" dir="0" index="2" bw="1" slack="0"/>
<pin id="645" dir="1" index="3" bw="8" slack="0"/>
</pin_list>
<bind>
<opcode="select(49) " fcode="select"/>
<opset="in_val_V_2/5 "/>
</bind>
</comp>

<comp id="649" class="1004" name="sext_ln232_fu_649">
<pin_list>
<pin id="650" dir="0" index="0" bw="8" slack="0"/>
<pin id="651" dir="1" index="1" bw="16" slack="0"/>
</pin_list>
<bind>
<opcode="sext(35) " fcode="sext"/>
<opset="sext_ln232/5 "/>
</bind>
</comp>

<comp id="653" class="1004" name="sext_ln232_1_fu_653">
<pin_list>
<pin id="654" dir="0" index="0" bw="8" slack="0"/>
<pin id="655" dir="1" index="1" bw="16" slack="0"/>
</pin_list>
<bind>
<opcode="sext(35) " fcode="sext"/>
<opset="sext_ln232_1/5 "/>
</bind>
</comp>

<comp id="657" class="1004" name="sum_V_1_load_load_fu_657">
<pin_list>
<pin id="658" dir="0" index="0" bw="32" slack="6"/>
<pin id="659" dir="1" index="1" bw="32" slack="0"/>
</pin_list>
<bind>
<opcode="load(27) " fcode="load"/>
<opset="sum_V_1_load/7 "/>
</bind>
</comp>

<comp id="660" class="1004" name="store_ln48_store_fu_660">
<pin_list>
<pin id="661" dir="0" index="0" bw="32" slack="0"/>
<pin id="662" dir="0" index="1" bw="32" slack="7"/>
<pin id="663" dir="1" index="2" bw="0" slack="2147483647"/>
</pin_list>
<bind>
<opcode="store(28) " fcode="store"/>
<opset="store_ln48/8 "/>
</bind>
</comp>

<comp id="664" class="1004" name="sum_V_1_load_1_load_fu_664">
<pin_list>
<pin id="665" dir="0" index="0" bw="32" slack="6"/>
<pin id="666" dir="1" index="1" bw="32" slack="0"/>
</pin_list>
<bind>
<opcode="load(27) " fcode="load"/>
<opset="sum_V_1_load_1/7 "/>
</bind>
</comp>

<comp id="668" class="1007" name="grp_fu_668">
<pin_list>
<pin id="669" dir="0" index="0" bw="8" slack="0"/>
<pin id="670" dir="0" index="1" bw="8" slack="0"/>
<pin id="671" dir="0" index="2" bw="32" slack="0"/>
<pin id="672" dir="1" index="3" bw="32" slack="0"/>
</pin_list>
<bind>
<opcode="muladd(1172) " fcode="muladd"/>
<opset="ret_V/5 sext_ln886/7 sum_V/7 "/>
</bind>
</comp>

<comp id="677" class="1005" name="sum_V_1_reg_677">
<pin_list>
<pin id="678" dir="0" index="0" bw="32" slack="0"/>
<pin id="679" dir="1" index="1" bw="32" slack="0"/>
</pin_list>
<bind>
<opset="sum_V_1 "/>
</bind>
</comp>

<comp id="685" class="1005" name="kw_reg_685">
<pin_list>
<pin id="686" dir="0" index="0" bw="32" slack="0"/>
<pin id="687" dir="1" index="1" bw="32" slack="0"/>
</pin_list>
<bind>
<opset="kw "/>
</bind>
</comp>

<comp id="692" class="1005" name="kh_reg_692">
<pin_list>
<pin id="693" dir="0" index="0" bw="32" slack="0"/>
<pin id="694" dir="1" index="1" bw="32" slack="0"/>
</pin_list>
<bind>
<opset="kh "/>
</bind>
</comp>

<comp id="699" class="1005" name="indvar_flatten_reg_699">
<pin_list>
<pin id="700" dir="0" index="0" bw="64" slack="0"/>
<pin id="701" dir="1" index="1" bw="64" slack="0"/>
</pin_list>
<bind>
<opset="indvar_flatten "/>
</bind>
</comp>

<comp id="706" class="1005" name="ic_reg_706">
<pin_list>
<pin id="707" dir="0" index="0" bw="32" slack="0"/>
<pin id="708" dir="1" index="1" bw="32" slack="0"/>
</pin_list>
<bind>
<opset="ic "/>
</bind>
</comp>

<comp id="713" class="1005" name="indvar_flatten27_reg_713">
<pin_list>
<pin id="714" dir="0" index="0" bw="96" slack="0"/>
<pin id="715" dir="1" index="1" bw="96" slack="0"/>
</pin_list>
<bind>
<opset="indvar_flatten27 "/>
</bind>
</comp>

<comp id="720" class="1005" name="sext_ln43_read_reg_720">
<pin_list>
<pin id="721" dir="0" index="0" bw="32" slack="3"/>
<pin id="722" dir="1" index="1" bw="32" slack="3"/>
</pin_list>
<bind>
<opset="sext_ln43_read "/>
</bind>
</comp>

<comp id="725" class="1005" name="icmp_ln48_1_read_reg_725">
<pin_list>
<pin id="726" dir="0" index="0" bw="1" slack="2"/>
<pin id="727" dir="1" index="1" bw="1" slack="2"/>
</pin_list>
<bind>
<opset="icmp_ln48_1_read "/>
</bind>
</comp>

<comp id="730" class="1005" name="kernel_size_read_reg_730">
<pin_list>
<pin id="731" dir="0" index="0" bw="32" slack="2"/>
<pin id="732" dir="1" index="1" bw="32" slack="2"/>
</pin_list>
<bind>
<opset="kernel_size_read "/>
</bind>
</comp>

<comp id="735" class="1005" name="and_ln52_3_read_reg_735">
<pin_list>
<pin id="736" dir="0" index="0" bw="1" slack="3"/>
<pin id="737" dir="1" index="1" bw="1" slack="3"/>
</pin_list>
<bind>
<opset="and_ln52_3_read "/>
</bind>
</comp>

<comp id="740" class="1005" name="bound_read_reg_740">
<pin_list>
<pin id="741" dir="0" index="0" bw="64" slack="1"/>
<pin id="742" dir="1" index="1" bw="64" slack="1"/>
</pin_list>
<bind>
<opset="bound_read "/>
</bind>
</comp>

<comp id="745" class="1005" name="bound4_read_reg_745">
<pin_list>
<pin id="746" dir="0" index="0" bw="96" slack="1"/>
<pin id="747" dir="1" index="1" bw="96" slack="1"/>
</pin_list>
<bind>
<opset="bound4_read "/>
</bind>
</comp>

<comp id="750" class="1005" name="sext_ln36_2_read_reg_750">
<pin_list>
<pin id="751" dir="0" index="0" bw="32" slack="2"/>
<pin id="752" dir="1" index="1" bw="32" slack="2"/>
</pin_list>
<bind>
<opset="sext_ln36_2_read "/>
</bind>
</comp>

<comp id="755" class="1005" name="sext_ln36_cast_reg_755">
<pin_list>
<pin id="756" dir="0" index="0" bw="34" slack="4"/>
<pin id="757" dir="1" index="1" bw="34" slack="4"/>
</pin_list>
<bind>
<opset="sext_ln36_cast "/>
</bind>
</comp>

<comp id="760" class="1005" name="sext_ln43_cast_reg_760">
<pin_list>
<pin id="761" dir="0" index="0" bw="34" slack="4"/>
<pin id="762" dir="1" index="1" bw="34" slack="4"/>
</pin_list>
<bind>
<opset="sext_ln43_cast "/>
</bind>
</comp>

<comp id="765" class="1005" name="sext_ln36_1_cast_reg_765">
<pin_list>
<pin id="766" dir="0" index="0" bw="34" slack="2"/>
<pin id="767" dir="1" index="1" bw="34" slack="2"/>
</pin_list>
<bind>
<opset="sext_ln36_1_cast "/>
</bind>
</comp>

<comp id="771" class="1005" name="sext_ln36_2_cast_reg_771">
<pin_list>
<pin id="772" dir="0" index="0" bw="34" slack="2"/>
<pin id="773" dir="1" index="1" bw="34" slack="2"/>
</pin_list>
<bind>
<opset="sext_ln36_2_cast "/>
</bind>
</comp>

<comp id="777" class="1005" name="icmp_ln43_reg_777">
<pin_list>
<pin id="778" dir="0" index="0" bw="1" slack="1"/>
<pin id="779" dir="1" index="1" bw="1" slack="2147483647"/>
</pin_list>
<bind>
<opset="icmp_ln43 "/>
</bind>
</comp>

<comp id="781" class="1005" name="icmp_ln44_reg_781">
<pin_list>
<pin id="782" dir="0" index="0" bw="1" slack="1"/>
<pin id="783" dir="1" index="1" bw="1" slack="1"/>
</pin_list>
<bind>
<opset="icmp_ln44 "/>
</bind>
</comp>

<comp id="791" class="1005" name="and_ln52_reg_791">
<pin_list>
<pin id="792" dir="0" index="0" bw="1" slack="1"/>
<pin id="793" dir="1" index="1" bw="1" slack="1"/>
</pin_list>
<bind>
<opset="and_ln52 "/>
</bind>
</comp>

<comp id="796" class="1005" name="select_ln43_3_reg_796">
<pin_list>
<pin id="797" dir="0" index="0" bw="1" slack="1"/>
<pin id="798" dir="1" index="1" bw="1" slack="1"/>
</pin_list>
<bind>
<opset="select_ln43_3 "/>
</bind>
</comp>

<comp id="801" class="1005" name="select_ln44_reg_801">
<pin_list>
<pin id="802" dir="0" index="0" bw="32" slack="1"/>
<pin id="803" dir="1" index="1" bw="32" slack="1"/>
</pin_list>
<bind>
<opset="select_ln44 "/>
</bind>
</comp>

<comp id="807" class="1005" name="trunc_ln55_reg_807">
<pin_list>
<pin id="808" dir="0" index="0" bw="12" slack="1"/>
<pin id="809" dir="1" index="1" bw="12" slack="1"/>
</pin_list>
<bind>
<opset="trunc_ln55 "/>
</bind>
</comp>

<comp id="812" class="1005" name="trunc_ln55_1_reg_812">
<pin_list>
<pin id="813" dir="0" index="0" bw="9" slack="1"/>
<pin id="814" dir="1" index="1" bw="9" slack="1"/>
</pin_list>
<bind>
<opset="trunc_ln55_1 "/>
</bind>
</comp>

<comp id="817" class="1005" name="add_ln45_1_reg_817">
<pin_list>
<pin id="818" dir="0" index="0" bw="34" slack="1"/>
<pin id="819" dir="1" index="1" bw="34" slack="1"/>
</pin_list>
<bind>
<opset="add_ln45_1 "/>
</bind>
</comp>

<comp id="822" class="1005" name="add_ln54_reg_822">
<pin_list>
<pin id="823" dir="0" index="0" bw="11" slack="1"/>
<pin id="824" dir="1" index="1" bw="11" slack="1"/>
</pin_list>
<bind>
<opset="add_ln54 "/>
</bind>
</comp>

<comp id="827" class="1005" name="icmp_ln46_1_reg_827">
<pin_list>
<pin id="828" dir="0" index="0" bw="1" slack="1"/>
<pin id="829" dir="1" index="1" bw="1" slack="1"/>
</pin_list>
<bind>
<opset="icmp_ln46_1 "/>
</bind>
</comp>

<comp id="832" class="1005" name="trunc_ln55_2_reg_832">
<pin_list>
<pin id="833" dir="0" index="0" bw="12" slack="1"/>
<pin id="834" dir="1" index="1" bw="12" slack="1"/>
</pin_list>
<bind>
<opset="trunc_ln55_2 "/>
</bind>
</comp>

<comp id="837" class="1005" name="select_ln44_3_reg_837">
<pin_list>
<pin id="838" dir="0" index="0" bw="1" slack="1"/>
<pin id="839" dir="1" index="1" bw="1" slack="1"/>
</pin_list>
<bind>
<opset="select_ln44_3 "/>
</bind>
</comp>

<comp id="842" class="1005" name="weights_addr_reg_842">
<pin_list>
<pin id="843" dir="0" index="0" bw="12" slack="1"/>
<pin id="844" dir="1" index="1" bw="12" slack="1"/>
</pin_list>
<bind>
<opset="weights_addr "/>
</bind>
</comp>

<comp id="847" class="1005" name="input_addr_reg_847">
<pin_list>
<pin id="848" dir="0" index="0" bw="16" slack="1"/>
<pin id="849" dir="1" index="1" bw="16" slack="1"/>
</pin_list>
<bind>
<opset="input_addr "/>
</bind>
</comp>

<comp id="852" class="1005" name="sext_ln232_reg_852">
<pin_list>
<pin id="853" dir="0" index="0" bw="16" slack="1"/>
<pin id="854" dir="1" index="1" bw="16" slack="1"/>
</pin_list>
<bind>
<opset="sext_ln232 "/>
</bind>
</comp>

<comp id="857" class="1005" name="sext_ln232_1_reg_857">
<pin_list>
<pin id="858" dir="0" index="0" bw="16" slack="1"/>
<pin id="859" dir="1" index="1" bw="16" slack="1"/>
</pin_list>
<bind>
<opset="sext_ln232_1 "/>
</bind>
</comp>

<comp id="862" class="1005" name="sum_V_1_load_reg_862">
<pin_list>
<pin id="863" dir="0" index="0" bw="32" slack="1"/>
<pin id="864" dir="1" index="1" bw="32" slack="1"/>
</pin_list>
<bind>
<opset="sum_V_1_load "/>
</bind>
</comp>

</comp_list>

<net_list>
<net id="91"><net_src comp="26" pin="0"/><net_sink comp="88" pin=0"/></net>

<net id="95"><net_src comp="26" pin="0"/><net_sink comp="92" pin=0"/></net>

<net id="99"><net_src comp="26" pin="0"/><net_sink comp="96" pin=0"/></net>

<net id="103"><net_src comp="26" pin="0"/><net_sink comp="100" pin=0"/></net>

<net id="107"><net_src comp="26" pin="0"/><net_sink comp="104" pin=0"/></net>

<net id="111"><net_src comp="26" pin="0"/><net_sink comp="108" pin=0"/></net>

<net id="116"><net_src comp="28" pin="0"/><net_sink comp="112" pin=0"/></net>

<net id="117"><net_src comp="22" pin="0"/><net_sink comp="112" pin=1"/></net>

<net id="122"><net_src comp="28" pin="0"/><net_sink comp="118" pin=0"/></net>

<net id="123"><net_src comp="18" pin="0"/><net_sink comp="118" pin=1"/></net>

<net id="128"><net_src comp="30" pin="0"/><net_sink comp="124" pin=0"/></net>

<net id="129"><net_src comp="14" pin="0"/><net_sink comp="124" pin=1"/></net>

<net id="134"><net_src comp="28" pin="0"/><net_sink comp="130" pin=0"/></net>

<net id="135"><net_src comp="12" pin="0"/><net_sink comp="130" pin=1"/></net>

<net id="140"><net_src comp="30" pin="0"/><net_sink comp="136" pin=0"/></net>

<net id="141"><net_src comp="10" pin="0"/><net_sink comp="136" pin=1"/></net>

<net id="146"><net_src comp="32" pin="0"/><net_sink comp="142" pin=0"/></net>

<net id="147"><net_src comp="8" pin="0"/><net_sink comp="142" pin=1"/></net>

<net id="152"><net_src comp="34" pin="0"/><net_sink comp="148" pin=0"/></net>

<net id="153"><net_src comp="6" pin="0"/><net_sink comp="148" pin=1"/></net>

<net id="158"><net_src comp="28" pin="0"/><net_sink comp="154" pin=0"/></net>

<net id="159"><net_src comp="4" pin="0"/><net_sink comp="154" pin=1"/></net>

<net id="164"><net_src comp="28" pin="0"/><net_sink comp="160" pin=0"/></net>

<net id="165"><net_src comp="2" pin="0"/><net_sink comp="160" pin=1"/></net>

<net id="170"><net_src comp="28" pin="0"/><net_sink comp="166" pin=0"/></net>

<net id="171"><net_src comp="0" pin="0"/><net_sink comp="166" pin=1"/></net>

<net id="177"><net_src comp="86" pin="0"/><net_sink comp="172" pin=0"/></net>

<net id="178"><net_src comp="24" pin="0"/><net_sink comp="172" pin=1"/></net>

<net id="184"><net_src comp="16" pin="0"/><net_sink comp="179" pin=0"/></net>

<net id="185"><net_src comp="48" pin="0"/><net_sink comp="179" pin=1"/></net>

<net id="191"><net_src comp="20" pin="0"/><net_sink comp="186" pin=0"/></net>

<net id="192"><net_src comp="48" pin="0"/><net_sink comp="186" pin=1"/></net>

<net id="198"><net_src comp="186" pin="3"/><net_sink comp="193" pin=0"/></net>

<net id="204"><net_src comp="179" pin="3"/><net_sink comp="199" pin=0"/></net>

<net id="208"><net_src comp="112" pin="2"/><net_sink comp="205" pin=0"/></net>

<net id="212"><net_src comp="118" pin="2"/><net_sink comp="209" pin=0"/></net>

<net id="216"><net_src comp="154" pin="2"/><net_sink comp="213" pin=0"/></net>

<net id="220"><net_src comp="160" pin="2"/><net_sink comp="217" pin=0"/></net>

<net id="225"><net_src comp="44" pin="0"/><net_sink comp="221" pin=0"/></net>

<net id="230"><net_src comp="46" pin="0"/><net_sink comp="226" pin=0"/></net>

<net id="235"><net_src comp="48" pin="0"/><net_sink comp="231" pin=0"/></net>

<net id="240"><net_src comp="46" pin="0"/><net_sink comp="236" pin=0"/></net>

<net id="245"><net_src comp="46" pin="0"/><net_sink comp="241" pin=0"/></net>

<net id="250"><net_src comp="166" pin="2"/><net_sink comp="246" pin=0"/></net>

<net id="258"><net_src comp="251" pin="1"/><net_sink comp="254" pin=0"/></net>

<net id="263"><net_src comp="251" pin="1"/><net_sink comp="259" pin=0"/></net>

<net id="264"><net_src comp="50" pin="0"/><net_sink comp="259" pin=1"/></net>

<net id="272"><net_src comp="265" pin="1"/><net_sink comp="268" pin=0"/></net>

<net id="277"><net_src comp="265" pin="1"/><net_sink comp="273" pin=0"/></net>

<net id="278"><net_src comp="52" pin="0"/><net_sink comp="273" pin=1"/></net>

<net id="284"><net_src comp="268" pin="2"/><net_sink comp="279" pin=0"/></net>

<net id="285"><net_src comp="52" pin="0"/><net_sink comp="279" pin=1"/></net>

<net id="286"><net_src comp="273" pin="2"/><net_sink comp="279" pin=2"/></net>

<net id="291"><net_src comp="259" pin="2"/><net_sink comp="287" pin=0"/></net>

<net id="296"><net_src comp="279" pin="3"/><net_sink comp="292" pin=0"/></net>

<net id="303"><net_src comp="297" pin="1"/><net_sink comp="300" pin=0"/></net>

<net id="308"><net_src comp="300" pin="1"/><net_sink comp="304" pin=0"/></net>

<net id="314"><net_src comp="54" pin="0"/><net_sink comp="309" pin=0"/></net>

<net id="315"><net_src comp="304" pin="2"/><net_sink comp="309" pin=1"/></net>

<net id="316"><net_src comp="56" pin="0"/><net_sink comp="309" pin=2"/></net>

<net id="321"><net_src comp="309" pin="3"/><net_sink comp="317" pin=0"/></net>

<net id="322"><net_src comp="58" pin="0"/><net_sink comp="317" pin=1"/></net>

<net id="327"><net_src comp="304" pin="2"/><net_sink comp="323" pin=0"/></net>

<net id="332"><net_src comp="323" pin="2"/><net_sink comp="328" pin=0"/></net>

<net id="333"><net_src comp="317" pin="2"/><net_sink comp="328" pin=1"/></net>

<net id="344"><net_src comp="337" pin="1"/><net_sink comp="340" pin=0"/></net>

<net id="345"><net_src comp="26" pin="0"/><net_sink comp="340" pin=1"/></net>

<net id="351"><net_src comp="46" pin="0"/><net_sink comp="346" pin=1"/></net>

<net id="352"><net_src comp="297" pin="1"/><net_sink comp="346" pin=2"/></net>

<net id="358"><net_src comp="340" pin="2"/><net_sink comp="353" pin=1"/></net>

<net id="359"><net_src comp="337" pin="1"/><net_sink comp="353" pin=2"/></net>

<net id="363"><net_src comp="353" pin="3"/><net_sink comp="360" pin=0"/></net>

<net id="367"><net_src comp="353" pin="3"/><net_sink comp="364" pin=0"/></net>

<net id="373"><net_src comp="60" pin="0"/><net_sink comp="368" pin=0"/></net>

<net id="374"><net_src comp="364" pin="1"/><net_sink comp="368" pin=1"/></net>

<net id="375"><net_src comp="62" pin="0"/><net_sink comp="368" pin=2"/></net>

<net id="381"><net_src comp="64" pin="0"/><net_sink comp="376" pin=0"/></net>

<net id="382"><net_src comp="353" pin="3"/><net_sink comp="376" pin=1"/></net>

<net id="383"><net_src comp="66" pin="0"/><net_sink comp="376" pin=2"/></net>

<net id="387"><net_src comp="376" pin="3"/><net_sink comp="384" pin=0"/></net>

<net id="392"><net_src comp="384" pin="1"/><net_sink comp="388" pin=0"/></net>

<net id="393"><net_src comp="360" pin="1"/><net_sink comp="388" pin=1"/></net>

<net id="397"><net_src comp="388" pin="2"/><net_sink comp="394" pin=0"/></net>

<net id="402"><net_src comp="334" pin="1"/><net_sink comp="398" pin=0"/></net>

<net id="408"><net_src comp="398" pin="2"/><net_sink comp="403" pin=2"/></net>

<net id="413"><net_src comp="346" pin="3"/><net_sink comp="409" pin=0"/></net>

<net id="414"><net_src comp="26" pin="0"/><net_sink comp="409" pin=1"/></net>

<net id="419"><net_src comp="403" pin="3"/><net_sink comp="415" pin=0"/></net>

<net id="425"><net_src comp="415" pin="2"/><net_sink comp="420" pin=0"/></net>

<net id="426"><net_src comp="46" pin="0"/><net_sink comp="420" pin=1"/></net>

<net id="427"><net_src comp="334" pin="1"/><net_sink comp="420" pin=2"/></net>

<net id="433"><net_src comp="403" pin="3"/><net_sink comp="428" pin=0"/></net>

<net id="434"><net_src comp="409" pin="2"/><net_sink comp="428" pin=1"/></net>

<net id="435"><net_src comp="346" pin="3"/><net_sink comp="428" pin=2"/></net>

<net id="439"><net_src comp="428" pin="3"/><net_sink comp="436" pin=0"/></net>

<net id="444"><net_src comp="394" pin="1"/><net_sink comp="440" pin=0"/></net>

<net id="445"><net_src comp="436" pin="1"/><net_sink comp="440" pin=1"/></net>

<net id="449"><net_src comp="440" pin="2"/><net_sink comp="446" pin=0"/></net>

<net id="453"><net_src comp="440" pin="2"/><net_sink comp="450" pin=0"/></net>

<net id="457"><net_src comp="409" pin="2"/><net_sink comp="454" pin=0"/></net>

<net id="462"><net_src comp="454" pin="1"/><net_sink comp="458" pin=0"/></net>

<net id="466"><net_src comp="458" pin="2"/><net_sink comp="463" pin=0"/></net>

<net id="473"><net_src comp="304" pin="2"/><net_sink comp="470" pin=0"/></net>

<net id="479"><net_src comp="467" pin="1"/><net_sink comp="474" pin=1"/></net>

<net id="480"><net_src comp="470" pin="1"/><net_sink comp="474" pin=2"/></net>

<net id="486"><net_src comp="403" pin="3"/><net_sink comp="481" pin=0"/></net>

<net id="487"><net_src comp="463" pin="1"/><net_sink comp="481" pin=1"/></net>

<net id="488"><net_src comp="474" pin="3"/><net_sink comp="481" pin=2"/></net>

<net id="493"><net_src comp="368" pin="3"/><net_sink comp="489" pin=0"/></net>

<net id="494"><net_src comp="481" pin="3"/><net_sink comp="489" pin=1"/></net>

<net id="499"><net_src comp="458" pin="2"/><net_sink comp="495" pin=0"/></net>

<net id="503"><net_src comp="420" pin="3"/><net_sink comp="500" pin=0"/></net>

<net id="508"><net_src comp="420" pin="3"/><net_sink comp="504" pin=0"/></net>

<net id="509"><net_src comp="26" pin="0"/><net_sink comp="504" pin=1"/></net>

<net id="514"><net_src comp="353" pin="3"/><net_sink comp="510" pin=0"/></net>

<net id="519"><net_src comp="428" pin="3"/><net_sink comp="515" pin=0"/></net>

<net id="524"><net_src comp="504" pin="2"/><net_sink comp="520" pin=0"/></net>

<net id="535"><net_src comp="68" pin="0"/><net_sink comp="530" pin=0"/></net>

<net id="536"><net_src comp="66" pin="0"/><net_sink comp="530" pin=2"/></net>

<net id="541"><net_src comp="530" pin="3"/><net_sink comp="537" pin=0"/></net>

<net id="547"><net_src comp="70" pin="0"/><net_sink comp="542" pin=0"/></net>

<net id="548"><net_src comp="62" pin="0"/><net_sink comp="542" pin=2"/></net>

<net id="554"><net_src comp="54" pin="0"/><net_sink comp="549" pin=0"/></net>

<net id="555"><net_src comp="56" pin="0"/><net_sink comp="549" pin=2"/></net>

<net id="560"><net_src comp="549" pin="3"/><net_sink comp="556" pin=0"/></net>

<net id="561"><net_src comp="58" pin="0"/><net_sink comp="556" pin=1"/></net>

<net id="566"><net_src comp="556" pin="2"/><net_sink comp="562" pin=1"/></net>

<net id="572"><net_src comp="562" pin="2"/><net_sink comp="567" pin=1"/></net>

<net id="573"><net_src comp="525" pin="3"/><net_sink comp="567" pin=2"/></net>

<net id="578"><net_src comp="537" pin="2"/><net_sink comp="574" pin=0"/></net>

<net id="582"><net_src comp="574" pin="2"/><net_sink comp="579" pin=0"/></net>

<net id="583"><net_src comp="579" pin="1"/><net_sink comp="179" pin=2"/></net>

<net id="591"><net_src comp="584" pin="2"/><net_sink comp="588" pin=0"/></net>

<net id="596"><net_src comp="542" pin="3"/><net_sink comp="592" pin=0"/></net>

<net id="597"><net_src comp="588" pin="1"/><net_sink comp="592" pin=1"/></net>

<net id="601"><net_src comp="592" pin="2"/><net_sink comp="598" pin=0"/></net>

<net id="602"><net_src comp="598" pin="1"/><net_sink comp="186" pin=2"/></net>

<net id="610"><net_src comp="603" pin="1"/><net_sink comp="606" pin=0"/></net>

<net id="616"><net_src comp="54" pin="0"/><net_sink comp="611" pin=0"/></net>

<net id="617"><net_src comp="606" pin="2"/><net_sink comp="611" pin=1"/></net>

<net id="618"><net_src comp="56" pin="0"/><net_sink comp="611" pin=2"/></net>

<net id="623"><net_src comp="611" pin="3"/><net_sink comp="619" pin=0"/></net>

<net id="624"><net_src comp="58" pin="0"/><net_sink comp="619" pin=1"/></net>

<net id="629"><net_src comp="606" pin="2"/><net_sink comp="625" pin=0"/></net>

<net id="634"><net_src comp="625" pin="2"/><net_sink comp="630" pin=0"/></net>

<net id="635"><net_src comp="619" pin="2"/><net_sink comp="630" pin=1"/></net>

<net id="640"><net_src comp="630" pin="2"/><net_sink comp="636" pin=0"/></net>

<net id="646"><net_src comp="636" pin="2"/><net_sink comp="641" pin=0"/></net>

<net id="647"><net_src comp="193" pin="3"/><net_sink comp="641" pin=1"/></net>

<net id="648"><net_src comp="72" pin="0"/><net_sink comp="641" pin=2"/></net>

<net id="652"><net_src comp="641" pin="3"/><net_sink comp="649" pin=0"/></net>

<net id="656"><net_src comp="199" pin="3"/><net_sink comp="653" pin=0"/></net>

<net id="667"><net_src comp="664" pin="1"/><net_sink comp="172" pin=2"/></net>

<net id="673"><net_src comp="653" pin="1"/><net_sink comp="668" pin=0"/></net>

<net id="674"><net_src comp="649" pin="1"/><net_sink comp="668" pin=1"/></net>

<net id="675"><net_src comp="657" pin="1"/><net_sink comp="668" pin=2"/></net>

<net id="676"><net_src comp="668" pin="3"/><net_sink comp="660" pin=0"/></net>

<net id="680"><net_src comp="88" pin="1"/><net_sink comp="677" pin=0"/></net>

<net id="681"><net_src comp="677" pin="1"/><net_sink comp="246" pin=1"/></net>

<net id="682"><net_src comp="677" pin="1"/><net_sink comp="657" pin=0"/></net>

<net id="683"><net_src comp="677" pin="1"/><net_sink comp="660" pin=1"/></net>

<net id="684"><net_src comp="677" pin="1"/><net_sink comp="664" pin=0"/></net>

<net id="688"><net_src comp="92" pin="1"/><net_sink comp="685" pin=0"/></net>

<net id="689"><net_src comp="685" pin="1"/><net_sink comp="241" pin=1"/></net>

<net id="690"><net_src comp="685" pin="1"/><net_sink comp="334" pin=0"/></net>

<net id="691"><net_src comp="685" pin="1"/><net_sink comp="520" pin=1"/></net>

<net id="695"><net_src comp="96" pin="1"/><net_sink comp="692" pin=0"/></net>

<net id="696"><net_src comp="692" pin="1"/><net_sink comp="236" pin=1"/></net>

<net id="697"><net_src comp="692" pin="1"/><net_sink comp="297" pin=0"/></net>

<net id="698"><net_src comp="692" pin="1"/><net_sink comp="515" pin=1"/></net>

<net id="702"><net_src comp="100" pin="1"/><net_sink comp="699" pin=0"/></net>

<net id="703"><net_src comp="699" pin="1"/><net_sink comp="231" pin=1"/></net>

<net id="704"><net_src comp="699" pin="1"/><net_sink comp="265" pin=0"/></net>

<net id="705"><net_src comp="699" pin="1"/><net_sink comp="292" pin=1"/></net>

<net id="709"><net_src comp="104" pin="1"/><net_sink comp="706" pin=0"/></net>

<net id="710"><net_src comp="706" pin="1"/><net_sink comp="226" pin=1"/></net>

<net id="711"><net_src comp="706" pin="1"/><net_sink comp="337" pin=0"/></net>

<net id="712"><net_src comp="706" pin="1"/><net_sink comp="510" pin=1"/></net>

<net id="716"><net_src comp="108" pin="1"/><net_sink comp="713" pin=0"/></net>

<net id="717"><net_src comp="713" pin="1"/><net_sink comp="221" pin=1"/></net>

<net id="718"><net_src comp="713" pin="1"/><net_sink comp="251" pin=0"/></net>

<net id="719"><net_src comp="713" pin="1"/><net_sink comp="287" pin=1"/></net>

<net id="723"><net_src comp="118" pin="2"/><net_sink comp="720" pin=0"/></net>

<net id="724"><net_src comp="720" pin="1"/><net_sink comp="584" pin=1"/></net>

<net id="728"><net_src comp="124" pin="2"/><net_sink comp="725" pin=0"/></net>

<net id="729"><net_src comp="725" pin="1"/><net_sink comp="403" pin=1"/></net>

<net id="733"><net_src comp="130" pin="2"/><net_sink comp="730" pin=0"/></net>

<net id="734"><net_src comp="730" pin="1"/><net_sink comp="398" pin=1"/></net>

<net id="738"><net_src comp="136" pin="2"/><net_sink comp="735" pin=0"/></net>

<net id="739"><net_src comp="735" pin="1"/><net_sink comp="525" pin=1"/></net>

<net id="743"><net_src comp="142" pin="2"/><net_sink comp="740" pin=0"/></net>

<net id="744"><net_src comp="740" pin="1"/><net_sink comp="268" pin=1"/></net>

<net id="748"><net_src comp="148" pin="2"/><net_sink comp="745" pin=0"/></net>

<net id="749"><net_src comp="745" pin="1"/><net_sink comp="254" pin=1"/></net>

<net id="753"><net_src comp="160" pin="2"/><net_sink comp="750" pin=0"/></net>

<net id="754"><net_src comp="750" pin="1"/><net_sink comp="467" pin=0"/></net>

<net id="758"><net_src comp="205" pin="1"/><net_sink comp="755" pin=0"/></net>

<net id="759"><net_src comp="755" pin="1"/><net_sink comp="625" pin=1"/></net>

<net id="763"><net_src comp="209" pin="1"/><net_sink comp="760" pin=0"/></net>

<net id="764"><net_src comp="760" pin="1"/><net_sink comp="606" pin=1"/></net>

<net id="768"><net_src comp="213" pin="1"/><net_sink comp="765" pin=0"/></net>

<net id="769"><net_src comp="765" pin="1"/><net_sink comp="323" pin=1"/></net>

<net id="770"><net_src comp="765" pin="1"/><net_sink comp="495" pin=1"/></net>

<net id="774"><net_src comp="217" pin="1"/><net_sink comp="771" pin=0"/></net>

<net id="775"><net_src comp="771" pin="1"/><net_sink comp="304" pin=1"/></net>

<net id="776"><net_src comp="771" pin="1"/><net_sink comp="458" pin=1"/></net>

<net id="780"><net_src comp="254" pin="2"/><net_sink comp="777" pin=0"/></net>

<net id="784"><net_src comp="268" pin="2"/><net_sink comp="781" pin=0"/></net>

<net id="785"><net_src comp="781" pin="1"/><net_sink comp="346" pin=0"/></net>

<net id="786"><net_src comp="781" pin="1"/><net_sink comp="353" pin=0"/></net>

<net id="787"><net_src comp="781" pin="1"/><net_sink comp="403" pin=0"/></net>

<net id="788"><net_src comp="781" pin="1"/><net_sink comp="415" pin=1"/></net>

<net id="789"><net_src comp="781" pin="1"/><net_sink comp="474" pin=0"/></net>

<net id="790"><net_src comp="781" pin="1"/><net_sink comp="525" pin=0"/></net>

<net id="794"><net_src comp="328" pin="2"/><net_sink comp="791" pin=0"/></net>

<net id="795"><net_src comp="791" pin="1"/><net_sink comp="525" pin=2"/></net>

<net id="799"><net_src comp="403" pin="3"/><net_sink comp="796" pin=0"/></net>

<net id="800"><net_src comp="796" pin="1"/><net_sink comp="567" pin=0"/></net>

<net id="804"><net_src comp="420" pin="3"/><net_sink comp="801" pin=0"/></net>

<net id="805"><net_src comp="801" pin="1"/><net_sink comp="584" pin=0"/></net>

<net id="806"><net_src comp="801" pin="1"/><net_sink comp="603" pin=0"/></net>

<net id="810"><net_src comp="446" pin="1"/><net_sink comp="807" pin=0"/></net>

<net id="811"><net_src comp="807" pin="1"/><net_sink comp="537" pin=1"/></net>

<net id="815"><net_src comp="450" pin="1"/><net_sink comp="812" pin=0"/></net>

<net id="816"><net_src comp="812" pin="1"/><net_sink comp="530" pin=1"/></net>

<net id="820"><net_src comp="458" pin="2"/><net_sink comp="817" pin=0"/></net>

<net id="821"><net_src comp="817" pin="1"/><net_sink comp="549" pin=1"/></net>

<net id="825"><net_src comp="489" pin="2"/><net_sink comp="822" pin=0"/></net>

<net id="826"><net_src comp="822" pin="1"/><net_sink comp="542" pin=1"/></net>

<net id="830"><net_src comp="495" pin="2"/><net_sink comp="827" pin=0"/></net>

<net id="831"><net_src comp="827" pin="1"/><net_sink comp="562" pin=0"/></net>

<net id="835"><net_src comp="500" pin="1"/><net_sink comp="832" pin=0"/></net>

<net id="836"><net_src comp="832" pin="1"/><net_sink comp="574" pin=1"/></net>

<net id="840"><net_src comp="567" pin="3"/><net_sink comp="837" pin=0"/></net>

<net id="841"><net_src comp="837" pin="1"/><net_sink comp="636" pin=1"/></net>

<net id="845"><net_src comp="179" pin="3"/><net_sink comp="842" pin=0"/></net>

<net id="846"><net_src comp="842" pin="1"/><net_sink comp="199" pin=0"/></net>

<net id="850"><net_src comp="186" pin="3"/><net_sink comp="847" pin=0"/></net>

<net id="851"><net_src comp="847" pin="1"/><net_sink comp="193" pin=0"/></net>

<net id="855"><net_src comp="649" pin="1"/><net_sink comp="852" pin=0"/></net>

<net id="856"><net_src comp="852" pin="1"/><net_sink comp="668" pin=1"/></net>

<net id="860"><net_src comp="653" pin="1"/><net_sink comp="857" pin=0"/></net>

<net id="861"><net_src comp="857" pin="1"/><net_sink comp="668" pin=0"/></net>

<net id="865"><net_src comp="657" pin="1"/><net_sink comp="862" pin=0"/></net>

<net id="866"><net_src comp="862" pin="1"/><net_sink comp="668" pin=1"/></net>

</net_list>

</model> 
---------------- Datapath Model END ------------------

* FSMD analyzer results:
  - Output states:
	Port: sum_V_1_out | {7 }
 - Input state : 
	Port: conv_engine_Pipeline_CONV_IC_CONV_KH_CONV_KW : bias | {1 }
	Port: conv_engine_Pipeline_CONV_IC_CONV_KH_CONV_KW : sext_ln36_2 | {1 }
	Port: conv_engine_Pipeline_CONV_IC_CONV_KH_CONV_KW : sext_ln36_1 | {1 }
	Port: conv_engine_Pipeline_CONV_IC_CONV_KH_CONV_KW : bound4 | {1 }
	Port: conv_engine_Pipeline_CONV_IC_CONV_KH_CONV_KW : bound | {1 }
	Port: conv_engine_Pipeline_CONV_IC_CONV_KH_CONV_KW : and_ln52_3 | {1 }
	Port: conv_engine_Pipeline_CONV_IC_CONV_KH_CONV_KW : kernel_size | {1 }
	Port: conv_engine_Pipeline_CONV_IC_CONV_KH_CONV_KW : icmp_ln48_1 | {1 }
	Port: conv_engine_Pipeline_CONV_IC_CONV_KH_CONV_KW : weights | {4 5 }
	Port: conv_engine_Pipeline_CONV_IC_CONV_KH_CONV_KW : sext_ln43 | {1 }
	Port: conv_engine_Pipeline_CONV_IC_CONV_KH_CONV_KW : input_r | {4 5 }
	Port: conv_engine_Pipeline_CONV_IC_CONV_KH_CONV_KW : sext_ln36 | {1 }
  - Chain level:
	State 1
		store_ln0 : 1
		store_ln0 : 1
		store_ln0 : 1
		store_ln0 : 1
		store_ln0 : 1
	State 2
		icmp_ln43 : 1
		add_ln43_1 : 1
		br_ln43 : 2
		icmp_ln44 : 1
		add_ln44_1 : 1
		select_ln44_4 : 2
		store_ln48 : 2
		store_ln48 : 3
	State 3
		zext_ln44 : 1
		add_ln45 : 2
		tmp : 3
		xor_ln46 : 4
		icmp_ln46 : 3
		and_ln52 : 4
		add_ln43 : 1
		select_ln43 : 1
		select_ln43_1 : 2
		zext_ln54 : 3
		trunc_ln54 : 3
		tmp_5_cast : 4
		tmp_6 : 3
		zext_ln55 : 4
		sub_ln55 : 5
		sext_ln43_1 : 6
		icmp_ln48 : 1
		select_ln43_3 : 2
		add_ln44 : 2
		or_ln44 : 3
		select_ln44 : 3
		select_ln44_1 : 3
		zext_ln55_1 : 4
		add_ln55 : 7
		trunc_ln55 : 8
		trunc_ln55_1 : 8
		zext_ln44_1 : 3
		add_ln45_1 : 4
		trunc_ln54_1 : 5
		trunc_ln54_3 : 3
		select_ln43_4 : 4
		select_ln44_2 : 6
		add_ln54 : 7
		icmp_ln46_1 : 5
		trunc_ln55_2 : 4
		add_ln48 : 4
		store_ln48 : 3
		store_ln48 : 4
		store_ln48 : 5
	State 4
		sub_ln55_1 : 1
		xor_ln46_1 : 1
		and_ln52_4 : 1
		select_ln44_3 : 1
		add_ln55_1 : 2
		zext_ln55_2 : 3
		weights_addr : 4
		trunc_ln54_4 : 1
		add_ln54_1 : 2
		zext_ln54_1 : 3
		input_addr : 4
		in_val_V : 5
		w_val_V : 5
	State 5
		add_ln51 : 1
		tmp_7 : 2
		xor_ln52 : 3
		icmp_ln52 : 2
		and_ln52_1 : 3
		and_ln52_2 : 3
		in_val_V_2 : 3
		sext_ln232 : 4
		sext_ln232_1 : 1
		ret_V : 5
	State 6
	State 7
		sext_ln886 : 1
		sum_V : 2
		write_ln0 : 1
	State 8
		store_ln48 : 1


============================================================
+ Verbose Summary: Datapath Resource usage 
============================================================

* Functional unit list:
|----------|------------------------------|---------|---------|---------|
| Operation|        Functional Unit       |   DSP   |    FF   |   LUT   |
|----------|------------------------------|---------|---------|---------|
|          |       add_ln43_1_fu_259      |    0    |    0    |   103   |
|          |       add_ln44_1_fu_273      |    0    |    0    |    71   |
|          |        add_ln45_fu_304       |    0    |    0    |    39   |
|          |        add_ln43_fu_340       |    0    |    0    |    39   |
|          |        add_ln44_fu_409       |    0    |    0    |    39   |
|          |        add_ln55_fu_440       |    0    |    0    |    43   |
|    add   |       add_ln45_1_fu_458      |    0    |    0    |    39   |
|          |        add_ln54_fu_489       |    0    |    0    |    12   |
|          |        add_ln48_fu_504       |    0    |    0    |    39   |
|          |       add_ln55_1_fu_574      |    0    |    0    |    12   |
|          |       add_ln51_1_fu_584      |    0    |    0    |    39   |
|          |       add_ln54_1_fu_592      |    0    |    0    |    23   |
|          |        add_ln51_fu_606       |    0    |    0    |    39   |
|----------|------------------------------|---------|---------|---------|
|          |     select_ln44_4_fu_279     |    0    |    0    |    64   |
|          |      select_ln43_fu_346      |    0    |    0    |    32   |
|          |     select_ln43_1_fu_353     |    0    |    0    |    32   |
|          |     select_ln43_3_fu_403     |    0    |    0    |    2    |
|          |      select_ln44_fu_420      |    0    |    0    |    32   |
|  select  |     select_ln44_1_fu_428     |    0    |    0    |    32   |
|          |     select_ln43_4_fu_474     |    0    |    0    |    11   |
|          |     select_ln44_2_fu_481     |    0    |    0    |    11   |
|          |     select_ln43_2_fu_525     |    0    |    0    |    2    |
|          |     select_ln44_3_fu_567     |    0    |    0    |    2    |
|          |       in_val_V_2_fu_641      |    0    |    0    |    8    |
|----------|------------------------------|---------|---------|---------|
|          |       icmp_ln43_fu_254       |    0    |    0    |    39   |
|          |       icmp_ln44_fu_268       |    0    |    0    |    29   |
|   icmp   |       icmp_ln46_fu_323       |    0    |    0    |    18   |
|          |       icmp_ln48_fu_398       |    0    |    0    |    18   |
|          |      icmp_ln46_1_fu_495      |    0    |    0    |    18   |
|          |       icmp_ln52_fu_625       |    0    |    0    |    18   |
|----------|------------------------------|---------|---------|---------|
|    sub   |        sub_ln55_fu_388       |    0    |    0    |    42   |
|          |       sub_ln55_1_fu_537      |    0    |    0    |    12   |
|----------|------------------------------|---------|---------|---------|
|          |        and_ln52_fu_328       |    0    |    0    |    2    |
|    and   |       and_ln52_4_fu_562      |    0    |    0    |    2    |
|          |       and_ln52_1_fu_630      |    0    |    0    |    2    |
|          |       and_ln52_2_fu_636      |    0    |    0    |    2    |
|----------|------------------------------|---------|---------|---------|
|          |        xor_ln46_fu_317       |    0    |    0    |    2    |
|    xor   |       xor_ln46_1_fu_556      |    0    |    0    |    2    |
|          |        xor_ln52_fu_619       |    0    |    0    |    2    |
|----------|------------------------------|---------|---------|---------|
|    or    |        or_ln44_fu_415        |    0    |    0    |    2    |
|----------|------------------------------|---------|---------|---------|
|  muladd  |          grp_fu_668          |    1    |    0    |    0    |
|----------|------------------------------|---------|---------|---------|
|          |  sext_ln36_read_read_fu_112  |    0    |    0    |    0    |
|          |  sext_ln43_read_read_fu_118  |    0    |    0    |    0    |
|          | icmp_ln48_1_read_read_fu_124 |    0    |    0    |    0    |
|          | kernel_size_read_read_fu_130 |    0    |    0    |    0    |
|   read   |  and_ln52_3_read_read_fu_136 |    0    |    0    |    0    |
|          |    bound_read_read_fu_142    |    0    |    0    |    0    |
|          |    bound4_read_read_fu_148   |    0    |    0    |    0    |
|          | sext_ln36_1_read_read_fu_154 |    0    |    0    |    0    |
|          | sext_ln36_2_read_read_fu_160 |    0    |    0    |    0    |
|          |     bias_read_read_fu_166    |    0    |    0    |    0    |
|----------|------------------------------|---------|---------|---------|
|   write  |    write_ln0_write_fu_172    |    0    |    0    |    0    |
|----------|------------------------------|---------|---------|---------|
|          |     sext_ln36_cast_fu_205    |    0    |    0    |    0    |
|          |     sext_ln43_cast_fu_209    |    0    |    0    |    0    |
|          |    sext_ln36_1_cast_fu_213   |    0    |    0    |    0    |
|   sext   |    sext_ln36_2_cast_fu_217   |    0    |    0    |    0    |
|          |      sext_ln43_1_fu_394      |    0    |    0    |    0    |
|          |       sext_ln232_fu_649      |    0    |    0    |    0    |
|          |      sext_ln232_1_fu_653     |    0    |    0    |    0    |
|----------|------------------------------|---------|---------|---------|
|          |       zext_ln44_fu_300       |    0    |    0    |    0    |
|          |       zext_ln54_fu_360       |    0    |    0    |    0    |
|          |       zext_ln55_fu_384       |    0    |    0    |    0    |
|   zext   |      zext_ln55_1_fu_436      |    0    |    0    |    0    |
|          |      zext_ln44_1_fu_454      |    0    |    0    |    0    |
|          |      zext_ln55_2_fu_579      |    0    |    0    |    0    |
|          |      zext_ln54_1_fu_598      |    0    |    0    |    0    |
|          |       zext_ln48_fu_603       |    0    |    0    |    0    |
|----------|------------------------------|---------|---------|---------|
|          |          tmp_fu_309          |    0    |    0    |    0    |
| bitselect|         tmp_5_fu_549         |    0    |    0    |    0    |
|          |         tmp_7_fu_611         |    0    |    0    |    0    |
|----------|------------------------------|---------|---------|---------|
|          |       trunc_ln54_fu_364      |    0    |    0    |    0    |
|          |       trunc_ln55_fu_446      |    0    |    0    |    0    |
|          |      trunc_ln55_1_fu_450     |    0    |    0    |    0    |
|   trunc  |      trunc_ln54_1_fu_463     |    0    |    0    |    0    |
|          |      trunc_ln54_2_fu_467     |    0    |    0    |    0    |
|          |      trunc_ln54_3_fu_470     |    0    |    0    |    0    |
|          |      trunc_ln55_2_fu_500     |    0    |    0    |    0    |
|          |      trunc_ln54_4_fu_588     |    0    |    0    |    0    |
|----------|------------------------------|---------|---------|---------|
|          |       tmp_5_cast_fu_368      |    0    |    0    |    0    |
|bitconcatenate|         tmp_6_fu_376         |    0    |    0    |    0    |
|          |         p_shl_fu_530         |    0    |    0    |    0    |
|          |         tmp_9_fu_542         |    0    |    0    |    0    |
|----------|------------------------------|---------|---------|---------|
|   Total  |                              |    1    |    0    |   975   |
|----------|------------------------------|---------|---------|---------|

Memories:
N/A

* Register list:
+------------------------+--------+
|                        |   FF   |
+------------------------+--------+
|   add_ln45_1_reg_817   |   34   |
|    add_ln54_reg_822    |   11   |
| and_ln52_3_read_reg_735|    1   |
|    and_ln52_reg_791    |    1   |
|   bound4_read_reg_745  |   96   |
|   bound_read_reg_740   |   64   |
|       ic_reg_706       |   32   |
|    icmp_ln43_reg_777   |    1   |
|    icmp_ln44_reg_781   |    1   |
|   icmp_ln46_1_reg_827  |    1   |
|icmp_ln48_1_read_reg_725|    1   |
|indvar_flatten27_reg_713|   96   |
| indvar_flatten_reg_699 |   64   |
|   input_addr_reg_847   |   16   |
|kernel_size_read_reg_730|   32   |
|       kh_reg_692       |   32   |
|       kw_reg_685       |   32   |
|  select_ln43_3_reg_796 |    1   |
|  select_ln44_3_reg_837 |    1   |
|   select_ln44_reg_801  |   32   |
|  sext_ln232_1_reg_857  |   16   |
|   sext_ln232_reg_852   |   16   |
|sext_ln36_1_cast_reg_765|   34   |
|sext_ln36_2_cast_reg_771|   34   |
|sext_ln36_2_read_reg_750|   32   |
| sext_ln36_cast_reg_755 |   34   |
| sext_ln43_cast_reg_760 |   34   |
| sext_ln43_read_reg_720 |   32   |
|  sum_V_1_load_reg_862  |   32   |
|     sum_V_1_reg_677    |   32   |
|  trunc_ln55_1_reg_812  |    9   |
|  trunc_ln55_2_reg_832  |   12   |
|   trunc_ln55_reg_807   |   12   |
|  weights_addr_reg_842  |   12   |
+------------------------+--------+
|          Total         |   890  |
+------------------------+--------+

* Multiplexer (MUX) list: 
|-------------------|------|------|------|--------||---------||---------|
|        Comp       |  Pin | Size |  BW  | S x BW ||  Delay  ||   LUT   |
|-------------------|------|------|------|--------||---------||---------|
| grp_access_fu_193 |  p0  |   2  |  16  |   32   ||    9    |
| grp_access_fu_199 |  p0  |   2  |  12  |   24   ||    9    |
|     grp_fu_668    |  p0  |   2  |   8  |   16   ||    9    |
|     grp_fu_668    |  p1  |   3  |   8  |   24   ||    14   |
|-------------------|------|------|------|--------||---------||---------|
|       Total       |      |      |      |   96   ||  6.4713 ||    41   |
|-------------------|------|------|------|--------||---------||---------|



* Summary:
+-----------+--------+--------+--------+--------+
|           |   DSP  |  Delay |   FF   |   LUT  |
+-----------+--------+--------+--------+--------+
|  Function |    1   |    -   |    0   |   975  |
|   Memory  |    -   |    -   |    -   |    -   |
|Multiplexer|    -   |    6   |    -   |   41   |
|  Register |    -   |    -   |   890  |    -   |
+-----------+--------+--------+--------+--------+
|   Total   |    1   |    6   |   890  |  1016  |
+-----------+--------+--------+--------+--------+
